original_entry,clean_class_path,encrypted_size,clean_size
344df45982a481a864e5d8c1b748cfbf,rustme/ilIlilIiiI.class,740,484
ecc50d46da3971f2849a09ec030f5b83,rustme/IlIlilIiiI.class,735,479
edae63f464c9118ab3859bcbd93d3422,me/eigenraven/lwjgl3ify/BufferCasts.class,2863,2607
40a3694917ed00a6bb5e39d1265c4657,me/eigenraven/lwjgl3ify/core/Config.class,812,556
c1f6197decb96c1298afe95639f5e841,rustme/llIlilIiiI.class,1156,900
08393c3762ffce897c4d3320c9a18c01,rustme/iillilIiiI.class,1961,1705
ec13b98a66e06165d5378e1e54f36b37,rustme/IillilIiiI.class,76449,76193
fcd99d36457836eb250318a86be1a4c6,rustme/lillilIiiI.class,3330,3074
0f1e64e7c5b53ce27e32b3afb0834451,rustme/iIllilIiiI.class,2436,2180
93df44574d6c2eb8ef6cf95a245b018a,rustme/IIllilIiiI.class,7706,7450
d421181971f8e582934a318b8b918a37,rustme/lIllilIiiI.class,1061,805
21ee583f2c4e24b4349ecd5ad2630ab2,rustme/illlilIiiI.class,4378,4122
ae1542486cfde5bd7a5bdbec6ebae14d,rustme/IlllilIiiI.class,3349,3093
9eb0316da378b5192e3abb810e7b6925,rustme/llllilIiiI.class,5516,5260
ab5fa29c7869a0c1547f3d26744157bc,rustme/iiiiIlIiiI.class,1672,1416
dedb6e8e5574fcffe62ef87c9e704c31,rustme/IiiiIlIiiI.class,7215,6959
e88ee7ff7ee3641b1f76ee7cd076b3ec,rustme/liiiIlIiiI.class,1552,1296
0182df671a73618b5353fe23e6261c3d,rustme/iIiiIlIiiI.class,2014,1758
7b2d88de699536924b202599b1104b23,rustme/IIiiIlIiiI.class,4169,3913
c86c3b93c931527ed38d9497da17bf67,rustme/lIiiIlIiiI.class,2344,2088
5731f89eb87a0bbfee223826fe6de524,rustme/iliiIlIiiI.class,14503,14247
aacf2ee3940d3032836ded8177cdec6c,rustme/IliiIlIiiI.class,3173,2917
d1022c810086bda6af2a044d08bd24b4,rustme/lliiIlIiiI.class,1130,874
769e3ae063ae0963d88060e95c3f318b,rustme/iiIiIlIiiI.class,1272,1016
d8aa1bc54ec7b4972769035f8478f71a,rustme/IiIiIlIiiI.class,2040,1784
2cd50cfc8b17368ca561c1992dadf4ec,rustme/liIiIlIiiI.class,8477,8221
07d7fd5aa14eda3a49e181ce3feecf20,rustme/iIIiIlIiiI.class,4714,4458
d2d3874c0e079a1cb601b6aa9e4013e1,rustme/IIIiIlIiiI.class,1162,906
5f1ed101ae93d04829329546e65afdd3,rustme/lIIiIlIiiI.class,13056,12800
cdb8511919a410d6cfc963ae7e6b3d8b,rustme/ilIiIlIiiI.class,1471,1215
7b84ad8586b9d3ac1b64154be6765f8c,rustme/IlIiIlIiiI.class,1471,1215
d1e8fbf0d9a73f126db70dfeef550dec,rustme/llIiIlIiiI.class,6846,6590
9653d7a2af58baa42e8642b7fb2728fa,rustme/iiliIlIiiI.class,6868,6612
32c7e38ae107ec9f8d20343ba98beedd,rustme/IiliIlIiiI.class,6285,6029
0949e2ab5f377231a157f718ddb1cfb4,rustme/liliIlIiiI.class,1802,1546
524ad28e2e5bdfc1164e6a540aef45c3,rustme/iIliIlIiiI.class,10733,10477
47b316e84b573e99633ece03232020e6,rustme/IIliIlIiiI.class,1852,1596
09fe6da4593776ffabb6b79c24a3bb0f,rustme/lIliIlIiiI.class,15298,15042
30bf9cd9c7b527a2bc15505cda1e4403,rustme/illiIlIiiI.class,9546,9290
6d069944636746cb92dd91213a32f56d,rustme/IlliIlIiiI.class,10106,9850
2ad011ab73443bdd416944ac6213c98d,rustme/llliIlIiiI.class,1272,1016
70cd279374109defa0f4487680bb6252,rustme/iiiIIlIiiI.class,1060,804
d77a2a27acb8e0da8d13b94f2c3c43e3,rustme/IiiIIlIiiI.class,9698,9442
26d906835795cf8280e3b689fa3b1d2b,rustme/liiIIlIiiI.class,3576,3320
a5a7926f32792d8aacc807be257bf5b8,rustme/iIiIIlIiiI.class,10842,10586
fa2aed6664667607bcba90815c438b7d,rustme/IIiIIlIiiI.class,1166,910
a2f365046bfbf06d1c18d7a785edc569,rustme/lIiIIlIiiI.class,3612,3356
cf02d95cac8d0b93f416cccf1372ca91,rustme/iliIIlIiiI.class,4306,4050
caef5339b762ddf3bef12a670fec3e8c,rustme/IliIIlIiiI.class,8757,8501
9b428c4cb0900d3479668bf2f967ca6c,rustme/lliIIlIiiI.class,7349,7093
356b484960faf64251d9fec3bf67ffc9,rustme/iiIIIlIiiI.class,3415,3159
3e1a275e4a02856a4d1fbc2df2ae8fdb,rustme/IiIIIlIiiI.class,1160,904
6edb7793a8aae324a8ddf06189f821a0,rustme/liIIIlIiiI.class,4004,3748
d35921204c73bea1cbdaa4eae300387a,rustme/iIIIIlIiiI.class,4887,4631
5b0f8eef1275606b1baab8304edff7ae,rustme/IIIIIlIiiI.class,10409,10153
1d3464ab31277cff1d2d994994433eeb,rustme/lIIIIlIiiI.class,1059,803
243b0d6e236fd1db5b0690419f6c48cd,rustme/ilIIIlIiiI.class,2272,2016
ecfb3e40c929938393d03d37374f771e,rustme/IlIIIlIiiI.class,2268,2012
b5a6cccf358c76318b773d6a648b16e4,rustme/llIIIlIiiI.class,15524,15268
bcb817290952d8b666d7902cc1afa3ff,rustme/iilIIlIiiI.class,2279,2023
6d69bfbd268c29847d7f8f963c28b6a7,rustme/IilIIlIiiI.class,4220,3964
50bc4d28e56d47479c47b9016af91b69,rustme/lilIIlIiiI.class,12041,11785
9260eb67bdca74eced0ef26b0d9adb09,rustme/iIlIIlIiiI.class,1108,852
0be4f523da045a722a8f9864fd4e2cbb,rustme/IIlIIlIiiI.class,698,442
903a7cf6d0d1813356c1cf64a867f1f5,rustme/lIlIIlIiiI.class,698,442
a5146e8e61c09702e906518102cb4ade,rustme/illIIlIiiI.class,5876,5620
0d0d6f4b63c9df50aeefd93854ed7815,rustme/IllIIlIiiI.class,3065,2809
9fd0c619867aed14e04d12642b49f0a8,rustme/lllIIlIiiI.class,7376,7120
191a32879d676a401fb7557184f17e7a,rustme/iiilIlIiiI.class,1085,829
bef9c31db11e6f9587264fb9150790c4,rustme/IiilIlIiiI.class,5049,4793
59473226c5b8299bec6ad57fc012118a,rustme/liilIlIiiI.class,7756,7500
626b27793839b529bbc8bd82fa47917f,rustme/iIilIlIiiI.class,4469,4213
9379b0cdba7d2b8fea4583432d03857c,rustme/IIilIlIiiI.class,5128,4872
b6f6d6c45d86b84039a61cbe3618ef1f,rustme/lIilIlIiiI.class,8043,7787
fc18c15975bc778d71275aada8e2d076,rustme/ililIlIiiI.class,1011,755
b28098b586d3559e4d12d8c716bdb12f,rustme/IlilIlIiiI.class,6380,6124
0b236ba85393a2f03e0125767d891fe8,rustme/llilIlIiiI.class,2176,1920
8f5368785e62931dad48c746972f6739,rustme/iiIlIlIiiI.class,4907,4651
290b065bcc5f594294ddefab55149d99,rustme/IiIlIlIiiI.class,1113,857
4acb417d194d028ca8b7e79370241ce9,rustme/liIlIlIiiI.class,8482,8226
1e1c9187cfd9fc2a0f07ecc74b06710e,rustme/iIIlIlIiiI.class,1261,1005
a64c166937e4eca381578d7d0e9443fe,rustme/IIIlIlIiiI.class,9811,9555
511d6c08788ee2198ee80f1d9a7b53c7,rustme/lIIlIlIiiI.class,8951,8695
7c632c460a850b3f45013b75f702304a,rustme/ilIlIlIiiI.class,15106,14850
7c19671571a29a484a0b8cb3f5ec08ae,rustme/IlIlIlIiiI.class,1551,1295
7f75891118c10e04df8b347a12ef22db,rustme/llIlIlIiiI.class,2127,1871
b1dfaaf951387dade5795148677521c1,rustme/iillIlIiiI.class,1447,1191
f6963857d6fbd09127d43d383854a685,rustme/IillIlIiiI.class,6497,6241
58577747ee72bab6223cddf4be371027,rustme/lillIlIiiI.class,5161,4905
21c2d291f740952d11441d5dcddb7275,rustme/iIllIlIiiI.class,1755,1499
960527ac6addccddf05969517f60df8e,rustme/IIllIlIiiI.class,6251,5995
cbc575e1e58939dc60a079308c14151d,rustme/lIllIlIiiI.class,12085,11829
3ffc9a15b6bdf16ffc34d4e4bfa3235a,rustme/illlIlIiiI.class,4703,4447
97810a38ae0e92082a997717414cf597,rustme/IlllIlIiiI.class,1062,806
7091a010a5d5f1301bbdb1dde5e70e38,rustme/llllIlIiiI.class,9583,9327
a2713615c6aadb6ecac088fce229a60e,rustme/iiiillIiiI.class,1424,1168
bd11bddf8ff9301e31595c8b1a3392ee,rustme/IiiillIiiI.class,4156,3900
1d029b76d218050eef1e429f35641731,rustme/liiillIiiI.class,1844,1588
d391a4a633768a763a3c3e333dee3b1d,rustme/iIiillIiiI.class,6467,6211
f4bea822bdf05ee50fc95932aad16d9d,rustme/IIiillIiiI.class,1114,858
64e2b0d2a377d5442986aeac72af50be,rustme/lIiillIiiI.class,4595,4339
76a932a476f677b9a77bd9281c642e65,rustme/iliillIiiI.class,1630,1374
87f560974e7992238bf45f82dd00b08f,rustme/IliillIiiI.class,698,442
99be8464cda8216ec7b534a4f95bfc61,rustme/lliillIiiI.class,698,442
b9e635fd6eb9bb9bc386649c4121c382,rustme/iiIillIiiI.class,698,442
43f8a3f9058832aeebd6d837ba5f168a,rustme/IiIillIiiI.class,1199,943
149d9d00b1133b329e2988bd738db36f,rustme/liIillIiiI.class,1675,1419
b064d11ccef5baba699c4b3a3816b183,rustme/iIIillIiiI.class,1328,1072
f700498937b3899459a5d85bd8fb8d50,rustme/IIIillIiiI.class,10385,10129
d5368ce235b986d1bcb3fcea9ab94e3f,rustme/lIIillIiiI.class,1451,1195
f3260035713db3a19faa5ef6ea9d0e8b,rustme/ilIillIiiI.class,1268,1012
f33e040c0098d92194e30e5ab6aa2b7d,rustme/IlIillIiiI.class,4951,4695
66b55ab82e5c472247c2a681df4077a5,rustme/llIillIiiI.class,6177,5921
6833ff239a4f2643bea51fa060e5e24e,rustme/iilillIiiI.class,4190,3934
3f617848c9bcb96ea816ac207d081392,rustme/IilillIiiI.class,2470,2214
f9f19cf01fccc64e6b13c53fef19277f,rustme/lilillIiiI.class,6912,6656
e29a23d11cd8f6bce54901f153f83806,rustme/iIlillIiiI.class,1061,805
df8f99896d63841a94437434d7c69bfa,rustme/IIlillIiiI.class,6917,6661
66b9d53ba3ff2f65298c8bc6f8525bf6,rustme/lIlillIiiI.class,4029,3773
dc5d45b227454fed1e62d6b797b074ae,rustme/illillIiiI.class,1713,1457
89e1ad08d1c937b6142269abf89f7ec4,rustme/IllillIiiI.class,5375,5119
3b927989221f98ecef834d457e18559c,rustme/lllillIiiI.class,10911,10655
6f4dba0265d2ad5c07e648250a2d1fe1,rustme/iiiIllIiiI.class,3771,3515
0c70eb69d4d1ec69819ab0f19284e9cc,rustme/IiiIllIiiI.class,14895,14639
aa6352c0a865dc3539f344cb779252ad,rustme/liiIllIiiI.class,1259,1003
750a38ea675c06034d50dabaec4441e1,rustme/iIiIllIiiI.class,2805,2549
2c602d217cbb30fbd0941468663ba3cb,rustme/IIiIllIiiI.class,4262,4006
f2c4419dec28918550387e9f93574862,rustme/lIiIllIiiI.class,3700,3444
7f7cfec93670b17932e3693fcb289124,rustme/iliIllIiiI.class,1626,1370
0cd8f8639c45346a09456af1fa8a0c25,rustme/IliIllIiiI.class,2654,2398
b444f8536708226408da2244e771c4d3,rustme/lliIllIiiI.class,3721,3465
535cef1c9600b8ec9854099cb29a7ace,rustme/iiIIllIiiI.class,4810,4554
b377ec0f6ffa3fe2fb0f2e1ba60b8c3d,rustme/IiIIllIiiI.class,1199,943
ff5f8e0abf436bf4e29134ddd1fe4a98,rustme/liIIllIiiI.class,1199,943
972c5272dafb7739834fe33170a349b7,rustme/iIIIllIiiI.class,5328,5072
20af578ff5c4a5bed09558119b881bee,rustme/IIIIllIiiI.class,1337,1081
35057ad3401f5c856fa0e2e48b369654,rustme/lIIIllIiiI.class,5486,5230
142f8894f309614389cafe68675e4a65,rustme/ilIIllIiiI.class,1336,1080
0130f7e3cfe16d30c4426c50c55a133f,rustme/IlIIllIiiI.class,1306,1050
c4f8053fa541f03b7923ab7e30809dc7,rustme/llIIllIiiI.class,4523,4267
4e4f443cd7dcefced392d5c11174a67f,rustme/iilIllIiiI.class,4625,4369
0dd526901ac0b2d5e23a0bdbd06f651f,rustme/IilIllIiiI.class,6830,6574
4c96350ccda8ae0e23f201e89a4b3752,rustme/lilIllIiiI.class,1572,1316
f9ad62f79f2ef50cb4768814be4ce2b8,rustme/iIlIllIiiI.class,1337,1081
3b7f5432ff16ea15b72441d1d9db5ba6,rustme/IIlIllIiiI.class,3724,3468
f8b0ccf3cb3e58f8e97800a4ed4f18da,rustme/lIlIllIiiI.class,1336,1080
c47be8c2dfe85fd80bab1b17c59aca1d,rustme/illIllIiiI.class,1404,1148
e0b17a1d7bb706a63f7dfd6d052f1a80,rustme/IllIllIiiI.class,4650,4394
0a49e566ebcf6cb82edc61add8100952,rustme/lllIllIiiI.class,3879,3623
85c01d56abbf3a0b87944c9a891d7a4a,rustme/iiilllIiiI.class,1030,774
7d1251e4f437fe32f69d0bfd09cef14b,rustme/IiilllIiiI.class,1260,1004
f7b1b851eb8d477fa0be9e479851831e,rustme/liilllIiiI.class,9482,9226
2c1c98a00fd54d9b81dd33167505f29d,rustme/iIilllIiiI.class,1464,1208
a43986352670ff073be65d542a05b9b7,rustme/IIilllIiiI.class,15355,15099
6c1c873f6e813f4b97973f1f4314c7d6,rustme/lIilllIiiI.class,1171,915
3a99fce96533a17c7de3daba19fd319e,rustme/ililllIiiI.class,2376,2120
1968a5018a15a5144ca6c102f92f8d85,rustme/IlilllIiiI.class,11302,11046
47d24811bff9a320e53589614a899b32,rustme/llilllIiiI.class,9371,9115
d30c8d7afcb29f3a2636056a2009ab46,rustme/iiIlllIiiI.class,4560,4304
ab5fd596bad6000713ea1c0b95412502,rustme/IiIlllIiiI.class,3643,3387
0dc196ad3d4a51285cd0d1138d164e1a,rustme/liIlllIiiI.class,1262,1006
0f969f7569c0f7622027d9e7c4e96231,rustme/iIIlllIiiI.class,4437,4181
195058a8426bca676463acb83d5efabf,rustme/IIIlllIiiI.class,13012,12756
7e61c31562d32280dbd2b1fb821e689c,rustme/lIIlllIiiI.class,2500,2244
d92725ab096ee81f9c268cfbd9d92e2e,rustme/ilIlllIiiI.class,1868,1612
86f081a8cf4e933550d4a37f7e4f4435,rustme/IlIlllIiiI.class,4895,4639
5d93ddfe22752900bf3b4b6c3222e1f6,rustme/llIlllIiiI.class,4331,4075
9e2a19da0e17fbf1081172f8a70a76f4,rustme/iillllIiiI.class,3466,3210
17d0184a46d09c3e0a848a6973c4f8e3,rustme/IillllIiiI.class,4249,3993
15077ef27fb35483672b1f96cf23b0f3,rustme/lillllIiiI.class,1465,1209
f471193f2f34e988db4ef1bdada32ded,rustme/iIllllIiiI.class,9599,9343
55808a60c4695c01672141c4905f1c80,rustme/IIllllIiiI.class,971,715
d902b6452efe680e4c6a3c3116d7c938,rustme/lIllllIiiI.class,971,715
cd751367acb15c9dc024e3cfe0ccb53f,rustme/illlllIiiI.class,1946,1690
d1ac9d4ca116ba3940a0cbdf02543d00,rustme/IlllllIiiI.class,4460,4204
09dc60990841ad38a628b86a827f9473,rustme/llllllIiiI.class,1262,1006
6aff86a3d6bb2cc431275241dc3323c9,rustme/iiiiiiliiI.class,3737,3481
0cc2b23fa92f2b0f545a5ea05925a841,rustme/IiiiiiliiI.class,5193,4937
ba65421add98b5984a4d6e724d82198d,rustme/liiiiiliiI.class,1906,1650
2009c98341ad8f0d79d14edc56bb70ac,rustme/iIiiiiliiI.class,5121,4865
dfd4403ce087768ab5776996c9bac24b,rustme/IIiiiiliiI.class,4659,4403
9f59e1db760401ef0dbd8f40ac83d265,rustme/lIiiiiliiI.class,8122,7866
17a4e68864039d1470238c3c460ba72a,rustme/iliiiiliiI.class,6386,6130
983277cc0a20f565508d0de631735bb8,rustme/IliiiiliiI.class,1417,1161
ea86074cda81e8ffafeb3abe4091bdc2,rustme/lliiiiliiI.class,1914,1658
778f01dd40e8976b9a4f85f44d402f48,rustme/iiIiiiliiI.class,11121,10865
d4d0d55cb874feb31d0f6c57845fd67d,rustme/IiIiiiliiI.class,1416,1160
6d547adddd68ccdf45d30d7c91784b85,rustme/liIiiiliiI.class,1913,1657
40a19d83e34b8780fcea6e845b32963f,rustme/iIIiiiliiI.class,7348,7092
96e13fcd9f1c1c98161c6a052538b605,rustme/IIIiiiliiI.class,784,528
e1b1411367e0d4c89fcba87c0ef32b75,rustme/lIIiiiliiI.class,3508,3252
bc7d445a677bc3b8fb779271c9b8f645,rustme/ilIiiiliiI.class,3451,3195
f3a97ca9f9f21cd99cf2fdc32908315b,rustme/IlIiiiliiI.class,1651,1395
829954ef59bdba01eb051c6ecdb2a304,rustme/llIiiiliiI.class,2383,2127
defb80f56b16c19d88a03c2ea23aaf9d,rustme/iiliiiliiI.class,12167,11911
cd3803dbbf57946d8e535362ec9e6b1d,rustme/IiliiiliiI.class,10854,10598
7c4340c0c167cb16564580681902067b,rustme/liliiiliiI.class,2929,2673
b851c1ae93a2b45116ec22e29a844433,rustme/iIliiiliiI.class,5724,5468
7b07cfe0c8929cbbd632ca79e2792bb2,rustme/IIliiiliiI.class,7582,7326
7cade99d100194edefcbde493559e5ba,rustme/lIliiiliiI.class,859,603
62b274e56982a9205210cceb8bce0f31,rustme/illiiiliiI.class,8370,8114
586a3adfb7941d4ad673b63e20de68c4,rustme/IlliiiliiI.class,1268,1012
effa15ecc2d51d3c6df8a9e1924c47fd,rustme/llliiiliiI.class,2524,2268
17c2f0d7f02081de154b144d7a75471c,rustme/iiiIiiliiI.class,17141,16885
0d2c69eed4d288067047bb5606fc0ad4,rustme/IiiIiiliiI.class,7461,7205
5b4700209fdbb10c8c5e1f9a7d603bed,rustme/liiIiiliiI.class,1219,963
1d7f19d2220603b4fd1159a929ce8901,rustme/iIiIiiliiI.class,3906,3650
0b737c9f33bfe7becebdcb9a1db4cde0,rustme/IIiIiiliiI.class,3530,3274
bc1dfaaefb6ffb8a43ba85d36be6077d,rustme/lIiIiiliiI.class,3641,3385
be828aea0fc603160181a74b155dcd2c,rustme/iliIiiliiI.class,3485,3229
f4d8489c62d7bf5b1fe4fd29928ff2ab,rustme/IliIiiliiI.class,3647,3391
351633e283d1568bd709c510df67e433,rustme/lliIiiliiI.class,5184,4928
f76ba873a6d86ec26387daba925cac31,rustme/iiIIiiliiI.class,1945,1689
df834e541f1d5d93ce9522d8c6d21ca4,rustme/IiIIiiliiI.class,1676,1420
92d7309dd3c7f3b6a3e75c8ff9915220,rustme/liIIiiliiI.class,14929,14673
7684246d1ede144201f496cea6f9d5ec,rustme/iIIIiiliiI.class,4010,3754
da228b76be1044e8640e556cff2b4b66,rustme/IIIIiiliiI.class,1306,1050
b812eb211e157b23d04da7a78c4faf8a,rustme/lIIIiiliiI.class,1086,830
feddde9550f522106af245bd32fa7564,rustme/ilIIiiliiI.class,1340,1084
2006ade53841d570f9c5adf8d5f65190,rustme/IlIIiiliiI.class,1340,1084
e833dfb0ba00fd660eda1beac3867f11,rustme/llIIiiliiI.class,1340,1084
f6e52fe9677ef55fa378d94a9f8fcad7,rustme/iilIiiliiI.class,1340,1084
d516c2f2048b33a3d1ed184a0f853230,rustme/IilIiiliiI.class,5287,5031
f7af3ada62850b4f9515b608b84baf25,rustme/lilIiiliiI.class,5785,5529
5e2158935991213426a513b7aef92ea5,rustme/iIlIiiliiI.class,1627,1371
d83c37f6353f25dadff444a125d60142,rustme/IIlIiiliiI.class,1110,854
0dcb1b3dcb531359502463763f4cab55,rustme/lIlIiiliiI.class,12716,12460
8fc55566ff8b72c3a8fea14eeacafdfc,rustme/illIiiliiI.class,2349,2093
2ff9aef2133221f00b140160213598db,rustme/IllIiiliiI.class,5718,5462
eba1cdeb102babb669ceaa9f1bcc6936,rustme/lllIiiliiI.class,2309,2053
a35def8c4977937121864b31437f5961,rustme/iiiliiliiI.class,8133,7877
22c39e000ab5ca0975b5438d63380b3a,rustme/IiiliiliiI.class,2015,1759
79bf5309d381a283f5c5906363cc418b,rustme/liiliiliiI.class,1831,1575
094373e24dd749baabd4863365a35131,rustme/iIiliiliiI.class,1996,1740
60aad7175939c7327a9dd31d9631d808,rustme/IIiliiliiI.class,7633,7377
7d97164a02dfdfb7f09c9bbbdedd4e33,rustme/lIiliiliiI.class,4708,4452
a23a9217513bb7a5839fcc7a0122a43b,rustme/ililiiliiI.class,1272,1016
ea0172ba9e28bda53a9efb5bde50ee93,rustme/IliliiliiI.class,5628,5372
cc5ab7fc28b6ae43c4e93fc1e9414139,rustme/lliliiliiI.class,1836,1580
79c1423caed33bda90a2e081d5b90403,rustme/iiIliiliiI.class,1312,1056
558d6f39bec99760ecbd7236b4998f60,rustme/IiIliiliiI.class,2351,2095
96a1d9a4754cfb2521c0aedccb1e991a,rustme/liIliiliiI.class,2951,2695
326d500e412b7daf8860a5372a6bcd0f,rustme/iIIliiliiI.class,17423,17167
3d63904c095f8fa3a2c6396886a2e897,rustme/IIIliiliiI.class,3510,3254
85a5899accfc52f88bbdafdfd6821a21,rustme/lIIliiliiI.class,4652,4396
c3cd4fb97507d029a7c57242a2c4c259,rustme/ilIliiliiI.class,8210,7954
154091f2b74f8cf7adabd1dffc41632d,rustme/IlIliiliiI.class,5173,4917
6985bf9c9448fc0d0a322efbe1f00d20,rustme/llIliiliiI.class,4467,4211
462500dacff64fe84b48f795a2584ca4,rustme/iilliiliiI.class,3730,3474
171645699874c9c4c44ef7841f8b115d,rustme/IilliiliiI.class,3644,3388
c1928f6ee63aa3bedfa7f9c3b3b3b2ec,rustme/lilliiliiI.class,5199,4943
018edb0451715922c1574233700a3706,rustme/iIlliiliiI.class,5978,5722
d478aae17caa09318f6a6d2a5de94001,rustme/IIlliiliiI.class,3193,2937
cfa82a3588da7b60b048349ebefac6e6,rustme/lIlliiliiI.class,6144,5888
63f87d0164d60733c615d7deb8e3694b,rustme/illliiliiI.class,3083,2827
759cabc097dda29723d1815bf943b24f,rustme/IllliiliiI.class,7518,7262
fbdfde431ba3bf4811c0f3c5d868da23,rustme/lllliiliiI.class,6748,6492
8a2cd26ab4fe90f561ee297715457292,rustme/iiiiIiliiI.class,1327,1071
a1991003945e74354af2520e1a3e7a17,rustme/IiiiIiliiI.class,1161,905
5264707a11998ed9b15db12acc340aca,rustme/liiiIiliiI.class,10435,10179
c1904f5b79005d7fc96ce4e1ca94fe06,rustme/iIiiIiliiI.class,1063,807
ec0f2c722639faa13b987b3ac9f982bd,rustme/IIiiIiliiI.class,2353,2097
00a0b26e1c50d6184e0403a966305696,rustme/lIiiIiliiI.class,9541,9285
ea3108f184e49e12504b1a1077493ab1,rustme/iliiIiliiI.class,1264,1008
e0852a541dffd0b4d0a452a1c51f42b3,rustme/IliiIiliiI.class,11212,10956
594cbb156745f645861b4f508cd19088,rustme/lliiIiliiI.class,1067,811
bfd8db79f2eeaecb5f6bc096a8847978,rustme/iiIiIiliiI.class,12984,12728
dbd745624d102fecaa5db9dc56e16bec,rustme/IiIiIiliiI.class,1661,1405
2833ea49cbde0dd73d1a53d678979416,rustme/liIiIiliiI.class,10860,10604
52b6121c690c912e729f168f1660d849,rustme/iIIiIiliiI.class,3229,2973
ec21af27064b8c73216841ff580a4e8f,rustme/IIIiIiliiI.class,10316,10060
35419b7ce74473d87f7aec137160be97,rustme/lIIiIiliiI.class,1063,807
83bcdcc72b14bd90e8bd3d6eaea1c85a,rustme/ilIiIiliiI.class,4505,4249
63a1ec00241bb20e56c93aaab34432df,rustme/IlIiIiliiI.class,4105,3849
a725f747a49c88f7b58117a4f794c886,rustme/llIiIiliiI.class,5412,5156
99bb7ba53135a298fb256157f1e9ca35,rustme/iiliIiliiI.class,2448,2192
9e2a434b57d608a09940afcdc1dd7a8a,rustme/IiliIiliiI.class,1628,1372
02237d5fc33ca1238d1cb01a99bb48aa,rustme/liliIiliiI.class,784,528
285721e1f8c8c3096c518677c08cdf4d,rustme/iIliIiliiI.class,772,516
12522da46665a08f44ccc5b99575ae4c,rustme/IIliIiliiI.class,534,278
4b88e78d45372678eba42c937239613e,rustme/lIliIiliiI.class,2182,1926
c1d017420c2346fcc976ce06bb816fcc,rustme/illiIiliiI.class,6591,6335
4042806004d37403e6d1de9f90e4d618,rustme/IlliIiliiI.class,840,584
5ddd43a91eb3d275984e90449ee996b5,rustme/llliIiliiI.class,6380,6124
82116b06155997e93890fef4811fa0b1,rustme/iiiIIiliiI.class,1032,776
b65b97c7cd653f7cde83eff38d6cd176,rustme/IiiIIiliiI.class,1000,744
a3eee6c4f398c48f41cdaf786a20077a,rustme/liiIIiliiI.class,944,688
7446bcbdaca84c6bbb650567312bb76a,rustme/iIiIIiliiI.class,1000,744
c3fddce10324c049e8f1222a95dd9e50,rustme/IIiIIiliiI.class,492,236
04220b629c124480d4020f53745e0bdc,rustme/lIiIIiliiI.class,492,236
7b930c0f8069f1d617072d7a423daa94,rustme/iliIIiliiI.class,1057,801
24a27cdccbd94ee871c52ebeab63e789,rustme/IliIIiliiI.class,492,236
5caa7705c2b61caa3a53134d6ecbf783,rustme/lliIIiliiI.class,3145,2889
06d2b460b74f4564c7f0bcb030aeed37,rustme/iiIIIiliiI.class,2295,2039
5abe916ee762897eafe207f6f02cc891,rustme/IiIIIiliiI.class,6110,5854
b04d84378bafed5131c16578dee7528a,rustme/liIIIiliiI.class,2814,2558
9a8b2805b7e1c888f716e87e4c97a559,rustme/iIIIIiliiI.class,3759,3503
643db290bbb6ead923fbffb674496b41,rustme/IIIIIiliiI.class,4396,4140
1914044600c718e54b3118f428f66d4f,rustme/lIIIIiliiI.class,2752,2496
f29f9796d031f2beb107325dba1851a1,rustme/ilIIIiliiI.class,5074,4818
27d11900dddc65c5e960dde89a152571,rustme/IlIIIiliiI.class,2863,2607
c4b65b8a042d2aed0ded9de7fcdef555,rustme/llIIIiliiI.class,4909,4653
f9a74ebd9edb9370c5970419bcce8c70,rustme/iilIIiliiI.class,1892,1636
ce9eba812e9d43072a1c66c277dab1db,rustme/IilIIiliiI.class,2439,2183
720744e4843f33a5e919e9b24b9b6944,rustme/lilIIiliiI.class,17641,17385
17ef542079576dbf543ab600839c32e0,rustme/iIlIIiliiI.class,9696,9440
b801218ec8bbd526f22d32e5205b6b9f,rustme/IIlIIiliiI.class,1597,1341
ab252e6de33d0649048fea599ec1c9ff,rustme/lIlIIiliiI.class,2441,2185
775506b25e2ff35f7b2e5a4d95663ea9,rustme/illIIiliiI.class,629,373
7fd516833bcc47d6ac2e800b7ecc9222,rustme/IllIIiliiI.class,3362,3106
17e8671d33c2f31304982f78a1fd5fa9,rustme/lllIIiliiI.class,1410,1154
ee89b236c9f543294004cd4ab073be0a,rustme/iiilIiliiI.class,492,236
34fcbd7c4ea60b0ad2718ab4718be730,rustme/IiilIiliiI.class,1534,1278
9fb27b54f4a6161a2352789921e416ab,rustme/liilIiliiI.class,1534,1278
233ae96caf5362ec2783d1d76c8c3a82,rustme/iIilIiliiI.class,3601,3345
30fba8d09328c9143e63fca0bf835c25,rustme/IIilIiliiI.class,6597,6341
33a1041ac7d249da19d6f0dc60a198db,rustme/lIilIiliiI.class,1288,1032
c2543a10de0c39e949d077d28f0732e0,rustme/ililIiliiI.class,4475,4219
f027506feb74b8a995eea4df621ca17e,rustme/IlilIiliiI.class,5990,5734
b7c4453830eadddf2e88c6b6adb68956,rustme/llilIiliiI.class,492,236
7d48f1615f00d32626fb212dd286fc65,rustme/iiIlIiliiI.class,653,397
26a1d38e0689de9d2bab5842574f5cf5,rustme/IiIlIiliiI.class,1993,1737
08c47ac995450176030ddb56bd38b6ca,rustme/liIlIiliiI.class,1652,1396
6d0973e994a39902502fbaef876e3e84,rustme/iIIlIiliiI.class,2084,1828
38fb0c7d2a8962d133891008592af24b,rustme/IIIlIiliiI.class,1221,965
b004354ed7707b0a32995a190bfd15f7,rustme/lIIlIiliiI.class,609,353
c0ecb06c5b313be8fd5e01493ccb24c8,rustme/ilIlIiliiI.class,499,243
886e125c1f00363215c3ac4990b02842,rustme/IlIlIiliiI.class,512,256
cd76baeaea1ef00916a783bebac5831f,rustme/llIlIiliiI.class,891,635
661371522f85ed17805e5861ab63d60e,rustme/iillIiliiI.class,1743,1487
13c1b208be57cd5e07e634fa2bb60b7c,rustme/IillIiliiI.class,1795,1539
d225ea0a7f3fb7dd7a220a2adc4433d7,rustme/lillIiliiI.class,3383,3127
4264696a548d6dd60540863a3d035275,rustme/iIllIiliiI.class,2478,2222
ce4cb08ca3ea618a8816a26e24db37fa,rustme/IIllIiliiI.class,492,236
3c55afd415ec5f53516c8ed48cdf86c8,rustme/lIllIiliiI.class,3496,3240
a01fc3cb6d9abf3a57cb31047de04cc8,rustme/illlIiliiI.class,2981,2725
2fb0f6b89565da33e0e03f95b41cfe26,rustme/IlllIiliiI.class,2376,2120
2739793742e029025e20a36592585975,rustme/llllIiliiI.class,2706,2450
14b00f835785656ac9a4736f03ec9655,rustme/iiiililiiI.class,2630,2374
8888781381ee13ec20b744589ce38c84,rustme/IiiililiiI.class,1218,962
850889893fea13dbcd0b239f80cf1d46,rustme/liiililiiI.class,2487,2231
0f95c26d068edda8eec9fc166217c177,rustme/iIiililiiI.class,967,711
29d6575c2b26ee603a7d13987680f531,rustme/IIiililiiI.class,11140,10884
c72e15de6550022a293f39de4569b585,rustme/lIiililiiI.class,1218,962
b34b91715dd5c74ece17a0041cc49564,rustme/iliililiiI.class,5492,5236
2d14bc235681d120b7ff6e1a4d897c45,rustme/IliililiiI.class,1525,1269
fee02bfa3e79672dc90b476bc49fba94,rustme/lliililiiI.class,1015,759
33941ec0e7f9a1fa5256cee15904b80d,rustme/iiIililiiI.class,6223,5967
82f01bdba2f793d7cf800cb4efd565b0,rustme/IiIililiiI.class,4864,4608
6758c4c07d003de84e4018958b5b1ca3,rustme/liIililiiI.class,29375,29119
00e15a0b2963b2cfb16981521b298084,rustme/iIIililiiI.class,492,236
d7162576247af3a6e01232d37bf9b3c1,rustme/IIIililiiI.class,1069,813
6d77bc43a1778d9b9ca580ad4aa5ebc2,rustme/lIIililiiI.class,2428,2172
d141ef11b219db3eb29ac42285a039cd,rustme/ilIililiiI.class,500,244
ed4ba319037321d5570d5e9dab5750e7,rustme/IlIililiiI.class,1173,917
2f04dd22f71a9aac86d78d8f0c96be6c,rustme/llIililiiI.class,1102,846
f58f294e899fdf3ba86211b471c702a0,rustme/iilililiiI.class,492,236
4393faecd0ff0a9a9781bdd3175e506c,rustme/IilililiiI.class,1193,937
ea6cd0b44ada15b71b620b9f9017690b,rustme/lilililiiI.class,21046,20790
d5bbcdbe3ec61b5f4c13e66dc69e08d8,rustme/iIlililiiI.class,7020,6764
ca89378410cd199f5710fce842fa07d1,rustme/IIlililiiI.class,4963,4707
1ee2e6b8ea76f1fd157dacbc7e928b94,rustme/lIlililiiI.class,4991,4735
af0dc82285d0cc7198c20a461b09b091,rustme/illililiiI.class,1994,1738
1881725200bf866f7400c06e87f9468f,rustme/IllililiiI.class,2639,2383
2d0ad96858e7dd5e3292780377389c3c,rustme/lllililiiI.class,5969,5713
85aac8555d767c406ef32663c6052329,rustme/iiiIliliiI.class,1229,973
fe0cb7bba11332e3bfbbfdea2a072c03,rustme/IiiIliliiI.class,1020,764
3b3531ff319869e5ba04080280a7a52c,rustme/liiIliliiI.class,10050,9794
b03b8db934fd2507903040ff373e9fcd,rustme/iIiIliliiI.class,3673,3417
f7ae170e6cc37af24d2c0ecaa1aa5d99,rustme/IIiIliliiI.class,15906,15650
bdab7d9fb3a7c42dd45cc9c0f3b892a1,rustme/lIiIliliiI.class,3450,3194
495b665902efac280fb7e0bba4ac6fd9,rustme/iliIliliiI.class,2036,1780
8f7535ad1550a21390a6d8a445699ba0,rustme/IliIliliiI.class,10908,10652
b1130e6f4658b1a275e99d37f42be7e5,rustme/lliIliliiI.class,2469,2213
b3190f554367a2677568b43f5780ea20,rustme/iiIIliliiI.class,2927,2671
68d0e813f3d8f623e04cd768899f2e98,rustme/IiIIliliiI.class,1573,1317
0d953e1341fb12105dda0139c642bca8,rustme/liIIliliiI.class,29323,29067
3c4346e1a80d95260a0d632b3fd53a7b,rustme/iIIIliliiI.class,3787,3531
b8318eeb70899b046c8e6b2bdfe95da0,rustme/IIIIliliiI.class,2425,2169
5f4288ee6b264f3b139f19f90e51ad4f,rustme/lIIIliliiI.class,705,449
6ec5456338ed127e2ebbd7dfbcfe3edf,rustme/ilIIliliiI.class,2811,2555
22164a9952ff7cd4a7114c9a76e69b81,rustme/IlIIliliiI.class,4679,4423
ee8e91e4aec8852b92657eb3cd3d6513,rustme/llIIliliiI.class,1290,1034
b6c7e7bf3dd60ed9e18bfd8fc4de99d0,rustme/iilIliliiI.class,1736,1480
d07bc1ef3b084869fd7882b73ba7cf41,rustme/IilIliliiI.class,11897,11641
10fb4f7b958489107028b4166e0c013b,rustme/lilIliliiI.class,3862,3606
9d631b8bf83b6f8be582f4d0413ceb2b,rustme/iIlIliliiI.class,1714,1458
290cb1bf44c47a2a3eb3ba4b16a972d8,rustme/IIlIliliiI.class,7479,7223
a6e5afb0c2e947c14e05ae63744c7ce3,rustme/lIlIliliiI.class,12742,12486
728427cc813c3e1e4031575790e16ddd,rustme/illIliliiI.class,10046,9790
161086700b17e0ec1264fd3a35d0585a,rustme/IllIliliiI.class,1527,1271
570249ffa774ebf2c3fcdb899ec2e5ed,rustme/lllIliliiI.class,3411,3155
01bfce1c9bce16c651cd6d228c364eac,rustme/iiilliliiI.class,2704,2448
e7eae574721d7fed5db876d6a76efdf5,rustme/IiilliliiI.class,2952,2696
8b1c60fb08ae078c7c2b88b53d993d04,rustme/liilliliiI.class,1565,1309
52f3fa31d3504bfc934247300b6c13bc,rustme/iIilliliiI.class,954,698
855eaada7334ff3687121c8f156e8182,rustme/IIilliliiI.class,4805,4549
1426c3a7f75620de5d990003a70677c2,rustme/lIilliliiI.class,750,494
9c660faeb2ef9108ddd32497bb8b71ab,rustme/ililliliiI.class,1267,1011
b33fb9c87835bc0ccb6f127129c0b34d,rustme/IlilliliiI.class,631,375
698af0903219be9be0e249757e7f7675,rustme/llilliliiI.class,1538,1282
a9e779f597cbc7fe6b8ac1f992b11aa1,rustme/iiIlliliiI.class,10952,10696
c5249ae17327ecd5f7fb7a2c8e6c82df,rustme/IiIlliliiI.class,2219,1963
d1de58388fc58ba36cadcd2ca3f5b9ad,rustme/liIlliliiI.class,12429,12173
3dd2794302576d232ac978083e560f71,rustme/iIIlliliiI.class,7942,7686
068357d05d31be463b4e37995cbdb392,rustme/IIIlliliiI.class,1509,1253
1beca0ba4f131f7fc57fffb9668cf39b,rustme/lIIlliliiI.class,3069,2813
ce7dc2d6aea2ec785384db54cc50d212,rustme/ilIlliliiI.class,1506,1250
1f72612f48d860d82514cb913e50fac7,rustme/IlIlliliiI.class,21706,21450
dbadf05e614dafd23a61679719443066,rustme/llIlliliiI.class,1778,1522
13911a44c2dca8208c6299301e562baa,rustme/iillliliiI.class,6015,5759
de5b533dd6383f9fab15457fbdcdf0ac,rustme/IillliliiI.class,1646,1390
1d19c8ab79ca7fad158278f901f60751,rustme/lillliliiI.class,14783,14527
9cfd989c1c91ca14bfd534e344d804d1,rustme/iIllliliiI.class,4516,4260
825854a8e02c23773849f50fce77e4ab,rustme/IIllliliiI.class,6971,6715
42975144bad631459489756141270e32,rustme/lIllliliiI.class,5155,4899
e56a7ecbb9799e976c643fe0ee81891c,rustme/illlliliiI.class,1232,976
4de3240b76d8cb669cb1060bed27e06c,rustme/IlllliliiI.class,4510,4254
56232810c5d5c15ebe80a18bc9ce3885,rustme/llllliliiI.class,2908,2652
c1afc457f96d2a70b6a25e4bb5ef1921,rustme/iiiiiIliiI.class,5299,5043
0bcded3856a7ab9a4afbc6097e558e68,rustme/IiiiiIliiI.class,555,299
75be71fb60c5f23fa32cbe97491ff415,rustme/liiiiIliiI.class,3862,3606
0670a4c3e3fcd0caa4b6b0b98f9386e8,rustme/iIiiiIliiI.class,12045,11789
e066e14263d90f6eb511c87fb0f7bf5f,rustme/IIiiiIliiI.class,6820,6564
84d2dd35a13892dc24c71498ae70fff0,rustme/lIiiiIliiI.class,13196,12940
ca6385743ff881d7f2bcac8a685bc9bf,rustme/iliiiIliiI.class,4443,4187
972c517e2bcf3e876f3c5ed432532741,rustme/IliiiIliiI.class,5490,5234
0f51d237f12b26940a4e0a9c2c2464bd,rustme/lliiiIliiI.class,5621,5365
a6bf68ca1ede73e825e3afdedf957b43,rustme/iiIiiIliiI.class,4226,3970
539f567716876f21a8d4fa172a94196f,rustme/IiIiiIliiI.class,464,208
ba2e07788fd8b600f7ff8f4d49bd1773,rustme/liIiiIliiI.class,1800,1544
ce9976351bf109d60decc5e0b7651155,rustme/iIIiiIliiI.class,2339,2083
fcc24422938423927562d8a0d2de6155,rustme/IIIiiIliiI.class,1622,1366
b037a20d7f2177dd5e3d250feec6f6ef,rustme/lIIiiIliiI.class,1618,1362
dca846d1974ef40fa0ca64a453c2875b,rustme/ilIiiIliiI.class,1957,1701
3ddc2978bd30c00436e930553fcbacfc,rustme/IlIiiIliiI.class,7859,7603
6146f37fa6b0a8d0038cc49307d9cbe1,rustme/llIiiIliiI.class,3314,3058
cb9da602b991e4d481b891aeccf64b57,rustme/iiliiIliiI.class,3248,2992
17136f8aaa6c6a6e7367c7742a4080be,rustme/IiliiIliiI.class,15789,15533
8c6edb143c33037e8a27b41fef9cb43b,rustme/liliiIliiI.class,3596,3340
b277ab8fccc612c807d9e35579e3b9e8,rustme/iIliiIliiI.class,4070,3814
55114a13d69cfd66bc1c7729be6b8abe,rustme/IIliiIliiI.class,1713,1457
2cae14dd690d7764bf653b2dbcdab5f6,rustme/lIliiIliiI.class,22412,22156
78403090b8ec1fb1abd735db087d76a7,rustme/illiiIliiI.class,3605,3349
dfe5e422efd57fcc2f3911de28a64c6f,rustme/IlliiIliiI.class,2848,2592
ddccde927d55566dac63b11d2c292688,rustme/llliiIliiI.class,1252,996
042d5ae1c86a5def5a8a842cc6eb9f0c,rustme/iiiIiIliiI.class,7405,7149
cd39a61c542488c78980ccbf76aa6e30,rustme/IiiIiIliiI.class,5316,5060
500eec6dc9eb2a433c4af587344443d4,rustme/liiIiIliiI.class,3434,3178
b5368d8842b1ae8254e62569596d6e81,rustme/iIiIiIliiI.class,5493,5237
19c44b8ad28fcdfa032b0c92478256fc,rustme/IIiIiIliiI.class,3722,3466
ba5d6b208e9f0bc61b5eaa399a91d37c,rustme/lIiIiIliiI.class,2930,2674
f00d18a56ac2e33d04200aa7537d383f,rustme/iliIiIliiI.class,492,236
c785b74cf74470431ccca6fb32a18d62,rustme/IliIiIliiI.class,790,534
f25318db502c4dba7c54250e992579c9,rustme/lliIiIliiI.class,4710,4454
324de48a30a732c36ae828e02b4da164,rustme/iiIIiIliiI.class,3426,3170
cf75e8d914657c5e73db822c7fccff32,rustme/IiIIiIliiI.class,492,236
69902ebddd6b14ffb1d4a11f52ff8b9f,rustme/liIIiIliiI.class,2565,2309
6f634b2292d6a12f82f5abd6b5f6093a,rustme/iIIIiIliiI.class,2850,2594
d67f8e915cf60e1efd36398492143be3,rustme/IIIIiIliiI.class,2743,2487
44f27153898719ab61e4532df0bf47e5,rustme/lIIIiIliiI.class,2542,2286
f0df40d9da4e5c4268b0ee28ef7d2845,rustme/ilIIiIliiI.class,10931,10675
08cf5f777e28d285e3bb4765b4ee0ac2,rustme/IlIIiIliiI.class,3530,3274
84d3c01f6ef6df324f36438d8efa0d81,rustme/llIIiIliiI.class,1741,1485
3cfedd6ae2aa4a613ea8717393f4b414,rustme/iilIiIliiI.class,492,236
54ce98f3190f72a898dd05d6a3e5a05f,rustme/IilIiIliiI.class,1674,1418
cb252f8833fd7a9c0ef6a480e236d232,rustme/lilIiIliiI.class,1636,1380
0ab2c80ff5233090780884cfbd1f15e9,rustme/iIlIiIliiI.class,4235,3979
5e85df208f5f5070bd19ed525eb1887b,rustme/IIlIiIliiI.class,4246,3990
482a10eb108400c8d49f4ab8d67170b7,rustme/lIlIiIliiI.class,3558,3302
2ea077ac0efcb3109cd050236b3d8a26,rustme/illIiIliiI.class,654,398
34087a1db3970126daf7f465e4809079,rustme/IllIiIliiI.class,481,225
c331a8230c0ae211421eacb7596d4973,rustme/lllIiIliiI.class,608,352
9b1674883c4be5a6987ff3cc9dbe059e,rustme/iiiliIliiI.class,492,236
bb9a9457291c4d02f468398510db7f15,rustme/IiiliIliiI.class,2345,2089
a12c8277e0e8752f311830eaca060e3d,rustme/liiliIliiI.class,1317,1061
79d2de7a57f6c4ab9f12bb182130e90b,rustme/iIiliIliiI.class,2034,1778
3760b94bec157ed1c66f4bffdc1082e8,rustme/IIiliIliiI.class,2421,2165
c88732553baad6b47b07efcff51f10e5,rustme/lIiliIliiI.class,4111,3855
7efcff92cf3b99f0d0595016aff71e36,rustme/ililiIliiI.class,5828,5572
14209e2fae4c12c02b90f9a509bdbf13,rustme/IliliIliiI.class,975,719
ec6bd37f6584b27b47f3b320f4b53518,rustme/lliliIliiI.class,1454,1198
c2f0c1655dc905283a05d766d179b3ff,rustme/iiIliIliiI.class,952,696
49d3a66a3da6960a409c079b1a935096,rustme/IiIliIliiI.class,862,606
ccd6db6e94ae44045ae3cc466063f031,rustme/liIliIliiI.class,1171,915
7d5b07bfafdbd8fab64b9baa083056db,rustme/iIIliIliiI.class,1537,1281
9a339e927fb6cae25eaa912b5d11216c,net/minecraft/client/main/Main$1.class,1253,997
13a7aed1d5d9bc9e884546e3d707a4af,net/minecraft/client/main/Main$2.class,973,717
ee580ed6fb9e42c5a629180c694596cb,net/minecraft/client/main/Main.class,9735,9479
ac519e452b8945bc3570b3311dd31ac0,rustme/IIIliIliiI.class,492,236
c4ab123ad5d70c9530962d003a63c61c,rustme/lIIliIliiI.class,1206,950
26e95d486a1858ee3f4dd57ab0b9019c,rustme/ilIliIliiI.class,1444,1188
2c50dabc806adff7f406a05f83965c88,rustme/IlIliIliiI.class,1444,1188
ecfb686b68ddb8d4cc364f4df848b168,rustme/llIliIliiI.class,1411,1155
bdcdcda0a569593bd938a55284e6f75e,rustme/iilliIliiI.class,104467,104211
e4982086fec860c755646cf0132775f0,rustme/IilliIliiI.class,487,231
575c606f91e95637e4b5fa76d62cb593,rustme/lilliIliiI.class,3955,3699
3128fa5ece7853063e5126ca4224c02c,rustme/iIlliIliiI.class,2296,2040
130b0fba6b765635c0107157b9d5e397,rustme/IIlliIliiI.class,1297,1041
9c65faaaef0629c1cc0b20eeeb925fde,rustme/lIlliIliiI.class,3379,3123
a0ed09404eab626fe848b042941571cc,rustme/illliIliiI.class,3028,2772
3f5616d48147ddd76557d61a8cf6683b,rustme/IllliIliiI.class,2114,1858
1a54e0c9f0d54e838bc8ae1b0d38224c,rustme/lllliIliiI.class,7021,6765
746ab783c957ec8639f0c61b55fb2dd6,rustme/iiiiIIliiI.class,2344,2088
8b1db3b48da958e45e2e74a4250bca88,rustme/IiiiIIliiI.class,3762,3506
65e8f96d2646077ed477c59d75600b06,rustme/liiiIIliiI.class,2376,2120
307da79d988e41e77c27db6b548f9b20,rustme/iIiiIIliiI.class,5113,4857
56a1961a4bc485696a10606d0f7be512,rustme/IIiiIIliiI.class,1500,1244
b9989398167031fe29dec855743dac2d,rustme/lIiiIIliiI.class,3054,2798
18aaafd71e2a51e8d65d1056e359b308,rustme/iliiIIliiI.class,1449,1193
06d8744f07098b3c5a6db321b614910d,rustme/IliiIIliiI.class,2487,2231
4e3b97a73eab8b4e05db02c38fb2a74f,rustme/lliiIIliiI.class,9332,9076
ea3a49e7b3f7a4480b2201762b9615f7,rustme/iiIiIIliiI.class,3958,3702
a777333d8b9f2f6d1a71e408048bc33f,rustme/IiIiIIliiI.class,3058,2802
b70d78acfbfcded3c1b2fd3631615fb3,rustme/liIiIIliiI.class,2262,2006
9109ca3bdcb92fdbc06bbb4840b12060,rustme/iIIiIIliiI.class,2745,2489
4e89d9c85df6645d111fc9af6a98017d,rustme/IIIiIIliiI.class,2429,2173
90acce8e72528c2ad966bac9608ea73f,rustme/lIIiIIliiI.class,1782,1526
ef51cf15a2eb1f67f596ba2d22e95daa,rustme/ilIiIIliiI.class,2315,2059
9075f05ccf8f267d1fd159f90df29154,rustme/IlIiIIliiI.class,4844,4588
93afde5ead184e36c0b42d53f8632510,rustme/llIiIIliiI.class,12314,12058
cc87e73f5905c6b7f990c9a62f628e9e,rustme/iiliIIliiI.class,1509,1253
6377e94ce88554debd6811ceff43d456,rustme/IiliIIliiI.class,4809,4553
4558254f25e76eedac9c9d9924a3e3ca,rustme/liliIIliiI.class,3576,3320
6984db32766fe0eb1413628dda63cfae,rustme/iIliIIliiI.class,1200,944
0ba0c95f020e671cfc4b4d4439dcaee2,rustme/IIliIIliiI.class,1681,1425
429ac29231c725ac49e63028128f64a6,rustme/lIliIIliiI.class,3207,2951
7428387cb4830b520d2348ded7401760,rustme/illiIIliiI.class,1517,1261
ee182de517943ee60106f434aa54cb5c,rustme/IlliIIliiI.class,2025,1769
33f41a730a249b2f36e93832fc6ede85,rustme/llliIIliiI.class,1817,1561
7c997875b592b514c9826c2448994f82,rustme/iiiIIIliiI.class,5584,5328
0b01770d420d0f4a2dd0b5945578a831,rustme/IiiIIIliiI.class,2119,1863
b4ed7bc002c1e3f21d6f55a6696c74dd,rustme/liiIIIliiI.class,4956,4700
34148a405ac68204264897fadcbbcc09,rustme/iIiIIIliiI.class,957,701
4b05768d685857139906cda4df2a6009,rustme/IIiIIIliiI.class,4358,4102
63b6a345859f2c652dd10f723fb03138,rustme/lIiIIIliiI.class,3397,3141
dc91887f8bacdfcf7a1c3604cef836b9,rustme/iliIIIliiI.class,2830,2574
408465d84176b7d9e5bbdae2af899a43,rustme/IliIIIliiI.class,5392,5136
30f14c731f6b628f4d40c35b21d9f295,rustme/lliIIIliiI.class,11389,11133
ee4c6ba8a8e5b1bffac4fb62174a8c61,rustme/iiIIIIliiI.class,2022,1766
7812615455543985ca16d0c7834c9582,rustme/IiIIIIliiI.class,1652,1396
36ec2e607eb1fa74b3cfabc2f8afb521,rustme/liIIIIliiI.class,1154,898
f8108f42a0b6ea5067bef29bf3d5cf75,rustme/iIIIIIliiI.class,2290,2034
98a4b277ad60be458abadc1c841c6792,rustme/IIIIIIliiI.class,1634,1378
775030c47a43f9f009897564cc7b16e1,rustme/lIIIIIliiI.class,1082,826
f3693bc9f5012fea2ab0b0fbb18c517e,rustme/ilIIIIliiI.class,3068,2812
4ba8a4ed5dbcb95d5e1b3af265cbff44,rustme/IlIIIIliiI.class,3581,3325
f260eafa725e06769bc97e54cb3b99dc,rustme/llIIIIliiI.class,1682,1426
e8d8f61422f08b054450b3d6280a3a58,rustme/iilIIIliiI.class,1734,1478
2d8396a72484c66d8f4b765e50f40b96,rustme/IilIIIliiI.class,2481,2225
95003007191c743de98543dc979ff3d8,rustme/lilIIIliiI.class,3772,3516
bcd19d0bad13201322bacec77b7e0b67,rustme/iIlIIIliiI.class,2131,1875
dbc58b6cbb0afc56bf2efc46e4ab89b1,rustme/IIlIIIliiI.class,2670,2414
f53dac945e7450c62956f47d01c1b05a,rustme/lIlIIIliiI.class,2837,2581
de0d4a45a6d28538319bd9fc94427687,rustme/illIIIliiI.class,2463,2207
0bd782bde641ef3b2dcc7231394da412,rustme/IllIIIliiI.class,3056,2800
f0d5a5f371065ff4a8a85d43ab92fefa,rustme/lllIIIliiI.class,4148,3892
71c0660fb4baa765b9f5c22343a2aa35,rustme/iiilIIliiI.class,1884,1628
97f399d9985c56b0bf6fde4258842fb3,rustme/IiilIIliiI.class,2924,2668
7180e8d9deb31abc28f77f9dc086518b,rustme/liilIIliiI.class,492,236
f2f23a67f28fe9c01e974851f1c3d8c7,rustme/iIilIIliiI.class,1424,1168
92a274095366289fecb1322028b89402,rustme/IIilIIliiI.class,2794,2538
0eb26689809830cea99c5a1ff0fc6e80,rustme/lIilIIliiI.class,756,500
c47d4b20cb454ca48152c08cff9f2522,rustme/ililIIliiI.class,1198,942
43170493db158e1e5610c8b86d95eb4e,rustme/IlilIIliiI.class,4500,4244
3950f0aa9e0554240973bcd6560ff7e4,rustme/llilIIliiI.class,4811,4555
6e4c27031cfb042a430b6ca5b2ed4929,rustme/iiIlIIliiI.class,6565,6309
a5e58d55a7e953571058b2ad017d6f8e,rustme/IiIlIIliiI.class,492,236
95e56cce8c6c264350c3fd99bffa097d,rustme/liIlIIliiI.class,16788,16532
37fe20535a1984ffa73eb696dc518acc,rustme/iIIlIIliiI.class,4595,4339
6bd409cccbb1fb74af5c03f91c1a73f2,rustme/IIIlIIliiI.class,2757,2501
55da95a2e0710da1b7c728ad02f28eb4,rustme/lIIlIIliiI.class,3958,3702
4a5a4ba43e24a09cce8ba30420be5fc4,rustme/ilIlIIliiI.class,5069,4813
7b72b83f80c22c08f8f71a0595c74319,rustme/IlIlIIliiI.class,4728,4472
5f23e9bb83a94a6777c05587f6afaa82,rustme/llIlIIliiI.class,1714,1458
b95815bb0a7e38aaef86c11054d66f62,rustme/iillIIliiI.class,1714,1458
320753bd7c43bbe67d7c93e9ed363b06,rustme/IillIIliiI.class,1479,1223
933717f7616c3b186fee050afe5bb28c,rustme/lillIIliiI.class,1966,1710
95e9f7c2867e1a1a5cd03dc461bd2257,rustme/iIllIIliiI.class,19931,19675
aeb1cbafcee77aa42e807d423481a529,rustme/IIllIIliiI.class,2621,2365
e35278d61f2a41d90b70879f48f431d4,rustme/lIllIIliiI.class,3526,3270
b737b0336eeb21ef1a970f22d830cdba,rustme/illlIIliiI.class,1208,952
0e7761548d684668a19ecac92d024e50,rustme/IlllIIliiI.class,1251,995
e7fb052f517fcd12601b31eb41dc400f,rustme/llllIIliiI.class,1424,1168
88ce272588cfe0506bf3385db348db26,rustme/iiiilIliiI.class,1764,1508
a5c28f566b3e54d5f842f1ebf342056e,rustme/IiiilIliiI.class,6857,6601
1eb981a826c93796fd8a2da5d3a0439e,rustme/liiilIliiI.class,2602,2346
c540b498a696306f93641348bec82b75,rustme/iIiilIliiI.class,2083,1827
c3d2a37b2d97f460556478f4d191314e,rustme/IIiilIliiI.class,1782,1526
233244e57ce5e94441e0a1d690305de5,rustme/lIiilIliiI.class,1430,1174
6d449febd0c1f07625c08fcd1b9deab2,rustme/iliilIliiI.class,67471,67215
9f948135326172e26809c863ea63dd09,rustme/IliilIliiI.class,2284,2028
88294546abc10827cbadc558378acc6d,rustme/lliilIliiI.class,1133,877
fa91538104802a0b7a4d45ef22c639e2,rustme/iiIilIliiI.class,6377,6121
c65b777a4c4264e6c9647b437a0879d6,rustme/IiIilIliiI.class,492,236
b8a91b2d6f13dcddda0f9b5445c647d3,rustme/liIilIliiI.class,5993,5737
3ff14a7576a19716220b56c56bbb266f,rustme/iIIilIliiI.class,5335,5079
582c9ba4f158333379422974c3761f34,rustme/IIIilIliiI.class,2161,1905
9b781334c2f90665d7645d8bd342b1b7,rustme/lIIilIliiI.class,5515,5259
c60e93119a39037568672af745d6d83d,rustme/ilIilIliiI.class,492,236
a9805afd56eb187f2383e76e33661225,rustme/IlIilIliiI.class,1209,953
bc09c9d3c66ff85ec0e6b0a3d0aebd2f,rustme/llIilIliiI.class,3090,2834
1ecb0449377d1386f4b05218584e3ed3,rustme/iililIliiI.class,542,286
c5562f3736724cbdfe2bbb94241b4158,rustme/IililIliiI.class,492,236
8704ff3d9130a28b2c5d61fc92a0e862,rustme/lililIliiI.class,12967,12711
372b40c8835e9a057bc200825a6d646e,rustme/iIlilIliiI.class,1479,1223
d6a3dc83cb98e474d82c47d1cc2dcf15,rustme/IIlilIliiI.class,968,712
31e3adcf9244c1d2c1d4ce4e4e9e081c,rustme/lIlilIliiI.class,1204,948
473208db7e30f921daa6fdceadaf1ff6,rustme/illilIliiI.class,1126,870
51fec7fd4ac73d977a806cec81f231f9,rustme/IllilIliiI.class,1126,870
f90f4552552d63958cccbfe87c24a74c,rustme/lllilIliiI.class,4148,3892
cca7558a688f599824c398b5ebb4e767,rustme/iiiIlIliiI.class,1044,788
c3ae3b01a4413323d870ac934bf9275e,rustme/IiiIlIliiI.class,2254,1998
c8e094f74fcce6581fe88d3b39a79e54,rustme/liiIlIliiI.class,1043,787
7314f43fedfdfcabb7081fedb494764d,rustme/iIiIlIliiI.class,2882,2626
5ab5bdb5f19f6dce4bb78ed3d6ea71d8,rustme/IIiIlIliiI.class,1184,928
b83023ce4784e79f2fad6aa60927ad95,rustme/lIiIlIliiI.class,1042,786
46904b2b61da58437146f37cbeb3a358,rustme/iliIlIliiI.class,1284,1028
c9bf1abcb5fd8fa44c00f860e7e8edce,rustme/IliIlIliiI.class,2866,2610
d28ab99389865f97798ff5c9dc443d24,rustme/lliIlIliiI.class,1192,936
9b624d3f785ec7e994ff8f201b0d16b6,rustme/iiIIlIliiI.class,4937,4681
96ee76828508835822a8fb8a7b17b51e,rustme/IiIIlIliiI.class,1050,794
548dd60a85fa2be84805479d243e876b,rustme/liIIlIliiI.class,2537,2281
dec30b0196ef76a09911c839e48694b4,rustme/iIIIlIliiI.class,1121,865
3f25f60b7f4ad1e1dc3ef2cf5be5427b,rustme/IIIIlIliiI.class,1121,865
9b09f4ebc785cfe69392624e2d1b284a,rustme/lIIIlIliiI.class,3593,3337
8f495a3043ee76874c1de0a4d3af75f9,rustme/ilIIlIliiI.class,2635,2379
02be6d8057e5fc721a35f0a6c833f38c,rustme/IlIIlIliiI.class,1054,798
333a53e0fee46a9b9e0769154861c12a,rustme/llIIlIliiI.class,2886,2630
bf55d53ae2a43a53fcb441a90742cd81,rustme/iilIlIliiI.class,1044,788
d5090206beeaab1425bc35cc7d12099b,rustme/IilIlIliiI.class,1533,1277
6097bf4f8207f921b76e92b1dc9d447c,rustme/lilIlIliiI.class,1047,791
0f55b9eb4630f8e909b240b91783718b,rustme/iIlIlIliiI.class,2021,1765
e6a1e0ffc84c19dd53eb1e2121c3bb47,rustme/IIlIlIliiI.class,1051,795
9a3492075c62f13525ae16483f545ae8,rustme/lIlIlIliiI.class,2159,1903
4086e955c1cfcc5ef4e388f9bdab0ccc,rustme/illIlIliiI.class,1194,938
d452234b0995f043202ec14e107c1982,rustme/IllIlIliiI.class,4724,4468
e49804d0aa08e3e7ca374403d25e6e3f,rustme/lllIlIliiI.class,2030,1774
61b1c02e08a0644634daee1c788438d7,rustme/iiillIliiI.class,2522,2266
374c0a5b2ffce4cad0752818d1305cfa,rustme/IiillIliiI.class,1295,1039
3dcc038eb649b1a8062bab847b8e51ba,rustme/liillIliiI.class,2467,2211
870a335ef9d76f1b1537f63863cad10e,rustme/iIillIliiI.class,2917,2661
166dddfdf22d2d3a6c5fd3d0a7dc3afe,rustme/IIillIliiI.class,8707,8451
abd9a21d7d0a5aabae7ab06d59ae48c4,rustme/lIillIliiI.class,864,608
50930b43c22ac70cbebebfd8e0b031b0,rustme/ilillIliiI.class,1043,787
7112e53ec182bd2e6c123bf74a620cc0,rustme/IlillIliiI.class,3085,2829
a418dabe68c9bc2d48355a19ad1e94e2,rustme/llillIliiI.class,1179,923
aaf855ecc7b40f52300cca8a724dd1f3,rustme/iiIllIliiI.class,3886,3630
120db87876753496617814dbf2f82060,rustme/IiIllIliiI.class,1204,948
3608f836f7c0ecb9a13da37eb49a608a,rustme/liIllIliiI.class,1043,787
8f795af52478ce9307e8690039e9ca3b,rustme/iIIllIliiI.class,2490,2234
c5f7db38b1677d3b0e39133a4c1ef101,rustme/IIIllIliiI.class,2935,2679
77f971ae65f40cc7fb2c1c9d479d179f,rustme/lIIllIliiI.class,1033,777
4546820aab5c7a2ab07a3a524c7bdcf8,rustme/ilIllIliiI.class,2805,2549
2c9e055e0c155565e5fd9a434926b11c,rustme/IlIllIliiI.class,1414,1158
06b51b9afeb90427a36e21e79c942fdf,rustme/llIllIliiI.class,2112,1856
3d5d3563a8c4b6af5a4e36812743b125,rustme/iilllIliiI.class,1434,1178
74704b11ecbe7dd33c945455c591ffe3,rustme/IilllIliiI.class,2131,1875
5f207f3fdf0b85dbd49194eeabdf32d7,rustme/lilllIliiI.class,19750,19494
3c6f4b329f7a74ac057e682ce262fad2,rustme/iIlllIliiI.class,1042,786
4d45ed48c85ac4836abfb855ca2d7576,rustme/IIlllIliiI.class,3387,3131
bb0752d188c911f13ab2e0b911021039,rustme/lIlllIliiI.class,1042,786
81f1b1c9d5ee3a99eb420b2f327dd4c7,rustme/illllIliiI.class,2612,2356
82ac8fe854e1aacd6c3b368a86d2648a,rustme/IllllIliiI.class,1044,788
84da6af5c39ce5f26ced12d653794c16,rustme/lllllIliiI.class,3187,2931
2567e51992799d4b8826b56275adcf23,rustme/iiiiilliiI.class,1033,777
7da2eb4089e7e31cc37fdb8932a1eb0f,rustme/IiiiilliiI.class,3026,2770
fb5b2ff7fa206d86a9af8fe00f35f32b,rustme/liiiilliiI.class,1049,793
6d3a9d1bc6ccccf19e1f75d1487aa3b1,rustme/iIiiilliiI.class,2802,2546
b79574d64a1dc44fb00548089621455c,rustme/IIiiilliiI.class,2956,2700
a6c0b24243d91b834ed8194ebc89d41f,rustme/lIiiilliiI.class,1048,792
a978bd2265adcca9de7650b2b0643d42,rustme/iliiilliiI.class,859,603
ab841bfe9ba95ee265e910b04c301253,rustme/IliiilliiI.class,1049,793
c7f3b723993bc21b36993cefc31d2f1b,rustme/lliiilliiI.class,2713,2457
ef775bd05ad08505f08b22767619df46,rustme/iiIiilliiI.class,1048,792
cc655fe1f412141baf882e965e6bad30,rustme/IiIiilliiI.class,2657,2401
51d246482875f52a4cb7956348cc604d,rustme/liIiilliiI.class,1202,946
54a6626329bca48fe78356d5e6d58f6d,rustme/iIIiilliiI.class,1043,787
5898e664aee1a3f399abd4396c2e4864,rustme/IIIiilliiI.class,1128,872
6c53d07017056e28a523e4f7303b08b6,rustme/lIIiilliiI.class,1156,900
cf87da0528f37798227d421255a74609,rustme/ilIiilliiI.class,1363,1107
8ff4abfbbbbeeeaf3ec3f3910738a05f,rustme/IlIiilliiI.class,2659,2403
d487b7673187e85160fb3b53948b8024,rustme/llIiilliiI.class,1042,786
36901311aba83cc0a1b1fc85a9a9581a,rustme/iiliilliiI.class,1038,782
5a31f269b3e6eefc9fb7431f58d51b71,rustme/IiliilliiI.class,1044,788
692eb9cf3cdc09c27364c3c25174acaf,rustme/liliilliiI.class,1116,860
474d0d3685f3f4e36455fcb140578bb8,rustme/iIliilliiI.class,1045,789
fe85bcb909696d1721e4e6ef2648d607,rustme/IIliilliiI.class,2123,1867
aa2edc7b3c47c29a2626be6dc3566e6c,rustme/lIliilliiI.class,1051,795
4f6e1daeb3c37befebe19ea4d23eb8a0,rustme/illiilliiI.class,1199,943
01428b6570e8f753928decc4713a242a,rustme/IlliilliiI.class,2302,2046
ec9056fa41172c4e3d2c364abf478f8b,rustme/llliilliiI.class,1191,935
bc522d8f3205e79da90f2631a9129e7d,rustme/iiiIilliiI.class,4705,4449
0fe29ea419413920cbf4eb0f621eed91,rustme/IiiIilliiI.class,1043,787
46c57a53eae6476da453cd95b9a897f6,rustme/liiIilliiI.class,1428,1172
0fe6ff949f268f640278c038a5258bcf,rustme/iIiIilliiI.class,1047,791
06ffb15b4a92305341e849a1f0168036,rustme/IIiIilliiI.class,1867,1611
e7b797b9ff9057fcfc5f12626b4f32af,rustme/lIiIilliiI.class,2636,2380
1426ce50d555b7805364bcf23449b6c2,rustme/iliIilliiI.class,1622,1366
4451999ea95c5f911c0f385e19e282ac,rustme/IliIilliiI.class,492,236
5eb86db60d0ba7e37f764c0c25e238ee,rustme/lliIilliiI.class,4818,4562
5e1e61a0a28f900618ede8bd1ef6eab4,rustme/iiIIilliiI.class,4004,3748
7bd88c3c42b652ee7fa4ee3181c47bc3,rustme/IiIIilliiI.class,781,525
3d3c588d2682c68f4399b1014089ab5b,rustme/liIIilliiI.class,2055,1799
0d58488a0307be58e1e524ece0db58a9,rustme/iIIIilliiI.class,7064,6808
2af06e5a351628d8cd942ef9769e691c,rustme/IIIIilliiI.class,2016,1760
1e8d2f5eb6e072e891de82cf0ad6c228,rustme/lIIIilliiI.class,3624,3368
ffd34278c552284d856647a91d45d6d1,rustme/ilIIilliiI.class,2143,1887
0498f3fb2efe5558aee39bc8457b91b4,rustme/IlIIilliiI.class,1182,926
7ad83d3c85e16352119ba47c92cac820,rustme/llIIilliiI.class,8482,8226
a30729a3e40af67830c6f0e309f6b038,rustme/iilIilliiI.class,3166,2910
f6e946e884996899213a6d8a5ad5341e,rustme/IilIilliiI.class,3430,3174
fef2dd5757c035ff2c1fd1f091c0fba7,rustme/lilIilliiI.class,1336,1080
fff8d589fecba3500ddbc0ebc5ce87a1,rustme/iIlIilliiI.class,1015,759
8bac298388791da07be7936cef61c909,rustme/IIlIilliiI.class,2128,1872
b703b3206ae54be50529e156833ff860,rustme/lIlIilliiI.class,961,705
a64bd362d9a306bb711724ffa29cd60f,rustme/illIilliiI.class,974,718
c3033ff07e62eb1568e217157d0b55f4,rustme/IllIilliiI.class,978,722
1c9392e7f3e569a30f7b851f66119543,rustme/lllIilliiI.class,973,717
79a3028852ec877d47a48e3aeb661bff,rustme/iiililliiI.class,1484,1228
bb5d1fe9ab9ed8a1057b1e9766d83fc0,rustme/IiililliiI.class,1147,891
650c06643da51df6a16999387cec3ea1,rustme/liililliiI.class,14529,14273
262b8b90d9dd4f9dfa59819624ec56d5,rustme/iIililliiI.class,1126,870
62c4299ce29d7ae74f16a9e2ea140dba,rustme/IIililliiI.class,3515,3259
35e52afa4876ff43fb3fba0c328e6fd4,rustme/lIililliiI.class,2882,2626
101db73120a5314916d59778f2a568b7,rustme/ilililliiI.class,4582,4326
38b66b13d7bfe7e35e3315dfc2d7907f,rustme/IlililliiI.class,1620,1364
d926c35f3f01de77d5d50695c89a20ed,rustme/llililliiI.class,3062,2806
ef7a42a87c899f642b18507ef0932ec0,rustme/iiIlilliiI.class,9120,8864
afadfcaafea33e51e91ba228116c4530,rustme/IiIlilliiI.class,3983,3727
730f6d30b0f3ec0061df1a221e33f522,rustme/liIlilliiI.class,3369,3113
2b73c69b46a098b55281906294858c8d,rustme/iIIlilliiI.class,3261,3005
fa9b39d2314f8a955438bed93c0b8e11,rustme/IIIlilliiI.class,3908,3652
5820583820f91d49ed3ec8a8f6f52e4e,rustme/lIIlilliiI.class,1873,1617
ccf099eae299ff6a6067e1193040fca8,rustme/ilIlilliiI.class,1599,1343
42dbb3371e91849bc21e750aa80f9d23,rustme/IlIlilliiI.class,1458,1202
558e0a5f50ded2395f52dd16256e6ea0,rustme/llIlilliiI.class,1747,1491
a5535267b66ca41791408f94c68484fb,rustme/iillilliiI.class,58824,58568
3ef3e5aabedb345437ff17f0636a2fa6,rustme/IillilliiI.class,839,583
b779052d7d116824726bcdc6a36e194b,rustme/lillilliiI.class,6957,6701
7bfe2edf7da198d9823e7ca0e15a3f20,rustme/iIllilliiI.class,683,427
afeb32d3d38430e2affa13844a8735c5,rustme/IIllilliiI.class,9735,9479
84a9dc3baf6f8bb5304caedf7fa82ff5,rustme/lIllilliiI.class,4574,4318
636042ad9e5b0bdd91ffb78d650802e9,rustme/illlilliiI.class,838,582
acdf9d36d01a210106f9ce1d9893205d,rustme/IlllilliiI.class,4775,4519
197ea4685af98609320d4c8e43ebf569,rustme/llllilliiI.class,2771,2515
fda003a8505d89d67ebcf4ea27093d7f,rustme/iiiiIlliiI.class,3231,2975
278a2ce4049ffa8e516edf28188f2a5a,rustme/IiiiIlliiI.class,7507,7251
ccda96f53f8483b386b9e3ba3cdaae83,rustme/liiiIlliiI.class,1843,1587
4d829f8cb8f51ca415a72008e69fce87,rustme/iIiiIlliiI.class,1626,1370
fd2b140bb0f513d3278bb9c9f289abae,rustme/IIiiIlliiI.class,1842,1586
debd85801e950984a54e9cce34cd4cb7,rustme/lIiiIlliiI.class,1624,1368
42718890ca299ca242b8b417210f27c8,rustme/iliiIlliiI.class,1927,1671
e196ea6210be1b29d8f75926b646ca3b,rustme/IliiIlliiI.class,1965,1709
015ecdc314560f67ca39504ed08f13db,rustme/lliiIlliiI.class,4959,4703
214ffa54956e6157918b7f1193d5422e,rustme/iiIiIlliiI.class,1443,1187
f7d5354b2788465a74556540b672a388,rustme/IiIiIlliiI.class,1085,829
c930e9a8ebdd50f362f95d416252ebe8,rustme/liIiIlliiI.class,1443,1187
ca881a394675777acddfeeef5e76e265,rustme/iIIiIlliiI.class,1085,829
21cfb14a7a9d661eec4c858a945262ff,rustme/IIIiIlliiI.class,1254,998
ddbf83e6b8a0c18c49b0cfd551cc8fa4,rustme/lIIiIlliiI.class,2744,2488
71877b451900aba8e67ba863e575645a,rustme/ilIiIlliiI.class,2656,2400
579b0a41cbcc67ed75fe513a2bad529a,rustme/IlIiIlliiI.class,492,236
c90f02cc982f5f6c81ed272bb7af5482,rustme/llIiIlliiI.class,1599,1343
89a99b6bbd88afe146ad334bb6b69b09,rustme/iiliIlliiI.class,1763,1507
fd8579343cdd07c9c67c88971500c993,rustme/IiliIlliiI.class,5242,4986
31f6a80d3e763ee67f4483af9d26d907,rustme/liliIlliiI.class,2574,2318
5e3b3904f2e4fe4dd1f6f37675a7d050,rustme/iIliIlliiI.class,1687,1431
d7e8a6f55a8c62b421295c48e6e8c57c,rustme/IIliIlliiI.class,3929,3673
71057660909c83cc70fec4056db0d595,rustme/lIliIlliiI.class,1988,1732
ea8d5edf3766e4e31d9235d1de48267f,rustme/illiIlliiI.class,3388,3132
a32f2fa68bc65d5ea0b911a39e1912f7,rustme/IlliIlliiI.class,3255,2999
bb097b3ea5b7191d0bf12844bdf26894,rustme/llliIlliiI.class,2122,1866
c84b03fe9006ff13dbc6ad6e08ad7f10,rustme/iiiIIlliiI.class,5008,4752
15f05a68d56bcd2f113a2af491c8719e,rustme/IiiIIlliiI.class,3068,2812
a6c894cfe9bd7bdaa09b11ee913ef0a2,rustme/liiIIlliiI.class,8624,8368
a9d41f3a081284b345a4a3d9b9b31c70,rustme/iIiIIlliiI.class,5046,4790
423c6fb02476265e1a8cb157866d5d5f,rustme/IIiIIlliiI.class,1905,1649
915cd9e04da863c368ebd9c670568877,rustme/lIiIIlliiI.class,24250,23994
53712fcd36c7c0547ba89f1dcfd5f153,rustme/iliIIlliiI.class,492,236
7ba6cb0103ed9c6ae45d9eab00c83523,rustme/IliIIlliiI.class,5803,5547
74f770176c03f12e60fe0927e55275df,rustme/lliIIlliiI.class,3319,3063
046c174e41a99ada649d8a80edf1b3dd,rustme/iiIIIlliiI.class,4204,3948
aa0198e7e4104784632412ea6a375139,rustme/IiIIIlliiI.class,2665,2409
da0a487cfd649fce92a182b532c9f9d6,rustme/liIIIlliiI.class,2910,2654
857fb02f3eeb4b47df310c91dd779b4f,rustme/iIIIIlliiI.class,1514,1258
f9fc29897c00c48064da648966da91b4,rustme/IIIIIlliiI.class,1673,1417
89ca6380c41190c028c96e58d28dd43e,rustme/lIIIIlliiI.class,1937,1681
f85c14c17f864f963dc4f079068de527,rustme/ilIIIlliiI.class,3010,2754
a6faffcc84ab8b453c1a9a0dcea8faad,rustme/IlIIIlliiI.class,3808,3552
28d2985bed1ea10c89447909d02bb09a,rustme/llIIIlliiI.class,1249,993
340bfd0d534222452ce44b69b21dcb97,rustme/iilIIlliiI.class,594,338
d62d4cb1b79863f1a3aea537d35d02b5,rustme/IilIIlliiI.class,492,236
455fdf11046e09c006239c903b548780,rustme/lilIIlliiI.class,2106,1850
2ab8b78581f40473b3df426bf235fce8,rustme/iIlIIlliiI.class,3357,3101
3d7647b9cb6ee0620d1d0bf97f69ebfd,rustme/IIlIIlliiI.class,3949,3693
a11cfa9f37f80b28b3dd626c18a3b1e6,rustme/lIlIIlliiI.class,10642,10386
92ae69ba95d9723130597322e0d06d5e,rustme/illIIlliiI.class,1179,923
e3435b6bf1a848547627c3d25ec27086,rustme/IllIIlliiI.class,6597,6341
fa8bdf2f07605fab67d208a7925a53e5,rustme/lllIIlliiI.class,5532,5276
07d7cba04307c32c4687059848fef6e2,rustme/iiilIlliiI.class,3725,3469
7261c01c87e892257edec8434296992a,rustme/IiilIlliiI.class,3262,3006
1ff341efa09c45de1727ab4908e0b66f,rustme/liilIlliiI.class,18686,18430
931b20030cf1f25a3124d3efe1ce7768,rustme/iIilIlliiI.class,2275,2019
5a98a7fd2d03bfd4e16990b7ae4ac2ae,rustme/IIilIlliiI.class,1448,1192
4241621acfdf28053ae11927a9430b6e,rustme/lIilIlliiI.class,2079,1823
dc6389e21d52fe27945037fa15d67598,rustme/ililIlliiI.class,2079,1823
23bd77bb94a22fea941e6c5f3b74d683,rustme/IlilIlliiI.class,2045,1789
2099f6cca281c13ad8376ac600e86c0e,rustme/llilIlliiI.class,2541,2285
e4e08615566d9f6b5a9267585cef40ee,rustme/iiIlIlliiI.class,2569,2313
46f0a779d4d7776e132688b3209acd2f,rustme/IiIlIlliiI.class,1121,865
f94822deae8565e71a9c8ed1f6b3efcd,rustme/liIlIlliiI.class,14627,14371
64d0ba2c1564112eaa6d314725342b89,rustme/iIIlIlliiI.class,1033,777
2270be7d131d56a7efbed1d5b3ea220b,rustme/IIIlIlliiI.class,5396,5140
c7a4cf5c46fb09a0128a3be0177e15f2,rustme/lIIlIlliiI.class,1498,1242
da246e0c04415718ce0316ee6ecc2c48,rustme/ilIlIlliiI.class,1225,969
ee3bd0487f54eb7a0b42cf8506421edd,rustme/IlIlIlliiI.class,1663,1407
190bfff14ddbc617b5247577a641f35e,rustme/llIlIlliiI.class,22092,21836
98aa893c637401f354297c75e0babc02,rustme/iillIlliiI.class,1060,804
dcec82aa873969b7eca8edfb7732e49a,rustme/IillIlliiI.class,2146,1890
d2205bbcf948c83c922ffa2bd9d9aea3,rustme/lillIlliiI.class,1925,1669
a4c1308ef02516e4846224a3b9c6df2c,rustme/iIllIlliiI.class,4705,4449
99aeb109211ce245f68e5532ec9eb370,rustme/IIllIlliiI.class,1331,1075
42e938817f75b305c8f6720e5be6270b,rustme/lIllIlliiI.class,1331,1075
0259c1e2ae9382dea60d9905c40c3826,rustme/illlIlliiI.class,1845,1589
40ed512ad7ef6c847d59c80bdd6963b9,rustme/IlllIlliiI.class,1678,1422
3c862c35fc8ce517cdf8dfbab55c33cd,rustme/llllIlliiI.class,1730,1474
70742602687c36fb7e66064e2a5d23a2,rustme/iiiillliiI.class,13654,13398
79da00d292c385db7251aaaf0a1c19db,rustme/IiiillliiI.class,1254,998
ed46fd96a49177956ebcc1d76f8416a0,rustme/liiillliiI.class,3799,3543
478bf0302d74559649f5d640fd0c938b,rustme/iIiillliiI.class,8539,8283
9bf432f8ed9528f1abcee313fe24bb74,rustme/IIiillliiI.class,1384,1128
1584195fc2cff931a16b95c469509261,rustme/lIiillliiI.class,3730,3474
1663e8a4418bc0eb5a95a9c65cfa6a26,rustme/iliillliiI.class,519,263
c8c3edeb026638e5e51ec5e705d2dded,rustme/IliillliiI.class,944,688
d712bdb671bef063f9b61d1f6d907292,rustme/lliillliiI.class,1420,1164
6d9941136a32108d9668076f7a693b81,rustme/iiIillliiI.class,492,236
34b88e876eea589291f050614567048b,rustme/IiIillliiI.class,21736,21480
7ef761b79eadb0eed8f7293cf68b08e5,rustme/liIillliiI.class,3796,3540
c86e04f954beae41e29a3f035cf54aae,rustme/iIIillliiI.class,944,688
11dac653680eabbb110f7b7a2d271f82,rustme/IIIillliiI.class,1175,919
d0c8c0779cbda0cd7ee45b410d35ce64,rustme/lIIillliiI.class,4964,4708
70db30785864ff287eb7b0d65a68f210,rustme/ilIillliiI.class,2649,2393
d8dc7b67866fae762df189fe4a9a4641,rustme/IlIillliiI.class,1808,1552
03ffd78b80b4e29ebd99e0b5a5e2b698,rustme/llIillliiI.class,1603,1347
0bd1846780e8cc65f8f5b810e082a29e,rustme/iilillliiI.class,1332,1076
7947ffdbd474ebf7e8484baefb11ea5d,rustme/IilillliiI.class,1196,940
b440dc845c5dcc0b8e95b87fb11c5af4,rustme/lilillliiI.class,1807,1551
3039e7ee62046674290ec22a423eb028,rustme/iIlillliiI.class,1347,1091
a95a98d75bd302c536edfc58341bf7fc,rustme/IIlillliiI.class,1698,1442
85af5c2d069b9daa79d20208314bcf3a,rustme/lIlillliiI.class,1332,1076
800d519621c0b9478f549476148a435a,rustme/illillliiI.class,1278,1022
08d501d1411e0ce0a68cbcc0f5f21fe1,rustme/IllillliiI.class,1400,1144
5706e17ffa0518f314bdf85ab9299146,rustme/lllillliiI.class,1278,1022
fb88de9f425ce1a9349688a82c7e204c,rustme/iiiIllliiI.class,1463,1207
273c96dd87a4e882825cb141b2c12b9f,rustme/IiiIllliiI.class,4403,4147
87872691eeacec593ab411bb9f9196d0,rustme/liiIllliiI.class,520,264
9b6e7e41a6f7140ce101b5a4c4f5b887,rustme/iIiIllliiI.class,482,226
7e793cec7be7ea93e4686cb8c3e0c182,rustme/IIiIllliiI.class,1157,901
55083ed9a9fbd1ccbb31b9d8faec4b63,rustme/lIiIllliiI.class,1299,1043
6c8d15d7da78c4421808efccb9252c5f,rustme/iliIllliiI.class,1905,1649
cd0774f2ca7c9c871257779ff6f03c41,rustme/IliIllliiI.class,1080,824
f20a9e3ec657f620ba1d7d9eaca3361c,rustme/lliIllliiI.class,1379,1123
5c171aaf8560fef906407ae4a1265cd0,rustme/iiIIllliiI.class,1562,1306
7bb6c7f8bfec1a64d8367dd895aa7a62,rustme/IiIIllliiI.class,1080,824
0c5d3015694db15073827f3b9db25e6e,rustme/liIIllliiI.class,1080,824
e8c88330b09285ea8d85adfdf5a193b8,rustme/iIIIllliiI.class,3917,3661
82f1c93ec1fada674875ae14420ad33f,rustme/IIIIllliiI.class,492,236
717b9aa3f081039eaf25c3fed9b18682,rustme/lIIIllliiI.class,2758,2502
6f9c88e0579179e3ca62a8a90894b06c,rustme/ilIIllliiI.class,3468,3212
b32e9eaf7528c0f7dbb3bf7449dc6972,rustme/IlIIllliiI.class,2067,1811
41aa756ad344fe55778d03aa5b24b04d,rustme/llIIllliiI.class,535,279
1d4b80e86a82c69f14160b41b78d5ce1,rustme/iilIllliiI.class,492,236
730f3ab0ec7c1103937490814308f4b2,rustme/IilIllliiI.class,538,282
428d017d1d91ebc74f0fc84a7ef4589c,rustme/lilIllliiI.class,4548,4292
449568277fe6350c8a601bab75991e71,rustme/iIlIllliiI.class,3780,3524
5f5f15ebed088fd558df3aa3f0014720,rustme/IIlIllliiI.class,2901,2645
8ef5d97c9e44dc23dd14a26100d92e2e,rustme/lIlIllliiI.class,3603,3347
4dcbdd78e6d683bf8465ec92066cf249,rustme/illIllliiI.class,5441,5185
9a1cd08b103c1a895db3eaa008f80cfa,rustme/IllIllliiI.class,7751,7495
ec771b97538f4e9bf8456d6693c0e79f,rustme/lllIllliiI.class,5440,5184
55cc4094be54c8ee1f296ede74afda74,rustme/iiilllliiI.class,4387,4131
a6ce008a915ce5972c4d3eb789c588ef,rustme/IiilllliiI.class,492,236
4e24e6b40b0f722afbf687d854e0a189,rustme/liilllliiI.class,1501,1245
262c68cdc569cfbbffcb596e074e4c70,rustme/iIilllliiI.class,1138,882
ef97c2e8ab2b94c664f7cca74d6875bf,rustme/IIilllliiI.class,10018,9762
7db843be482fe04738557c3465bd5172,rustme/lIilllliiI.class,3509,3253
500fae51d45a082821abdaf28166f787,rustme/ililllliiI.class,1093,837
f6cc92dc4203c1fd65d24e781051f869,rustme/IlilllliiI.class,2261,2005
ce4036aaf4ba98060c886f3a6a4bc8fb,rustme/llilllliiI.class,3333,3077
6875697e0276f95ee1494ca44df6c6d1,rustme/iiIlllliiI.class,5547,5291
6d1bc1ee9510d576daf0cce07768cc5b,rustme/IiIlllliiI.class,2744,2488
fa9171ade6bd3ae24ae0f2c462824335,rustme/liIlllliiI.class,3613,3357
00e9b7000f1f24db3de06fe418a020f3,rustme/iIIlllliiI.class,3412,3156
bd9fa4e674aeb2a5e41916649fa3d3b8,rustme/IIIlllliiI.class,3235,2979
0f4785e6df5f561d23b8ece79b099787,rustme/lIIlllliiI.class,3283,3027
b6cc8b15b22d244fbe0d5c5c180b4419,rustme/ilIlllliiI.class,1632,1376
f03c40c2c0ff636cc0c54311a6c5fbcb,rustme/IlIlllliiI.class,5884,5628
2a04b2301ef71b4b5c93418cc2681577,rustme/llIlllliiI.class,2521,2265
ddb60fbb9fc26a2312a04bcb78fc062e,rustme/iillllliiI.class,4313,4057
95865c595944b4fdd92917b987658ae8,rustme/IillllliiI.class,3533,3277
d6af247a694c2d4098f23868893e7d67,rustme/lillllliiI.class,2740,2484
1de335459e3bd35c7db3198cc2c83ee3,rustme/iIllllliiI.class,4390,4134
db149b4f7d9c713d3279e00e4bee740d,rustme/IIllllliiI.class,4384,4128
5433b9004702a811c38f8add4327d5eb,rustme/lIllllliiI.class,627,371
c32940c17dabe51b5f007fab19c42d77,rustme/illlllliiI.class,2385,2129
139543b03c71a851c7fcbd1f4f37119e,rustme/IlllllliiI.class,3545,3289
796994b14dcc6d8606f2977bc5ea744c,rustme/llllllliiI.class,2223,1967
620c02091b5e7f9c6b42076ea25b6360,rustme/iiiiiiiIiI.class,2390,2134
9928dd0cc769bb3e50d0f1675ea4d977,rustme/IiiiiiiIiI.class,3547,3291
dc5735fa70510f5b67273c09378752d0,rustme/liiiiiiIiI.class,2590,2334
f60cf54ecb50d60cce15d9930901af7d,rustme/iIiiiiiIiI.class,1017,761
118b507577b116f3fce45375ed060585,rustme/IIiiiiiIiI.class,3470,3214
921e6a0a331b7f04f1f512e3c55e9ea3,rustme/lIiiiiiIiI.class,2597,2341
75c3300204f0e467f5ed781588db9f7a,rustme/iliiiiiIiI.class,492,236
840ae25b0af4b9658625cd36686b8caf,rustme/IliiiiiIiI.class,492,236
acc2edf1efd916364fac5bc2fd8dee83,rustme/lliiiiiIiI.class,15141,14885
d12d011d4313776e6282cb8ba7ad08f7,rustme/iiIiiiiIiI.class,3162,2906
69f1098d1369fccd962fe1a51338e078,rustme/IiIiiiiIiI.class,1132,876
2ee67c674d1890ce18c8b0d207690ad1,rustme/liIiiiiIiI.class,1228,972
ec9cd1942da05e35d527ad1633e7bbd2,rustme/iIIiiiiIiI.class,4323,4067
94f1b8cc7b8740d49a4c0d24df7e5524,rustme/IIIiiiiIiI.class,3661,3405
376b8bccc1c6a14bfdc442f046c71e27,rustme/lIIiiiiIiI.class,2609,2353
cbf7b42b297debedd437e0d482abeb00,rustme/ilIiiiiIiI.class,2641,2385
5b640b7a8a52ac657f3c4e20e79d6840,rustme/IlIiiiiIiI.class,1699,1443
ee361bd11244a1f0a595fb66e2ef9d74,rustme/llIiiiiIiI.class,4594,4338
b23a929deed890e1f9d86f0ce887d030,rustme/iiliiiiIiI.class,2193,1937
5c6038c3cd712540fa6538c8241097eb,rustme/IiliiiiIiI.class,2214,1958
bb1d8905fedc314f1e70cabb6bf775ee,rustme/liliiiiIiI.class,1704,1448
f480fae7d9dd4e9e078576c167ad3e11,rustme/iIliiiiIiI.class,2947,2691
2ed8b692cb007213afa10a33f3cb2c66,rustme/IIliiiiIiI.class,7328,7072
2c07cf8aaf48fd41e3fed4f28aac1ccd,rustme/lIliiiiIiI.class,3666,3410
b80667e86133db53c2d8944a35e392b9,rustme/illiiiiIiI.class,1930,1674
fc7a75c3f4b9ad0ce7f1898b5df5ae31,rustme/IlliiiiIiI.class,4110,3854
d5c419b7c0f4fb6ea91b012c2f6fb442,rustme/llliiiiIiI.class,3479,3223
ddd9b886b0ca86950a8f18721dbd810c,rustme/iiiIiiiIiI.class,1992,1736
dc475cf10078a1fa0cb09b7cbc554d6a,rustme/IiiIiiiIiI.class,1456,1200
fb1e9268f608f68563d9d0d3fa17e07e,rustme/liiIiiiIiI.class,3724,3468
ca40053ae04e3b9c4847a6ee3cd9a4bb,rustme/iIiIiiiIiI.class,1748,1492
6d20fa3819e0eb52fe64eeb875a6176f,rustme/IIiIiiiIiI.class,2342,2086
a56d75657fd82a682ff8d7d8d4e1b7d6,rustme/lIiIiiiIiI.class,2847,2591
6a076d42543a2fb25cc4a1b21815d56e,rustme/iliIiiiIiI.class,4033,3777
e6d266bc21b5281429975c91377d8b85,rustme/IliIiiiIiI.class,3919,3663
6e6dc3322cb3dd728f02662ca6a9b8d2,rustme/lliIiiiIiI.class,7193,6937
05e190ed5a18ff0bf769316487c6f550,rustme/iiIIiiiIiI.class,2420,2164
044357d2dfad6f31046fcb55e3d3dc7c,rustme/IiIIiiiIiI.class,1233,977
115296a6d033042a2214d5ca1e14fa18,rustme/liIIiiiIiI.class,2600,2344
2896b76dee15d71bc53b1365048b27b1,rustme/iIIIiiiIiI.class,7881,7625
6bb627249ced4887b7229399def5ce53,rustme/IIIIiiiIiI.class,2263,2007
5be17d4f7b8532d218bb32b26f572c4f,rustme/lIIIiiiIiI.class,2221,1965
0f4eade701ac278326e5e79effc49c15,rustme/ilIIiiiIiI.class,1791,1535
bd594d6b0763e2d43a2faa7399972e94,rustme/IlIIiiiIiI.class,4634,4378
b2c15c414c454462ad3e35350c828d64,rustme/llIIiiiIiI.class,2501,2245
ad8d24354ad7a3de1f20fce185c28633,rustme/iilIiiiIiI.class,7610,7354
779892412504f17b257ac8de196fe58f,rustme/IilIiiiIiI.class,2810,2554
f9709400a3b64ec140e337c2245da280,rustme/lilIiiiIiI.class,3974,3718
75b0c0e677e5ec7c0c23391588786926,rustme/iIlIiiiIiI.class,6771,6515
54d74c39e1d3a450919d71760ff9a77b,rustme/IIlIiiiIiI.class,1083,827
31e36642fd8612915afcd34fd365bf07,rustme/lIlIiiiIiI.class,17434,17178
c38559fb277420f139a886fe6d685e5b,rustme/illIiiiIiI.class,2224,1968
aed4f0e39b600bf77bfe7a97f2e5cb8a,rustme/IllIiiiIiI.class,2870,2614
07adefe29d3c1837789baf498723deec,rustme/lllIiiiIiI.class,2257,2001
5fafd2e7159c55af71a4590b6bfa6333,rustme/iiiliiiIiI.class,20677,20421
e661d1ef7c0cbe86b93e88d7eb967e06,rustme/IiiliiiIiI.class,5704,5448
de590cfb2ebaca4e1027720b3351a8f7,rustme/liiliiiIiI.class,716,460
954c78b156cbed1a3ade0cca5b44f92a,rustme/iIiliiiIiI.class,2105,1849
55d1e046356ba9ea0308bb049c6637e6,rustme/IIiliiiIiI.class,2740,2484
a02ebabf698e787c2e346c2016491133,rustme/lIiliiiIiI.class,6359,6103
ebe628d31eb20e01c5b496491ee60625,rustme/ililiiiIiI.class,2888,2632
9dafed26bdd0ed83a6c4722b93258fb9,rustme/IliliiiIiI.class,1827,1571
d76a1df0baf5d215d3ba180dfe8f1dcd,rustme/lliliiiIiI.class,1230,974
c1bf96692798f676dcac9a5d50e07711,rustme/iiIliiiIiI.class,2098,1842
43242079aaaa3fc1d7507d1ed6d64e68,rustme/IiIliiiIiI.class,9403,9147
93a6e07eeb0b4f966cba985110e2c19e,rustme/liIliiiIiI.class,2846,2590
71268215aebc01f6f02ead0e68d6c482,rustme/iIIliiiIiI.class,1329,1073
fa7a24bbd58821737b224a452dbb2957,rustme/IIIliiiIiI.class,3303,3047
45caee3a0c53b37adb1ccc095eb5b9c0,rustme/lIIliiiIiI.class,1833,1577
ead9f797c39fbbc93f7a64f67f668b36,rustme/ilIliiiIiI.class,1181,925
0a5bee4d226199640a2dd0f874f5a377,rustme/IlIliiiIiI.class,2599,2343
adef59b652b85782f438a687a748b320,rustme/llIliiiIiI.class,7728,7472
93dd1520962be703d95e4e62885dd5b1,rustme/iilliiiIiI.class,3295,3039
ef47e530780f234e69d273773b7db6ed,rustme/IilliiiIiI.class,1992,1736
00b01c5928fa7ea26ea24a2e34c58c0b,rustme/lilliiiIiI.class,1229,973
3aa8f5386893db149a0d06a57bf96d76,rustme/iIlliiiIiI.class,2349,2093
954aa1e0d3b8a5b68f10516c872f46b4,rustme/IIlliiiIiI.class,3194,2938
6663e70643066bbff394a8c87f2ece27,rustme/lIlliiiIiI.class,2836,2580
813eba94397f9cb0f989b7c090889210,rustme/illliiiIiI.class,2094,1838
6b841812c1d210b37c4d2982b397d46e,rustme/IllliiiIiI.class,1642,1386
1fe9ef918e821fd54f617d8f942b84d7,rustme/lllliiiIiI.class,2343,2087
caead4199758123d409708041520c822,rustme/iiiiIiiIiI.class,2704,2448
aa65c228210bc7eb7518b44940f95812,rustme/IiiiIiiIiI.class,1838,1582
4f628eed5d160ab9a58cfebcab4f4acb,rustme/liiiIiiIiI.class,1880,1624
173268d2c397273437476abc3b11c7f7,rustme/iIiiIiiIiI.class,2444,2188
0ddeafd8515c1241974bb3399c724288,rustme/IIiiIiiIiI.class,3436,3180
0ff3131af5224acee37217952e0d85d5,rustme/lIiiIiiIiI.class,3444,3188
c4e68362ec5d382c6cde3465ef79397c,rustme/iliiIiiIiI.class,3666,3410
f158950686f0791dedf4bc6479ea80c2,rustme/IliiIiiIiI.class,1752,1496
d718b1d7d061ba8e9c074a619860b4d2,rustme/lliiIiiIiI.class,3096,2840
da6be901c01f6310a112ee243a0573f7,rustme/iiIiIiiIiI.class,3603,3347
3da79f340c139379bf82373f1eb04b6d,rustme/IiIiIiiIiI.class,2584,2328
d93a925f03bc73749f5f887dc8e0af6d,rustme/liIiIiiIiI.class,2223,1967
ccf232ee0eef1b34ee07aa229c68208d,rustme/iIIiIiiIiI.class,3464,3208
6b6344316ca253e5c9e75ea4a6b82160,rustme/IIIiIiiIiI.class,3534,3278
341bb0e44a36ae3bdaa947d46bac5c22,rustme/lIIiIiiIiI.class,4678,4422
df193d3dc776b18495c34fef25a12df0,rustme/ilIiIiiIiI.class,1227,971
02c6d88257eccac7ca4a92d51c4eca1a,rustme/IlIiIiiIiI.class,2134,1878
58d542ca4f37f5a5cd2e350e8e3e58b4,rustme/llIiIiiIiI.class,3659,3403
5e1abf8be84956752a914c13d29bbb30,rustme/iiliIiiIiI.class,1445,1189
36025e63d3016022c1ae7a92d18efa0c,rustme/IiliIiiIiI.class,1464,1208
01e2b46eada94d316f747a22fb1d6eef,rustme/liliIiiIiI.class,1535,1279
eac17f5807114bf14c9e721d5a9fd1a8,rustme/iIliIiiIiI.class,2034,1778
8e73659d171b8eecd3758f3c3b9e2757,rustme/IIliIiiIiI.class,2153,1897
5d6f7eb696f24139a63bc62237e261fa,rustme/lIliIiiIiI.class,65692,65436
de8189c1f11e51d8860bec3e4f0afe01,rustme/illiIiiIiI.class,1350,1094
ce00e46e531a7076fe1650211e813459,rustme/IlliIiiIiI.class,904,648
343cacb8b999a19cf7655b70317ef081,rustme/llliIiiIiI.class,3820,3564
63509b5e3f8330556df6a5d6732849e8,rustme/iiiIIiiIiI.class,2691,2435
8c0d960b3cd10a25f0dc4803c76ea157,rustme/IiiIIiiIiI.class,945,689
acb58e298b8940fefd0e97eff93bc228,rustme/liiIIiiIiI.class,1059,803
fd26b62f304b3bd19d2fa6e575341e3a,rustme/iIiIIiiIiI.class,1289,1033
07aad7f4583c581e67ccc3114beb1c7f,rustme/IIiIIiiIiI.class,874,618
1c5dbfe1d1ac836f6f3624eb9dbec6c4,rustme/lIiIIiiIiI.class,1115,859
8130c06ba870971964243b9453af9b18,rustme/iliIIiiIiI.class,872,616
e2c0097ebff31e43e0801fad381ea8c8,rustme/IliIIiiIiI.class,925,669
40f187767786a6be45ec9a4a11bc7f27,rustme/lliIIiiIiI.class,937,681
d21d939cb4779998eb82119ed522a5ba,rustme/iiIIIiiIiI.class,2142,1886
27123ad26445bfaa5392f363b5744321,rustme/IiIIIiiIiI.class,872,616
63de07fcd867078f39cb0d7ae6b23d6f,rustme/liIIIiiIiI.class,939,683
4f9ff81013634f6907b6b0e119c15084,rustme/iIIIIiiIiI.class,3793,3537
cb3874ced3bca6a546f13abbacfab44e,rustme/IIIIIiiIiI.class,2123,1867
b7a143f65892b356c664f3c4666e6290,rustme/lIIIIiiIiI.class,1046,790
539f6291e1a6456e3514c5d80caa7eb2,rustme/ilIIIiiIiI.class,3841,3585
12cc97d7b60ef982ef263e019f6a1cb4,rustme/IlIIIiiIiI.class,971,715
e19b6d3583302b4758f0e9de17517216,rustme/llIIIiiIiI.class,4203,3947
a0a166ae1c7e820bb3b7c6c2d142e656,rustme/iilIIiiIiI.class,1074,818
abb9dc29876decd47b8e8588f920c772,rustme/IilIIiiIiI.class,1401,1145
ce550b8ba22ea292e2bf707f70d7a151,rustme/lilIIiiIiI.class,2420,2164
cc95b9491dcab594e4959c66e7ea3fb7,rustme/iIlIIiiIiI.class,3947,3691
e8829516cadec015164ca0ceb0f4ae15,rustme/IIlIIiiIiI.class,796,540
4a64e8884dceb12b07042130db31e95e,rustme/lIlIIiiIiI.class,1045,789
b77548d5a2c88770aca868291332c9cf,rustme/illIIiiIiI.class,1770,1514
be504627e7fcf5450564aefbceb5306c,rustme/IllIIiiIiI.class,959,703
2135e510bad8811d600e3f556927114d,rustme/lllIIiiIiI.class,1032,776
3cea1c0771139b0a93744f29ca6b8cbd,rustme/iiilIiiIiI.class,851,595
65e89e094b1dea81606c98fbea8fe850,rustme/IiilIiiIiI.class,31393,31137
b4eeffb74b56722b900d586dda93cbb8,rustme/liilIiiIiI.class,572,316
33b3b4633ef4df322738dad2496d838a,rustme/iIilIiiIiI.class,3673,3417
698dc529746e3df2f095c4c48ef8fbf4,rustme/IIilIiiIiI.class,4347,4091
1af9645754487d704f04cef49cbcc5ad,rustme/lIilIiiIiI.class,499,243
197ec82ab00f5bff344e514a640d39b9,rustme/ililIiiIiI.class,4464,4208
7ec83e87993df6726190dd8c9dc917a5,rustme/IlilIiiIiI.class,1123,867
625fbdfb286d4106c69d4b15fa71d66b,rustme/llilIiiIiI.class,19678,19422
408779b55dcefadf1d072f3c9c3d36e6,rustme/iiIlIiiIiI.class,1317,1061
4b89655f199eb4f49e90c4be06c86065,rustme/IiIlIiiIiI.class,1984,1728
3a81f842a3348da4db311dc51e4728f5,rustme/liIlIiiIiI.class,27062,26806
3651b326c9b892547131dc25665cd42b,rustme/iIIlIiiIiI.class,492,236
7db751b516ad6dbf0265c7b96d076c83,rustme/IIIlIiiIiI.class,1341,1085
c5f03a5e20f21967a76f1a4468f70142,rustme/lIIlIiiIiI.class,1534,1278
7d4c64cf7ed9ad300271ca70d71dd4e5,rustme/ilIlIiiIiI.class,1023,767
14d9296eb063f4e9243c8484085e037c,rustme/IlIlIiiIiI.class,1526,1270
de08f957afbbf4d7f0d9a06b1ad99184,rustme/llIlIiiIiI.class,87715,87459
768bffb787b67f5b6ec39fd734fd8ee4,rustme/iillIiiIiI.class,2789,2533
2b3ec083ff250d121ef8308c64c57d87,rustme/IillIiiIiI.class,1543,1287
9669921a2f0cf6c8dcfae1df7120a239,rustme/lillIiiIiI.class,1475,1219
d33233bd11361de70509e5604c126dab,rustme/iIllIiiIiI.class,1508,1252
65f775fa779bda57387d55abe92d0b61,rustme/IIllIiiIiI.class,1543,1287
19d8d74030250a81171cb57a3879d0a0,rustme/lIllIiiIiI.class,1508,1252
c8d6793fcc0a76fef1db15f57a39325d,rustme/illlIiiIiI.class,1471,1215
a8a35ba44181cc17f98c3734a36731c0,rustme/IlllIiiIiI.class,1467,1211
edfab5e300a902fa1c8afa633b192490,rustme/llllIiiIiI.class,1462,1206
e6fdc437648af99d80e57425057288b4,rustme/iiiiliiIiI.class,1467,1211
69332e5620cb06163e79102a43135095,rustme/IiiiliiIiI.class,1482,1226
2204f4a93c6f6393a22c5da808e1a06a,rustme/liiiliiIiI.class,73636,73380
93a0972c3874770dd7f425e4b064ec4f,rustme/iIiiliiIiI.class,3227,2971
aba9f2e172d518c947676874237b45a9,rustme/IIiiliiIiI.class,798,542
dab142f9fb8d48d100431e165845d6ad,rustme/lIiiliiIiI.class,1596,1340
0a1c9e93c96f2397bfea76182f0bc73f,rustme/iliiliiIiI.class,1932,1676
f448dea37a2a915c7090f0a5e4990e3c,rustme/IliiliiIiI.class,1726,1470
04d46dfd7baf0b21d3cb2c2c12e1e904,rustme/lliiliiIiI.class,481,225
81d832d1cf670af1e97483c1300b60a5,rustme/iiIiliiIiI.class,684,428
0530453422db761d85c40d38417216a3,rustme/IiIiliiIiI.class,462,206
8051885b5275b2673194cb454c7cee6f,rustme/liIiliiIiI.class,461,205
bb71652f9a40919949bcd3e8e7b60adc,rustme/iIIiliiIiI.class,4247,3991
21f14e425067537a98fee4b33607e606,rustme/IIIiliiIiI.class,3364,3108
2dc903c4554ef4237f4d712db9710c49,rustme/lIIiliiIiI.class,492,236
b152c96d355b6721438d2c73b4dc94d2,rustme/ilIiliiIiI.class,2157,1901
f3040cab846bc5edaf62247006df7b66,rustme/IlIiliiIiI.class,3042,2786
53bb3478813b0b65ea6928cdfe6f207f,rustme/llIiliiIiI.class,3279,3023
90f488cfa9c162293c000a74125e9070,rustme/iililiiIiI.class,3651,3395
5ea744d3da57d42d6e3219477f4cdfe1,rustme/IililiiIiI.class,6158,5902
f418fc2365dfb15176c4ad8744c5f877,rustme/lililiiIiI.class,2204,1948
c5b8f0ad278e8e74ede28c807bfaaefd,rustme/iIliliiIiI.class,18946,18690
bb8b4bb9225b001ed18b8ffefe4d6ea9,rustme/IIliliiIiI.class,1509,1253
8b96992869fa86d067e1a7bd164645eb,rustme/lIliliiIiI.class,8758,8502
d923364b0c4e28c35b7bb361af3f7855,rustme/illiliiIiI.class,1439,1183
56d58f083f974143620ce573e026d9d9,rustme/IlliliiIiI.class,1672,1416
364933abd4427ed082f2589d6cde72b5,rustme/llliliiIiI.class,1641,1385
0b6c0d12fb63533fded3db13d2a81712,rustme/iiiIliiIiI.class,26688,26432
70d042657637535f2d21b91a902debb3,rustme/IiiIliiIiI.class,9276,9020
18480bff9a29c8a3fd598b6348d9b026,rustme/liiIliiIiI.class,3685,3429
f9312722013db1ae56d1e2837332444e,rustme/iIiIliiIiI.class,6911,6655
3621307edc9019985d250d1731862d59,rustme/IIiIliiIiI.class,492,236
98bba319b5443bc9774a419b01198237,rustme/lIiIliiIiI.class,3386,3130
b142f42218883e6c2b32e587d54b5842,rustme/iliIliiIiI.class,7040,6784
3339cb463f45239e7de6d0c6f5633d34,rustme/IliIliiIiI.class,3743,3487
abe4fd553b31e2837e7ad3482f652192,rustme/lliIliiIiI.class,5420,5164
df1868226144acdb450fff75e346bd72,rustme/iiIIliiIiI.class,2869,2613
af50341a96785343e673968fd14b7ef9,rustme/IiIIliiIiI.class,2851,2595
1b7e73021e99f74b00992e223e7634a0,rustme/liIIliiIiI.class,2899,2643
089be850736e0eefb0c8281a8381f937,rustme/iIIIliiIiI.class,7008,6752
1644093572143fe61ac3fcf30afcdf1f,rustme/IIIIliiIiI.class,6246,5990
0cf634767f87706e83baecc501e44c8e,rustme/lIIIliiIiI.class,2335,2079
ff36a9b8e307b3960da2cc86a8cc1e0f,rustme/ilIIliiIiI.class,4976,4720
6d11dc51d80ee6a1f3033ec0c7abe63e,rustme/IlIIliiIiI.class,9863,9607
91ea886b63b91774182f6fd1aa78657a,rustme/llIIliiIiI.class,1201,945
52a9ab58d5fbee3706b7a73318fa62e9,rustme/iilIliiIiI.class,3515,3259
f3c3afec26a1915d18b99149e7ac8023,rustme/IilIliiIiI.class,5995,5739
03a9c01cc9e81d99fd0aeb374a40cc54,rustme/lilIliiIiI.class,1095,839
3dbefbd28917bef2164ad56450ea4674,rustme/iIlIliiIiI.class,6465,6209
942912e181374bbb4638b29e07cf6246,rustme/IIlIliiIiI.class,6357,6101
29cca64a9e2fdabdbecbe8f8f9d3d0a6,rustme/lIlIliiIiI.class,3322,3066
42b972e348ef790887fd7af653c03f61,rustme/illIliiIiI.class,732,476
7a30b05def0e7ed10bf66210653b5812,rustme/IllIliiIiI.class,3245,2989
76dadbf4c45ecf2af14721f1b4ff0870,rustme/lllIliiIiI.class,492,236
01ea9e03e9de5a48aa11901701ece322,rustme/iiilliiIiI.class,2998,2742
0ebf9bd636d176d6fdbcb6cec51696c3,rustme/IiilliiIiI.class,1030,774
63e577fa565207d5bf08bf53c21d1bcc,rustme/liilliiIiI.class,6005,5749
0dcce01e5bba33bf4eca70bbe58e5aa4,rustme/iIilliiIiI.class,3542,3286
2e0ef0022a2565b795236782e39e1fb3,rustme/IIilliiIiI.class,3164,2908
9a93cce89ef9260faf7a8e98fc975f0e,rustme/lIilliiIiI.class,3859,3603
9d952468bccbec4e69190d59bdd769d8,rustme/ililliiIiI.class,1349,1093
2eec8db9980d1f59dce25186d4a18506,rustme/IlilliiIiI.class,6536,6280
cab93245be962fc32615b9f1e3e48cec,rustme/llilliiIiI.class,1086,830
ff6098a911b781fdbb92280baf71e9e6,rustme/iiIlliiIiI.class,3235,2979
e1814062eddf86b6fdf08c50f757560c,rustme/IiIlliiIiI.class,5170,4914
e97af5f68c75c36540324878ab87439b,rustme/liIlliiIiI.class,1218,962
b4f01c94fcacf15f53d4996991e6f98e,rustme/iIIlliiIiI.class,3185,2929
2dbae254e95e429e297ca4e943665f8b,rustme/IIIlliiIiI.class,7116,6860
3ab326b359c5beb71593cfcb6aaa02c4,rustme/lIIlliiIiI.class,780,524
a14c522339155ec04cd8972a1150dad1,rustme/ilIlliiIiI.class,861,605
eb90d5a4168bde9ddb6df127ead7dd03,rustme/IlIlliiIiI.class,4877,4621
6f2c6fb830dd1b05a0f49d36d770d7dd,rustme/llIlliiIiI.class,411,155
92015b2c1abe7ed6b00a022417400a38,rustme/iillliiIiI.class,623,367
b21bee9aa195c188c52da5590a959bb9,rustme/IillliiIiI.class,1098,842
54e42ad12a86b81f7462eb5560493d46,rustme/lillliiIiI.class,4243,3987
f367dbca69055bc00b919fc32fc06d05,rustme/iIllliiIiI.class,1281,1025
79bc7ac70125d3cb5439acf5ecf93fd0,rustme/IIllliiIiI.class,4411,4155
fdf2cb9522662dad9898177d0edb4ad5,rustme/lIllliiIiI.class,492,236
c4ea3ecc0eeb5cc33994b972d3b5c43f,rustme/illlliiIiI.class,1049,793
d752b31cf16abaa8e52fa4aad4f3086d,rustme/IlllliiIiI.class,3898,3642
71183c294b8fd161a6ebcb708d74ab24,rustme/llllliiIiI.class,985,729
b22c6755d1925d823a6190ea9a5f7e93,rustme/iiiiiIiIiI.class,2227,1971
93e0da7dc78c389aa126831c7c98f10e,rustme/IiiiiIiIiI.class,2021,1765
4760bb68a5274ff0e7a2c0ba52bafe48,rustme/liiiiIiIiI.class,5484,5228
eaf397c53eef384768774d1563cbcf84,rustme/iIiiiIiIiI.class,2303,2047
5c08394e9f974e7238dabf2f2dbd8903,rustme/IIiiiIiIiI.class,5050,4794
aff504db05d2f80bdb5786d26c22e2e1,rustme/lIiiiIiIiI.class,4541,4285
73fa42a9166538611c857f4ef16122e1,rustme/iliiiIiIiI.class,4069,3813
b3cbc21883e6411263ef8d3995671174,rustme/IliiiIiIiI.class,1519,1263
c866aa7e7bddeca4a7330354a548fbf9,rustme/lliiiIiIiI.class,1515,1259
2d7e2cc702125dcd22c469cbc8c6ddda,rustme/iiIiiIiIiI.class,1768,1512
9def749de7fb909d9bc693477b28774f,rustme/IiIiiIiIiI.class,636,380
26a9f99e5686a940439b34f261dae50c,rustme/liIiiIiIiI.class,886,630
63e66cf223705a79300a3aa7cff088b2,rustme/iIIiiIiIiI.class,836,580
273f5359b940069bb9ac24c81ed75c9d,rustme/IIIiiIiIiI.class,481,225
143b4bca2105c1c34d1285d5f3323a2c,rustme/lIIiiIiIiI.class,1129,873
ec98438804518ed04741041a9587dfba,rustme/ilIiiIiIiI.class,2503,2247
50a6838fe78c15522710061e3dd4e3ac,rustme/IlIiiIiIiI.class,5885,5629
e645b0239056dca872f4a91a41fa3504,rustme/llIiiIiIiI.class,1193,937
7aa598a8a086d696c5f57bf33f070581,rustme/iiliiIiIiI.class,3399,3143
b3b9ea1a6d56caba825e1412f3785b0c,rustme/IiliiIiIiI.class,6152,5896
6aeab3ce440e87a172731973a3334fb5,rustme/liliiIiIiI.class,492,236
44a1fc6b7cbe491abdc7f0b78439cc2f,rustme/iIliiIiIiI.class,5467,5211
829ef2aefd5bf976b9c57e9fdfd540b2,rustme/IIliiIiIiI.class,1548,1292
4abfd92a4c0945e521a4421f239d8dff,rustme/lIliiIiIiI.class,1201,945
8827541b558bdfcaa5ae765b920de8ea,rustme/illiiIiIiI.class,1764,1508
a4901f78913791605f1752bce04f4f0b,rustme/IlliiIiIiI.class,7473,7217
a6c28556f6a47a637b8a77fd08243af3,rustme/llliiIiIiI.class,1434,1178
805283381b6ba347aa69938a561da8eb,rustme/iiiIiIiIiI.class,1618,1362
ce6e2cdd3f31d7828dfd25c1bdafeace,rustme/IiiIiIiIiI.class,4345,4089
bcb4c053e9f098516c48f36384dd601b,rustme/liiIiIiIiI.class,1620,1364
3710059906824791e6f8a5d7f097540b,rustme/iIiIiIiIiI.class,1350,1094
6ae424686cd64b690f0ce74748da6085,rustme/IIiIiIiIiI.class,2889,2633
290550426031b9e43c5fa08ab9d30c86,rustme/lIiIiIiIiI.class,5439,5183
9065ed9d887a4f321dc3a01fee861755,rustme/iliIiIiIiI.class,15787,15531
639953d06ca5052dc08e074bbdef37ad,rustme/IliIiIiIiI.class,1888,1632
9aa7a394323deaa56f1024eca9e24e5c,rustme/lliIiIiIiI.class,5710,5454
e081207521c4a0fabeefb2e5741232ca,rustme/iiIIiIiIiI.class,4211,3955
5c245574a5e95c9c830b34bfcccdf2ba,rustme/IiIIiIiIiI.class,2315,2059
52025a958c65f4bf55d16e073d950e41,rustme/liIIiIiIiI.class,1869,1613
830963d9d5b235adfb85be20a9579203,rustme/iIIIiIiIiI.class,2964,2708
02c38cc17d8ec225dafa0c9595c59431,rustme/IIIIiIiIiI.class,661,405
85ccdc9b05ef68ba6198514e5e713e57,rustme/lIIIiIiIiI.class,7316,7060
5e3c12e9dc467dbcf962a84f5bd1147e,rustme/ilIIiIiIiI.class,3162,2906
4762440b84e8e5706d6d3b49b03dcf08,rustme/IlIIiIiIiI.class,3939,3683
8178e291e8fb6e0e1f1157771469f429,rustme/llIIiIiIiI.class,11082,10826
9f7ae8dceaa6ca3863bbfcbf52e1352b,rustme/iilIiIiIiI.class,2064,1808
b47760a08fc3eabcc1ea2c01227edb6b,rustme/IilIiIiIiI.class,8250,7994
b5a838abfa2f4a5f589d395b5e2fcbf9,rustme/lilIiIiIiI.class,492,236
5dfbc58a58638bd54db458d360c8bd2c,rustme/iIlIiIiIiI.class,7225,6969
64eea5a22e82280b7fb47f79cfca134c,rustme/IIlIiIiIiI.class,492,236
8c081cd9cbf7f24323f7cf961179d573,rustme/lIlIiIiIiI.class,5979,5723
ecebe724672bfb9fb7f6991ea8225762,rustme/illIiIiIiI.class,2360,2104
e7152396bb39cbccc816b2e1641f673b,rustme/IllIiIiIiI.class,14049,13793
1f58be26182e86e0b2cdde372331afbe,rustme/lllIiIiIiI.class,3023,2767
688bbbee1fa4eb22dfa28fe99e85260c,rustme/iiiliIiIiI.class,3226,2970
2ae95e10dc2c2e151043cbfa5976b3ac,rustme/IiiliIiIiI.class,4069,3813
9f0c320f46392651711bd341420cfeb1,rustme/liiliIiIiI.class,13747,13491
4ab8185e52bda9a5f7e0718dbeee4c05,rustme/iIiliIiIiI.class,8235,7979
3f31579a27e6f4e5ce52a23fa43e154c,rustme/IIiliIiIiI.class,610,354
a8c90e0e4b26d58cb17b4ac376cf4bb4,rustme/lIiliIiIiI.class,2143,1887
3598ed04f6e3bbbf83f19775a5e9f131,rustme/ililiIiIiI.class,543,287
751e76546fb5ac37f94aae2c0316aee1,rustme/IliliIiIiI.class,6215,5959
81e8c0b3551bb5711a8f11edd81a95e2,rustme/lliliIiIiI.class,2207,1951
f8606ba7496d126d38c5b2def5f61f90,rustme/iiIliIiIiI.class,2858,2602
bbd99ea7592bf21591d4e17e7ecd0ea3,rustme/IiIliIiIiI.class,492,236
03dd1d094a738af70a87743db52f942b,rustme/liIliIiIiI.class,8217,7961
06cfafd0380561479f3742682846e7f2,rustme/iIIliIiIiI.class,3869,3613
041d74e4ae24a08441266c42cf1b4e15,rustme/IIIliIiIiI.class,2568,2312
89de7f8997a743b28a4b688cd4c636cb,rustme/lIIliIiIiI.class,5128,4872
402b7796a7c5b8c1562e1087292f404b,rustme/ilIliIiIiI.class,797,541
f134e57d3313707905605eac3e3d225f,rustme/IlIliIiIiI.class,2553,2297
11e11ae94d02949bdf47b90045b5f877,rustme/llIliIiIiI.class,1729,1473
bfdc7b1aae9dd6c12d4ff6097d6517ad,rustme/iilliIiIiI.class,8493,8237
870c0c965db6e847ab7a0caefd99de68,rustme/IilliIiIiI.class,1608,1352
de66b540e1b760ea8f7ecfebbe7f1c78,rustme/lilliIiIiI.class,2330,2074
46d6c3d27824c3fe146bbfd1b25c4003,rustme/iIlliIiIiI.class,1201,945
64b7857ae89b5dd200f3bbd1317a0414,rustme/IIlliIiIiI.class,26879,26623
6d3fe28becceb76ea911fb8398989126,rustme/lIlliIiIiI.class,5002,4746
d46e5899f68d2f9d8307e57d1e81dc71,rustme/illliIiIiI.class,5154,4898
c56c783fefeb00123d53ad7055c89583,rustme/IllliIiIiI.class,1007,751
90c440c5dc13528e7de1bb725819757f,rustme/lllliIiIiI.class,10417,10161
09c86c88a5c1103584e49426a2ad5015,rustme/iiiiIIiIiI.class,6266,6010
eeac982a5fa0f17671c34c1e90755c19,rustme/IiiiIIiIiI.class,10690,10434
59e744206174268e4b613da47f792888,rustme/liiiIIiIiI.class,3034,2778
f34264ed68f495ba70f46d9f17e90884,rustme/iIiiIIiIiI.class,3899,3643
77ae15052bef183d9317e82b73140786,rustme/IIiiIIiIiI.class,5733,5477
4a1fc72bd72892cec6bc1364979b7751,rustme/lIiiIIiIiI.class,5361,5105
6fab76efb88bfe0590d74ac135c51717,rustme/iliiIIiIiI.class,3729,3473
c60cc4b0d359ad8d12f0264e257cf1bb,rustme/IliiIIiIiI.class,1040,784
95b812796bb410e5278dd96b890f2f8c,rustme/lliiIIiIiI.class,6242,5986
bebe2ec56dd7a907e3d18b7bd804eff1,rustme/iiIiIIiIiI.class,8250,7994
891d236dcdbef136fcb10d33611d56a2,rustme/IiIiIIiIiI.class,5044,4788
56328143eae6be595159d1509cca4fa6,rustme/liIiIIiIiI.class,5587,5331
f9e74116922770a6a5875cc77fa177e8,rustme/iIIiIIiIiI.class,5854,5598
916fdf78f753fba81285ea54733eb389,rustme/IIIiIIiIiI.class,8811,8555
6520b861b29b4b553e886f05634fab90,rustme/lIIiIIiIiI.class,7354,7098
1c11a9f0f28c9f2d9f7b4c806a8e4b84,rustme/ilIiIIiIiI.class,3282,3026
b9210ade55c95ff55e8a3f07090a5a26,rustme/IlIiIIiIiI.class,1286,1030
4c68c619f096e09cb9ed8850f6ed8bb9,rustme/llIiIIiIiI.class,5588,5332
fadb04e7fd033f7c994ace91b7d2a523,rustme/iiliIIiIiI.class,5485,5229
f621584d4f541e127b717803a00ae50c,rustme/IiliIIiIiI.class,2080,1824
4976531547e040bcaab1d7db966db0bd,rustme/liliIIiIiI.class,10258,10002
61ae1cb5024d15e95d64135a82037b7d,rustme/iIliIIiIiI.class,2631,2375
706aa48cc183093864b2a258ef34274f,rustme/IIliIIiIiI.class,3675,3419
e719237747da5cc2e52b18c3049c20e8,rustme/lIliIIiIiI.class,5306,5050
682bf45712b6e7ac6dba5b480fa9c562,rustme/illiIIiIiI.class,4933,4677
474fc27d4409886a1d662c7d84308e20,rustme/IlliIIiIiI.class,3792,3536
280bc9fc7961cc5d58a51ac07815a570,rustme/llliIIiIiI.class,2284,2028
be8bbec6d4e75398836e426355afb6f4,rustme/iiiIIIiIiI.class,3853,3597
d05e67f61e768fe2b12f41eb652ddd23,rustme/IiiIIIiIiI.class,2467,2211
338525d26d34598be23f3214ffb3ff93,rustme/liiIIIiIiI.class,3188,2932
b3b7f3f04155c6917510266e5c526c20,rustme/iIiIIIiIiI.class,11273,11017
d20cb562991e056994886f953151c21b,rustme/IIiIIIiIiI.class,8408,8152
f84b3c7b5e9c0885835d7d61f01d5eac,rustme/lIiIIIiIiI.class,4839,4583
3e58b532933ed7a4290177d013e475a5,rustme/iliIIIiIiI.class,5216,4960
9742b630133107f79d3b124f6dc6ca7a,rustme/IliIIIiIiI.class,5526,5270
38bd9d1e612ee1e0da7cd28c27fe0cf6,rustme/lliIIIiIiI.class,2384,2128
f235c1dc6dcaa38c5778e3963b7f24ae,rustme/iiIIIIiIiI.class,6375,6119
d7a11442cf16e962215ef6ebcbb7f48f,rustme/IiIIIIiIiI.class,5540,5284
0d1bb1cdee55d1aff70a3b1a44c1ef3b,rustme/liIIIIiIiI.class,4049,3793
9e9070a51dda50c300a7532b8d0e1e30,rustme/iIIIIIiIiI.class,9870,9614
ea8692af2cc524670ccb1893ce011e0a,rustme/IIIIIIiIiI.class,4377,4121
7c091add9112d663af402cc298c94bbc,rustme/lIIIIIiIiI.class,1335,1079
4c31486207d64ab75cdda11fcb01ea4b,rustme/ilIIIIiIiI.class,1793,1537
ddb9d7698a570b5658b0a02e066aa91e,rustme/IlIIIIiIiI.class,1957,1701
899a4de6b31a7775c84af1d2eecc778c,rustme/llIIIIiIiI.class,1713,1457
0e873f64a7b4a12f61662cc0dfed4642,rustme/iilIIIiIiI.class,1713,1457
8dbd9168f3d3f76cd794c8f6e779bf04,rustme/IilIIIiIiI.class,1697,1441
a55de9c35c24da57a2a2547856989106,rustme/lilIIIiIiI.class,1851,1595
c85cb35c275c10fec663716554a87570,rustme/iIlIIIiIiI.class,1371,1115
297138229d927458910731ef0be762ee,rustme/IIlIIIiIiI.class,1659,1403
ea95b96a81aa5daf4d4e053d8f461766,rustme/lIlIIIiIiI.class,1645,1389
2eacbdb05941ac6783545fad6c89158a,rustme/illIIIiIiI.class,1818,1562
a60ae9dd0f84f997d4c3ef7be8fa8a9a,rustme/IllIIIiIiI.class,1880,1624
45d2c7f8fd3d8502692fc25e63cd0bf1,rustme/lllIIIiIiI.class,3625,3369
2b6cff971e0316f41da8ea04710cd5d7,rustme/iiilIIiIiI.class,1640,1384
74dfb8e92e570c293acceaa4452948cd,rustme/IiilIIiIiI.class,1771,1515
8468d49e7da2731cdcce041cda60cc68,rustme/liilIIiIiI.class,24583,24327
5151ccd1e56cca2f3da2f818eec41c51,rustme/iIilIIiIiI.class,1371,1115
12878af77b6f11c46aff0885fcd07de0,rustme/IIilIIiIiI.class,538,282
28b367a4b03473b34513c7479ca17c15,rustme/lIilIIiIiI.class,1024,768
4f99553b973c8b69b29b24edcd8df369,rustme/ililIIiIiI.class,1917,1661
fecdf454a66d090040f85b7b032d22a2,rustme/IlilIIiIiI.class,1301,1045
ce99f0cbc6b4ce929be26e662b2dbc60,rustme/llilIIiIiI.class,1291,1035
c0c65bce92b6eb0145b24d15f86501a1,rustme/iiIlIIiIiI.class,492,236
48d8b744f5005093ff156e7bdf349c9a,rustme/IiIlIIiIiI.class,980,724
2ab4000a909d2973bfea619b1491eb87,rustme/liIlIIiIiI.class,6133,5877
83e85dc59a2629ef8e27f40dee9571a5,rustme/iIIlIIiIiI.class,4487,4231
6e4a8f35f82e133ba44fdbda7f5d2509,rustme/IIIlIIiIiI.class,3088,2832
945f1deffaccf2cd20049a8417ec4fb5,rustme/lIIlIIiIiI.class,3343,3087
0ca870672a998d58bda09e8d199bfc85,rustme/ilIlIIiIiI.class,2994,2738
d44384177e8aeba9e5cb57df5736be6c,rustme/IlIlIIiIiI.class,3775,3519
d53871bdd7c4a69329578b6df09493b1,rustme/llIlIIiIiI.class,2651,2395
0e96e471880e05f77802eceab7a3b885,rustme/iillIIiIiI.class,4417,4161
010aed9ac7ee4b1822a17e6e8bb45422,rustme/IillIIiIiI.class,3614,3358
69527c8089cc84942294907afd07a233,rustme/lillIIiIiI.class,3884,3628
7ef123f819ec07fe4a7d16cd3732c68b,rustme/iIllIIiIiI.class,3720,3464
1ebdd3c5d9119812aafda2d7ff02404d,rustme/IIllIIiIiI.class,3576,3320
34bb3777676521eb0d296b5d50d6e67b,rustme/lIllIIiIiI.class,2109,1853
afdeeab9eb6449810dc85c680bd6638c,rustme/illlIIiIiI.class,3899,3643
87fc18710fcba1628cf1cd5c851cb1bb,rustme/IlllIIiIiI.class,2238,1982
f841f314caefd6e5864b2ef554c068e6,rustme/llllIIiIiI.class,2226,1970
9c8ccc22fc2489da9189b430e805653b,rustme/iiiilIiIiI.class,40592,40336
2be83c14c83603fcf86467adb36e26cf,rustme/IiiilIiIiI.class,6062,5806
c67241c5d590ac67005d48385dd16b13,rustme/liiilIiIiI.class,3593,3337
effee1e6fb5dacaafddcf4e64a7dd43e,rustme/iIiilIiIiI.class,1887,1631
0fb7a699f5a1bf930066dae8849e1b53,rustme/IIiilIiIiI.class,5500,5244
603cc565e5a48c1534252c1298bf2427,rustme/lIiilIiIiI.class,5946,5690
70d4f45b7746769ae1fb9608143a6255,rustme/iliilIiIiI.class,3944,3688
397c49236f51dd787d8746cb44996cc7,rustme/IliilIiIiI.class,6438,6182
bfb0be03b8428ad9621eb337d5a0262a,rustme/lliilIiIiI.class,5657,5401
e284135af6206f18a5dc38355affc1e3,rustme/iiIilIiIiI.class,492,236
c547e09730504da243f7657cda0d3aa1,rustme/IiIilIiIiI.class,6575,6319
6fedce05200322f35f3affaf71e45da2,rustme/liIilIiIiI.class,1281,1025
8b51833ff99bfbd996ce33fe02cb76bb,rustme/iIIilIiIiI.class,830,574
fae062942fdb9b3b2f2f747413642166,rustme/IIIilIiIiI.class,1524,1268
53a01f118b2556d2bcf956fa3dc32174,rustme/lIIilIiIiI.class,1868,1612
a0912e3a140b134022e42456e48c4a44,rustme/ilIilIiIiI.class,1796,1540
26004686cabfe0aee8974086f442c6c8,rustme/IlIilIiIiI.class,1882,1626
074de05ad34334a10385758d9e454acf,rustme/llIilIiIiI.class,1847,1591
cd512e71c31e57b638fd543c9154b226,rustme/iililIiIiI.class,2690,2434
c832080035b350f0c8e7d3beccac106a,rustme/IililIiIiI.class,1262,1006
2f9810014468b76907749fc293607384,rustme/lililIiIiI.class,14963,14707
6fe6317ce1a8d4dbd583fbf52752891d,rustme/iIlilIiIiI.class,2367,2111
581e940a0b86961b7cb53735b011f5c7,rustme/IIlilIiIiI.class,2316,2060
97a0437a02747d5d3adb840104ff4417,rustme/lIlilIiIiI.class,1384,1128
41a440d27e19bf99d70527f1f8aeffd7,rustme/illilIiIiI.class,1364,1108
b385b8025f5a212afac1602c7da2d247,rustme/IllilIiIiI.class,1383,1127
dd432469a15bb3af44227a59aa09cd6d,rustme/lllilIiIiI.class,1904,1648
92453f69543512428753775e6b91f04a,rustme/iiiIlIiIiI.class,8717,8461
10f2f127ea474dc0e3f37541c2b6f844,rustme/IiiIlIiIiI.class,547,291
24766b85d393a429d03669867a06d5bf,rustme/liiIlIiIiI.class,492,236
14b155a2040dcc4b4a329d03dd18cd9c,rustme/iIiIlIiIiI.class,1099,843
305630e699eea32a96c4bb81dd43c703,rustme/IIiIlIiIiI.class,1188,932
63f853155c89278975b830baabde39f5,rustme/lIiIlIiIiI.class,1833,1577
b8de103a35925941fa61964f25a96bfb,rustme/iliIlIiIiI.class,1099,843
e0354bf592659f3102c34bb4be70707c,rustme/IliIlIiIiI.class,1203,947
31d79457275fc014ac25e0d0d247b1d3,rustme/lliIlIiIiI.class,1007,751
0bd45beca91b7d18b6a2f38edb90ccc4,rustme/iiIIlIiIiI.class,1099,843
e974be1eb3c9593618af217775e64110,rustme/IiIIlIiIiI.class,1007,751
553d2c047d681812bf59c23df8f7a1de,rustme/liIIlIiIiI.class,1007,751
af74c79172217fbc17934962c19b221d,rustme/iIIIlIiIiI.class,1007,751
ad692b6db0722548bb195b4d9fd72e97,rustme/IIIIlIiIiI.class,1007,751
0eca2e62ee3dd3740d9136d2de3c1857,rustme/lIIIlIiIiI.class,1007,751
8410056632cee0e127ea27b8b19d3b3b,rustme/ilIIlIiIiI.class,7767,7511
4ede4ceb7d7c59695ad071e791184b7a,rustme/IlIIlIiIiI.class,492,236
fb42287a90c30789ad9f3055c4bc0978,rustme/llIIlIiIiI.class,3474,3218
6300101f795e570dc4fb3dd3bc7f542a,rustme/iilIlIiIiI.class,2329,2073
92af80df75d6c39d60744a3501448b66,rustme/IilIlIiIiI.class,940,684
097c229a5d9e0d7d2131c71fe86bba01,rustme/lilIlIiIiI.class,828,572
4f06943d4925a36d77dc693c2de05296,rustme/iIlIlIiIiI.class,835,579
2ee255aad89bc24997ab8494bfe935a4,rustme/IIlIlIiIiI.class,436,180
02532eadd15eef9d201f03559b758286,rustme/lIlIlIiIiI.class,505,249
692591ff3595743d7b274026bf7537a6,rustme/illIlIiIiI.class,552,296
e23c00758973d2b4608310ec1c83cc7f,rustme/IllIlIiIiI.class,492,236
11a6bdb8e23a98a803e7b3f036ab7dc6,rustme/lllIlIiIiI.class,1158,902
6fe7a7970ebb1955fd0b915e94e2cce6,rustme/iiillIiIiI.class,2355,2099
fb46ecca1ebf08476f59778a0f120267,rustme/IiillIiIiI.class,10264,10008
a8fcccd7b98233a8a2d74b5011cf32fb,rustme/liillIiIiI.class,1594,1338
671e01c8a9f3c29335c39da5204bd5c5,rustme/iIillIiIiI.class,1568,1312
a0f175b9924f67615fdd03513a13c852,rustme/IIillIiIiI.class,1804,1548
b080211339d6a910a8a43fdd3bf9e3a9,rustme/lIillIiIiI.class,1600,1344
abc61955c3c863e4407fa66016d83fe4,rustme/ilillIiIiI.class,1772,1516
c8ed714c2126ec93f37defc5a0fad415,rustme/IlillIiIiI.class,3880,3624
48e6656a9ddef8f7e05f5690e817751c,rustme/llillIiIiI.class,929,673
86caeae53b40dc7d29e520fd3dafa8d5,rustme/iiIllIiIiI.class,1931,1675
d995c2fc78df0c09b968a973b1093937,rustme/IiIllIiIiI.class,2230,1974
9a0886695b4b22c76a6bd51e584247c5,rustme/liIllIiIiI.class,1583,1327
d5251cc3805949e7803d0100529e9bcf,rustme/iIIllIiIiI.class,1515,1259
cfa6d65f663f0e914970d470dc39599d,rustme/IIIllIiIiI.class,4373,4117
0662c7882bf4cb1ba6073b79e2890e81,rustme/lIIllIiIiI.class,1119,863
84cc00f1b2162dff4f7200e6afe70f47,rustme/ilIllIiIiI.class,1119,863
e0e799f1e725bd5701c8281c72a47f09,rustme/IlIllIiIiI.class,550,294
99781f822c3cf288b92bbdb8f3fa31a4,rustme/llIllIiIiI.class,1083,827
a5905d6b0b020e667a2722f1dd070ff4,rustme/iilllIiIiI.class,1087,831
bc4ee337f27cef1410a5214fb0fe14eb,rustme/IilllIiIiI.class,13792,13536
27950973eebea966bbe45533eb6c0725,rustme/lilllIiIiI.class,1592,1336
8a1d8f126d1077be33f2988b095a8841,rustme/iIlllIiIiI.class,2062,1806
d4250a072723713849fd39b672750952,rustme/IIlllIiIiI.class,1684,1428
117ff3f7363d1e11dcf26092ecad62fc,rustme/lIlllIiIiI.class,1582,1326
0d38c2217d55466a8535c89ea88afed7,rustme/illllIiIiI.class,3246,2990
d6cb79e9ff8ef08ae810c765d26af4eb,rustme/IllllIiIiI.class,3428,3172
f80544cbb758542ce88fc9505d431606,rustme/lllllIiIiI.class,1758,1502
8de5f25c948f1ffff7d63bd19c4c737b,rustme/iiiiiliIiI.class,3181,2925
94a33ecc3ec66f80e077fcc94c02e87b,rustme/IiiiiliIiI.class,1841,1585
6dcbee6c35228a981bb39b44b9c8a588,rustme/liiiiliIiI.class,1777,1521
423b4fedbd97ed36e578e6f99ab3f23d,rustme/iIiiiliIiI.class,1843,1587
da0b51c7181f891409fb78f3c673c428,rustme/IIiiiliIiI.class,1587,1331
ccfdcaef4819e6838042d1893c56d014,rustme/lIiiiliIiI.class,1135,879
8a3e7d2f6aee8f149654804dcec949ce,rustme/iliiiliIiI.class,957,701
0cc6d3e205f259932bb091955ad579b3,rustme/IliiiliIiI.class,928,672
4c6a7b65036af18cd6200a59fa839b8b,rustme/lliiiliIiI.class,1171,915
85263122f0d2d48c359e3637cf01edba,rustme/iiIiiliIiI.class,928,672
9212f83396ed7539c3d69ccc14488b76,rustme/IiIiiliIiI.class,1066,810
3fd97cd18a3de25aa1d40532bcaa0ce8,rustme/liIiiliIiI.class,1066,810
40a8f9c458142f80848b1178e2616399,rustme/iIIiiliIiI.class,1066,810
e4c4ca19914426a5fe672c443eb05f86,rustme/IIIiiliIiI.class,1066,810
13833a570f5d2e1b549826beacb1b997,rustme/lIIiiliIiI.class,928,672
b557cdbbfb841381656b1ae36a197af7,rustme/ilIiiliIiI.class,928,672
b80568802088b7f29fea1ab247d6ab67,rustme/IlIiiliIiI.class,928,672
1ae49cac51f7a3f344fecee4a7fc060a,rustme/llIiiliIiI.class,4257,4001
1b0af4fdb7ca35f6111c2062a97571e3,rustme/iiliiliIiI.class,492,236
1823c4c1abfe74a3399eca6e3f937700,rustme/IiliiliIiI.class,4481,4225
cb4de443a29485d3c2a04fa42eca29b3,rustme/liliiliIiI.class,3763,3507
1a945722031895aaeda8dff8d15e7c50,rustme/iIliiliIiI.class,3846,3590
4b9e5c1327484bf4ce919d1f8251f410,rustme/IIliiliIiI.class,2467,2211
0fe1c84fc64a4b90e7b40cb1ad94d114,rustme/lIliiliIiI.class,733,477
cca812e06a6dad10b729b6c36a7fbd00,rustme/illiiliIiI.class,1320,1064
3aa88b5470d0b513f8fac550186ae544,rustme/IlliiliIiI.class,6826,6570
2293e52e06d01b57015b85ea5f60fe30,rustme/llliiliIiI.class,492,236
c1972901441688884da804234fa90a7f,rustme/iiiIiliIiI.class,2378,2122
4282e9ab55b460df76170197a0198501,rustme/IiiIiliIiI.class,4624,4368
c38486409adbe7a573470394c2130550,rustme/liiIiliIiI.class,3935,3679
14c325ade88ce21703658fe495f6e66a,rustme/iIiIiliIiI.class,4901,4645
440740d77c6a93340a26f313cfd0e868,rustme/IIiIiliIiI.class,1851,1595
2928b5c8a701151ff26fee9d76a08d89,rustme/lIiIiliIiI.class,4790,4534
0dda24c90f7e322751b7b47f0cfe64da,rustme/iliIiliIiI.class,1414,1158
0ad83477c557328f18d4c2aed0f2a908,rustme/IliIiliIiI.class,3120,2864
a9dfedc684583d995b6cee1af10b059a,rustme/lliIiliIiI.class,3099,2843
14e977d7805640868aaa877313e998bb,rustme/iiIIiliIiI.class,1890,1634
4291b9e491dfc42d7cc2000107502cfb,rustme/IiIIiliIiI.class,4019,3763
7365c1363ab5cbb339fcda042aa5bcd3,rustme/liIIiliIiI.class,4385,4129
95548a5618d4982908d9ddc72d416a85,rustme/iIIIiliIiI.class,1863,1607
869e57437991b68a6a57fafd973f356c,rustme/IIIIiliIiI.class,4328,4072
306be3519440629b61bb4e5ba657820d,rustme/lIIIiliIiI.class,2135,1879
d88d9f4b0fa4f22423131f605f0267ed,rustme/ilIIiliIiI.class,4374,4118
c2eb51ac835121d09ccbc98c183a41bb,rustme/IlIIiliIiI.class,3132,2876
faf871feac4fe5e1720f16fb50a50de3,rustme/llIIiliIiI.class,1558,1302
512b1951ce4d4ebb4a8782db5ca28b0b,rustme/iilIiliIiI.class,4767,4511
85424221d98b7e94f82ca327b860063f,rustme/IilIiliIiI.class,3037,2781
8c969a502fb7757aa980f373843e2b87,rustme/lilIiliIiI.class,5117,4861
e82008202b07a928eda8025a46c3965c,rustme/iIlIiliIiI.class,1424,1168
c67edc19872bd1165fa93c59474fd538,rustme/IIlIiliIiI.class,2750,2494
5c96da9a632b71911c5b748cb33bd5e5,rustme/lIlIiliIiI.class,4553,4297
818fe43cf87f447959a2f1a8ea51c2e3,rustme/illIiliIiI.class,3244,2988
3d08f02aa02008788af2f4f4801d2d33,rustme/IllIiliIiI.class,2026,1770
872c82af9519cd9a6583b902deaa8bae,rustme/lllIiliIiI.class,2097,1841
0fd3981c9d2856c6f47f8a7cb09bafae,rustme/iiililiIiI.class,3895,3639
eca45ef177ea8ddbc10fbcfe67f0f06a,rustme/IiililiIiI.class,1089,833
15a5b74bba92f03f7c1913029ab96230,rustme/liililiIiI.class,2235,1979
398b02495b8ab453d54fbc87613c8f4c,rustme/iIililiIiI.class,2039,1783
1f5cc7c2a7aecd5b358407e0d892e94f,rustme/IIililiIiI.class,5417,5161
b211c1054c6f1369974caa41ad7a6054,rustme/lIililiIiI.class,3321,3065
3ac3ff75277ec16a521c2600f0d08762,rustme/ilililiIiI.class,2102,1846
7c0ddbf1cb027fe64cec7ab5daa7e877,rustme/IlililiIiI.class,2450,2194
fc7592801b81d24563521ac2eb84f744,rustme/llililiIiI.class,1942,1686
775d446fbc9601cda37801131652cd46,rustme/iiIliliIiI.class,2367,2111
3c1ce3ff01d703bdf0bcc1e923ad6af5,rustme/IiIliliIiI.class,1442,1186
b5c91eadb8f14136453e6b1cee6f8930,rustme/liIliliIiI.class,4456,4200
f4af51cd31e27284fbd9d4e958d2a7db,rustme/iIIliliIiI.class,2654,2398
9c0028ead0e1ed5b98feb4ee02373a7b,rustme/IIIliliIiI.class,2792,2536
f46620951f8c71b73655903b0cb0b376,rustme/lIIliliIiI.class,1650,1394
91bc5ed7d0d4ed46a74c4a62bddce516,rustme/ilIliliIiI.class,1768,1512
d964336b7f56dc1b461ea50060af108f,rustme/IlIliliIiI.class,1768,1512
0364e2aaca4416dc05f5de1555c7539e,rustme/llIliliIiI.class,3472,3216
50649ad1d7973707ff37df9d45695ebb,rustme/iilliliIiI.class,3231,2975
0eb7f871d636544716a7b12a22927f4f,rustme/IilliliIiI.class,1496,1240
c7ad27beb6ebe7ad0581d9b13f14e408,rustme/lilliliIiI.class,2805,2549
66a34d9e2497bc7fb30957e7c45dc7f4,rustme/iIlliliIiI.class,1805,1549
13c13f087d4b819c5579ef3b2f2145cb,rustme/IIlliliIiI.class,3662,3406
b051f376b33a4b8b7bc8d96cca3c4cb2,rustme/lIlliliIiI.class,1542,1286
f211a7ee3cc245887d830445890d0010,rustme/illliliIiI.class,5235,4979
cc6da506670f33894804f856aaf6e715,rustme/IllliliIiI.class,1492,1236
961dbd5382892b9efe6a5cf0d430f4f7,rustme/lllliliIiI.class,1465,1209
9e7f97be355e2765fdd17dece0a5f81b,rustme/iiiiIliIiI.class,5013,4757
66da85099c02d1c78a737aee7cd83f68,rustme/IiiiIliIiI.class,4832,4576
1266fcd2febbcf809565570c39478c2e,rustme/liiiIliIiI.class,1719,1463
0abe914692edc7a1074c66944e60aebf,rustme/iIiiIliIiI.class,3175,2919
13bb201ee80f79cf58eb15acf9ae157d,rustme/IIiiIliIiI.class,2669,2413
142a7c6d2da826859d6bb20fc7d4cb1c,rustme/lIiiIliIiI.class,1505,1249
ee3d5b41eb8af9c5a0d5d313d848ca44,rustme/iliiIliIiI.class,3287,3031
25968c2abdbaf623f0ea6b5eeffc4b46,rustme/IliiIliIiI.class,3813,3557
cdb7e22de2e0e39538056b3e3263dec6,rustme/lliiIliIiI.class,940,684
bbe65aedcdf8975594f2029c9a975d1f,rustme/iiIiIliIiI.class,1360,1104
cbfefceb535a1f2929fdabc1ef926ad9,rustme/IiIiIliIiI.class,2256,2000
6aa9dc69b25989c31fbe212290bb3cb2,rustme/liIiIliIiI.class,1052,796
e59165ba858b9715bdae808cb1f6cc85,rustme/iIIiIliIiI.class,3373,3117
c84d06a5e0d5a169e7e249c375e1bc1e,rustme/IIIiIliIiI.class,2122,1866
f1012be6d8883e798fd94d7b71729851,rustme/lIIiIliIiI.class,5018,4762
8b841be64ab82c0545758934da6358be,rustme/ilIiIliIiI.class,2145,1889
5532e63712d8963c66e3d2321206c8fc,rustme/IlIiIliIiI.class,492,236
9a946c02ee576e80d99f87f0bb6b1c85,rustme/llIiIliIiI.class,4681,4425
fbda66d2a5a05e1c4418952a5c92c5bb,rustme/iiliIliIiI.class,1199,943
ed7996f3d3b71fc1be47a7726c64dab5,rustme/IiliIliIiI.class,492,236
96f4d5ea0b3c296010879cc857c470df,rustme/liliIliIiI.class,2388,2132
283df92443af3e13c3a94cb94035b760,rustme/iIliIliIiI.class,2929,2673
11feed460881471f105c2f4f0414999d,rustme/IIliIliIiI.class,2847,2591
bc25e3d6aff29796913251d2afd35af0,rustme/lIliIliIiI.class,4813,4557
d901ff375604f6264ca0b173dabf214d,rustme/illiIliIiI.class,1777,1521
6469408aaab3c0fb3c3853370d2b4bd3,rustme/IlliIliIiI.class,3612,3356
86d8e674b09947431cc3a656caf60178,rustme/llliIliIiI.class,3686,3430
0d6d27a9305453ae66be8a6404b73c89,rustme/iiiIIliIiI.class,6077,5821
144ae4717697e6ef03da83ef6b1187ae,rustme/IiiIIliIiI.class,3309,3053
9b730ea36f48f781116a44f2360e5507,rustme/liiIIliIiI.class,2012,1756
9140c78a020131f30213d9f4fb2803b2,rustme/iIiIIliIiI.class,1191,935
c1e69c25b8ff65672a0d7dbc2456dedf,rustme/IIiIIliIiI.class,4326,4070
254562c572699fd0e9a040c7d2f52c96,rustme/lIiIIliIiI.class,3202,2946
3a1b385e14f5a97e8a8500a15574fe5f,rustme/iliIIliIiI.class,6723,6467
36f444576503a8e2fc90146191f0b2ce,rustme/IliIIliIiI.class,3256,3000
53a1e9c28e2ca7e14081b60db1033acd,rustme/lliIIliIiI.class,27396,27140
8acd8eac737f37ef82e5c9b582d5b4d1,rustme/iiIIIliIiI.class,1502,1246
67c401c63366ea2704df9eb216e4c99d,rustme/IiIIIliIiI.class,1044,788
6c73dbd823951b47c5b06d4285f841af,rustme/liIIIliIiI.class,18951,18695
2a894e3e751b0db78797e2302b9d95ab,rustme/iIIIIliIiI.class,492,236
fc47db0a60d9d13861909ec50a144f84,rustme/IIIIIliIiI.class,4878,4622
c24393de9322e6998c1b3046551c0306,rustme/lIIIIliIiI.class,653,397
93e320c912728e62aa61ef1829a9d371,rustme/ilIIIliIiI.class,492,236
636474bef4ea451b135d336e43c323cf,rustme/IlIIIliIiI.class,1981,1725
6db837f63a39a6cd52cb95d683daef0d,rustme/llIIIliIiI.class,1745,1489
d45c1b065384305113432ab4a86a7cc8,rustme/iilIIliIiI.class,1320,1064
ef2f4b39f6cacf260318b9f3fa30060e,rustme/IilIIliIiI.class,1390,1134
36db0e8d81086e2741b4f5e8a38e9e92,rustme/lilIIliIiI.class,1371,1115
3e85ea3c22e3fe36c7a766c517a1ce49,rustme/iIlIIliIiI.class,1260,1004
5f7153df79e593593255aa215ff0d439,rustme/IIlIIliIiI.class,78312,78056
bfe3260af891f479b9a742d10f596865,rustme/lIlIIliIiI.class,7220,6964
58fbab4b346b6bd584ceeda0402975a5,rustme/illIIliIiI.class,16213,15957
36470633ebe2288d3189679d4c3e2693,rustme/IllIIliIiI.class,2040,1784
9bfba9eb3601c507d714f84755b2b2d2,rustme/lllIIliIiI.class,5342,5086
a4f7a61c53d4d24eedfac77dfbfc32d3,rustme/iiilIliIiI.class,2910,2654
997534e52a45a04668763af204423f90,rustme/IiilIliIiI.class,1274,1018
13cc3b84a61ceffe65d9f094147dee6f,rustme/liilIliIiI.class,1015,759
fefc570fc445a74c833fc13d97092bd9,rustme/iIilIliIiI.class,9868,9612
6f076a3d5a01965549bfaa109dfd5f01,rustme/IIilIliIiI.class,5643,5387
468c2b74b5ec1a43c9170124af329c4c,rustme/lIilIliIiI.class,928,672
4f75b8e904bfb8b5a60035f868660b7e,rustme/ililIliIiI.class,23020,22764
63c9cd1c27f02317806bf6325ebb6d2b,rustme/IlilIliIiI.class,1322,1066
07a98b8abd95c1ecc07c4274665bc420,rustme/llilIliIiI.class,2956,2700
49460ff6bb017cd9996ee997418d789a,rustme/iiIlIliIiI.class,38605,38349
b8f31515568f54d70120a719151f9b9d,rustme/IiIlIliIiI.class,970,714
e3b082ff465f77ca6f54ed32a4d411cc,rustme/liIlIliIiI.class,62818,62562
37a7748a98eef6868fec2955abff5bdc,rustme/iIIlIliIiI.class,3120,2864
0e1df0d9ef302a921cfcb630cb4773ca,rustme/IIIlIliIiI.class,1699,1443
5782dcafc85c9945a5737de50524b891,rustme/lIIlIliIiI.class,10579,10323
4707dc1896b8dcbda7d28ee5f41bdc5b,rustme/ilIlIliIiI.class,17339,17083
a53efb3a8de9403fa866c1ed36724b43,rustme/IlIlIliIiI.class,2069,1813
0de7a4606c5e134cf2a19cfa5a0c3c41,rustme/llIlIliIiI.class,3420,3164
2e344e61c83dee3946ab8c95f55cdc7e,rustme/iillIliIiI.class,411,155
289f9f7c7b26729fcc9faf6185f78cec,rustme/IillIliIiI.class,570,314
ae4fc9c7094f343a74ca6523a20870fc,rustme/lillIliIiI.class,584,328
6a32ae079e279d43c970d3df0ae39a52,rustme/iIllIliIiI.class,610,354
4609fbd526c62da126fbaeff0227ee12,rustme/IIllIliIiI.class,1093,837
7f6b91a12b65cd31239c6d0006152bea,rustme/lIllIliIiI.class,436,180
11dcf6b32ca152109ab402fa05b28da6,rustme/illlIliIiI.class,467,211
be3d5b4f56aaa5f51c804b61cd44f9b8,rustme/IlllIliIiI.class,534,278
1e0ef8b69e00e599f52b583e8254498d,rustme/llllIliIiI.class,1467,1211
e93e06127093c9a01820973d55b18062,rustme/iiiilliIiI.class,975,719
efdaec18be71ddb184aa5dac29645467,rustme/IiiilliIiI.class,27249,26993
a4ca86b1c910cfe8b52e7be250e371ce,rustme/liiilliIiI.class,2282,2026
dfb63fb18605a9df87eb34b315435335,rustme/iIiilliIiI.class,3872,3616
8fa63081f3feab61abcee597294ffc21,rustme/IIiilliIiI.class,22493,22237
6292e9bf53dce7b5115dcad30b1f4980,rustme/lIiilliIiI.class,6727,6471
f4b726aec5a51ecb9589dceda295287d,rustme/iliilliIiI.class,5898,5642
26747d030c0d1ce46091a0ad78abb41f,rustme/IliilliIiI.class,4882,4626
9bfccc9bdcef5f10aef6a025b94f3df5,rustme/lliilliIiI.class,2679,2423
93fdec5ff3679bb73f653c03e1c8e2e5,rustme/iiIilliIiI.class,13477,13221
7992f8ce00e729cea2a658510ce16093,rustme/IiIilliIiI.class,10548,10292
675d20ae2dfe2d96544bbe3a53f0173a,rustme/liIilliIiI.class,13351,13095
c16844f83ef6a4fffdc0f3bef1da8455,rustme/iIIilliIiI.class,9637,9381
b6deeff6bb03dafcedafbeee8051d400,rustme/IIIilliIiI.class,1067,811
6e11273fc8597c81a1e153af11d03be2,rustme/lIIilliIiI.class,4178,3922
aa50e7330064b00d271f86ccf2b2008c,rustme/ilIilliIiI.class,25600,25344
ffb6331b9b436d4795255a586b8da5f5,rustme/IlIilliIiI.class,3353,3097
fc487bfa3ec56d7b20b34ac112c3ac27,rustme/llIilliIiI.class,2601,2345
2f9c0bc1eb23a8ad191fa40db5d06754,rustme/iililliIiI.class,2111,1855
155cdea0763ec0c2a9a8d32240f8fb42,rustme/IililliIiI.class,4961,4705
4348b91d112849b5ebaabce8cbcc8dc5,rustme/lililliIiI.class,9778,9522
12e6419d2d0aa8c9d214bfde77759593,rustme/iIlilliIiI.class,2146,1890
76588c63529ff0f00ad6628a8f095048,rustme/IIlilliIiI.class,7049,6793
cd9df65f0bbe0511eece18cc6d944a21,rustme/lIlilliIiI.class,7032,6776
bbdad716c2b822b7ae5b94d1036c1fce,rustme/illilliIiI.class,1432,1176
cda47ff3788bc72661e64563b2243bac,rustme/IllilliIiI.class,2132,1876
d27459216ec2cc9ea595456b553b484b,rustme/lllilliIiI.class,2727,2471
268895d2c0138cf8e515f18a13f7613f,rustme/iiiIlliIiI.class,6958,6702
0c41bb7eb7562ed6ba50f8d6a11e4390,rustme/IiiIlliIiI.class,7153,6897
0c7e47cf8ff64eae87b9a1fd178ed351,rustme/liiIlliIiI.class,5786,5530
c039ff72d8330c982873c19b23d98086,rustme/iIiIlliIiI.class,5428,5172
a64fc125226f22eff56180b74750ab66,rustme/IIiIlliIiI.class,8132,7876
175af5c84b666a66f7a28ec564340fc8,rustme/lIiIlliIiI.class,492,236
52389e1608526f9c91999267d8e6e954,rustme/iliIlliIiI.class,2156,1900
78c3c94823096f5a3fe475e5ee539ab5,rustme/IliIlliIiI.class,2345,2089
ffb70e010c392c618b95b96bf1583702,rustme/lliIlliIiI.class,1266,1010
983678080015cf6f41f03a883974328d,rustme/iiIIlliIiI.class,9652,9396
fa982ffd48d53f0c0556be9c91868b80,rustme/IiIIlliIiI.class,3878,3622
f1120a1d86a4faf5a7334b34c6a0ea0c,rustme/liIIlliIiI.class,6852,6596
fa1753b8293f4b0db46242e9b1807b19,rustme/iIIIlliIiI.class,2591,2335
e4fb33e012051618bad5872af5f73b93,rustme/IIIIlliIiI.class,11684,11428
ccc6f411030d5b9c749f2eff617b330f,rustme/lIIIlliIiI.class,1639,1383
1e0cf69c0d3b042acbcb9744d796a305,rustme/ilIIlliIiI.class,4658,4402
9ec57a7f730bb1d3fba751c542b318db,rustme/IlIIlliIiI.class,1398,1142
5fd84cc18f0fb8e6f5fb036997531e7d,rustme/llIIlliIiI.class,1570,1314
4b5bfeb5ae95dae4b6341b7d46d4105a,rustme/iilIlliIiI.class,2816,2560
8244b8a183cb496c0110af48bcbbeb2a,rustme/IilIlliIiI.class,3262,3006
a5f3f5cf2ecea4ee3e36933f2b8b9c55,rustme/lilIlliIiI.class,3130,2874
c2b21c74dae0f1e029249a979699e76e,rustme/iIlIlliIiI.class,14856,14600
980f5361352248348d3ca75c38f12fe4,rustme/IIlIlliIiI.class,6653,6397
ccd5b265b9a2d9eb02e429871fc54ea8,rustme/lIlIlliIiI.class,3821,3565
712095eda53abfc0ead8e04c50ca30ab,rustme/illIlliIiI.class,1353,1097
74f009aad6debe11c6ff05fa25094743,rustme/IllIlliIiI.class,3094,2838
dfb7080da721702958106e549588f6f5,rustme/lllIlliIiI.class,1408,1152
32cc53f8473a37f2864cc438fa39aaf8,rustme/iiillliIiI.class,4013,3757
fa4f53e3025342f8ff2e3a76921673d6,rustme/IiillliIiI.class,6130,5874
fb6ff0fedd0dddd0205ed3808311dab0,rustme/liillliIiI.class,3004,2748
52a682a56786c29f364f4fad5deb16aa,rustme/iIillliIiI.class,1707,1451
2707dec0172432288d577d25dbd78a90,rustme/IIillliIiI.class,1937,1681
961884e1d0e595d227a6f33f45519b36,rustme/lIillliIiI.class,2527,2271
6f2c3c79b1649c5ef390724ea883eb58,rustme/ilillliIiI.class,6596,6340
a995c2adbb2681fd020e792a646b7b1a,rustme/IlillliIiI.class,1994,1738
9f30b4c0c0b461c45392e93254ef0bd9,rustme/llillliIiI.class,1433,1177
9654ece432f6ab5e485f474270041062,rustme/iiIllliIiI.class,3375,3119
5b097eb14fd5149961d6b8164c4ed44a,rustme/IiIllliIiI.class,3175,2919
dd1e15e176e4f158a46711fdfa818215,rustme/liIllliIiI.class,1517,1261
fbf48afdd75297c76d501f6c52be3c59,rustme/iIIllliIiI.class,12737,12481
895d333bbe4eec5179554309e8a0f0f2,rustme/IIIllliIiI.class,2980,2724
bf2c79e34a6f8a3992a15b816abc8cf0,rustme/lIIllliIiI.class,2585,2329
de7a221515d73792c1f57f6a3e42c78c,rustme/ilIllliIiI.class,1993,1737
79d96afd22b5420a22bc54bb6445f4b6,rustme/IlIllliIiI.class,8732,8476
18c3a2728547ccef0d25ed64fe92add2,rustme/llIllliIiI.class,1536,1280
ce3c4a3f4bd137912b2671247c9d874b,rustme/iilllliIiI.class,9385,9129
d49fa21090ce766549b9979d56f5312b,rustme/IilllliIiI.class,4836,4580
e807bef67f69e22880ce7faa9cdd942d,rustme/lilllliIiI.class,6185,5929
a83248dff6791797640222476d3826cd,rustme/iIlllliIiI.class,1133,877
fdbf06dc5d9de88ddf8540278f4a00a6,rustme/IIlllliIiI.class,1106,850
867c8b33a83dc6c0e21627570eeb7d3b,rustme/lIlllliIiI.class,8282,8026
b801c85720ea7f74de8c1460f4714731,rustme/illllliIiI.class,1993,1737
b0307810228a3e694f5a98e8894f21e6,rustme/IllllliIiI.class,1433,1177
6980d9ed1ff471536e011493c2cdffa7,rustme/lllllliIiI.class,1795,1539
fe8e8605023544c3b19afeb245160bc5,rustme/iiiiiiIIiI.class,1087,831
4ad48b8ea46389445beb7eafc8119fc3,rustme/IiiiiiIIiI.class,742,486
6f22fb9aa55ba4b112d43c0adf0e69fb,rustme/liiiiiIIiI.class,6888,6632
12a9740dcda9028d93339ffe43b3d7bc,rustme/iIiiiiIIiI.class,1174,918
441390e185384a7bbf9942a192806929,rustme/IIiiiiIIiI.class,2924,2668
ac0a9a58c4c6a8b4e3d68dfba6654592,rustme/lIiiiiIIiI.class,2021,1765
507dc23087ed34899aa7fb347fa3e366,rustme/iliiiiIIiI.class,1335,1079
13b389a994a8e43678fecf6142e91952,rustme/IliiiiIIiI.class,1840,1584
6ac00b3612436fbc00334a4362baf01f,rustme/lliiiiIIiI.class,1761,1505
c7b3b787217f05d4d55b67267c392422,rustme/iiIiiiIIiI.class,930,674
6c3e03fb59d981a22a81fac720886251,rustme/IiIiiiIIiI.class,18958,18702
1efaaf98741ff8e72cbd46c3d320a67e,rustme/liIiiiIIiI.class,3517,3261
94481f819942c8c2423f90d99f3cf168,rustme/iIIiiiIIiI.class,2998,2742
28b477ffafead003b192cdcc48fc3aec,rustme/IIIiiiIIiI.class,5464,5208
46ecd9452c4f615a3f1c3f2a89d1f9ff,rustme/lIIiiiIIiI.class,3210,2954
9d517a07786cc3930b1aa8b82d7e2005,rustme/ilIiiiIIiI.class,2043,1787
6c1abda28a7815c8db4d101049cd2fb3,rustme/IlIiiiIIiI.class,1768,1512
ac5c118d7f4a5f8e2b594592ef4e78ef,rustme/llIiiiIIiI.class,1622,1366
b8ca388ac089c6ae82fbf4ca21ddb4e0,rustme/iiliiiIIiI.class,1161,905
e4e0d73aca4aa7ef38ff482b8996f59e,rustme/IiliiiIIiI.class,2818,2562
d4bab85a2b21e16faea1544c90e5d4f5,rustme/liliiiIIiI.class,12914,12658
62f0ebcbf768fa98edacf01fa87360d8,rustme/iIliiiIIiI.class,8300,8044
4ef20eb84b5d6ba3dda5dd29e6c45337,rustme/IIliiiIIiI.class,1904,1648
1c041512f78c673d9c9a6978bccf4b87,rustme/lIliiiIIiI.class,2387,2131
17567253a7b7ee35b670d58b8bed84e3,rustme/illiiiIIiI.class,3017,2761
07b165ad9c7d452a6361e2674e7b7586,rustme/IlliiiIIiI.class,4850,4594
32e35ec4d7b09d84188322a54434a3b8,rustme/llliiiIIiI.class,1416,1160
3ce844b97e2893b4da765b47c38fe516,rustme/iiiIiiIIiI.class,1341,1085
6090dddea4463330780785d86023c370,rustme/IiiIiiIIiI.class,1216,960
2f212459bb8b13102256c1721b7b7713,rustme/liiIiiIIiI.class,7479,7223
f79925d15d48cfce777e8c770dfc32f9,rustme/iIiIiiIIiI.class,2507,2251
148f6ecf9a763cb8b91ba047fc7fc2f8,rustme/IIiIiiIIiI.class,2807,2551
01e11394868263dab4ccc86f3ed33f83,rustme/lIiIiiIIiI.class,1437,1181
797b6d75d856db9bdaf3aae16b516d2f,rustme/iliIiiIIiI.class,2243,1987
d4a1728667b82822df4754dfa7eb61e7,rustme/IliIiiIIiI.class,2434,2178
e075988b0439ae653f402b419801f909,rustme/lliIiiIIiI.class,9757,9501
19a9be3f0c5f6234a156533c758cab1a,rustme/iiIIiiIIiI.class,1382,1126
efea8b232c8d40d7f7ff7daf6bd9fe5c,rustme/IiIIiiIIiI.class,1210,954
993094ba7501f843592d2860989cf4c2,rustme/liIIiiIIiI.class,6977,6721
56ac8cf67da7dceaa70645024e8a8ade,rustme/iIIIiiIIiI.class,10273,10017
358090e8024c17fad95b25bae782b9e4,rustme/IIIIiiIIiI.class,4246,3990
df52c498c34a6ec39e333a432d49846a,rustme/lIIIiiIIiI.class,860,604
6d7164294670f6fafe9868639f7d7af2,rustme/ilIIiiIIiI.class,19078,18822
ade33bb5c55d35cbc0aeae7215ee174d,rustme/IlIIiiIIiI.class,9972,9716
00f338f955391dcc3d87fc4df6c70d24,rustme/llIIiiIIiI.class,1273,1017
4998cea60cada36065c2379a4ede36ee,rustme/iilIiiIIiI.class,1344,1088
35fb378a4d08bb25bbf49ef4211e0cbc,rustme/IilIiiIIiI.class,974,718
b99168585df43b3fb8b527dc8c449d7a,rustme/lilIiiIIiI.class,492,236
afe3045da148b4258511f21515b491f0,rustme/iIlIiiIIiI.class,2190,1934
9ef65b1792be06a8f00953d7eaa5ef5c,rustme/IIlIiiIIiI.class,1962,1706
e72a5bcb95e7c7c53f4826744d988c5d,rustme/lIlIiiIIiI.class,3096,2840
cb28e517754a5f12a9a1411b330be3b2,rustme/illIiiIIiI.class,492,236
24adbff585167185df836ca422e5a720,rustme/IllIiiIIiI.class,7952,7696
43daead73e702f53a8a702fd438a22f7,rustme/lllIiiIIiI.class,1356,1100
d9a8a0883a3e8d4560b6d3e72550006c,rustme/iiiliiIIiI.class,30395,30139
b8a9aee832f25a051b51d4264b37898f,rustme/IiiliiIIiI.class,830,574
17e041ca116fb852f6d2c1ccfa2c0efe,rustme/liiliiIIiI.class,7501,7245
fd09eb332e14012934d59553ba750bd4,rustme/iIiliiIIiI.class,8587,8331
f126c0b6b572a3881532011969324b5f,rustme/IIiliiIIiI.class,8280,8024
04ef27c9da5b9288781f963f95d32613,rustme/lIiliiIIiI.class,5001,4745
04f2a81a3ef3457c6c42a165b504234f,rustme/ililiiIIiI.class,2355,2099
59bc9444b35941f8045bfd0a778821a7,rustme/IliliiIIiI.class,411,155
b08f6f3fee73056c369ac19ca463ddad,rustme/lliliiIIiI.class,774,518
9d3a98c70a033e63b46f9e023d0c2018,rustme/iiIliiIIiI.class,13907,13651
85c79a2ef4af4dfb3b7354087a5cbda5,rustme/IiIliiIIiI.class,1451,1195
ca498868343d9e8f95afe3a91e8b0733,rustme/liIliiIIiI.class,1112,856
acb1b0667eef08d40bffcaa1b7e2debe,rustme/iIIliiIIiI.class,774,518
42bef3245eb99d173c008196b4655ca4,rustme/IIIliiIIiI.class,17186,16930
e836b0c02913c89026c9402aef251c82,rustme/lIIliiIIiI.class,4312,4056
848f9c2d43c6ba521c00025097718f93,rustme/ilIliiIIiI.class,1952,1696
81a9f4877c9c3219cac40ec944a9cbb8,rustme/IlIliiIIiI.class,12003,11747
a9219f6f900aa01b887fb03f9f64e0b4,rustme/llIliiIIiI.class,1658,1402
4fe07a49bb243231cf3bc384be3845f4,rustme/iilliiIIiI.class,17609,17353
bf1e903b21e0a9eec48e9a0bf380499a,rustme/IilliiIIiI.class,11266,11010
1d6bdefde8db75b6f90ec4355fdfedc4,rustme/lilliiIIiI.class,1385,1129
b93e40c295ec6fd4da6d56bee2e62c21,rustme/iIlliiIIiI.class,972,716
f6cd059e8be7401cb404857067d12763,rustme/IIlliiIIiI.class,1032,776
6766a8091185d2f088a27263520f5ebf,rustme/lIlliiIIiI.class,3944,3688
6fc484c7179b9cbff60d607b3f8a3611,rustme/illliiIIiI.class,1474,1218
2109c664be3e6736621bd0bdbda40a96,rustme/IllliiIIiI.class,1612,1356
18b8f97c0bb3a860d18cbd0226581962,rustme/lllliiIIiI.class,775,519
413c20852aa6ae0bb3b8606808a3a713,rustme/iiiiIiIIiI.class,15352,15096
88c2ec1211ca83b3ddecf37f12e25afb,rustme/IiiiIiIIiI.class,1123,867
58283dd95436776457ad0ee88dbbee89,rustme/liiiIiIIiI.class,1682,1426
6cdae5c36566ed140c8ffa1383d22bdf,rustme/iIiiIiIIiI.class,12706,12450
23f599d1a9e4271a4aa2ee152dcf1958,rustme/IIiiIiIIiI.class,1933,1677
595f8635f633f29ede5d72cd9cedf12b,rustme/lIiiIiIIiI.class,5404,5148
edb6a65a4b01dbc69358e2436bff3613,rustme/iliiIiIIiI.class,1597,1341
8f6aa8c06ec06bb140bdec6adeb7fee7,rustme/IliiIiIIiI.class,6416,6160
1bf3999a0d00aabe2d06730763ca4ddb,rustme/lliiIiIIiI.class,8453,8197
d89263216b34c521eb4ba58b37e7a444,rustme/iiIiIiIIiI.class,2583,2327
651f127967760ee6bb0141bb4e27ca33,rustme/IiIiIiIIiI.class,1600,1344
6ec1bcde88041096274a97f5f1f98906,rustme/liIiIiIIiI.class,1968,1712
d4dc8e34f07240817d55f65357f98b1f,rustme/iIIiIiIIiI.class,586,330
4ac3368d8a7141f1956c04b97df501c3,rustme/IIIiIiIIiI.class,2110,1854
2b2b6a7969ed6f0aff6d3f24dee15d26,rustme/lIIiIiIIiI.class,1965,1709
ee69baa1730a1698e74d65711c37404a,rustme/ilIiIiIIiI.class,2053,1797
9825dc3f194fa958e12f6907903ba312,rustme/IlIiIiIIiI.class,1973,1717
e53bebb06eb3624fb44b9b91892866b2,rustme/llIiIiIIiI.class,28646,28390
4b7e0ac2c59233d87a2de5114a557a84,rustme/iiliIiIIiI.class,2155,1899
e05079da56fdcc14149aee41162656dc,rustme/IiliIiIIiI.class,1454,1198
3d19350824bac2a74c6881d3027e1cc2,rustme/liliIiIIiI.class,2343,2087
3f9bf15f328bbb4fe97c7d88fb166903,rustme/iIliIiIIiI.class,16755,16499
54b32027592a337b4104dd217c04be9f,rustme/IIliIiIIiI.class,3357,3101
2b1302ced210368ec35359b97c885805,rustme/lIliIiIIiI.class,4478,4222
a72cfeccd72b4122e52f5cb3192a02a6,rustme/illiIiIIiI.class,411,155
1e524ff497b96438afa80910f89c8970,rustme/IlliIiIIiI.class,492,236
dc5b6da27fd21ed223f0b36799488e03,rustme/llliIiIIiI.class,2296,2040
6e9ad7ac3cb87f78bbcd3b020f9dc100,rustme/iiiIIiIIiI.class,1071,815
57e3e5a33348887653678b69ded7f6f4,rustme/IiiIIiIIiI.class,1992,1736
f6ee655758bf4186d7abe7fcff2a3367,rustme/liiIIiIIiI.class,1405,1149
6d9d26e00c9f17d0b18881fe495ec29b,rustme/iIiIIiIIiI.class,2434,2178
b97a617136f4ec7fc250c99137400b85,rustme/IIiIIiIIiI.class,56768,56512
ddbe0defe3e85569781b1f27e2b952c8,rustme/lIiIIiIIiI.class,1973,1717
2acab0d0eb606444c44eb4ad65c6300c,rustme/iliIIiIIiI.class,37565,37309
ad3c2e6f5ad004bfd5beec8255016ce7,rustme/IliIIiIIiI.class,3986,3730
53ed304e339daa94d9228b1e3bd93841,rustme/lliIIiIIiI.class,1416,1160
7c80fb1259357a8e7f646baf20449a48,rustme/iiIIIiIIiI.class,19163,18907
326d946d888c30fa255c7377885e4178,rustme/IiIIIiIIiI.class,492,236
8ea02e474768f72c1134b327b1c35286,rustme/liIIIiIIiI.class,3472,3216
fca98d3b494795893e5a8696bca22c28,rustme/iIIIIiIIiI.class,1312,1056
9d3d03252e892aab4187fcb67c4b32a3,rustme/IIIIIiIIiI.class,2207,1951
efdf2730f23b0971e22b0493688d7f19,rustme/lIIIIiIIiI.class,19556,19300
138c11532ee0be6f128d80f3c780b48c,rustme/ilIIIiIIiI.class,4399,4143
52c46eb5479f64f9a8d59866c54edfa1,rustme/IlIIIiIIiI.class,3360,3104
04837312eef1a214de0de5a4fa1c02b0,rustme/llIIIiIIiI.class,5920,5664
f0a917f2ec3c20490fafcb8760e36609,rustme/iilIIiIIiI.class,7429,7173
61f78c673b9d1f524260dfc9b33df708,rustme/IilIIiIIiI.class,2022,1766
3ea2db659682116bb371b74f33d4acea,rustme/lilIIiIIiI.class,16302,16046
1f4f0f1f229348c9575afd19942e6d9d,rustme/iIlIIiIIiI.class,3425,3169
c44b586e13d6505e4d78b02ea85cc983,rustme/IIlIIiIIiI.class,8309,8053
08f35e6d5777e8688d3344b0982d0897,rustme/lIlIIiIIiI.class,1307,1051
9d0c516878f3b9d7d8216b901aa3d4ec,rustme/illIIiIIiI.class,11193,10937
a5b676ac2ad9d6b3592329dd01fed096,rustme/IllIIiIIiI.class,12212,11956
73c6a68d12fe46aecac4cd1e0caaa2a2,rustme/lllIIiIIiI.class,3518,3262
9cd7d8382ba0c93b6db189009590aa5e,rustme/iiilIiIIiI.class,2713,2457
25eb60b5dc0991a20b3423200973d01c,rustme/IiilIiIIiI.class,3424,3168
048e632c18ef5d6f551b1aecb2413bd8,rustme/liilIiIIiI.class,11240,10984
4385daf80bc777611fea019f7221b31b,rustme/iIilIiIIiI.class,9666,9410
62d266ea0872e5e55865c52d614a95e2,rustme/IIilIiIIiI.class,5523,5267
818856b54e920ed1e0b62660ac26a4dc,rustme/lIilIiIIiI.class,492,236
087cca01abe8af22e7ac8a12575964e9,rustme/ililIiIIiI.class,3630,3374
5bced2451667bad8296a75c2b842d200,rustme/IlilIiIIiI.class,7964,7708
00ced344313a00f1290833e656bd1eca,rustme/llilIiIIiI.class,9674,9418
7a1a35887f0f8fc0eecaaf13d1654eef,rustme/iiIlIiIIiI.class,35206,34950
a24a2d91e404bc8d2eb28d75f812d37c,rustme/IiIlIiIIiI.class,1316,1060
c9f7e38ad753d4da043f3cc44386c7c2,rustme/liIlIiIIiI.class,2073,1817
df68c16fb6e7d1b1692dc029f9cf605c,rustme/iIIlIiIIiI.class,2415,2159
63174d610b4fc03c30194f59a1efc823,rustme/IIIlIiIIiI.class,1977,1721
34f0a87c286b8a880cb52cc06aacf0ba,rustme/lIIlIiIIiI.class,2879,2623
907889e5a99c1e75e974e3963a8d6d8e,rustme/ilIlIiIIiI.class,2641,2385
faa86c84879539fedb906b5b1c95d849,rustme/IlIlIiIIiI.class,2013,1757
03edd4a8d0450a1516957319e5888922,rustme/llIlIiIIiI.class,2246,1990
01e7188dac29fcdfb5e6348a4d7dbfc5,rustme/iillIiIIiI.class,4037,3781
72f66e1baaf97b44f0627408db2dc834,rustme/IillIiIIiI.class,2170,1914
15c0dfd4f35328c42dc197429553f2fc,rustme/lillIiIIiI.class,1374,1118
5b9a571bc158300271199a7357a880dd,rustme/iIllIiIIiI.class,1339,1083
5ff4fd529671f91f164f74c382c7d828,rustme/IIllIiIIiI.class,1175,919
3d1045bc69f02663b19ff1c995e21df7,rustme/lIllIiIIiI.class,1175,919
5faf3afe33e6b0204416eb52970ad221,rustme/illlIiIIiI.class,1413,1157
ed4d823faf35a91f847bda4180f93721,rustme/IlllIiIIiI.class,1740,1484
577fdb4f3fcfcabdeefac28b4dfd01c9,rustme/llllIiIIiI.class,1072,816
999c162ee4449dc070d8a45324d05f2d,rustme/iiiiliIIiI.class,1740,1484
d4055b906fe98cf41aba4410b31cc0f8,rustme/IiiiliIIiI.class,1072,816
bbadc958b6661443fbf05ba377288630,rustme/liiiliIIiI.class,2305,2049
49d0306988d67cef7cfa9ef2ca4e5478,rustme/iIiiliIIiI.class,2998,2742
0dfbcf0916d002172bd6c2084d5a7ddb,rustme/IIiiliIIiI.class,1139,883
cf20c9f49030d59d17df01ec977e7333,rustme/lIiiliIIiI.class,3539,3283
cb4151f7d12e380eac79ecb9554b6dbf,rustme/iliiliIIiI.class,6350,6094
db83d5518a5e41a60afc5a637055e104,rustme/IliiliIIiI.class,5466,5210
efc13d59615dd051285086ee36faf17f,rustme/lliiliIIiI.class,27895,27639
6c29ba8ec95b0267ccc16247d25b1976,rustme/iiIiliIIiI.class,5054,4798
d2e1533c12b7e772a7f073966b1f80a6,rustme/IiIiliIIiI.class,492,236
4d30210b46b98759a1ecb820c5040c70,rustme/liIiliIIiI.class,6563,6307
f7f3f3c622d7e443f5977519835a0c56,rustme/iIIiliIIiI.class,80014,79758
4fbc03ae47da2778f35c59d0c9578451,rustme/IIIiliIIiI.class,18226,17970
582d498dbe5ff721f9ffce7493579f2e,rustme/lIIiliIIiI.class,1595,1339
7e74342b00dcdc2c686b9418271a49d3,rustme/ilIiliIIiI.class,4241,3985
759e941627361b0d3f5fb5fa252ce18c,rustme/IlIiliIIiI.class,1472,1216
632a6a2d2156d434e6b6e46ff6400954,rustme/llIiliIIiI.class,1258,1002
c2cea16544915e8a9d31b4f480c01bf5,rustme/iililiIIiI.class,2165,1909
84e42453617fb0d70dfb1f092f52e6b0,rustme/IililiIIiI.class,4514,4258
d0f3c789accff4cad49eed5e4b0e55b3,rustme/lililiIIiI.class,3159,2903
8b19fa967c37408f58ff4d45d0a871c0,rustme/iIliliIIiI.class,2751,2495
a179e680f7125a4f748a7c146b215f89,rustme/IIliliIIiI.class,1327,1071
f57982091993360fa0f38043efb7e616,rustme/lIliliIIiI.class,1428,1172
aee53b9602dbad702360571bf6778b0a,rustme/illiliIIiI.class,1639,1383
3575cb81b382d42c497f17aa89f86348,rustme/IlliliIIiI.class,10568,10312
211ec96611263ca8ea8e8c4cdc97d151,rustme/llliliIIiI.class,4560,4304
e24e2b6c8a8e6c039361af724d1f051b,rustme/iiiIliIIiI.class,2952,2696
41f083de158cfb531a984640fc32693e,rustme/IiiIliIIiI.class,863,607
f0a99a55088a59b636a4759fa939e48f,rustme/liiIliIIiI.class,1802,1546
a80f0e55686d65175a4f2e4302ab2072,rustme/iIiIliIIiI.class,1738,1482
47db0d13d7241ed2cdf325b965494c21,rustme/IIiIliIIiI.class,3855,3599
99f2c1b81b6ec9f5aee6bb51a9a3c106,rustme/lIiIliIIiI.class,4340,4084
8d85889ab331df852c9550ec3812aa19,rustme/iliIliIIiI.class,3423,3167
d13339b1eeea560dc72efa7157882faf,rustme/IliIliIIiI.class,1238,982
d8227af40bf80f22e38d1a5011e7bcf8,rustme/lliIliIIiI.class,4282,4026
9abb808263419916bc45bfb18499adbe,rustme/iiIIliIIiI.class,1070,814
5b7700be5c796ab59f9281084a877558,rustme/IiIIliIIiI.class,10431,10175
9eea4bc2b2e9e2cf54ee774ca7ef37f2,rustme/liIIliIIiI.class,3047,2791
ab4a04131dd8857779efafc252e57a2b,rustme/iIIIliIIiI.class,5076,4820
8ff95e4b56becfe6ed3fed9fc602f97a,rustme/IIIIliIIiI.class,836,580
89511a9a74f8dab569c6536ddfd21bc5,rustme/lIIIliIIiI.class,1879,1623
4764f986b008851d2be4ff32ceda24df,rustme/ilIIliIIiI.class,481,225
f325ca0d393e35e382c57788a69a4006,rustme/IlIIliIIiI.class,6493,6237
ff0d0579761876251c40ee4002eeaa0c,rustme/llIIliIIiI.class,5674,5418
76a2cc8b2806dac5b197d5d6e4dc7f69,rustme/iilIliIIiI.class,4877,4621
838def17371c3c3dbb6b527ec2af89de,rustme/IilIliIIiI.class,3148,2892
1455fa614518d9ee7bd0ae80155a1680,rustme/lilIliIIiI.class,2740,2484
9fab303390ba847814e75ee49b7b8f64,rustme/iIlIliIIiI.class,5632,5376
39973f8b410884952450fac82b335054,rustme/IIlIliIIiI.class,6493,6237
b797940e7b9363177bae45b96691db50,rustme/lIlIliIIiI.class,642,386
7c3f220db75e99f7fc3a66196f07e693,rustme/illIliIIiI.class,3847,3591
7155a96d922c138db2f13880a4958f17,rustme/IllIliIIiI.class,492,236
78292efb61470165eb18d9867cda6ea5,rustme/lllIliIIiI.class,5073,4817
19c64e7f210bf325d796dec7202a5ba5,rustme/iiilliIIiI.class,4293,4037
19332647b467c1c0d2af85b30976a991,rustme/IiilliIIiI.class,1681,1425
2eb8ab35cd74f6f8adaffc144401da85,rustme/liilliIIiI.class,3471,3215
3757f72c56b891387f08ce82e82808e7,rustme/iIilliIIiI.class,3829,3573
7665f69dcf04ce8c9b58cb70463d50cc,rustme/IIilliIIiI.class,1239,983
8408addd7286534c614b1625dd1ef35a,rustme/lIilliIIiI.class,11414,11158
eac6d84527d882c7de7529576dbc8096,rustme/ililliIIiI.class,8507,8251
748ed5949d02e6e06f5bed11c0acd9e4,rustme/IlilliIIiI.class,1200,944
0ed899f1c7e01fc849223ef321bc6ee1,rustme/llilliIIiI.class,3417,3161
f8eaf87d7da71a1f5613e2193c811a9e,rustme/iiIlliIIiI.class,1403,1147
f98b5dd6629aeb8db67f15d998fbcd04,rustme/IiIlliIIiI.class,492,236
75b8d59171b83215b7e3cd1731fd69be,rustme/liIlliIIiI.class,3762,3506
5f10343bb19f203f752d719c3e592f96,rustme/iIIlliIIiI.class,6555,6299
88236ab991b659009ef594106cebecb0,rustme/IIIlliIIiI.class,3560,3304
0b975f1d33a4825d174e6898658e900a,rustme/lIIlliIIiI.class,4406,4150
098393f9c438976482e0aa0c6b813f2b,rustme/ilIlliIIiI.class,5697,5441
801c8599c26fab64484188324e1b51be,rustme/IlIlliIIiI.class,3386,3130
a1dcde72230523275b3c6231984ba9aa,rustme/llIlliIIiI.class,758,502
8deb3991b1d6d3103d5d4c2aac9804d2,rustme/iillliIIiI.class,3317,3061
5a9a90ca95168a5623ace43625b41de0,rustme/IillliIIiI.class,3970,3714
a44f19e3e263d7c455e9fd3149a5505c,rustme/lillliIIiI.class,2847,2591
96745efb487b6436f5716744431a9d39,rustme/iIllliIIiI.class,12777,12521
0ec31a259d673db9535b324a177adca5,rustme/IIllliIIiI.class,6041,5785
a8bf96f2270fe2f337d24d29d3a4d433,rustme/lIllliIIiI.class,3832,3576
40632b1dfb8215b35af3d71cb600ba20,rustme/illlliIIiI.class,678,422
3e1db8e82cb792fa979dd78fb9401a8d,rustme/IlllliIIiI.class,3386,3130
90b022cc7b9e7d562c0f1f05cd1f9dba,rustme/llllliIIiI.class,690,434
0e9eb23922e840eb12de94cb86ecb391,rustme/iiiiiIIIiI.class,2167,1911
7f24242b73bb79e6d77f57a661f8021b,rustme/IiiiiIIIiI.class,7739,7483
63ea227747aeeabaacb5ae70317f5ecf,rustme/liiiiIIIiI.class,2659,2403
2ab70f70c388485880b2b014c4c97707,rustme/iIiiiIIIiI.class,519,263
e3fae58850cea2f70e3be367567c3cfb,rustme/IIiiiIIIiI.class,1152,896
8e435769b3c1773a1b6b9c3b911e2db0,rustme/lIiiiIIIiI.class,1085,829
42bbe9e9b68e807c018914ed687776f1,rustme/iliiiIIIiI.class,1087,831
2b7e7957b7ad19575041a9f6f26048b5,rustme/IliiiIIIiI.class,1380,1124
e04a40daace6c7a40e331ac6f8db5813,rustme/lliiiIIIiI.class,1085,829
c444484dacb881916dcbcd20847fa7e1,rustme/iiIiiIIIiI.class,1173,917
029a46ba1d543fee1480cf692f9fec0a,rustme/IiIiiIIIiI.class,1173,917
c3cd4bb8918ccce81ec9d973e7bf9b1a,rustme/liIiiIIIiI.class,1085,829
dc2775dcc9248b04f3accb75b98a952a,rustme/iIIiiIIIiI.class,1085,829
c2718579dc0d53c97bfef8948a6cd5e1,rustme/IIIiiIIIiI.class,1085,829
0b99642b315674bf42ca81b54828e5c7,rustme/lIIiiIIIiI.class,1085,829
6b9c41d5ac5ecaa58b2149d4af0b0810,rustme/ilIiiIIIiI.class,1207,951
8ed603285b73c4bc79b05f5649dc2fda,rustme/IlIiiIIIiI.class,1085,829
baba45d89d51b66c17c92105dce885d6,rustme/llIiiIIIiI.class,1085,829
eb7a064401ff6ee38c5c6a441a92308d,rustme/iiliiIIIiI.class,1244,988
39beace406009ba38ed92d82076a19b6,rustme/IiliiIIIiI.class,1062,806
5ce4d05356951e86b09c2e638c2731e3,rustme/liliiIIIiI.class,1085,829
f33bd6228d9f4acd8b3f1220f9d2a3c3,rustme/iIliiIIIiI.class,1085,829
158a979e62616d9fd6799b419cf7017e,rustme/IIliiIIIiI.class,1085,829
e78624d7876517059ee44fef146f75c7,rustme/lIliiIIIiI.class,1085,829
88aff9490888f5efb050be5872caf9db,rustme/illiiIIIiI.class,1085,829
48c007568b98b3e4a6ed7a8eda5538c1,rustme/IlliiIIIiI.class,3774,3518
fbdeebfd75e3a3110c835e25b4cb17b6,rustme/llliiIIIiI.class,61323,61067
ac4c14fdfab67f1b8549490ab6fa6048,rustme/iiiIiIIIiI.class,1691,1435
f1886a2398bf8bd6a8bb872efad846e1,rustme/IiiIiIIIiI.class,1319,1063
4eadcf3cba932d6b094d5366915410ed,rustme/liiIiIIIiI.class,2554,2298
dcf8c1ad619486a6d595fd4a6afcf34f,rustme/iIiIiIIIiI.class,1074,818
b48e4250547e9d8ef6bbf8f2b37bc83d,rustme/IIiIiIIIiI.class,4581,4325
f5f0a0001ddfbcb219a36e5b85a64715,rustme/lIiIiIIIiI.class,9689,9433
752024772d46f36b9cfe7d82365f5820,rustme/iliIiIIIiI.class,4698,4442
0ba4074d0cfa807befbec543262a49b7,rustme/IliIiIIIiI.class,1201,945
e3b6b98846c89b8b4f4f7d86c186dcd2,rustme/lliIiIIIiI.class,2259,2003
577cb00db0630c1c48f1b36f57f9533a,rustme/iiIIiIIIiI.class,7847,7591
88474feab3d3161c86c724ce23d27317,rustme/IiIIiIIIiI.class,5607,5351
cea834644c649d476e20f62be54e3c44,rustme/liIIiIIIiI.class,6812,6556
0be921113706ac5c2a20c1c36632302b,rustme/iIIIiIIIiI.class,3503,3247
e9fbfa0a1c184ed46ad66fc62c8c4f5b,rustme/IIIIiIIIiI.class,5483,5227
83535a76b391781be73475d1c6beb798,rustme/lIIIiIIIiI.class,935,679
a1247cfc04ba2e817e797537846b18ae,rustme/ilIIiIIIiI.class,1465,1209
5fe3a1b1b0ff1f19c5b8e63854172b51,rustme/IlIIiIIIiI.class,1301,1045
44f7a52ab0f6d68fa5a82b07227a287e,rustme/llIIiIIIiI.class,6556,6300
3bee7ef0f92748e18e330b23b65a51a7,rustme/iilIiIIIiI.class,6468,6212
9617e6227ca179fc8919a037a161a0b1,rustme/IilIiIIIiI.class,2567,2311
aa1216588330229bfc65c3e5d71df150,rustme/lilIiIIIiI.class,2501,2245
4770d435902ed321fad954d5cd5cfb7d,rustme/iIlIiIIIiI.class,2116,1860
bcd6787ae3963339258dff61ebc4904d,rustme/IIlIiIIIiI.class,2271,2015
5e2670cf217245ce94a25b669ffa89fe,rustme/lIlIiIIIiI.class,1181,925
fa34eda0e05c4b7bc8571893d4e6e549,rustme/illIiIIIiI.class,1424,1168
dd6c70a839ad2dc1e56ee2f661c7e4cd,rustme/IllIiIIIiI.class,2086,1830
7ff7f9395bd887fd2e469a59dd5459b5,rustme/lllIiIIIiI.class,1758,1502
606502745a0aa50c662752c42750abfc,rustme/iiiliIIIiI.class,3205,2949
71487acf9897a598dd67027f988e5f8f,rustme/IiiliIIIiI.class,1186,930
074044c05f7dbdd415d2163f5c2b3788,rustme/liiliIIIiI.class,4964,4708
f75e9ef3456bb6e4f00631599946da35,rustme/iIiliIIIiI.class,6815,6559
e17a27f977c466baee59c11d461c27bf,rustme/IIiliIIIiI.class,2508,2252
95173cb7975732b20b6746fc5f375cac,rustme/lIiliIIIiI.class,1241,985
8efa307381b6e95bc711d54124ba0b1c,rustme/ililiIIIiI.class,3385,3129
a704196a3ec3842cf9f352fb79e317d1,rustme/IliliIIIiI.class,2015,1759
8802150fce35ebe140d2c24ddffc843e,rustme/lliliIIIiI.class,5527,5271
18a8b37aa206011773484a2dc86b024d,rustme/iiIliIIIiI.class,4035,3779
fd7758ab7ea73d8a4f2a369116fdceec,rustme/IiIliIIIiI.class,4812,4556
c375ee9ecec4f3697f8bb539a79e03a6,rustme/liIliIIIiI.class,2508,2252
8acc5890b5b3bd7efc4274f51e5bd3a0,rustme/iIIliIIIiI.class,2585,2329
251bedefc708c05499244c0f9ec1504d,rustme/IIIliIIIiI.class,2677,2421
29ca7c2b2dfe684c8922bdc86bc5ad7a,rustme/lIIliIIIiI.class,4985,4729
cf8e423b541976010abcebdb0cbc8486,rustme/ilIliIIIiI.class,4818,4562
70b75cf80c318c65c2976066ddf88ad7,rustme/IlIliIIIiI.class,5103,4847
2327d3c15328d9e1c9031384e6e967e7,rustme/llIliIIIiI.class,3694,3438
f0f17f7938ac8fb61b5c6fdef9e84723,rustme/iilliIIIiI.class,1562,1306
24c20595b6d8b31fc8b14064e0dcbbba,rustme/IilliIIIiI.class,3680,3424
9bd5956d1859527323e5ff6699a7eddf,rustme/lilliIIIiI.class,2638,2382
86bae30effdbc1a3a651295cfe626657,rustme/iIlliIIIiI.class,4554,4298
de5cb902b7f78c361ce3c570ec7d38b0,rustme/IIlliIIIiI.class,1589,1333
6e0b52917728f71c2c7ed5abd494b066,rustme/lIlliIIIiI.class,4510,4254
2014b348bc32db5458f964fa9e0e5f9f,rustme/illliIIIiI.class,2768,2512
91cbf732d0d8ed964290ad65310e7725,rustme/IllliIIIiI.class,955,699
bde09d1ba823a5da7b715c9eea10af2d,rustme/lllliIIIiI.class,5861,5605
03715df92dc03183f909770a1cf1b843,rustme/iiiiIIIIiI.class,2534,2278
fa209e1bb69dfd9cfc8b17957089cfb7,rustme/IiiiIIIIiI.class,2850,2594
491ba39f6ef89f9240e86cde2becc7cd,rustme/liiiIIIIiI.class,1541,1285
c6f3d555936e496817e51a91ab31bfd6,rustme/iIiiIIIIiI.class,3411,3155
1a5ab6b10633cdec46d647184cbe25d2,rustme/IIiiIIIIiI.class,3705,3449
4d76bf8e8e6179ccde5c34409858ba11,rustme/lIiiIIIIiI.class,13563,13307
ba26878e7874cf52a201242dd0eef77c,rustme/iliiIIIIiI.class,1108,852
3402b3974faad5b225d9e08a10a1fa1c,rustme/IliiIIIIiI.class,3682,3426
a7195127234a7076b0fe70672ee619f8,rustme/lliiIIIIiI.class,3242,2986
9e5314c92899575cb0c712d5f4231441,rustme/iiIiIIIIiI.class,10832,10576
1474b4933abdb0eb49e53b33e03d3d55,rustme/IiIiIIIIiI.class,1227,971
33b5a8b43b84642d3aeea9da5d6a6d14,rustme/liIiIIIIiI.class,558,302
952a0a8738d2769386afe73fbbcf446a,rustme/iIIiIIIIiI.class,1954,1698
5e77dade6e5900b5896d1c5933847ff6,rustme/IIIiIIIIiI.class,1411,1155
8b04be618c52849f3b4c3b82c7506aef,rustme/lIIiIIIIiI.class,1712,1456
a9d8904190fe4e54c4e4dfcd17c9d033,rustme/ilIiIIIIiI.class,1335,1079
4646728fed7be3be24ab36e4afe35b07,rustme/IlIiIIIIiI.class,3784,3528
ac399076686e1aff9a400c0af1ce551e,rustme/llIiIIIIiI.class,770,514
db563cabea3e489874ab39304ff42ddc,rustme/iiliIIIIiI.class,5754,5498
c86d6b24c3e7c4030d5064c5fe15649b,rustme/IiliIIIIiI.class,4540,4284
1f71866757ff230eb9a2faf615e81f18,rustme/liliIIIIiI.class,2456,2200
a0e9922f1e1e5a745864a0e447f5fc1d,rustme/iIliIIIIiI.class,1807,1551
26d99632578213e03e75f57e40f4cb24,rustme/IIliIIIIiI.class,2273,2017
d36f1f5db2346a749a6175340b882e40,rustme/lIliIIIIiI.class,2382,2126
405baae07a29e5200330beb55f36f87d,rustme/illiIIIIiI.class,2353,2097
1f7bebdd9f92affece57c709bf9d8de5,rustme/IlliIIIIiI.class,1304,1048
70f9ea1b00b710223b0fa4715246c67f,rustme/llliIIIIiI.class,4592,4336
dc93d4e598434b919a27aa0a64d52883,rustme/iiiIIIIIiI.class,711,455
8623dba1986211679c17739246ceabea,rustme/IiiIIIIIiI.class,3584,3328
ac668e2ec1dd770fcc47d0cf07c65f4d,rustme/liiIIIIIiI.class,749,493
e4717d43662b3a932a0afc94cc2b3031,rustme/iIiIIIIIiI.class,7698,7442
9352d96b3880e6d01be795345970e60b,rustme/IIiIIIIIiI.class,6022,5766
55271ca69cfafd567b504d720e04dfdb,rustme/lIiIIIIIiI.class,3585,3329
bc45da1f542fd3a621a3411557f9386c,rustme/iliIIIIIiI.class,2508,2252
9bdc183b3381172c19c9ef49cfbe24e9,rustme/IliIIIIIiI.class,1112,856
9d7fc1efa5c05852dc48acf524a687f6,rustme/lliIIIIIiI.class,3621,3365
d4e746ee3c1f67cc17f6ad10d4169b54,rustme/iiIIIIIIiI.class,954,698
9cfde91cc0b0536a93153ce0e4d07dc0,rustme/IiIIIIIIiI.class,3091,2835
86016ea74a5b4cb2483a3eb23697bd91,rustme/liIIIIIIiI.class,30492,30236
e00071896e3b9625d3386556afec015e,rustme/iIIIIIIIiI.class,4804,4548
62c001d53b016dd84dadd54e71a06bad,rustme/IIIIIIIIiI.class,3568,3312
f8f0d7e5240a70a6cc7cdea8e262fc85,rustme/lIIIIIIIiI.class,4941,4685
ac889307a085af88aa9924ed319a7737,rustme/ilIIIIIIiI.class,2378,2122
abb97bba7eb4c4052462e19bbf0156de,rustme/IlIIIIIIiI.class,6681,6425
ed89b43fc57082718d294ed097d78375,rustme/llIIIIIIiI.class,492,236
e9d48e13032dcb97017d6eff69e75a8f,rustme/iilIIIIIiI.class,5904,5648
bbcffa85bb2c5bdf6b1dc3bedcba7ccd,rustme/IilIIIIIiI.class,11355,11099
1473922f5d788b71b0861c3900e3f0f4,rustme/lilIIIIIiI.class,4562,4306
475db7861fa88a096a621626bc0f6e19,rustme/iIlIIIIIiI.class,1740,1484
59179db6da68a1604b87035d64405490,rustme/IIlIIIIIiI.class,903,647
1a7bad34d2927329c30d2a912993bd1d,rustme/lIlIIIIIiI.class,802,546
3b0126f5a772b92c44b4c483bb7d5a77,rustme/illIIIIIiI.class,1548,1292
1b4bf56cef951245b77a5a3bdeeb9c12,rustme/IllIIIIIiI.class,3012,2756
ff207a5af5004465a4fcb1a1af9a67d8,rustme/lllIIIIIiI.class,3899,3643
a2d021930dd8e5c6df72bd6902b0f7eb,rustme/iiilIIIIiI.class,1694,1438
5282968fbf4a1669fe7713cb3722d9d5,rustme/IiilIIIIiI.class,1438,1182
3471a4a2ce44e336bcd89789d51fea60,rustme/liilIIIIiI.class,18178,17922
6776c7acbde95661511b33fe5407a175,rustme/iIilIIIIiI.class,3220,2964
b4e46767b135f03bcd52ee405631062c,rustme/IIilIIIIiI.class,1892,1636
57aefeb778573bfd51759981036b7648,rustme/lIilIIIIiI.class,3133,2877
fdb506acd4fb36dbcbc9a4c4e7cb33bd,rustme/ililIIIIiI.class,2902,2646
cc1f02a4702f17b82ffc22ac20ed5400,rustme/IlilIIIIiI.class,4117,3861
27b450880b63c3e411bfe130458f0459,rustme/llilIIIIiI.class,7667,7411
f4e810d378eecd5fe00fa9388898bb59,rustme/iiIlIIIIiI.class,3050,2794
808a29eddb4f0719ea35df177ed80fb9,rustme/IiIlIIIIiI.class,4056,3800
20f580192494aab78c1cd98b55aa4015,rustme/liIlIIIIiI.class,3018,2762
4cd7f74c598c9a28eb8de7899f172694,rustme/iIIlIIIIiI.class,3486,3230
8ae8b86ae07567f025ea29d95228b79b,rustme/IIIlIIIIiI.class,10844,10588
3113bc937254b17acdbd558d585e003f,rustme/lIIlIIIIiI.class,492,236
58d35e125afba00e270fd5ed240b2b24,rustme/ilIlIIIIiI.class,1780,1524
1b5a9086b1e59705bb96d9a45621ddbf,rustme/IlIlIIIIiI.class,981,725
8b0bfe0a89acaac02c30c207aa6127ca,rustme/llIlIIIIiI.class,2336,2080
8342ed3b6eccac191fd3531c69eb1e6f,rustme/iillIIIIiI.class,2323,2067
78954daf1bb3405706e5810b9499eba4,rustme/IillIIIIiI.class,3271,3015
46e5152502d2f5120df4cf55d3d8082d,rustme/lillIIIIiI.class,2339,2083
909387e9d96567e059ffb6ff5d5bc338,rustme/iIllIIIIiI.class,3241,2985
688f945e6a5fb7efd87f14632c8bf151,rustme/IIllIIIIiI.class,2349,2093
335f2cc9f08a3e00347b96b1795622d6,rustme/lIllIIIIiI.class,2359,2103
2fc20c8659efb8f37915dde904839c08,rustme/illlIIIIiI.class,2348,2092
e159e12a750f525cb89197919e86a904,rustme/IlllIIIIiI.class,2317,2061
4bb9adc13afb0ce4363f6d0e33ca5ed9,rustme/llllIIIIiI.class,2351,2095
9e8c76314dec7ad0ce57cf3bf699d5ab,rustme/iiiilIIIiI.class,2349,2093
612a778db107c8161ad2046daf9ded30,rustme/IiiilIIIiI.class,3297,3041
213084caf1839ad1a73a0a20831d21e1,rustme/liiilIIIiI.class,2372,2116
41a8212bbb25189fb144c0b51398fb33,rustme/iIiilIIIiI.class,2424,2168
961cfec694fed759065550664fd5520f,rustme/IIiilIIIiI.class,4756,4500
7ddad7ff97c3700ce7e6d12f22c6bb4c,rustme/lIiilIIIiI.class,2350,2094
14a2355fa20e5aa102558720e0739736,rustme/iliilIIIiI.class,12556,12300
108fc122bfb99286f0c5992aa8d93d1f,rustme/IliilIIIiI.class,492,236
12acea014b9094fab3ee9f5ea58261e0,rustme/lliilIIIiI.class,957,701
353518ff01b557dcf2b3fcf993315067,rustme/iiIilIIIiI.class,5123,4867
3959c7a7f09f54114fd1bfa384a1371d,rustme/IiIilIIIiI.class,1090,834
6a6000c08da5f76942831518a6c156ff,rustme/liIilIIIiI.class,1164,908
7cdc6342cfea24fdc6767b36f520df42,rustme/iIIilIIIiI.class,7398,7142
944cc0748dbd5a73721ce2c884853701,rustme/IIIilIIIiI.class,1822,1566
694de189dcf24773808fb2028851958f,rustme/lIIilIIIiI.class,2602,2346
67c94a53120bca23024cb4d4e8bd0bce,rustme/ilIilIIIiI.class,492,236
a3f85d80a0da3ad20446d23cb6640646,rustme/IlIilIIIiI.class,506,250
7a8547c7d19aa56a2299618c86eb92f8,rustme/llIilIIIiI.class,492,236
ea98ee018d78b5acf6fee56630b79932,rustme/iililIIIiI.class,481,225
29e9e51848fc3b11878a0a93eeae09a5,rustme/IililIIIiI.class,6777,6521
d0fc1408f2060b9d0afa084c1868ada8,rustme/lililIIIiI.class,2602,2346
8b94da8f84f5bfd9da239178f1ff5429,rustme/iIlilIIIiI.class,2114,1858
e059f24a0b18145280ec60caf3ef3b60,rustme/IIlilIIIiI.class,492,236
c269cd0d8a6a991e57df74be1e0dbf0f,rustme/lIlilIIIiI.class,716,460
ed543907c53f84edbe1559494949b3a0,rustme/illilIIIiI.class,576,320
23378a4ec9e68e394eec2326e6b0ead5,rustme/IllilIIIiI.class,492,236
3af983b252946fe85a495ce2e991de42,rustme/lllilIIIiI.class,492,236
c900e69d6c9489b62082aef2249b32a0,rustme/iiiIlIIIiI.class,2005,1749
ddec8e789d00fe891b9c3f3e5c6ce043,rustme/IiiIlIIIiI.class,1815,1559
2c10a5d0f5acf3bc10366b1b0cbcfb19,rustme/liiIlIIIiI.class,2608,2352
c83161141a91fc1a26a363a221657e55,rustme/iIiIlIIIiI.class,2468,2212
f75492ba546787c24d98de92bc6c6f38,rustme/IIiIlIIIiI.class,1718,1462
8c093bfe42cc585a52ec47479fec0979,rustme/lIiIlIIIiI.class,1120,864
01004831e0c16454d360ef6be298dbce,rustme/iliIlIIIiI.class,1489,1233
d09ab343d86d737064551bcf9ea98935,rustme/IliIlIIIiI.class,2082,1826
709117b9c1ae4b41baec626a5615811a,rustme/lliIlIIIiI.class,48097,47841
b3903969e6f7236898bc1b47dc27c8f0,rustme/iiIIlIIIiI.class,2760,2504
7dddaf161594da699fa89740e80418d4,rustme/IiIIlIIIiI.class,2473,2217
c5d9f84dc3a82f0ad6d6aa7e65c4578c,rustme/liIIlIIIiI.class,1953,1697
0592817f2bbfa70c7e6e9d7cd87f7c0b,rustme/iIIIlIIIiI.class,1656,1400
417df1ecfeea257d0ac74f435ba2aa8d,rustme/IIIIlIIIiI.class,2385,2129
6c5aae1871cf7f0b6a7eec3a9cad2e1f,rustme/lIIIlIIIiI.class,4339,4083
f105851055198cb392464eca879fbb1c,rustme/ilIIlIIIiI.class,4457,4201
36821b30c6e6ce37cfc0df822af6cf68,rustme/IlIIlIIIiI.class,2591,2335
be50b11329a2c66bac64423075b39e3a,rustme/llIIlIIIiI.class,2226,1970
4320c9ebb01b7c12d73cc8b0ac0a1a4d,rustme/iilIlIIIiI.class,1841,1585
d4bdd7f988e70bd34dbe302951c5969e,rustme/IilIlIIIiI.class,1864,1608
b9b2613673cdc7de2ea0c13c9a2d5f67,rustme/lilIlIIIiI.class,1864,1608
ae3633d77d8beff10372860c0fcb455e,rustme/iIlIlIIIiI.class,2288,2032
85df93100a16030f72b08b96b9be7645,rustme/IIlIlIIIiI.class,2860,2604
869f9303572a6dad05a0bd18fde2881b,rustme/lIlIlIIIiI.class,1793,1537
8bf6b2c2a5448e341330530344a137f3,rustme/illIlIIIiI.class,1308,1052
e0c230e0b4a0f3c82526271939af40c3,rustme/IllIlIIIiI.class,17444,17188
22066b823bf66766eb1eff86193dbc82,rustme/lllIlIIIiI.class,1840,1584
43a9eb231ea8db3568c1063382adce44,rustme/iiillIIIiI.class,1863,1607
2870cb04be162f4cea86ee165d55f1f1,rustme/IiillIIIiI.class,1863,1607
0906bb30d8248877e004e1a06d620beb,rustme/liillIIIiI.class,3384,3128
c1a6fa32e8cb85fb37f356a42f165a0d,rustme/iIillIIIiI.class,2293,2037
84731abaf78fd612921fcab609cf02e6,rustme/IIillIIIiI.class,1357,1101
7ed7def7fe3a0931518c07070aa7a3b5,rustme/lIillIIIiI.class,1709,1453
8dbb946fbec856147de344e036be476a,rustme/ilillIIIiI.class,8183,7927
ea55dd72b242a5e4b08fe39a685502b4,rustme/IlillIIIiI.class,492,236
bed77727dfcb9a9f52001450fa05ea8f,rustme/llillIIIiI.class,736,480
a1f3e1925f7419b54f90c97b249ca681,rustme/iiIllIIIiI.class,35935,35679
b37f0bc01a164ac57b66e185c29e2194,rustme/IiIllIIIiI.class,1277,1021
6740011f686d86e0312a3f08dfbf0e23,rustme/liIllIIIiI.class,2174,1918
1a429a684df346c88b79dd970e82d67a,rustme/iIIllIIIiI.class,1950,1694
604041b6783535a1aaca2458e1e00af7,rustme/IIIllIIIiI.class,2068,1812
eb9ccd231b11b7c21e014879c9c58066,rustme/lIIllIIIiI.class,3329,3073
cb454bc2b856732025184c0a0a8a4d86,rustme/ilIllIIIiI.class,3322,3066
83dfca766d5fc663bfb6cd8a9b395934,rustme/IlIllIIIiI.class,1912,1656
1d1a9ebdd02e1d79917dd40f8126ac44,rustme/llIllIIIiI.class,2039,1783
4e0ea3802812da6d1b4df59bd3dc9d13,rustme/iilllIIIiI.class,1720,1464
4f4ec29cb49504048ed2e3a9f814cc80,rustme/IilllIIIiI.class,1815,1559
9fac783c9bcbeac3cd4d99b9f0a34ce6,rustme/lilllIIIiI.class,2269,2013
33ea577e63eae6f345c078a8cc04bab4,rustme/iIlllIIIiI.class,2269,2013
b2543fc960900045e6d956dd3f9657ed,rustme/IIlllIIIiI.class,3071,2815
28b592f0b9f66c83115f84e211a92d58,rustme/lIlllIIIiI.class,2021,1765
99cb99593021a92b0dc22b01a9e27e11,rustme/illllIIIiI.class,2921,2665
94bb8b8154b39fc689e8fc0fe670895e,rustme/IllllIIIiI.class,2672,2416
28fb7b89f034f187bbac63d600701a86,rustme/lllllIIIiI.class,1826,1570
38608268ed07891c2bd77c160ac632ad,rustme/iiiiilIIiI.class,2673,2417
24f294a001845ae8fd2f99ea32b79eff,rustme/IiiiilIIiI.class,1818,1562
0af63b45cd9f85a60b3bc0c8ea1c5911,rustme/liiiilIIiI.class,2568,2312
ac6700dfcfa94add167aa6b4e7f5dee1,rustme/iIiiilIIiI.class,1747,1491
19cc2e0c97e2d3f303e7eeba1458c3e0,rustme/IIiiilIIiI.class,2009,1753
562194c481f8d5bda491296b54aae92d,rustme/lIiiilIIiI.class,1676,1420
3609bb2851afda8da078ca274440a3e0,rustme/iliiilIIiI.class,3194,2938
748efd1ac019a5dfa4fe7a8fcc6c4cee,rustme/IliiilIIiI.class,3898,3642
1f0cb40d5940ff4ea43d199c1ba808bf,rustme/lliiilIIiI.class,2646,2390
27433570be078dba53f94e4ceccffa4d,rustme/iiIiilIIiI.class,2846,2590
75aa5c3eede6dc60d4503e7fb9cab009,rustme/IiIiilIIiI.class,1950,1694
1d6e35361a1fc8d8c2f663af641e6bc7,rustme/liIiilIIiI.class,3269,3013
3403b5b905430b36bf8117cb46e6fd16,rustme/iIIiilIIiI.class,1440,1184
4aa977c74e3d2fd0d8a6c92278432b0e,rustme/IIIiilIIiI.class,2188,1932
3d66cd689a67b98685b7169f0aaf8655,rustme/lIIiilIIiI.class,1924,1668
9b92bd4c568b60ea7ac026e02b730c7e,rustme/ilIiilIIiI.class,1382,1126
b11df9e50aa81dc1c32d5ca66849a803,rustme/IlIiilIIiI.class,2074,1818
1fb281b376750067bc04b58fc76f0877,rustme/llIiilIIiI.class,2021,1765
67eadfa8862d4344f02547193de79d8b,rustme/iiliilIIiI.class,2868,2612
d81edc1a65cc79811f6f094380e31507,rustme/IiliilIIiI.class,2553,2297
84bc54bf625a6a95baf8009b9b0dfbde,rustme/liliilIIiI.class,2017,1761
646c4c505a688894630e4f383df98579,rustme/iIliilIIiI.class,3875,3619
011385c3fe7307f473e33d911eaf6f24,rustme/IIliilIIiI.class,2845,2589
27c4c85e4df152d8f4bb3d2edd6b58b8,rustme/lIliilIIiI.class,492,236
f29a76df649843c7bfe65bdcbd548163,rustme/illiilIIiI.class,5476,5220
55e1564f918d9eb31132ed05a8229817,rustme/IlliilIIiI.class,2396,2140
30a6f759065fdf23be8eb1ebdf597bf2,rustme/llliilIIiI.class,492,236
dbc57ce4885c4b362e3ecb4ef1c7eef3,rustme/iiiIilIIiI.class,492,236
243672766150f8631ac512ac10cf340d,rustme/IiiIilIIiI.class,1382,1126
cb4f7396495a6f6e800bec19cc45a632,rustme/liiIilIIiI.class,2189,1933
a70c2ce6e67ad426243a5bba9b32b7e9,rustme/iIiIilIIiI.class,2845,2589
9fe7d34022f83fe6d014974750568f34,rustme/IIiIilIIiI.class,2450,2194
634a0be933464ae13d38a28c39c31023,rustme/lIiIilIIiI.class,2561,2305
a862350c67d9cb1a68def28076b4de3b,rustme/iliIilIIiI.class,2088,1832
be9cf415a724d6969d2b84ee391b707d,rustme/IliIilIIiI.class,2568,2312
f3df80eebfec2f7db0ebf8af4965f09d,rustme/lliIilIIiI.class,2663,2407
addb43f25b16dec020f06245dc002017,rustme/iiIIilIIiI.class,7140,6884
0037cf2cc242c9c80faa8cdbbc2ecc89,rustme/IiIIilIIiI.class,1728,1472
69261f165ba8dc18863abb51411eaa89,rustme/liIIilIIiI.class,2209,1953
ce29add5de2653a5ba1e40fa6da2e65e,rustme/iIIIilIIiI.class,2034,1778
4275e7c224798055565fff5f5d152d6b,rustme/IIIIilIIiI.class,3467,3211
a5f4344e7d413de172471d517debfae9,rustme/lIIIilIIiI.class,2365,2109
9da920888442e33134c285ddb3f4ab78,rustme/ilIIilIIiI.class,2201,1945
5149ad35b2eec249b528632a484b17ed,rustme/IlIIilIIiI.class,3021,2765
c721dc41717f5f84e0ddc99c2c85c21a,rustme/llIIilIIiI.class,4003,3747
596b4335135e64005477aa46cfe48c32,rustme/iilIilIIiI.class,1991,1735
373ff5fee9612801180bfd07c552f97d,rustme/IilIilIIiI.class,1887,1631
763393132f124415d48a5c183fe156fc,rustme/lilIilIIiI.class,2317,2061
b6a9bbcb0459b421ffdd03d594b151cf,rustme/iIlIilIIiI.class,2651,2395
30845fcd3e6a43bb50798a7d12fe6c4b,rustme/IIlIilIIiI.class,1853,1597
e003585222da5d8b7dfd39e4d846da1e,rustme/lIlIilIIiI.class,1819,1563
371f8e6b8cb19da7a4315517defac449,rustme/illIilIIiI.class,2082,1826
8118858341fffafb5ef289216af30b0a,rustme/IllIilIIiI.class,3571,3315
2e6b0b50173ec8f3c506e28867e04421,rustme/lllIilIIiI.class,2276,2020
7c86f6af14bef2b033e426e3d7016951,rustme/iiililIIiI.class,3338,3082
ec38753745ec5d91266a4dd9daf5f433,rustme/IiililIIiI.class,2671,2415
cea1c1d2e24afce1b2cb190abd196c85,rustme/liililIIiI.class,2335,2079
83132cb7c66ec76dd4355b9c3583d7e1,rustme/iIililIIiI.class,2503,2247
3bab7315f45c5fbd5b69769c0969b3fb,rustme/IIililIIiI.class,1675,1419
ac94be1a7453b8cae85a53ee9a365fd6,rustme/lIililIIiI.class,4899,4643
237237fe0982e3a770b137ddd9d0e571,rustme/ilililIIiI.class,2305,2049
fafdb7bc2ea79120b1bebc98715ba48e,rustme/IlililIIiI.class,3469,3213
a87001d83a1acc7c20b086272ec64a9b,rustme/llililIIiI.class,3011,2755
1ff50116b54d0bab355c173cd5006124,rustme/iiIlilIIiI.class,4806,4550
1b58715b9fbde7182a66105dcdca1cdf,rustme/IiIlilIIiI.class,1824,1568
4ecdf02c4d2bbd6ae422178825eb665a,rustme/liIlilIIiI.class,4166,3910
e2076dd6b51de6f3294df9c578c51ef7,rustme/iIIlilIIiI.class,1813,1557
25d9d9e00293af0f08917e82f9ee8d81,rustme/IIIlilIIiI.class,4793,4537
dc01229e2b7f7583c2f00acf1caff964,rustme/lIIlilIIiI.class,2845,2589
70c1f87919deba5d13c3010746e8adf1,rustme/ilIlilIIiI.class,1949,1693
5894d92ee72d60700d47af1f5ae1dd83,rustme/IlIlilIIiI.class,3198,2942
d4f85e1366b93627f0cb7fa74137b347,rustme/llIlilIIiI.class,4079,3823
e7c8b69693f4ef8cf307db4bd96d755f,rustme/iillilIIiI.class,4464,4208
7304c9ecc0f2061e7aac4d40ed531fbf,rustme/IillilIIiI.class,1382,1126
831034a1291a004f09cc7dfcb927c3e3,rustme/lillilIIiI.class,4094,3838
51d5cee90a19826ae7c6d74fee6f06b5,rustme/iIllilIIiI.class,1927,1671
6f4e5506ff94010104d1582b7b81d2e5,rustme/IIllilIIiI.class,2341,2085
388f8f080d9335cd6b6886280d289b8c,rustme/lIllilIIiI.class,3015,2759
a44291e0ef5c7ddc75c1dc92db6f97ee,rustme/illlilIIiI.class,7418,7162
58fc3c10a959a3643e4b72ee1c0d9625,rustme/IlllilIIiI.class,3470,3214
129ec3a68694ee26963e9fe23d8a3e85,rustme/llllilIIiI.class,3722,3466
d4ec8a37c5681918243ba1ee6eb8bd16,rustme/iiiiIlIIiI.class,1382,1126
4d12f2a0796654c45441f86ac8620ad0,rustme/IiiiIlIIiI.class,2477,2221
c69bc406726492ea778df92693ef5f6e,rustme/liiiIlIIiI.class,2547,2291
4415626cd90fdcaa38402dadf686420c,rustme/iIiiIlIIiI.class,3177,2921
23522ead1f6129b808cbe1956a05a33a,rustme/IIiiIlIIiI.class,3005,2749
096ac7624a3134fef30a476b698e4fa0,rustme/lIiiIlIIiI.class,1382,1126
a1e7d7599fdf31fc96893fdbcc2af8be,rustme/iliiIlIIiI.class,2174,1918
08000e4f0068be0da75873b6cb9de481,rustme/IliiIlIIiI.class,2295,2039
0a7f5d296ebe48461dbe1d7ca1cee615,rustme/lliiIlIIiI.class,2526,2270
c79ba4ae42f9a8de45ca5c6f2ea3e9e7,rustme/iiIiIlIIiI.class,2653,2397
76523de4c24cc825f73a5ae3e8f14b2e,rustme/IiIiIlIIiI.class,1887,1631
b751ee47ee9b1ba6098c53f3ec410f6f,rustme/liIiIlIIiI.class,4159,3903
2bf7ac225d7e52fa65c2ee8259bbdff5,rustme/iIIiIlIIiI.class,2922,2666
e3c3d22c29695e26c268cb5bb735c04e,rustme/IIIiIlIIiI.class,2965,2709
defeaa0eb85387969ef75fcf31b2d4c7,rustme/lIIiIlIIiI.class,5678,5422
c9814b04040508273c641700dd74528c,rustme/ilIiIlIIiI.class,5737,5481
7471cc7f886323eac6aaf5e3fd853c2e,rustme/IlIiIlIIiI.class,3496,3240
7e74cdf2221b095898743860ab9a248a,rustme/llIiIlIIiI.class,4198,3942
7dc01aab8740f916ac90f49f179f04c0,rustme/iiliIlIIiI.class,1887,1631
2e652121a6e08744a5bca252ac194405,rustme/IiliIlIIiI.class,1382,1126
27ee662781794fc5d62e801e1279cde9,rustme/liliIlIIiI.class,2201,1945
2c6eabf9f95a3fd626e0b9a7a926ba5d,rustme/iIliIlIIiI.class,6405,6149
684aab9d3021a6250f1de12f96ef1a4f,rustme/IIliIlIIiI.class,2122,1866
e97df493599da75b9310f0cca40f8176,rustme/lIliIlIIiI.class,3103,2847
dede432adbf6de0f6cf6077e8f96c8f3,rustme/illiIlIIiI.class,3695,3439
5584bb70b6f34aca9f539577e72f87aa,rustme/IlliIlIIiI.class,2013,1757
2bcc98534bcf69850144403d3cf35215,rustme/llliIlIIiI.class,2432,2176
eda67d51f3ed4f970e308dd090e80ff7,rustme/iiiIIlIIiI.class,5165,4909
dba0244677a22adf50ff384a857d0e54,rustme/IiiIIlIIiI.class,2295,2039
d8066a4cab36deadc63dc54a1ec1bc83,rustme/liiIIlIIiI.class,1881,1625
dfc5b163c5aecfd88d8a86a09a278357,rustme/iIiIIlIIiI.class,3597,3341
39fb84eab5e80aa932c8512c0b71b89c,rustme/IIiIIlIIiI.class,2533,2277
f2b52f6f9286aa4a266df9cb3d083753,rustme/lIiIIlIIiI.class,2407,2151
3e9f9ed4b185d53b1772b73a2c89f7a3,rustme/iliIIlIIiI.class,3469,3213
083b587f176dfc6b09427d4b62ae9428,rustme/IliIIlIIiI.class,2312,2056
a04d557ea9b2251de77dc5546a806245,rustme/lliIIlIIiI.class,2451,2195
6ef1c0dc74b4500e28cc1cbafb876394,rustme/iiIIIlIIiI.class,4158,3902
33380a918404156a75a34ab64d5cc131,rustme/IiIIIlIIiI.class,492,236
505034fb97bd1fa0bc433e7ed4f2f9b0,rustme/liIIIlIIiI.class,2109,1853
3dec7bc3049a84820b3b7e8c96dc19fb,rustme/iIIIIlIIiI.class,5457,5201
6a2be8ffb6f05c575a659d679dad53c0,rustme/IIIIIlIIiI.class,1405,1149
49192985ecc97c6a7f58d4b632dbf7d3,rustme/lIIIIlIIiI.class,4564,4308
a6bbdd97a96e4ccfb19d018f09894300,rustme/ilIIIlIIiI.class,3397,3141
46be8326c566d80b5abe71dbec963cbc,rustme/IlIIIlIIiI.class,1080,824
4845b1b8f0d1e95b6b32b93a8345990f,rustme/llIIIlIIiI.class,2274,2018
22bc905ac76c6ec17225ff307c7f2a8d,rustme/iilIIlIIiI.class,1818,1562
8130a045dc2e1ed218ffb966adb9fa39,rustme/IilIIlIIiI.class,1415,1159
908199fd04141f20053c79233d3625a5,rustme/lilIIlIIiI.class,492,236
e7f23de0f6b54f9773cde1ccf551faf8,rustme/iIlIIlIIiI.class,576,320
e4036118e4b0307fd6d4e5f61eb875e9,rustme/IIlIIlIIiI.class,576,320
c6582e4168f5328dea3b89de205f0a7a,rustme/lIlIIlIIiI.class,492,236
c77f5ac150a10dc87c38c49bec7167e9,rustme/illIIlIIiI.class,492,236
c04fa8863ef9417dfb558f1b3c3ad97b,rustme/IllIIlIIiI.class,1720,1464
b6e79517851bb9680b5b4d63f7181c29,rustme/lllIIlIIiI.class,3072,2816
968bf289cef8a7737ac3736b3571e301,rustme/iiilIlIIiI.class,999,743
3be9277ad6ebe3f3e6b9a9052606a50a,rustme/IiilIlIIiI.class,8535,8279
5bb6dee1d6a39188a1c972c2d9165239,rustme/liilIlIIiI.class,3327,3071
5b46c9aab8b1748141959f62f7cb5dc3,rustme/iIilIlIIiI.class,492,236
9c6dea85a77deaa48125ee7ea217740d,rustme/IIilIlIIiI.class,4290,4034
c06f3aac8058ae95215a6e31673aac61,rustme/lIilIlIIiI.class,4589,4333
2b35caf861a44cdecb9d136d058fa31a,rustme/ililIlIIiI.class,3163,2907
77c75e8e84c5f79cce3fba1c687c3ccf,rustme/IlilIlIIiI.class,10725,10469
575b1f6089df57a99c36dc725d6318e7,rustme/llilIlIIiI.class,2327,2071
cdc337a52d73fd623f6a298c308a7950,rustme/iiIlIlIIiI.class,5093,4837
a2baadb77e7ed5a1dca44acc102af1c0,rustme/IiIlIlIIiI.class,7939,7683
670ef93c77b0de34119ea1a676ad4898,rustme/liIlIlIIiI.class,3186,2930
b7fcba2d1a66d4dd0fa6d2f8cef6e875,rustme/iIIlIlIIiI.class,4095,3839
5cdd0f2eca25b4a058b32de5dc315ebc,rustme/IIIlIlIIiI.class,4002,3746
ba7e0557a45e66b640cba8158d6e49d5,rustme/lIIlIlIIiI.class,4917,4661
4cb2c6c975053168cf96b2ac86f03511,rustme/ilIlIlIIiI.class,3742,3486
f8a982946a3a9676fab59699d0412096,rustme/IlIlIlIIiI.class,12643,12387
66dbc709547da608813adf85a6faf041,rustme/llIlIlIIiI.class,492,236
7f3ee854536a25e25fd9c284344b6af6,rustme/iillIlIIiI.class,15021,14765
5fb0327e971caf89efc1226806efc817,rustme/IillIlIIiI.class,1132,876
edde7145502612f60bb7bf7a076e915c,rustme/lillIlIIiI.class,890,634
3a5dd5c8fa1c522cf96676cca4273e85,rustme/iIllIlIIiI.class,7901,7645
cbe529026be72a8361808f43ff2aa477,rustme/IIllIlIIiI.class,893,637
1f698c327df3ce211ec19a954c6aec4b,rustme/lIllIlIIiI.class,1025,769
9845e2d867a0aaba42844cf57bac8660,rustme/illlIlIIiI.class,1543,1287
985e8cbc178b6e06489d5e5dc094da35,rustme/IlllIlIIiI.class,1195,939
22a2e6e66deb7eab2657e057fa654be7,rustme/llllIlIIiI.class,7611,7355
6147aa7fd4175d46306edcc98330b55f,rustme/iiiillIIiI.class,8309,8053
a30df72ab75c67960cfa20950c9aa9bc,rustme/IiiillIIiI.class,10998,10742
d6611a4d946104f16ec824dc3964f541,rustme/liiillIIiI.class,770,514
da8b305e5fb3a5c360ea25f6652f8958,rustme/iIiillIIiI.class,492,236
de5cd212774d8d1d2f35dbc53591c710,rustme/IIiillIIiI.class,1610,1354
de04919dd7785b3ae6a8114441c69773,rustme/lIiillIIiI.class,8690,8434
5121adc4aaa2cdc7e82f9a335de610e6,rustme/iliillIIiI.class,3053,2797
197b635b971478e9cccacc1fab369406,rustme/IliillIIiI.class,8957,8701
0a95c2c8b8e7a8f846787c9d74fab237,rustme/lliillIIiI.class,2902,2646
f4c6078b3639abe937abc5df7dd93d3f,rustme/iiIillIIiI.class,3241,2985
5775ab23adf952496e01377c8f38f930,rustme/IiIillIIiI.class,492,236
fc2e4eb34f169a3d754967786377bb84,rustme/liIillIIiI.class,1411,1155
3a715c61d2e3557f97b13e6b7c80ee6a,rustme/iIIillIIiI.class,3445,3189
babd646c941411b5c380d34cb0c9f79c,rustme/IIIillIIiI.class,12875,12619
205032367728a25c350adc0f2ca4702a,rustme/lIIillIIiI.class,11623,11367
dc79e7d526d8192a0a281d3607bb1ad1,rustme/ilIillIIiI.class,1299,1043
f7cbfc809d0af52e86c2087da7f345c7,rustme/IlIillIIiI.class,1547,1291
5421ca84add2e8a3901081f82a7600eb,rustme/llIillIIiI.class,940,684
b217c45fe9d191b29b7187764764fe7a,rustme/iilillIIiI.class,752,496
116b0f644a92f219ce63bb3054709285,rustme/IilillIIiI.class,2092,1836
556cb9d6e455e67a81f3dbe320996b17,rustme/lilillIIiI.class,5921,5665
a4179b8fb8c775651b8e8add40468e4e,rustme/iIlillIIiI.class,7098,6842
d3c34c5b978016eaf4344ad3a8f208ed,rustme/IIlillIIiI.class,3540,3284
97f00868a6dcd5e1a4531f6648d9276e,rustme/lIlillIIiI.class,3554,3298
7ea3b522a50eb446f79d7b80ad7f20a9,rustme/illillIIiI.class,1617,1361
82bdd9ea67af71857aba77958ac2dfcd,rustme/IllillIIiI.class,1885,1629
e2f6564a2f2a0af0f2bf4dd5e60f5b75,rustme/lllillIIiI.class,2525,2269
ea6c7866cbceb4e5c33e7faa2f030e1f,rustme/iiiIllIIiI.class,1644,1388
ced2982ac3df125569a2cf1a16583210,rustme/IiiIllIIiI.class,2568,2312
0747ee6008519b546ee698de40d154eb,rustme/liiIllIIiI.class,1853,1597
e5c71e57fe577956eac55a878da8961a,rustme/iIiIllIIiI.class,15831,15575
3368eaeeccfe0778a1694fc466e5932b,rustme/IIiIllIIiI.class,678,422
62cd927d96a941e20db3747ca4d7793a,rustme/lIiIllIIiI.class,492,236
6d154d62432ebfbc1bf5eb4d3c5a61ab,rustme/iliIllIIiI.class,4161,3905
964930d33d788e1077dbf0ec2ee66e93,rustme/IliIllIIiI.class,492,236
7d82f01905d8ee3f7f228701d4f304c3,rustme/lliIllIIiI.class,1354,1098
6b5877070b635b98ddee4f423289dbd4,rustme/iiIIllIIiI.class,1905,1649
010ad10006a7bfcabff2a6d05dda6c0d,rustme/IiIIllIIiI.class,1916,1660
90590e3a46a0b9314e4d039861a29fa6,rustme/liIIllIIiI.class,1552,1296
c78ff55a786e0299d24472bee2ce1f89,rustme/iIIIllIIiI.class,1552,1296
84f92548f81d3cbb50ce39aff2db3819,rustme/IIIIllIIiI.class,14225,13969
307ee24a5046cedc0e92f304a2eecb8d,rustme/lIIIllIIiI.class,8851,8595
68da4965b1a85c3cfe39c03afb313c90,rustme/ilIIllIIiI.class,10683,10427
471f3ea5b135ed707b5500e56aa2683d,rustme/IlIIllIIiI.class,2288,2032
98ff77b17cf874f912e5ee977010fa4c,rustme/llIIllIIiI.class,32927,32671
1d400d92e7c5115a894f997ba92ee317,rustme/iilIllIIiI.class,1203,947
64ce23a4123df2f62adc9a2a9c2c48c6,rustme/IilIllIIiI.class,1460,1204
5fbef78cb73efaa41b32a1c3631e9ea2,rustme/lilIllIIiI.class,1272,1016
2f0f280064f73180868fa90f80fe07fa,rustme/iIlIllIIiI.class,4904,4648
936bfbd2a77bfea932455c476b9b2500,rustme/IIlIllIIiI.class,9935,9679
79d645b4775d92eddb6178c876fc1e86,rustme/lIlIllIIiI.class,1477,1221
5c2b6c5a4c31615dd5beef14c35688fd,rustme/illIllIIiI.class,2328,2072
e8224ae6d8d07dc8fb7de2d3324361ca,rustme/IllIllIIiI.class,4881,4625
db95d226dcc515909ce1ec3aed6052f0,rustme/lllIllIIiI.class,1193,937
3ea4316472b44ece982c1e8fc39b5859,rustme/iiilllIIiI.class,3226,2970
0c5f9ff8acf61d4d031ec32d7a70faf7,rustme/IiilllIIiI.class,6976,6720
465294bf1c18891039b64ca639d5b7fa,rustme/liilllIIiI.class,2834,2578
f9f7fbb908a9653d8cbe15ae1352eab1,rustme/iIilllIIiI.class,3157,2901
fcaa31df30dd3226fc52683fb7711f38,rustme/IIilllIIiI.class,1590,1334
78cc980e103aa7f39d8ba45e1932e0ab,rustme/lIilllIIiI.class,4623,4367
85f401f0df079b1681b127c27588e864,rustme/ililllIIiI.class,2097,1841
ac9a8018991f5f896c69c18a9d3e1bbd,rustme/IlilllIIiI.class,2417,2161
9931ca99bccf7c42db66cef0081e1fec,rustme/llilllIIiI.class,3137,2881
1e387b36f1f3f3aba676b3cc865e2420,rustme/iiIlllIIiI.class,3813,3557
4bc01074477b5e26bca33fe4adc9fffd,rustme/IiIlllIIiI.class,2640,2384
babb81ea34936827b0d15c6058d6b497,rustme/liIlllIIiI.class,2771,2515
90ab1d5b3cadd4d6802f4eaceae458c8,rustme/iIIlllIIiI.class,2150,1894
e07d781145afe5ce74e77f87099a3005,rustme/IIIlllIIiI.class,1849,1593
861fc39876a92c6467b5a93e26a8e96f,rustme/lIIlllIIiI.class,1804,1548
326a49a0cc4524dd36dea102a162de5a,rustme/ilIlllIIiI.class,39299,39043
30f989877bee13e6c8fbd03f2581638f,rustme/IlIlllIIiI.class,982,726
3bdb376e0a94681be7e4f193f5793a04,rustme/llIlllIIiI.class,3123,2867
0aa889cf85155591fca7e7df3e42448b,rustme/iillllIIiI.class,1589,1333
bade5f7a433f2bfeea2ca6c1981808c7,rustme/IillllIIiI.class,4887,4631
fd0bd0a1ac2939befe859330cf217618,rustme/lillllIIiI.class,2424,2168
2d45e2e1343bdebee9dd5ae52063ebc9,rustme/iIllllIIiI.class,8429,8173
e667bc58acd3689619c21a1bec9e48db,rustme/IIllllIIiI.class,2306,2050
6a9e6d55634d90c5640511be3ff0288e,rustme/lIllllIIiI.class,492,236
58aa19e315d6f6c28f610b6c732badf3,rustme/illlllIIiI.class,492,236
fa76129fa27eed313c0127768af485e4,rustme/IlllllIIiI.class,17397,17141
17084d1dcc8e08234d500dda052479a6,rustme/llllllIIiI.class,1342,1086
f7e86d41f7d14b0869681555f63d2e35,rustme/iiiiiilIiI.class,1339,1083
850b5577e83bbc691d7800f6921098cf,rustme/IiiiiilIiI.class,9111,8855
4b3a6c8b97d9dacd94b5a3d23ed37605,rustme/liiiiilIiI.class,646,390
5430d176074ebe89e5bb71513d4797fa,rustme/iIiiiilIiI.class,9999,9743
8ce41aefc0acf42bfefdbaeeb865e773,rustme/IIiiiilIiI.class,492,236
fbee4d159eb90e8c4c3ff8080f8b484c,rustme/lIiiiilIiI.class,1791,1535
953aa252a22d83cf2ed577958db02d38,rustme/iliiiilIiI.class,2683,2427
05fc06e2a29e97ae18866f9aec1f0b69,rustme/IliiiilIiI.class,2738,2482
7f270296904dc6527ed26f75985ee2fc,rustme/lliiiilIiI.class,12290,12034
443599c882bfe217011965c646d93a26,rustme/iiIiiilIiI.class,7757,7501
72f9946d5bacc00d8e1344d66823e21f,rustme/IiIiiilIiI.class,1136,880
f82e4272f47a2c3afca391d2e1e503c9,rustme/liIiiilIiI.class,13157,12901
3407adbe3261e487d97f828a97d6dab6,rustme/iIIiiilIiI.class,3102,2846
2d1bdb3b748cf579c373a02b68cab852,rustme/IIIiiilIiI.class,11340,11084
0f867104030f28915bfd21b795601db4,rustme/lIIiiilIiI.class,1071,815
38651cb343f98e32d6647c6728bc5bb4,rustme/ilIiiilIiI.class,10431,10175
52ad8a00eaaa9e80e9387039936e20e1,rustme/IlIiiilIiI.class,2643,2387
d228a7033035a1ae4d3b75378e0af487,rustme/llIiiilIiI.class,2005,1749
9427b67611f08edebb9c5c5b445d343c,rustme/iiliiilIiI.class,5929,5673
1dbe083c16984b009e927926b42c6364,rustme/IiliiilIiI.class,1724,1468
6a77cbb511a300291c4a4db6e7d2f42e,rustme/liliiilIiI.class,1184,928
efdb189d1d4bdff2c1d16391f9ff45f2,rustme/iIliiilIiI.class,4891,4635
914de933d7e72b38acaaaed9bdf108bf,rustme/IIliiilIiI.class,1774,1518
b888cde9b15f6abeb5fe9012dabdf0fd,rustme/lIliiilIiI.class,5026,4770
73aaea6456d470e8769cf72b59db5da9,rustme/illiiilIiI.class,3185,2929
f595b1a4f9d690091d860ad7372dec85,rustme/IlliiilIiI.class,11140,10884
c00777a8bc69c23a6832e9a5e808095b,rustme/llliiilIiI.class,832,576
a8e568eb9f0ee08f5e48e504a2321e93,rustme/iiiIiilIiI.class,3833,3577
cad1a7a29fd054d7067bcc9bdf2fa791,rustme/IiiIiilIiI.class,13304,13048
e9dc7f1c531f43577d806d1dd1eb92da,rustme/liiIiilIiI.class,15130,14874
34c70b438a9afbb986797aef0a039ebc,rustme/iIiIiilIiI.class,2065,1809
21ed9ef8708ef4cdfd16068f800abf08,rustme/IIiIiilIiI.class,6608,6352
2ff6fd2057dd296148c768269eec83fd,rustme/lIiIiilIiI.class,1950,1694
00bc51f1ede6bb104401be9c4c6654be,rustme/iliIiilIiI.class,2582,2326
52fccab1940728a90fa761b978a047bb,rustme/IliIiilIiI.class,3112,2856
87571837f99ae0f78d9dc08a3c113efa,rustme/lliIiilIiI.class,3271,3015
53074210d1f98622ae631d107289cee1,rustme/iiIIiilIiI.class,1037,781
8be3bc4c53fbfedccae50fa8b7f18d7d,rustme/IiIIiilIiI.class,1475,1219
cf5dfea22c3b5336002ae94e80c60123,rustme/liIIiilIiI.class,14500,14244
15f10a5a45401b1812cba5e089444f90,rustme/iIIIiilIiI.class,1026,770
43aa6428d7c30b49991b655dacb54e85,rustme/IIIIiilIiI.class,2130,1874
9d135050f025569fb9238cc722674565,rustme/lIIIiilIiI.class,12551,12295
21762454fb7a171ff0a58faff7fec278,rustme/ilIIiilIiI.class,2329,2073
c0ddee836d97d8463a3fe53aa51862c9,rustme/IlIIiilIiI.class,3166,2910
8c11fa843071e2a0a57f96b049a8c982,rustme/llIIiilIiI.class,5236,4980
f2d6aa8346510595226944e9abda627b,rustme/iilIiilIiI.class,7260,7004
541d221272b6b199b89bf8e8af78718a,rustme/IilIiilIiI.class,1320,1064
beba213a780682ea210b8f1baf58e3f4,rustme/lilIiilIiI.class,1997,1741
ef0a0dd730c7944861f5c0ca2bebf031,rustme/iIlIiilIiI.class,2566,2310
af4a4ffda117ab457055a282876dd4d8,rustme/IIlIiilIiI.class,1916,1660
547eef601d7e2718af3df0c59c39ee27,rustme/lIlIiilIiI.class,1978,1722
34e0c31bbb5bbafba5a8eecfd8307017,rustme/illIiilIiI.class,6110,5854
74b0c54df67294f9c80f8089980c1034,rustme/IllIiilIiI.class,2128,1872
91efd88384f8784c175fb121bb6e8173,rustme/lllIiilIiI.class,991,735
b407146245f00f39a01caf3c10a38af6,rustme/iiiliilIiI.class,7738,7482
2957ad2046e8fda72e41a9b13b40a23f,rustme/IiiliilIiI.class,6700,6444
d636c8c5450124146d5c93ee21445101,rustme/liiliilIiI.class,10210,9954
1fa50b8065e1dc78a7d646844861aa0d,rustme/iIiliilIiI.class,5463,5207
ff05816c098ebe126c07bf4039a9f3f5,rustme/IIiliilIiI.class,8426,8170
492fb226fcc4dff8a1f8199f95be4f24,rustme/lIiliilIiI.class,3275,3019
4690e313bb4b3156f064e7dc77c63e1a,rustme/ililiilIiI.class,1660,1404
610f0e5d61091d6409d304c0aaec5fd3,rustme/IliliilIiI.class,2752,2496
e7f1971ffe62759153cb441a7d28dc18,rustme/lliliilIiI.class,1709,1453
f16565d4035cd52727f68ed0983dd998,rustme/iiIliilIiI.class,3205,2949
06973051538d5b9330be683dbffc380b,rustme/IiIliilIiI.class,1834,1578
8854b544dc3e5514b424b6ab5de083a8,rustme/liIliilIiI.class,1772,1516
a400ccc26d85d134fe65fe7aa21ec8ce,rustme/iIIliilIiI.class,2855,2599
5058beda01a268181b7fcfd34db92149,rustme/IIIliilIiI.class,4032,3776
c505de36ede2c04424db3eff4ecc4177,rustme/lIIliilIiI.class,12443,12187
6b576bd9aea51caa4b2779609de2cf83,rustme/ilIliilIiI.class,1355,1099
572560450b8eb16837bbb44555812ab4,rustme/IlIliilIiI.class,2244,1988
a0e8068efe528287cbde0043292b7b35,rustme/llIliilIiI.class,2238,1982
714e2ec325aeab94b9df547baee49b73,rustme/iilliilIiI.class,28356,28100
f178d567a3d0b143c4dd7beb380097f3,rustme/IilliilIiI.class,2628,2372
76e9983e5f8fca9db143960ae255496c,rustme/lilliilIiI.class,1639,1383
8bf0cd0e3385653e3496c08e43677342,rustme/iIlliilIiI.class,492,236
f1f87a0ce2cac7023ef9cb8e7f331113,rustme/IIlliilIiI.class,2855,2599
c721380e02c007a5ec1f18224a311b5a,rustme/lIlliilIiI.class,9072,8816
c0891b51278f8095eb764af9de96bf28,rustme/illliilIiI.class,2276,2020
79713a5e95497decbe2959aaf95f3cb1,rustme/IllliilIiI.class,1906,1650
2fd25a2815a1761de09b89b7912c06ba,rustme/lllliilIiI.class,2117,1861
431610cb80a3bf72574beb8daabbb159,rustme/iiiiIilIiI.class,1621,1365
eee8acb4d9689c425113c8f88cc2850b,rustme/IiiiIilIiI.class,3962,3706
1a1edfd28e2bc1c4260949c75c35e97b,rustme/liiiIilIiI.class,1527,1271
de80fc96f824136cd9a6326f33cae962,rustme/iIiiIilIiI.class,2697,2441
9cc499bfd9b2350ad1470058e56e28a5,rustme/IIiiIilIiI.class,3249,2993
de31751318e479cb90023f36fd2d4791,rustme/lIiiIilIiI.class,1935,1679
284f55d98fea3888bea963efba182513,rustme/iliiIilIiI.class,6610,6354
48446f811c2c7a473dc57f210e3557f1,rustme/IliiIilIiI.class,2920,2664
5c5301fdb72cd71c1c20a7659043c57b,rustme/lliiIilIiI.class,1571,1315
53c950d4d660f4c101c9bca8413e772f,rustme/iiIiIilIiI.class,5000,4744
ca3f71fb8c372bf43bdcb49ed2ac5b60,rustme/IiIiIilIiI.class,1613,1357
7010a00d1e2ce7a0a4322cee36022cd1,rustme/liIiIilIiI.class,2404,2148
b8413913f46bc3712351a0689a33ef0b,rustme/iIIiIilIiI.class,2066,1810
cd41319a0ac69408242749224185a15e,rustme/IIIiIilIiI.class,2639,2383
3a491830186fbf11c5686bd08836799d,rustme/lIIiIilIiI.class,519,263
4132195bec9142152998a73d5b9e9316,rustme/ilIiIilIiI.class,519,263
e0d6238a1eea9f36b03cd4109fa6818f,rustme/IlIiIilIiI.class,550,294
b02564d0ed994262afd8c750869b19e6,rustme/llIiIilIiI.class,411,155
2e4b159be08fd6d34c042566627b70be,rustme/iiliIilIiI.class,492,236
17cdcbb26bd830d8bce2113d7401f4e6,rustme/IiliIilIiI.class,13353,13097
36d182bc694e9f585bd9c17e01e8c3a7,rustme/liliIilIiI.class,2966,2710
f815657b2c8fe2832d4d5d300468f486,rustme/iIliIilIiI.class,1995,1739
e317078cb163dfce743125e415c87efe,rustme/IIliIilIiI.class,1404,1148
569eb5756c874135842dc12e3b4d1093,rustme/lIliIilIiI.class,1404,1148
eea7e2abf95620f4272e9416299e008b,rustme/illiIilIiI.class,492,236
a29d0f323f37d1282b9458cd235b026b,rustme/IlliIilIiI.class,3240,2984
d29b4ef9c61beb3dd0794dca5946900a,rustme/llliIilIiI.class,2843,2587
a7c4513bd66673715c15c90bf638c2e4,rustme/iiiIIilIiI.class,2365,2109
8653c55c0e04fd501559139f4ceb49cb,rustme/IiiIIilIiI.class,1303,1047
7775965b4eb966901eb8206e4a4ee72d,rustme/liiIIilIiI.class,1398,1142
9a43479604c4b17e1c8dfce46b058a22,rustme/iIiIIilIiI.class,1368,1112
ed9cc31988a93d345e1cc854db64944f,rustme/IIiIIilIiI.class,1405,1149
11ef7341e33fad046cc19fbcde139d29,rustme/lIiIIilIiI.class,1372,1116
0a0f30fe19f5dc860e7c4304ad3483fc,rustme/iliIIilIiI.class,1733,1477
7f4949d7c5bf11304089530d93d10e4d,rustme/IliIIilIiI.class,2360,2104
1964d5eaccfc95f84d52fd4ce5c7d703,rustme/lliIIilIiI.class,1587,1331
a1dba6d0b5add2ed9dab36243f9fbd32,rustme/iiIIIilIiI.class,1842,1586
32934c391ff22a99d1a92b9f06020ef6,rustme/IiIIIilIiI.class,3392,3136
d5fc82e5cea3d05a8103c2ad49471c98,rustme/liIIIilIiI.class,1926,1670
c4aefc192254c11b8765524d2a39bd89,rustme/iIIIIilIiI.class,2088,1832
5f92031f18a880084f436e3fec999d18,rustme/IIIIIilIiI.class,4161,3905
7be834257f64d3609deaf62e830d772e,rustme/lIIIIilIiI.class,2460,2204
09880edd9106d072a2fc009fde40eb3e,rustme/ilIIIilIiI.class,3743,3487
237325ac0e1a579df97b41d156101cba,rustme/IlIIIilIiI.class,10262,10006
31bc6cd8083dd22d15f37a6312082b5a,rustme/llIIIilIiI.class,1812,1556
5f1da14727af39242153980669426732,rustme/iilIIilIiI.class,2580,2324
55d911a75f9cd6c2e4a8d45bb205c833,rustme/IilIIilIiI.class,13269,13013
260eed6e99a83725ec27e769f3ae4be4,rustme/lilIIilIiI.class,2477,2221
dac47c39aa03d0b79e804bf5d083097a,rustme/iIlIIilIiI.class,2509,2253
27069082c02f62f1605130ae32a79e8d,rustme/IIlIIilIiI.class,4850,4594
bc4d5bc52b2e5fc27c6e2c65cc002151,rustme/lIlIIilIiI.class,1681,1425
5be8d92f8b07abe9bad6b40a6e3ce3e3,rustme/illIIilIiI.class,6514,6258
567923a539d7144253b4d213848cb35d,rustme/IllIIilIiI.class,7966,7710
db073f18c48969f6596eb053c65c6d72,rustme/lllIIilIiI.class,580,324
8d21c08448a6ef6d507109d7baa3303b,rustme/iiilIilIiI.class,1091,835
90044febcf20b76602b21d5dacfc099c,rustme/IiilIilIiI.class,2433,2177
60491c8c64494b117bb4bb39bf74a0cf,rustme/liilIilIiI.class,4781,4525
e388894208dbbc31556eeaff786f3b63,rustme/iIilIilIiI.class,5263,5007
d038728d55a0f311a2bc829e4845ab2e,rustme/IIilIilIiI.class,525,269
126824c18ebdd5bb4cae292eed2bae44,rustme/lIilIilIiI.class,673,417
70cc76c0e9d3485fc217250d96a1a3fe,rustme/ililIilIiI.class,476,220
c9c8e24667ad01660f44cf1b6af0d066,rustme/IlilIilIiI.class,481,225
f7d7f3368b8ad206e6f95f2f85e29889,rustme/llilIilIiI.class,701,445
79f5fbdba9e43d6b8a0f06fa19599e44,rustme/iiIlIilIiI.class,462,206
a5c3603b96800f2b66ad2bf3989001f6,rustme/IiIlIilIiI.class,14881,14625
f88c089d2f7ed046b43d9319608f24ea,rustme/liIlIilIiI.class,1145,889
83ca15f554a042f762ed742ec98ec540,rustme/iIIlIilIiI.class,1927,1671
a142c95cba07c0bbf439045852d82cd2,rustme/IIIlIilIiI.class,4060,3804
972510a537344109477cfdc398b08360,rustme/lIIlIilIiI.class,2113,1857
316a70eda21caddf3b6b74d3d902c585,rustme/ilIlIilIiI.class,10810,10554
a6d1e13e37834d47a5d9851f402aa3a5,rustme/IlIlIilIiI.class,2033,1777
83d5439e56cb67ed71cd58aaea18aadf,rustme/llIlIilIiI.class,1479,1223
ca3eef09d127b574b8823e6a53899e87,rustme/iillIilIiI.class,1927,1671
19575e96c8c70ae7f42beff1c7d39002,rustme/IillIilIiI.class,1479,1223
7a218d75539085fc4c0fc01f841eb814,rustme/lillIilIiI.class,1063,807
411f994bf995d70241fd2c6a0bd77ebb,rustme/iIllIilIiI.class,4116,3860
8b570c5cd1d9f4ef85e05855f3e020be,rustme/IIllIilIiI.class,4936,4680
dabe8ee1a6e2956c21e31d983b52b7c6,rustme/lIllIilIiI.class,8099,7843
8623e154aa1f8feba8828b11bf07119c,rustme/illlIilIiI.class,1479,1223
833f497d54139e775c48d52517687927,rustme/IlllIilIiI.class,3040,2784
864dfe87e76dd92a4a4377d08ee90806,rustme/llllIilIiI.class,1743,1487
36142f8792496a1960b2bde0e726a864,rustme/iiiililIiI.class,3479,3223
ea94800d1851b0718b183504ad860256,rustme/IiiililIiI.class,2948,2692
aa73de79dad09229614d14f3268806fe,rustme/liiililIiI.class,13190,12934
ef7c231b73d602f56d6fb4644ad167c1,rustme/iIiililIiI.class,492,236
d63329a0a1b7ff7d7f4d7d4177b4593f,rustme/IIiililIiI.class,1989,1733
e7e12c17bd289d67d19fcf78e6b6bba3,rustme/lIiililIiI.class,2864,2608
3e8f833c85e9fb5e8db7b52a85e96b2e,rustme/iliililIiI.class,2122,1866
12f544ce89c889cf6eba4630b7ad9687,rustme/IliililIiI.class,1419,1163
9ed56dbf82498e14979e9107b4af6663,rustme/lliililIiI.class,6744,6488
07ddbd7193444085c6413053cc0713cf,rustme/iiIililIiI.class,3992,3736
9552862a6bae88005a381877e545a8b3,rustme/IiIililIiI.class,595,339
e6a26159b530263f80586ab114565198,rustme/liIililIiI.class,3681,3425
fecd02974b50f214b30a9483c47c474c,rustme/iIIililIiI.class,1142,886
512f19e6d6e1d89ad0cd5b82960a920a,rustme/IIIililIiI.class,1244,988
e1234a0d51958cc06bae5275e6229830,rustme/lIIililIiI.class,2021,1765
5e194b133115b93da763867e9a4a1310,rustme/ilIililIiI.class,3506,3250
1bd1566065127d422d187bcd9ff64bd9,rustme/IlIililIiI.class,3085,2829
b822f3157332b02cba9194043e31bb96,rustme/llIililIiI.class,492,236
72040af0718d5cedd0fc005836ac8096,rustme/iilililIiI.class,889,633
16198212f9210375ebf1e32fb07ef25b,rustme/IilililIiI.class,492,236
acc288b332cda9d79d3c366ed069fefc,rustme/lilililIiI.class,1344,1088
71f0f535e3529443e7944bec265ab74a,rustme/iIlililIiI.class,3171,2915
84e060004bdceec2463a5f399d742503,rustme/IIlililIiI.class,3291,3035
85f1bd25fda4aea39d1af9a59f563674,rustme/lIlililIiI.class,4026,3770
348c40e1288f74df3a02580b93b9a3f7,rustme/illililIiI.class,1170,914
015ea526f6acd6a6cdb382a21a42280e,rustme/IllililIiI.class,2738,2482
fb3a66c45682ffe71687934aea125500,rustme/lllililIiI.class,3891,3635
a489316cab8407e534dab607312183ce,rustme/iiiIlilIiI.class,3884,3628
46c49874f5ff7beb640e7da6aac0a220,rustme/IiiIlilIiI.class,5718,5462
ac5a392828d6610e7bda2feb15966025,rustme/liiIlilIiI.class,2897,2641
58ef5648bd52db1bcc9ccadbb0520819,rustme/iIiIlilIiI.class,2315,2059
52489799e1cc43ed6f573c2d11c39736,rustme/IIiIlilIiI.class,4958,4702
ac258c3c3df01086f0c5a96518ca1104,rustme/lIiIlilIiI.class,48392,48136
d0547fc3415a3f3fde3b2cac27c9da1b,rustme/iliIlilIiI.class,2171,1915
97595ddb94fb03eae9f49ab1871e02b0,rustme/IliIlilIiI.class,3556,3300
28c450847a31d389f603c86de8f0b69f,rustme/lliIlilIiI.class,2394,2138
a30416e8955d9a084ab432a12daa4e54,rustme/iiIIlilIiI.class,3659,3403
4c5f9e0981f1419b63f582f38292cd2b,rustme/IiIIlilIiI.class,2122,1866
4b5c4b80411ec46a807eec52ee42fcc4,rustme/liIIlilIiI.class,3260,3004
a75a75cb38988fdbb3c3b5d66fc378f1,rustme/iIIIlilIiI.class,2178,1922
494a26ecd0e8c13a4601de51b0ea74c0,rustme/IIIIlilIiI.class,492,236
34695b6cc9330015f02f167623df69d9,rustme/lIIIlilIiI.class,10476,10220
9dc6cde909433e2bc4a6722518bd638f,rustme/ilIIlilIiI.class,1273,1017
8f06ea1601735239ae8f46981e4c7a9e,rustme/IlIIlilIiI.class,492,236
de7218fb4c550f242a3680712e950f1b,rustme/llIIlilIiI.class,3979,3723
109bd3c56e2e724fba095b72a648b554,rustme/iilIlilIiI.class,7519,7263
2e333931f426193b15ea6c20e865f99b,rustme/IilIlilIiI.class,7859,7603
38e701831a57073f2d0a755314e7cbf7,rustme/lilIlilIiI.class,1540,1284
d7e83658e6aa64144baabc83c6fdd8b8,rustme/iIlIlilIiI.class,1640,1384
f0e42232fa998d2a07e8b50a7a8ac0e8,rustme/IIlIlilIiI.class,5141,4885
b2c9f182205efd5fcb21c2b555306932,rustme/lIlIlilIiI.class,3870,3614
82e01b0f0889d751d91dbdd84c0f0e20,rustme/illIlilIiI.class,4505,4249
bd3558e29cf427760cab7e2990883231,rustme/IllIlilIiI.class,2540,2284
f9005102b97bdebe213dc7da3656cf65,rustme/lllIlilIiI.class,2543,2287
4e567a87f1a5480f7d83dcf7e64fd247,rustme/iiillilIiI.class,8353,8097
c417d503b8a3613acb24dd3715945849,rustme/IiillilIiI.class,1858,1602
e01de99792b937ef95bef25fc09e0a76,rustme/liillilIiI.class,3865,3609
871131623ac3a32ebfe73e3a04f49bda,rustme/iIillilIiI.class,9460,9204
af3ac97e9d4ad34635936a126b3e02dc,rustme/IIillilIiI.class,1746,1490
75d2ed8668e106f5d986cb764488ea2b,rustme/lIillilIiI.class,2834,2578
642744b945e4180788334d277f572efd,rustme/ilillilIiI.class,492,236
f86cb50da39e381b721ca7303a41801b,rustme/IlillilIiI.class,1168,912
aab64b194e0534a25a7c0e5695fa36b5,rustme/llillilIiI.class,1320,1064
b942d21e976280263562979dc36dc140,rustme/iiIllilIiI.class,1266,1010
73e5e4065bbf2a65255737c876b21779,rustme/IiIllilIiI.class,2231,1975
f45bb9b8c7a870a71a729eac15b5f0f6,rustme/liIllilIiI.class,3505,3249
08f159d54b14835b8dcbeb4d0a9b5c09,rustme/iIIllilIiI.class,742,486
8996c12e6095de98d95541df5f72b99e,rustme/IIIllilIiI.class,2367,2111
54da13bca7ac00e36922fe9a63952699,rustme/lIIllilIiI.class,2788,2532
02b9971e664df3d59df0e3a10c5c0142,rustme/ilIllilIiI.class,5203,4947
3ea5eecaece34efdcd26a9509996ac14,rustme/IlIllilIiI.class,4808,4552
d02b7ce3b1adf6275c265aa75f65eb92,rustme/llIllilIiI.class,492,236
295256bbc101ec2d67371114517e294a,rustme/iilllilIiI.class,1062,806
ee2aaa5e9ab05c795818b34f670d1f39,rustme/IilllilIiI.class,2838,2582
342d18feaa55ee14dab83ee53d3d783b,rustme/lilllilIiI.class,1536,1280
fed38be43b3101c94f1467953333a709,rustme/iIlllilIiI.class,2105,1849
aa3e3ba01ed9cfacab3b0e324a084ac4,rustme/IIlllilIiI.class,23309,23053
4a4111e12e2f77c2f61f5d124040dded,rustme/lIlllilIiI.class,982,726
373f9a3b61a614436961c3f646c4ee3d,rustme/illllilIiI.class,1416,1160
080dde06ddb43d54319636cdbe26d5a4,rustme/IllllilIiI.class,3095,2839
76d3cdc4fe56cf641777513909bb9336,rustme/lllllilIiI.class,1017,761
17a20260d7ac09c1cbec5917775fd60f,rustme/iiiiiIlIiI.class,1017,761
4347e6e82b46e8e54a0ea431f5ee7d54,rustme/IiiiiIlIiI.class,997,741
9d66677f9bbf5df0c6bf49dd8b831b84,rustme/liiiiIlIiI.class,567,311
b96dede3d4cd6b4d264d0e1a3b20b9e3,rustme/iIiiiIlIiI.class,2665,2409
58f6ce7bc3d7e459603f346c699840b7,rustme/IIiiiIlIiI.class,1816,1560
841da858f18802ac2c3fc6a4e5a180ea,rustme/lIiiiIlIiI.class,1352,1096
ba03266b9f5cf02498e998d043aec72b,rustme/iliiiIlIiI.class,2117,1861
0e228eddd87dcfe7b01ce7eb742ddb54,rustme/IliiiIlIiI.class,2471,2215
db752838d899e3cdee888af476ce5e9e,rustme/lliiiIlIiI.class,767,511
c7a45239556ad4ee1009dcc4c6325660,rustme/iiIiiIlIiI.class,1153,897
582728c58f1d969e19fb7ce2fcb3d28c,rustme/IiIiiIlIiI.class,2002,1746
89b8bf8db01f9921a8c1a9c5c2a41a6e,rustme/liIiiIlIiI.class,1192,936
cee8e481a4bce7c7bc3c3be48a75d5b7,rustme/iIIiiIlIiI.class,2133,1877
9a6fba42d8d53aa57266e4e65d420e66,rustme/IIIiiIlIiI.class,4722,4466
e48191203e65822792b342dc8fdde759,rustme/lIIiiIlIiI.class,1166,910
32c2d1e88209fbc9ae671eb4a24762a3,rustme/ilIiiIlIiI.class,939,683
fdc1c4b74123c26a7291d22d8cfbe1ff,rustme/IlIiiIlIiI.class,1954,1698
865f2a1be85a79d02a55f3447245f1b1,rustme/llIiiIlIiI.class,7450,7194
d322dcdc73fe062f5c50fb2b34b83ee2,rustme/iiliiIlIiI.class,2740,2484
d9e4fe8e7be87786999aa3ae7e9dbbec,rustme/IiliiIlIiI.class,751,495
f52902c169ea2e20e53f5c39ab36bf7a,rustme/liliiIlIiI.class,1252,996
bc91379ced2708730b2594bbc36d363a,rustme/iIliiIlIiI.class,653,397
f33aeff08489696d813380b41e7e32aa,rustme/IIliiIlIiI.class,1975,1719
909444dbdd47b7196c46ae993e1a2f55,rustme/lIliiIlIiI.class,982,726
a50211729a0782c1ba2603b7878d5b2c,rustme/illiiIlIiI.class,1975,1719
2edb9b69e99e298726fca921757ecf98,rustme/IlliiIlIiI.class,1997,1741
ea7046a0d44a4fcb2ea7979009bd48b2,rustme/llliiIlIiI.class,1270,1014
bedd3c1f5b82cef4b0ca906216674829,rustme/iiiIiIlIiI.class,957,701
6785a59838c4e47c4cd973de9a34442f,rustme/IiiIiIlIiI.class,492,236
a49cce973afd2514aa475760b07d1320,rustme/liiIiIlIiI.class,2192,1936
d0ad45c4a6474cb0928ceb3b0af3a8f1,rustme/iIiIiIlIiI.class,833,577
cff67f87b1c337ee01f468e4f2444eb2,rustme/IIiIiIlIiI.class,492,236
6ad38e33e12cb606601af88db6f44b99,rustme/lIiIiIlIiI.class,7929,7673
316fa595cccd3eccd355ec03c9b23e4a,rustme/iliIiIlIiI.class,2477,2221
09ee535247387289bc6df68bef19be4b,rustme/IliIiIlIiI.class,2264,2008
e627d1e806253d60cc1e7bbab33d025e,rustme/lliIiIlIiI.class,3188,2932
c2aac2bfb82223a69674268d348a15af,rustme/iiIIiIlIiI.class,4555,4299
56bf749de96fa5072f7b8ebae9c969a4,rustme/IiIIiIlIiI.class,5146,4890
23648e4e0e83db74417382d935a0c089,rustme/liIIiIlIiI.class,2621,2365
c672bb2818e310ea7ce12077c0e04040,rustme/iIIIiIlIiI.class,2505,2249
b65cdb4cac7b19f438cdf2b1cfad16c5,rustme/IIIIiIlIiI.class,1846,1590
4ebd57718192bd2acb430e57644d3033,rustme/lIIIiIlIiI.class,1532,1276
d1218af51f52d8f8bd1af88e22e6a752,rustme/ilIIiIlIiI.class,1991,1735
537feab8ef44957b9053f0ddd593b3be,rustme/IlIIiIlIiI.class,32692,32436
3ea2df7e2ca01bc089eb5ca4b30913f7,rustme/llIIiIlIiI.class,1981,1725
fa5bf9427ff863c26e377e13c0560094,rustme/iilIiIlIiI.class,5547,5291
51af8ff9403041373ae79b0d5511e783,rustme/IilIiIlIiI.class,751,495
05113144938fbad0879ddf13b2ee1de1,rustme/lilIiIlIiI.class,482,226
2b952ba4250421f364352d54af79b33d,rustme/iIlIiIlIiI.class,733,477
17bfee6d85806d82949763caccebd988,rustme/IIlIiIlIiI.class,2421,2165
bae0cc7a01e97bc7fef2111cd97dc500,rustme/lIlIiIlIiI.class,492,236
d7b9f106e960624d299b5fcfba26fa42,rustme/illIiIlIiI.class,2420,2164
52e3db9f379af62c232e5f68cda0825a,rustme/IllIiIlIiI.class,18766,18510
1721dd7ce5fe4808d4858d5baea9ca3e,rustme/lllIiIlIiI.class,1452,1196
84a677ba6d14851e76308687cdeacdb4,rustme/iiiliIlIiI.class,10428,10172
61acb64f94dfe911a98686dfbb419918,rustme/IiiliIlIiI.class,2501,2245
6616fc3862b68ebe59c8771c5848a7fd,rustme/liiliIlIiI.class,1325,1069
5bc78e4bf38f1c982663321ba2e91adf,rustme/iIiliIlIiI.class,5804,5548
d8f7830bbde917cbcc68a0bb126af736,rustme/IIiliIlIiI.class,4061,3805
f447029c267a5499c5d824966dce480c,rustme/lIiliIlIiI.class,906,650
9f54125bcf8d1682f93d91e41d6b1142,rustme/ililiIlIiI.class,1095,839
100622acbab88916f6e395c38af93f62,rustme/IliliIlIiI.class,492,236
de0e469d7558b403855f2e1aacb24d23,rustme/lliliIlIiI.class,1262,1006
e8f55969bd47e23a16ca7377f9b7d641,rustme/iiIliIlIiI.class,6793,6537
a0a5a579a23719d1f5bcf97e08c515f5,rustme/IiIliIlIiI.class,3873,3617
76241675461b3d47846a535a979ba8bb,rustme/liIliIlIiI.class,5326,5070
e4ba8d2101bfbc50346e48a57b720367,rustme/iIIliIlIiI.class,1303,1047
75414d9b09d55a5cc33601c416912765,rustme/IIIliIlIiI.class,1117,861
7c23f09720fb4600967340917297de48,rustme/lIIliIlIiI.class,1940,1684
3ff22249523403a7292995f34c9794b8,rustme/ilIliIlIiI.class,5306,5050
77bec968c74896a7f2dc2b8d0e779137,rustme/IlIliIlIiI.class,20742,20486
f79f6616f7ed13b38942dc9dfafaae62,rustme/llIliIlIiI.class,1807,1551
1ae4af7cfd6e9745177391e6e093fd48,rustme/iilliIlIiI.class,1607,1351
511a3ce3345f93a7cf00e9e3e9827228,rustme/IilliIlIiI.class,3170,2914
ace83e866f8ab89220407191c1b88ba1,rustme/lilliIlIiI.class,2283,2027
8beb51dabeb2cc7fa48f3bee898895b9,rustme/iIlliIlIiI.class,1264,1008
7dd8372239f2ff546fc55ede63831063,rustme/IIlliIlIiI.class,2951,2695
753d1155f3c9cdf157b4a0fa02b48da0,rustme/lIlliIlIiI.class,492,236
665ffd4af7e7f6fd4d338183b8a2da0f,rustme/illliIlIiI.class,3156,2900
1f02847dc63654f0a14886d9690666d3,rustme/IllliIlIiI.class,1924,1668
e3c3ae0126270ce46ca0612d003f851e,rustme/lllliIlIiI.class,9976,9720
cc3ae6bb1cb477c96cb890bfa75ca12a,rustme/iiiiIIlIiI.class,2522,2266
02acbc43a7d1753e17afbcccd0d7a56c,rustme/IiiiIIlIiI.class,2150,1894
fc08f1f190c2cd472e2821307ca2fdc3,rustme/liiiIIlIiI.class,6858,6602
7838f34b1636533a4d572d861f93b385,rustme/iIiiIIlIiI.class,4764,4508
b83049e1b5e6e4a93e98485b079b2821,rustme/IIiiIIlIiI.class,8668,8412
010da3c8a562e9b81e5b12a342f401c0,rustme/lIiiIIlIiI.class,492,236
43ad863e10141d36ae63977c05b32585,rustme/iliiIIlIiI.class,2161,1905
fd26270dbe99e77d35e1543855c23b76,rustme/IliiIIlIiI.class,1557,1301
4082e9d7454c0e07dd78eeac3013e668,rustme/lliiIIlIiI.class,3000,2744
8483f702c38c64e720124beea9fbc275,rustme/iiIiIIlIiI.class,1393,1137
b12487366a1928883aa7d37d37ed02ac,rustme/IiIiIIlIiI.class,2172,1916
95e43e9fa503d9320795d229fe41570d,rustme/liIiIIlIiI.class,2806,2550
6436843479132faa4261cdaa9acecc78,rustme/iIIiIIlIiI.class,5240,4984
5422c464e3badc510fcc9f404e0ffcc3,rustme/IIIiIIlIiI.class,5543,5287
2bef4415803f10f4e2d3560606cfc469,rustme/lIIiIIlIiI.class,1870,1614
addefaf7f462d82cd91baca256005760,rustme/ilIiIIlIiI.class,1692,1436
6d2d37be4db29cb74b1dc28dcba15c4c,rustme/IlIiIIlIiI.class,1420,1164
fffe98fce96489c0734449c9bc0a31cd,rustme/llIiIIlIiI.class,2731,2475
d1e69f07a100b6fcac33b33fd44c8519,rustme/iiliIIlIiI.class,3939,3683
7e3928f4982fff3c230dad89b4afa079,rustme/IiliIIlIiI.class,1688,1432
050a799aae1dab3e26718b50027af0db,rustme/liliIIlIiI.class,2008,1752
0246ee6ada446157d17cbf58ddf46e13,rustme/iIliIIlIiI.class,3275,3019
030c7a12f6c03f60844c106c0918dedf,rustme/IIliIIlIiI.class,872,616
1301647ae68190eb0135da9676dc0622,rustme/lIliIIlIiI.class,4240,3984
3e98f464f97e6050d0bbf50910b25b6a,rustme/illiIIlIiI.class,1156,900
1b393e66944e74b4fa4fffe5156b8312,rustme/IlliIIlIiI.class,1464,1208
94751691ce3760193c1adbc8c379145d,rustme/llliIIlIiI.class,1503,1247
92d8396c38a8c7f23aa370b44c59c42e,rustme/iiiIIIlIiI.class,1777,1521
6eba292c39ded97eb7e216bd14f8a9fd,rustme/IiiIIIlIiI.class,1267,1011
2b1b194da3189765517a279970d6b78c,rustme/liiIIIlIiI.class,1832,1576
5216b9aab2a5c3cb925bbc57f583f565,rustme/iIiIIIlIiI.class,4246,3990
d70bce1f12e3021b1ed3db7e99680226,rustme/IIiIIIlIiI.class,1587,1331
8838fdf0f33cc91c7008bfe15a68b970,rustme/lIiIIIlIiI.class,2715,2459
0e81f13c5df46ca147e80cc2daee2795,rustme/iliIIIlIiI.class,2276,2020
89e4786ade3af00fefd8ef879d10a154,rustme/IliIIIlIiI.class,2460,2204
6cdf7bf2bff0be618575e25916851ab7,rustme/lliIIIlIiI.class,492,236
4fc5eb10d96a08957b5bcb19aab00019,rustme/iiIIIIlIiI.class,596,340
6abf1c7af40279d76a4ca57da908263f,rustme/IiIIIIlIiI.class,5216,4960
f3828a35ded9ecd3d706bda5039b65ea,rustme/liIIIIlIiI.class,1939,1683
6e008ea7a936776e2535f12bdc721a75,rustme/iIIIIIlIiI.class,2004,1748
85816f6ce0eb6f23f2fba53c31b4e5b4,rustme/IIIIIIlIiI.class,4814,4558
f65699a7e1db44495b0b5a1cff47e150,rustme/lIIIIIlIiI.class,492,236
e8086c65f6f65c01e860c82699d95cdb,rustme/ilIIIIlIiI.class,492,236
109f06c4c6d94a18aa86e237d7ec4ad4,rustme/IlIIIIlIiI.class,1085,829
bd3e0f2e984b63fe3f982fbfb79cad5d,rustme/llIIIIlIiI.class,6027,5771
9a1d465c4e3c92abb4a491ac156518a3,rustme/iilIIIlIiI.class,1008,752
6f85cbfaa7052b740df2e7f46e435417,rustme/IilIIIlIiI.class,611,355
044b004100f267faf202d369695a68bf,rustme/lilIIIlIiI.class,651,395
fbdba245fcdaf763d9cbae145d4e4638,rustme/iIlIIIlIiI.class,1314,1058
5375ce9f2889dc07bc28d3829fdef0b2,rustme/IIlIIIlIiI.class,596,340
b1325bb1be664ad0cff95a9b945e29b2,rustme/lIlIIIlIiI.class,2036,1780
2cb48188154e3e14e05b41a83902eb32,rustme/illIIIlIiI.class,653,397
f002e6f524c87572295ae0b3db74d5af,rustme/IllIIIlIiI.class,3064,2808
6cd7c6a8f2014fa818b2d96199a67ba5,rustme/lllIIIlIiI.class,492,236
87158e6fb89e04aee88fe7a7140ec185,rustme/iiilIIlIiI.class,5371,5115
54931603a1c1065d166fc59c8f4bac84,rustme/IiilIIlIiI.class,6168,5912
c4783b886bfa53cfebc36d15b4d6c7d8,rustme/liilIIlIiI.class,672,416
a5575305e791fe5576240a49e34534b6,rustme/iIilIIlIiI.class,1434,1178
f112d08ed4d4db02ae7aaedb52063a74,rustme/IIilIIlIiI.class,1113,857
2abae55b4b017f17b7d079a970e844af,rustme/lIilIIlIiI.class,462,206
1067df2ea6b73fa7ca9afd7165cc2e35,rustme/ililIIlIiI.class,4822,4566
09e8fbadc091a283b1c35854709c7d72,rustme/IlilIIlIiI.class,1565,1309
49be40dcc91e7df3a9c7a3184edd2383,rustme/llilIIlIiI.class,4582,4326
67a32f217e69cfa45936a84ff16c6e5b,rustme/iiIlIIlIiI.class,3110,2854
8ff6090d05470260ecf3ad600e5a0dfa,rustme/IiIlIIlIiI.class,2678,2422
6141b826bb68ce7050d3055fc770f695,rustme/liIlIIlIiI.class,1215,959
9f7c3f3dc70d8befb5c61deef4fe1c99,rustme/iIIlIIlIiI.class,1914,1658
df02daa69a893a6cea6aa6fdf11ca3a9,rustme/IIIlIIlIiI.class,597,341
cfba42f50bbc5dd74b2f491b6c663edf,rustme/lIIlIIlIiI.class,4429,4173
8fc5bcad2a1ce9567088b7c65be21b6d,rustme/ilIlIIlIiI.class,4043,3787
c7b498b07ceef8b6da13dfcec5d5dd4e,rustme/IlIlIIlIiI.class,492,236
a3b25ffae9b6ab5fb8e37a8243dfb52e,rustme/llIlIIlIiI.class,2663,2407
28362a0ab7e13654420362c438b10acd,rustme/iillIIlIiI.class,1100,844
30c976b74616d5ed901db53d9e50d403,rustme/IillIIlIiI.class,2840,2584
ea34a450ee0efe5909dcfefb0ef95780,rustme/lillIIlIiI.class,1410,1154
886eb588265e00beefa2538555169461,rustme/iIllIIlIiI.class,4765,4509
19b35d928fa92a850539e166140498b2,rustme/IIllIIlIiI.class,3723,3467
3446ce92e450f1565a84d9305ff5f4b1,rustme/lIllIIlIiI.class,3358,3102
835a3b57aca3ffff6eaacd293dec1f8c,rustme/illlIIlIiI.class,1439,1183
d67b0f5c20c57d985a2ce835602c7028,rustme/IlllIIlIiI.class,1951,1695
ce5023797be941a4b0ccbe85b799e4d5,rustme/llllIIlIiI.class,1066,810
59cd9530deafaae691a73e12529f0f9c,rustme/iiiilIlIiI.class,5049,4793
43f92ec10f5d64293bd5343e333343c9,rustme/IiiilIlIiI.class,3678,3422
07b944a60f7419c420edb2b1dceac812,rustme/liiilIlIiI.class,3301,3045
550cf831120140366227a9f42040456c,rustme/iIiilIlIiI.class,1849,1593
90cdb2052f4e3def6daecc654f91aa99,rustme/IIiilIlIiI.class,492,236
079a8b434b132573d4c754124782a145,rustme/lIiilIlIiI.class,6925,6669
cbe58d62ad1a45d20d5cf992b2d67f93,rustme/iliilIlIiI.class,4136,3880
d6a66bf8b63f52fe0c2f639300783fb5,rustme/IliilIlIiI.class,2421,2165
163349fbaef02fa932947eeb2e096031,rustme/lliilIlIiI.class,2952,2696
dba2a969a84c47c2390077f66ca152de,rustme/iiIilIlIiI.class,1296,1040
190905ace51c787658d963dbb9fabe68,rustme/IiIilIlIiI.class,2957,2701
465ec1a9dfe508c14dfd83594dafa3ad,rustme/liIilIlIiI.class,2177,1921
3d1b183a13a23b0613e41219a6d53784,rustme/iIIilIlIiI.class,2951,2695
82d0230c76cbd591914e61c42604de1e,rustme/IIIilIlIiI.class,2056,1800
5a8839cbe389f54276faac810cfcf1fb,rustme/lIIilIlIiI.class,3092,2836
5a4814b7e1a446fd3193ff78ed116e47,rustme/ilIilIlIiI.class,1441,1185
bf34b01c7e28e76da54bd44cb9ac7a26,rustme/IlIilIlIiI.class,2363,2107
c4308fcc9c616fd2c401ec5c812e5423,rustme/llIilIlIiI.class,2153,1897
a08e640080261ec1b705843cf3b49681,rustme/iililIlIiI.class,480,224
0e411fef311e51c4f220df84d0416ee6,rustme/IililIlIiI.class,2042,1786
bf1006d9ed634834f678e822a5edcb37,rustme/lililIlIiI.class,1986,1730
3eb791268f56fabc2b3d65ee69be3b2e,rustme/iIlilIlIiI.class,2848,2592
08f7d0275f9d61c8fbd142a3a7879ebd,rustme/IIlilIlIiI.class,3206,2950
a9d8e062f6d6dadece586d4bd903d8f3,rustme/lIlilIlIiI.class,5919,5663
10773f6fe298272429945b8541aeb68e,rustme/illilIlIiI.class,1519,1263
1dc01597a3c6d7d02a6ade10ddbbaab2,rustme/IllilIlIiI.class,1716,1460
2759086e18465a848a48b74b38b49a59,rustme/lllilIlIiI.class,4885,4629
e4d999e221a10975668d1e74973d66c9,rustme/iiiIlIlIiI.class,3008,2752
5fe793d4cb4e1be23eda371c07077dd4,rustme/IiiIlIlIiI.class,4347,4091
6e3837cf5261a2cc3a332c55fbf91cee,rustme/liiIlIlIiI.class,3124,2868
02a9049cbb1b4b4c2fedeb9bf4c9227a,rustme/iIiIlIlIiI.class,3326,3070
235c2c00610a93a2858d47e7c12e63a3,rustme/IIiIlIlIiI.class,5215,4959
29e679f06b7978df7722b40d5a772f1a,rustme/lIiIlIlIiI.class,12112,11856
9576287484b2a4491e8c78bfb02492f5,rustme/iliIlIlIiI.class,5243,4987
79edd014771a95ac134980ef3320b77c,rustme/IliIlIlIiI.class,3315,3059
1da7274721260fe874b45cf447743a46,rustme/lliIlIlIiI.class,492,236
097529da6c7c043e8264115beeb70513,rustme/iiIIlIlIiI.class,2567,2311
68f6e7b2db69afa9bd8d224829f6fe8c,rustme/IiIIlIlIiI.class,1101,845
7711a62b6074786903005225b16e407e,rustme/liIIlIlIiI.class,1917,1661
d52bfc2d918a0cb4023c44326f069330,rustme/iIIIlIlIiI.class,598,342
1313c5d81b9a92a99f0b80fd83f3c4e9,rustme/IIIIlIlIiI.class,3247,2991
7441c87a79ce1a138895d182900ecfb7,rustme/lIIIlIlIiI.class,492,236
c15879e5b062e81903ab5e30131757a2,rustme/ilIIlIlIiI.class,3592,3336
693df2e53c7a3c28a9ec97165cfdcc0e,rustme/IlIIlIlIiI.class,1799,1543
13f682b06a8fcd3676ed77befd8e4221,rustme/llIIlIlIiI.class,2462,2206
7a161d7b3456840af02f7c479211fb60,rustme/iilIlIlIiI.class,11270,11014
f1b4b77420594fc6c609e48ce67461b8,rustme/IilIlIlIiI.class,4096,3840
f8c36d8fa4a1698251a9af4337f38192,rustme/lilIlIlIiI.class,2201,1945
4ba0aafa5c3a5213e9345932ea29ac7f,rustme/iIlIlIlIiI.class,7036,6780
ace1ac22d7ea2c4a8987ea78f59d5cc7,rustme/IIlIlIlIiI.class,492,236
f00bb9d26d9fd70e90990ee2b1833ad6,rustme/lIlIlIlIiI.class,1732,1476
80299d151786e686b80d682dce8cff8b,rustme/illIlIlIiI.class,7853,7597
92361c0d341baf407821600f297b5d1d,rustme/IllIlIlIiI.class,8247,7991
4b3fa87d318c63c8de0b7cca3f2a218a,rustme/lllIlIlIiI.class,1866,1610
c9f10ef285cf5eae3220139fbf7a6e05,rustme/iiillIlIiI.class,3100,2844
c192ff54363a34f62aa09e8eb74880d5,rustme/IiillIlIiI.class,1838,1582
1786441cf16e2c3ede48485b90c923fb,rustme/liillIlIiI.class,2147,1891
9db8d5f1d9de428e0001032844db39cc,rustme/iIillIlIiI.class,1408,1152
6436cde1e11ca406561b89f56feb9776,rustme/IIillIlIiI.class,2144,1888
49884347137ffbc303bf879875e76020,rustme/lIillIlIiI.class,1353,1097
e6dd94c64d2e6d01fa7909534e6ea481,rustme/ilillIlIiI.class,1469,1213
e75d1f74a36ec72cc98cd78cea6e103f,rustme/IlillIlIiI.class,1897,1641
fed1bd34378e3218a053ad9d51dccfde,rustme/llillIlIiI.class,1405,1149
9bc77fb8d7c9f692e9ac8b4eddeeb3f5,rustme/iiIllIlIiI.class,2156,1900
a4bea281c7bb4b4597f6a011f421e4de,rustme/IiIllIlIiI.class,2082,1826
017fcf14a886f3691ea215e32d488648,rustme/liIllIlIiI.class,24428,24172
98fd1cb6ee68c01d45d61d07175416a1,rustme/iIIllIlIiI.class,1271,1015
da96e2bb2e2360a4857be68ed2ef5ae1,rustme/IIIllIlIiI.class,890,634
bc386a4c3f1114b66d69918d469c150c,rustme/lIIllIlIiI.class,3882,3626
7088acc8ea006cfd9ac866b12d3c673c,rustme/ilIllIlIiI.class,970,714
24b2bb03cb0413f39715ff2fb5a3d82f,rustme/IlIllIlIiI.class,11031,10775
fb686297664cf5b1410a59dd6243b28f,rustme/llIllIlIiI.class,1457,1201
a5dba063153adb51abcef6156478c24e,rustme/iilllIlIiI.class,2427,2171
871b8f6bbac17e33d5772e8d6a588083,rustme/IilllIlIiI.class,2427,2171
0bedc7b2544d5c59d7192f75556d4e46,rustme/lilllIlIiI.class,1690,1434
ab817526c1ed5fccf710b33f6e90dc4e,rustme/iIlllIlIiI.class,1401,1145
ff84192a7d2ac84a7e61c46e472ab36e,rustme/IIlllIlIiI.class,83273,83017
24e52e17be42903267b10360190e1a9a,rustme/lIlllIlIiI.class,11827,11571
4b094d83335d0f89135f38de63bc96b6,rustme/illllIlIiI.class,6709,6453
c39bf990f7335060b63419100d923017,rustme/IllllIlIiI.class,4560,4304
9c4d8f5457cb10a93141604acd18f1e8,rustme/lllllIlIiI.class,1078,822
d6c9500bd3e20735e570be60aa06be2c,rustme/iiiiillIiI.class,2446,2190
49db32c224abb34b6bc111086fb0924c,rustme/IiiiillIiI.class,1045,789
1fa8e98a08de867c97addedcbb687331,rustme/liiiillIiI.class,1636,1380
8dda8521c9ea6be985a3170a5963cc29,rustme/iIiiillIiI.class,758,502
4084d255ca85af47197a718026a0a8a6,rustme/IIiiillIiI.class,39323,39067
998ca976f2bd8ec05fd0c45c3e98a08b,rustme/lIiiillIiI.class,1765,1509
2b2bef464e24a5280c76e98d90b1f992,rustme/iliiillIiI.class,2309,2053
cb6b1112c2f5d3f6d8a2595f0163ca8a,rustme/IliiillIiI.class,2131,1875
65dbf8cbce04967947dd4ba3f403c563,rustme/lliiillIiI.class,3008,2752
a58a219850f1a55d8049d93a3e7db878,rustme/iiIiillIiI.class,4343,4087
295043191611a4126808b17497f0b15a,rustme/IiIiillIiI.class,718,462
e011501f40dc21509d12d382726c4069,rustme/liIiillIiI.class,481,225
4c06c08009aef8b974820f26cdecffbc,rustme/iIIiillIiI.class,411,155
d4342e1903ea19fea5bb5ef8934d8575,rustme/IIIiillIiI.class,411,155
552f8d6421b6c984ff4c37b60bb48a56,rustme/lIIiillIiI.class,609,353
6bf513b55ab8171f9708d803e50f81bc,rustme/ilIiillIiI.class,639,383
3583ffa363b11fcd41d54fc0602879cd,rustme/IlIiillIiI.class,1609,1353
394b1a0331cbb155e1e98d23ade98157,rustme/llIiillIiI.class,844,588
a02f0f98ed2e93d3f2672109280be666,rustme/iiliillIiI.class,710,454
3f32de499f3c58234a5ab75a0d74e5e1,rustme/IiliillIiI.class,710,454
4b182a8a0d79116ce898043c628f15fb,rustme/liliillIiI.class,11610,11354
210d69b2199425798c8c94e080f49a1e,rustme/iIliillIiI.class,3578,3322
fd0fd5fddf206fa31ed7bb8f61640b85,rustme/IIliillIiI.class,5851,5595
4bd8dd1c7206bddc14f9be38f313be94,rustme/lIliillIiI.class,1908,1652
9a490bfb5791015d1fa3788639f8fb77,rustme/illiillIiI.class,1188,932
35cc8903815063336d31c08a12dc8429,rustme/IlliillIiI.class,3822,3566
c30af98e3255203d2fb5b36ed02bc2d2,rustme/llliillIiI.class,2036,1780
0b12d27650ed637c0e93e4f67a32f575,rustme/iiiIillIiI.class,3662,3406
2a680c30887ace5f0cd4f666eb515a4c,rustme/IiiIillIiI.class,1219,963
5957b4f00b5ec7fa920ab2ffc8904b1e,rustme/liiIillIiI.class,1234,978
f3af9128c26babde5a88fd7e33af0cc8,rustme/iIiIillIiI.class,26962,26706
ea8313664ac9d6411c6726acc575d760,rustme/IIiIillIiI.class,985,729
cad647d881601078bed0262fa7f3215e,rustme/lIiIillIiI.class,2154,1898
9b7705f7b2c4e86bce973c14e226cff1,rustme/iliIillIiI.class,594,338
c3ff01fa2034cbabf33ddea6640d5850,rustme/IliIillIiI.class,498,242
28537513490197b513c40f2bf2ebfc25,rustme/lliIillIiI.class,481,225
471834842e8a2e9e86505f03d0881571,rustme/iiIIillIiI.class,989,733
31e2d88e97d187475bafb181c508a7be,rustme/IiIIillIiI.class,2436,2180
4cf24045e3b7551b4f0b3f788c6dbc81,rustme/liIIillIiI.class,2288,2032
687f9f8bf0ceff29ca8c97b0ea2dd179,rustme/iIIIillIiI.class,8522,8266
50c59ef7704d918439f7f13a456efa0e,rustme/IIIIillIiI.class,1006,750
17b3521550aa4132ca6c3d7516ce4597,rustme/lIIIillIiI.class,1527,1271
83c48a66e02150f77323e630752c2ab0,rustme/ilIIillIiI.class,2349,2093
134bcbcc159dba3dc88caf44ecdad316,rustme/IlIIillIiI.class,2256,2000
d3115d92c6e73185fea69eea75d21de1,rustme/llIIillIiI.class,2294,2038
ddae67b7a57e0e3de237b886f0ee2adc,rustme/iilIillIiI.class,48479,48223
3068d2e463163e57bf6b863b7a702419,rustme/IilIillIiI.class,27552,27296
6840648921cb0910d657260fe75f708b,rustme/lilIillIiI.class,1162,906
eeadec64c43512b34ab97244c8023815,rustme/iIlIillIiI.class,53028,52772
cb2bfc1bbbfc90b9bed5f2c312bc7137,rustme/IIlIillIiI.class,2704,2448
204d72c878f6a9fdd51e09938809eb24,rustme/lIlIillIiI.class,9670,9414
a90dc21856620110fd293c1041fec913,rustme/illIillIiI.class,3533,3277
9112de2d013b6ea02009137c656ef1a4,rustme/IllIillIiI.class,4623,4367
afa3bf285ec18896d3d3122bab7fed2f,rustme/lllIillIiI.class,1626,1370
08b380d41e7c6a80bdbc6c494da90d94,rustme/iiilillIiI.class,15068,14812
bd2d46128229a617f7ddad96c7eaf2e5,rustme/IiilillIiI.class,1518,1262
e20084d1f4218faa0a56e5d18d65f25f,rustme/liilillIiI.class,1518,1262
db67e2e52bd42962bbb8f473c112426e,rustme/iIilillIiI.class,1330,1074
9c14b4f68a502567216822631ae64065,rustme/IIilillIiI.class,1330,1074
91701ddd5580c29e966020ceaf22cdbc,rustme/lIilillIiI.class,1449,1193
8518c3436f16546a338a2861685791d2,rustme/ililillIiI.class,620,364
d0d88f4958948b3b2bc83867965d962a,rustme/IlilillIiI.class,47371,47115
461b1828a4e883f160e2955df4f73e0b,rustme/llilillIiI.class,3441,3185
fbd92c4445fe65a3c31f61cbc301c136,rustme/iiIlillIiI.class,2368,2112
44737a0a02b713dc498e0240a0187217,rustme/IiIlillIiI.class,19284,19028
016147522976609c0a255d95bf322ac0,rustme/liIlillIiI.class,9096,8840
697e4bc45a8a354a90a4910e999582cb,rustme/iIIlillIiI.class,30194,29938
5fb7e0326dcd1dd31db40f9f2810ed1e,rustme/IIIlillIiI.class,1387,1131
a3bd958d49f169d24853da3a58f26f9b,rustme/lIIlillIiI.class,27981,27725
a9f3aebf15edb71530d77ecf8d1edcec,rustme/ilIlillIiI.class,1233,977
88882d45b51c1d238b70b03b8fe50643,rustme/IlIlillIiI.class,5073,4817
68991270c6ca14a9772eb960967c08a5,rustme/llIlillIiI.class,4946,4690
ca8e68c19272597f2ba127d8521980ea,rustme/iillillIiI.class,4553,4297
ff7b6201be6a28dccf2b821554424b3d,rustme/IillillIiI.class,4092,3836
0a980aa0369dcfa706b31b4ba8d9eb03,rustme/lillillIiI.class,5222,4966
a0f6ee490a6e1e4f0dd295859f18a705,rustme/iIllillIiI.class,13265,13009
a2f51cf9ef6a1d160286d275c1a13629,rustme/IIllillIiI.class,6849,6593
8bc95804b46dd7b43200f2cc327a9219,rustme/lIllillIiI.class,13354,13098
527e0faa78b174535d135f6b40a38627,rustme/illlillIiI.class,2554,2298
a710b54f645e851eb113f94950a92151,rustme/IlllillIiI.class,5923,5667
2073a8a642bd5c3e335276d91470fe86,rustme/llllillIiI.class,610,354
e4cc3319bbb7dc4ba2e93f2671d8c150,rustme/iiiiIllIiI.class,498,242
424b10f7af2ec8f5a8362875e1ff3fa7,rustme/IiiiIllIiI.class,4202,3946
ddfb75ae6d349b58fa4e80300af1fbe6,rustme/liiiIllIiI.class,1248,992
d18b0812410f878ec5c71e3dca93b8c2,rustme/iIiiIllIiI.class,1555,1299
2f600abd053db27f20df30e285dae975,rustme/IIiiIllIiI.class,5668,5412
3b2c08117f2d06b2c6eb73f0c2a2980d,rustme/lIiiIllIiI.class,2267,2011
7aabc6250574a07e57d85a3107a121c2,rustme/iliiIllIiI.class,6109,5853
a83c167ef3a8b9cb5334a98d48c4f464,rustme/IliiIllIiI.class,7016,6760
e1dbbbb68d4ac1360544f234007a6748,rustme/lliiIllIiI.class,1132,876
7c8eadc41c58856503087fbae86d74ed,rustme/iiIiIllIiI.class,789,533
fdd307c665ccb52686dcd6a85af1224c,rustme/IiIiIllIiI.class,597,341
0b0e32657f63ced32acc15edc2dc61f3,rustme/liIiIllIiI.class,11443,11187
32ec4c8f0f73aca60dec550d0e58766e,rustme/iIIiIllIiI.class,10166,9910
b390b2c9f563085139dbfb4da885a4c6,rustme/IIIiIllIiI.class,1724,1468
d036008f94e824a30eb113228c58fecc,rustme/lIIiIllIiI.class,6560,6304
d5ecacc7af38a42540f6068d89133f45,rustme/ilIiIllIiI.class,1494,1238
c1036e0ddbe063c6c210df9c2b124eda,rustme/IlIiIllIiI.class,685,429
e570f1d9947e155ac7f67ded2750bdbf,rustme/llIiIllIiI.class,2737,2481
7af14d632d929f09b0b482f97de5ca6d,rustme/iiliIllIiI.class,2850,2594
90489689e74ac455520325e44cec60cd,rustme/IiliIllIiI.class,2687,2431
f5c4c7913ce04d076e61875104f84d99,rustme/liliIllIiI.class,2956,2700
984303f9576fe8b7c2e90b633a4b5d2a,rustme/iIliIllIiI.class,3024,2768
9a7ea522ebf168f6d967292e0036711f,rustme/IIliIllIiI.class,2416,2160
ecdddec8d114d756411daab76386623e,rustme/lIliIllIiI.class,3375,3119
d0a872edec2fcde4ecfba7f6e0e86c99,rustme/illiIllIiI.class,3140,2884
893e615843e8777ebd40afa5a7dac8d8,rustme/IlliIllIiI.class,3244,2988
7637da0c38a7c301eb09f4eebe9e9923,rustme/llliIllIiI.class,1515,1259
4a1c95fbd20a5078efd93d51de2d7abe,rustme/iiiIIllIiI.class,2642,2386
6d194cde9456ca11bde1b64fc39acc8c,rustme/IiiIIllIiI.class,2675,2419
d20ae5ea3b8af0578f4207cea4619b33,rustme/liiIIllIiI.class,3188,2932
a68476382e275ada005c9dec68ee98e5,rustme/iIiIIllIiI.class,1659,1403
8e171076ba58e03dc1a40ce83fd5a87e,rustme/IIiIIllIiI.class,3035,2779
60d71010b299aa6172717fbd3f890628,rustme/lIiIIllIiI.class,1506,1250
27fbcff23af483af23ffc0fb3c11f2b3,rustme/iliIIllIiI.class,3734,3478
60b71c0e802430a4307004658c5ab496,rustme/IliIIllIiI.class,2653,2397
11d9e0c295a998cbd7491eddda2e2081,rustme/lliIIllIiI.class,3238,2982
bb5de69316b85c4a44037cabb9a9c049,rustme/iiIIIllIiI.class,2572,2316
f201bdce2c0555bbcd012b127fea030d,rustme/IiIIIllIiI.class,1676,1420
c413b127be3d21bb50ce40a7295f572f,rustme/liIIIllIiI.class,2748,2492
9ff0741d14eb20b768c5a9fd305cf808,rustme/iIIIIllIiI.class,1699,1443
e881f97ac28f952397d09cf099c9bbdf,rustme/IIIIIllIiI.class,2559,2303
d28150025296150077527ec5de1506ef,rustme/lIIIIllIiI.class,3260,3004
f84423df8f16a197c620447f4b979ca3,rustme/ilIIIllIiI.class,3888,3632
d1938cce195896f78ac49cab8cd07fa0,rustme/IlIIIllIiI.class,2541,2285
151016327b5728a57848989f8c6f03aa,rustme/llIIIllIiI.class,2521,2265
55b4f00d91cbc2716b2871511b07c064,rustme/iilIIllIiI.class,2431,2175
d278546885774fbb7cf2c05a61a31b75,rustme/IilIIllIiI.class,10551,10295
40202da21d403bc13cf888cf66905ab0,rustme/lilIIllIiI.class,1660,1404
f0b211ae2d1a97ca01957789918a105d,rustme/iIlIIllIiI.class,2761,2505
92a29de7666e2056747b91f2d3e00be3,rustme/IIlIIllIiI.class,2940,2684
f502033ce3cb421681aa976a418762f6,rustme/lIlIIllIiI.class,2285,2029
4eebc58c6137f82d6831b61cce14ad10,rustme/illIIllIiI.class,1670,1414
e3cd37829f13b85c8f0299a0110b24be,rustme/IllIIllIiI.class,3192,2936
3d095d9ebfd7c3df061f7eef2941b927,rustme/lllIIllIiI.class,2964,2708
3bda9c6d0d484aaa4c3d1e2fa738f91f,rustme/iiilIllIiI.class,1522,1266
9ed6d895687a1e9619daabba37632c7c,rustme/IiilIllIiI.class,1519,1263
931794090449c65c8c0e80405be38f73,rustme/liilIllIiI.class,1669,1413
1eb5079667d12e4403898081a328893f,rustme/iIilIllIiI.class,1502,1246
e3b40cdd11513011def88ac8a2286a75,rustme/IIilIllIiI.class,4176,3920
4ba5c9f5a873b00ce28b97ebd2a48c71,rustme/lIilIllIiI.class,3062,2806
45bb46a87c3fbd2a3eac7c36e5db6353,rustme/ililIllIiI.class,1659,1403
8a1598ae786e556cf3a8a3bd3c726eed,rustme/IlilIllIiI.class,1678,1422
ddf4526ae9562cb7f0338d29db345c23,rustme/llilIllIiI.class,1670,1414
80b0022bb767d9b5d287e0a4ce92dd05,rustme/iiIlIllIiI.class,2258,2002
a2c19adf2a9f0316a374dec5bb404834,rustme/IiIlIllIiI.class,4885,4629
414accc7e048dc1a704d5e3559371a1e,rustme/liIlIllIiI.class,1662,1406
46967c81dfb9f96d489771c507032456,rustme/iIIlIllIiI.class,3176,2920
a8d9e909c31058e924b4f48701719fde,rustme/IIIlIllIiI.class,2524,2268
07b62e877747182117cfbdc4d008d6b1,rustme/lIIlIllIiI.class,2685,2429
915a4b44d65cd25aae34d403a349e360,rustme/ilIlIllIiI.class,2296,2040
10e6204dab2f30faa2ca2f4aa639359c,rustme/IlIlIllIiI.class,2520,2264
408d4f31a639b40ce4e88c796619ce61,rustme/llIlIllIiI.class,3282,3026
7037c269a344045aafa1fed40c42fda0,rustme/iillIllIiI.class,1667,1411
9fde60a79b885b7f61abfcdeaca5ee30,rustme/IillIllIiI.class,1520,1264
7a2e2a3a413b81a49f74ef024b15b049,rustme/lillIllIiI.class,2678,2422
7c73c865cab52620ca7b49c6ec2b95c6,rustme/iIllIllIiI.class,2818,2562
c3fc7f16eeaa79851d10b1da2b1c2b6c,rustme/IIllIllIiI.class,3672,3416
79333953501c81311e9386eb06397fd1,rustme/lIllIllIiI.class,3203,2947
8b76dbb3f110b471834bab3e92aa9f97,rustme/illlIllIiI.class,1662,1406
f49ed22d73bb108fb468fade1c8ae7b4,rustme/IlllIllIiI.class,2649,2393
8b00c561c0174ab4d3ccc0140856ff9c,rustme/llllIllIiI.class,2929,2673
c7961251c8a0dfa7b49c8628696564f5,rustme/iiiilllIiI.class,1701,1445
423a9dd31996b712028c0e7d7d286b9f,rustme/IiiilllIiI.class,3135,2879
be02cc4d3b6ad8fdc7e2228fdcd2402e,rustme/liiilllIiI.class,3083,2827
37bb1bbb17c23486578935f3cd53f3b9,rustme/iIiilllIiI.class,1681,1425
ee75fcd853560e93e204cfa1b64b0a2f,rustme/IIiilllIiI.class,2291,2035
b950e7edc1f4e563f1022d9cea4f17f3,rustme/lIiilllIiI.class,3153,2897
f102e5d24a70facf359d2f773990560f,rustme/iliilllIiI.class,1664,1408
a5e508b78d92048c959bfba632a4c712,rustme/IliilllIiI.class,1518,1262
d1e500e71ec3b22b17cac89de84dd93f,rustme/lliilllIiI.class,1681,1425
6e43487469c7299263313c4858a9cd57,rustme/iiIilllIiI.class,1041,785
7f02a21ac09bb58ea7330eaa65e4aa6c,rustme/IiIilllIiI.class,1711,1455
b9dc58d835a7e823a120df633f6bfff5,rustme/liIilllIiI.class,1709,1453
257f5b73d006e53d318468b6f8ff03e1,rustme/iIIilllIiI.class,1065,809
78bc539fafab89a7c3f9caf42d3db3cc,rustme/IIIilllIiI.class,12186,11930
5f42cfce247df2c0f93cb15070538dcc,rustme/lIIilllIiI.class,1935,1679
16362836e55f0383f6ce3671833a6fbc,rustme/ilIilllIiI.class,1388,1132
1983147496f0bd5572dbd0b6a4c9fca5,rustme/IlIilllIiI.class,912,656
c6bd57095fdcd83ff29a8298eb115df6,rustme/llIilllIiI.class,2249,1993
32d6c624bfa987f7b6e790420bd91e8f,rustme/iililllIiI.class,1390,1134
597723ec94449798c1ba6adc17e2ff93,rustme/IililllIiI.class,19032,18776
e0a924a1bca76b28876a1cf2ecc74630,rustme/lililllIiI.class,480,224
4a778b89fb313f9a4abfd2a28e8a0da2,rustme/iIlilllIiI.class,750,494
678348e067b3c110b7001ec5969e7fe3,rustme/IIlilllIiI.class,457,201
7bffb8ff00924b62674b62f35b8d753b,rustme/lIlilllIiI.class,750,494
f23a56935978e4bec0207ab9fcb51b99,rustme/illilllIiI.class,751,495
8313116015f1c8c8397dedc8060acd5e,rustme/IllilllIiI.class,498,242
3a796097f45bba2673d5b636606b7ddf,rustme/lllilllIiI.class,501,245
05a309e13c3ebf7759e3d58e695fbc44,rustme/iiiIlllIiI.class,923,667
ec0c2ebb13057d241b9fe6c6c4792bcc,rustme/IiiIlllIiI.class,3553,3297
efb2e2d6d48e212b71d9f2ecc834f698,rustme/liiIlllIiI.class,843,587
4df748e9c0fb3f5dd9eafdaa53bf5e2e,rustme/iIiIlllIiI.class,2044,1788
112a4a9531a2c0600c9eb1c1982d90ad,rustme/IIiIlllIiI.class,2232,1976
50cea4084a10c66f94f10081c35b7a44,rustme/lIiIlllIiI.class,1171,915
6a267bf54dbb65c44191bb88c1225415,rustme/iliIlllIiI.class,2681,2425
e74a32baceb0add78066f6d8a9e14f40,rustme/IliIlllIiI.class,863,607
bb8be0557129a0d2b88c9b1df1e4f9b9,rustme/lliIlllIiI.class,4143,3887
d37a0a4278d9c8b4a544233cc2fb08a1,rustme/iiIIlllIiI.class,1999,1743
e04eeca18c1d5540d7e824f325bdc10c,rustme/IiIIlllIiI.class,2407,2151
f14f9977eb4ab9c4a6694df5b3f14949,rustme/liIIlllIiI.class,3656,3400
9c649863a83d2b192d8099aabe337783,rustme/iIIIlllIiI.class,2087,1831
01358a48854e15e632f089e6e40d0569,rustme/IIIIlllIiI.class,804,548
3069c1618b8b39b2af2f8ad0fb286cfe,rustme/lIIIlllIiI.class,3089,2833
cd6897358a2c0c979f2929967dc801d0,rustme/ilIIlllIiI.class,642,386
b91f3db43eeb72bdff6cc01aa5ab38aa,rustme/IlIIlllIiI.class,2540,2284
df246f409c8df72abc09c809f30b3d2f,rustme/llIIlllIiI.class,1697,1441
0fa77afe4384a4d347bf7bf56b4695f4,rustme/iilIlllIiI.class,1859,1603
3839d8f4feda5136964640d7f4b05b20,rustme/IilIlllIiI.class,591,335
7f889eadc8121a6860613148ddcfbd1c,rustme/lilIlllIiI.class,2104,1848
90a8099ef3ba87a9a02bbbd0bfa279bb,rustme/iIlIlllIiI.class,8473,8217
017a9cf752c104cf74fb01e728baf616,rustme/IIlIlllIiI.class,11833,11577
8b43f941cc71c17deb41ae8181282bf1,rustme/lIlIlllIiI.class,5724,5468
846500fbea2e5af457acae5d4c0fb44e,rustme/illIlllIiI.class,1387,1131
45853dc511a6a3db80d4737268c274d5,rustme/IllIlllIiI.class,4387,4131
e0fb30ff3ac942da61505a34055e25fa,rustme/lllIlllIiI.class,3341,3085
fff94e1262673b387469f148dbd5b877,rustme/iiillllIiI.class,1839,1583
e3a394ff8495abf32e17f755b69fcfe1,rustme/IiillllIiI.class,6157,5901
50ebb581e5406faefeca871f3454e365,rustme/liillllIiI.class,513,257
29c02ac8fd4a8e46c039efa7e68e843c,rustme/iIillllIiI.class,511,255
df4bdaf6c0f2de95d3fd329ce8b5f82c,rustme/IIillllIiI.class,755,499
6dad2877405295c111b32fddfa20d684,rustme/lIillllIiI.class,4519,4263
273d16a206ef24db15843eb668e6e7d1,rustme/ilillllIiI.class,2436,2180
841e2709eb1ba44c2d86357dd5f876f4,rustme/IlillllIiI.class,1282,1026
02f5f5d04f481a63efcac5222a2ac661,rustme/llillllIiI.class,3682,3426
567b867464efd8043d3eeb307eb87568,rustme/iiIllllIiI.class,6485,6229
31c1c219059a7c6a37ec6bbbce11e968,rustme/IiIllllIiI.class,4256,4000
a4cc91056e12d242436f3d1580d58a0c,rustme/liIllllIiI.class,3646,3390
bc6ac29481999734ff802701648a30f0,rustme/iIIllllIiI.class,2760,2504
32b3d6eb02e067e8ff81a1d0f692676e,rustme/IIIllllIiI.class,5370,5114
53774b34670531bf362196382e5eaec8,rustme/lIIllllIiI.class,4311,4055
3f93796d370a745f07c4c25c02496744,rustme/ilIllllIiI.class,8381,8125
97e0a1adbf9f570645b986b4f8cdd11a,rustme/IlIllllIiI.class,2436,2180
371b6c4326d8aea46de756f72548077e,rustme/llIllllIiI.class,4649,4393
0d63ef70f9dbb029e6134407d1566374,rustme/iilllllIiI.class,5669,5413
81491f72b7e58380c6f2617b3a4dd1d0,rustme/IilllllIiI.class,1161,905
630c6ba1b5c98ec2668fcc66e7de9f7d,rustme/lilllllIiI.class,3434,3178
997c35d30132e7d2a9ca5d0649e9df6c,rustme/iIlllllIiI.class,4606,4350
1a894b547801c76a6dda24d98cc2ae18,rustme/IIlllllIiI.class,5494,5238
062d2a1aa1084ea9256e1c2c05fd01f3,rustme/lIlllllIiI.class,5362,5106
e069aca52829b950958732360df2de8a,rustme/illllllIiI.class,2989,2733
7544f9cbfd42c3627462bea23fe2f311,rustme/IllllllIiI.class,635,379
738eeed3ab246f672374f697415a8c7a,rustme/lllllllIiI.class,4452,4196
1bd15b75057189bc705f1413ce2d85d4,rustme/iiiiiiiliI.class,14698,14442
2d329632e715f4112225e8c95b19078b,rustme/IiiiiiiliI.class,1352,1096
88ce6b60acfe940c55777e8481c55565,rustme/liiiiiiliI.class,2665,2409
7003543629cbf8c88c86a1522711a8e2,rustme/iIiiiiiliI.class,14953,14697
e8b22e4dcde4a63a4d457316ecc64ce9,rustme/IIiiiiiliI.class,2336,2080
8c026ba46136123403aa0a5f9ef94093,rustme/lIiiiiiliI.class,4381,4125
e16bf8d066123a145beb0f511772bff4,rustme/iliiiiiliI.class,10573,10317
a7e9ae8e2241b95e98501fee9b6e360c,rustme/IliiiiiliI.class,2047,1791
3b89b1916a0921fe0b7d4a6a2c458cf6,rustme/lliiiiiliI.class,459,203
29566e6529450b6b06779da1cf573639,rustme/iiIiiiiliI.class,3632,3376
0e276f22a9f648f88e352657187e3247,rustme/IiIiiiiliI.class,1627,1371
6b2133f84b9511ad5ee356846263d67c,rustme/liIiiiiliI.class,1312,1056
986a13483fa01559dcfe7a76da78c9a3,rustme/iIIiiiiliI.class,3502,3246
b3dd836ef9eae3ba2860d4fb6ebfe656,rustme/IIIiiiiliI.class,4943,4687
1cd71a83269f70abdc75c5fd3ae63921,rustme/lIIiiiiliI.class,3890,3634
62eeac8804d2250aced354a2846642a3,rustme/ilIiiiiliI.class,2585,2329
be924eea3ef49fdd3baec27bc63942a2,rustme/IlIiiiiliI.class,3498,3242
b8cbc9acb1a7116cfc40af4f57567fad,rustme/llIiiiiliI.class,8366,8110
88bcf7352022e33ebb401034388f3866,rustme/iiliiiiliI.class,2462,2206
3014ef77a4af1b91141f0112dc0711f2,rustme/IiliiiiliI.class,7870,7614
3b71ebd106ac403c378d2320890f4d0a,rustme/liliiiiliI.class,2098,1842
1835542cb988b0ca486c0cc2f2fe3bc8,rustme/iIliiiiliI.class,7805,7549
612fe065c889f33d8ef673a3f98be80c,rustme/IIliiiiliI.class,3211,2955
edd97bf04dae6be36223ea53590dea5e,rustme/lIliiiiliI.class,6852,6596
59196c24b3dbe8e6466efc25dc6ab92f,rustme/illiiiiliI.class,3406,3150
183314668f5033cc6a1fe61d005fd1a2,rustme/IlliiiiliI.class,4858,4602
eb33d433697a7e4b46508afb63a4d6a0,rustme/llliiiiliI.class,2345,2089
5fa47752030544c444a6d00b039d2cec,rustme/iiiIiiiliI.class,7015,6759
101f7e611269b8cf5bd2b32916f773d6,rustme/IiiIiiiliI.class,821,565
1f8cb819a9b2e8a5581540f68c126d32,rustme/liiIiiiliI.class,9318,9062
601e5c335c4cd4fbd7ecdfe76bae227d,rustme/iIiIiiiliI.class,2155,1899
af2778293e3f99d53433e6066937ca0d,rustme/IIiIiiiliI.class,8184,7928
7ef6f081c10d923734b6dd4adb98ac39,rustme/lIiIiiiliI.class,2344,2088
f706455d341e99e95859f558a13f9693,rustme/iliIiiiliI.class,2348,2092
c5ed090bb51c8cd0dc51c4ab6167c092,rustme/IliIiiiliI.class,3691,3435
84150d4f57930f622d2519991ed7e337,rustme/lliIiiiliI.class,793,537
8cfc3bebde79645a26f968f9413fb809,rustme/iiIIiiiliI.class,3105,2849
1deb9cce708e769a9e28ac3a5b60ef10,rustme/IiIIiiiliI.class,2613,2357
e320b7892973c7ad4456e98d938663ec,rustme/liIIiiiliI.class,1073,817
1f662ea97f1f516431db71df0cda1a8d,rustme/iIIIiiiliI.class,3377,3121
739253e2f51e57199191319844ed98e3,rustme/IIIIiiiliI.class,4797,4541
aa0ca2f0257fba9012ba14b2efa47e08,rustme/lIIIiiiliI.class,1720,1464
81bd3239e5d738f1880a9b4eda31593f,rustme/ilIIiiiliI.class,2046,1790
1c26b018406f3469d6bc6e3494a009ea,rustme/IlIIiiiliI.class,2653,2397
880261f549b509551dcdae14f13a8873,rustme/llIIiiiliI.class,2269,2013
33d24dfcb1d537546f0b1740a658ed7e,rustme/iilIiiiliI.class,683,427
7a99a179dcb29f7930526eb230cf78ae,rustme/IilIiiiliI.class,2206,1950
777003687d1bc6422cb50e1e7df27725,rustme/lilIiiiliI.class,3480,3224
573fb9f283c7e1c9cae55560f3270f96,rustme/iIlIiiiliI.class,1809,1553
d2371d2077e442bad9b064da849e7dd4,rustme/IIlIiiiliI.class,1777,1521
76e68af7633caebb1b4da10d862b5b0d,rustme/lIlIiiiliI.class,2542,2286
f3a6dcdf658146c5a7e539ef83204ffd,rustme/illIiiiliI.class,6421,6165
ab4ac38b1d24e96338b21d990261a5d2,rustme/IllIiiiliI.class,5557,5301
ff00631a1480f3676c205c1bffadb82e,rustme/lllIiiiliI.class,1486,1230
0da5a9acd7271b475b7830e81de4b2e2,rustme/iiiliiiliI.class,2507,2251
378cbdacb8aba35abfd261432eb7e9bc,rustme/IiiliiiliI.class,2096,1840
12078d162828569978859383568e1772,rustme/liiliiiliI.class,1785,1529
619d0d0fc4a4117cfc7373477cb61323,rustme/iIiliiiliI.class,2138,1882
0144579f572de2fb3e23769a3b0aeb82,rustme/IIiliiiliI.class,941,685
b20fb96bd010a009a15e69c61a7473d3,rustme/lIiliiiliI.class,1706,1450
3c03de16381eaae45ce03415ff5e8d25,rustme/ililiiiliI.class,1683,1427
56db9df7381590714b83c94243704300,rustme/IliliiiliI.class,7957,7701
41578033a22bfcb0767d0539ea9f57b6,rustme/lliliiiliI.class,2484,2228
c708138b60a3e4955020e095950606e7,rustme/iiIliiiliI.class,11652,11396
f6b1034cc6bc77ece6040aa26e81affc,rustme/IiIliiiliI.class,927,671
18fb600fd1bbe19ed365b59bf4eaa308,rustme/liIliiiliI.class,1412,1156
0a1bd4fc59bd9d7d3478108f78b2ae89,rustme/iIIliiiliI.class,20151,19895
404c59512c6f50b9625e5d8762d40db0,rustme/IIIliiiliI.class,2718,2462
36893eb15f77e8b2b763cba1052d2a0a,rustme/lIIliiiliI.class,1598,1342
c990b455218eb5d63b74ceadae842ead,rustme/ilIliiiliI.class,5625,5369
fd7565cf153afc1ef250febb71ebd069,rustme/IlIliiiliI.class,7638,7382
c1302b35fa6bc86751c6cfdaa8597a9f,org/lwjglx/BufferChecks.class,7642,7386
f468aaa8aeabd93033c2553722603148,org/lwjglx/BufferUtils.class,4475,4219
1fdcc0a476d271811ffb77e9ae3ce4db,org/lwjglx/LWJGLException.class,1256,1000
401d9f0a02c08efcd668d369e045c686,org/lwjglx/LWJGLUtil$1.class,1094,838
94565f1a6898c26cec2bd43045df2f98,org/lwjglx/LWJGLUtil$TokenFilter.class,627,371
bf5fa735f3e278969372b24dd1b9a1bf,org/lwjglx/LWJGLUtil.class,22507,22251
107c69f713af1f0c64872fdbbc82d662,org/lwjglx/MemoryUtil.class,6163,5907
24016857bd4e2a9f0800669a973e5da9,org/lwjglx/openal/AL.class,3933,3677
87996ac7acc3ed06de013b75dcd81857,org/lwjglx/openal/AL10.class,11985,11729
5a3a599bd469268b962c4818478c20e8,org/lwjglx/openal/AL11.class,4205,3949
3f7e3f8a6c24e41f681b61e4c36b5dbc,org/lwjglx/openal/ALC10.class,5281,5025
6506d2e160ce2f5d4254372236e2ac7c,org/lwjglx/openal/ALC11.class,2562,2306
6e0ce1763a6e8b5088abe2b2185a01e5,org/lwjglx/openal/ALCcontext.class,1702,1446
20c789f165343114192c3c68120c021a,org/lwjglx/openal/ALCdevice.class,2539,2283
a26b470f59300c7f7a6fc3d59c307c3a,org/lwjglx/openal/EFX10.class,39489,39233
915df898af7e477ed2186d0d6570e71c,org/lwjglx/openal/EFXUtil.class,3521,3265
64cc9aa74460585e5e1555ed49291f2c,org/lwjglx/openal/OpenALException.class,1852,1596
edd12a42fcc9ac4933dfe41f096b1640,org/lwjglx/openal/Util.class,2270,2014
ce00f00199f8212d3d7569ebc86d58c9,org/lwjglx/opengl/AMDBlendMinmaxFactor.class,837,581
53c9ccfd1ba78bf052b770825dc1deff,org/lwjglx/opengl/AMDDebugOutput.class,2855,2599
6a8ad359bc093a9dec66e27e57a47f90,org/lwjglx/opengl/AMDDepthClampSeparate.class,851,595
c40f0ebe131412140e2cffacb3374787,org/lwjglx/opengl/AMDDrawBuffersBlend.class,1461,1205
630e018b62cb705d98fe4ab0f380a7b0,org/lwjglx/opengl/AMDInterleavedElements.class,1091,835
b852d060a8ff726425bbc02b971a6015,org/lwjglx/opengl/AMDPerformanceMonitor.class,3798,3542
0872649d1f254ce123e39571608860a5,org/lwjglx/opengl/AMDPinnedMemory.class,777,521
104680274468cfb22aa81ec47ae42c9d,org/lwjglx/opengl/AMDQueryBufferObject.class,924,668
9ba08c056fb3970ccc3a4f81e2ac3fd7,org/lwjglx/opengl/AMDSamplePositions.class,1059,803
c24efaeb2808af2e58ec2c7750fc5630,org/lwjglx/opengl/AMDSeamlessCubemapPerTexture.class,807,551
1188960270aba81b64ed5058b5540a0d,org/lwjglx/opengl/AMDSparseTexture.class,1932,1676
e2b267b4d0d866da8801d29e71e45570,org/lwjglx/opengl/AMDStencilOperationExtended.class,1206,950
3e0325a9f1b4a37a2a1360b6e71680f2,org/lwjglx/opengl/AMDVertexShaderTessellator.class,1554,1298
7c81639da2e489946822add9eb760af2,org/lwjglx/opengl/ARBBaseInstance.class,2559,2303
7cd012d916084762b62bd7b1554aca69,org/lwjglx/opengl/ARBBindlessTexture.class,3418,3162
ed6f46180d4dfe15ca1a3f8245380fa8,org/lwjglx/opengl/ARBBlendFuncExtended.class,1834,1578
ce05633e362c9b0b3d1a1078afddb17a,org/lwjglx/opengl/ARBBufferStorage.class,3058,2802
810ac39e5f3dd4043bfb2464fa57037a,org/lwjglx/opengl/ARBClearBufferObject.class,1636,1380
a25f2a68b2405e26b1d75eb5d9cca544,org/lwjglx/opengl/ARBClearTexture.class,3218,2962
c8c14af0748bb006e02c21d03a9d4bad,org/lwjglx/opengl/ARBClipControl.class,1259,1003
33c5b861b193cbc62249055629812e02,org/lwjglx/opengl/ARBColorBufferFloat.class,1457,1201
2145f0f58a8bad255918a75db8757976,org/lwjglx/opengl/ARBCompressedTexturePixelStorage.class,1375,1119
3d9d999370160163e65c06faadad03d8,org/lwjglx/opengl/ARBComputeShader.class,2531,2275
24e557249bba21aa0cbff5f7a7cdec2d,org/lwjglx/opengl/ARBComputeVariableGroupSize.class,1420,1164
b2555674cb016d7db1dbad00b4016b5c,org/lwjglx/opengl/ARBConditionalRenderInverted.class,1037,781
8dce29180cb8a3ef22e83ca417a6e119,org/lwjglx/opengl/ARBCopyBuffer.class,1100,844
026716ff7e91a650b2935c6fc14fd5c5,org/lwjglx/opengl/ARBCopyImage.class,1150,894
c51c4d0cca6c837fd517a45d746047d6,org/lwjglx/opengl/ARBCullDistance.class,848,592
a2acbf41da15aa94fb71ddcae93929e7,org/lwjglx/opengl/ARBDebugOutput.class,4034,3778
0f5497be9696bb411fa6a817796660da,org/lwjglx/opengl/ARBDebugOutputCallback$Handler.class,675,419
017c72a8f2418aba63eb0191cd65fa11,org/lwjglx/opengl/ARBDebugOutputCallback.class,2359,2103
e574a47c3b47230a0ce668f8fe9373aa,org/lwjglx/opengl/ARBDepthBufferFloat.class,922,666
c0ba2628a83cc2d3e2dda53317ddda0b,org/lwjglx/opengl/ARBDepthClamp.class,748,492
db37c73da2bec00f380f2631bbe8d0db,org/lwjglx/opengl/ARBDepthTexture.class,1054,798
1d37b29f96ed578825ceffe8f96752a6,org/lwjglx/opengl/ARBDirectStateAccess.class,23329,23073
45c47914ee98c537869958db55f88b7d,org/lwjglx/opengl/ARBDrawBuffers.class,2181,1925
ca9b5bf541cf9efb23015b03dafa6048,org/lwjglx/opengl/ARBDrawBuffersBlend.class,1437,1181
6adbc4dc14008ab740edc1a7fcb70e0e,org/lwjglx/opengl/ARBDrawElementsBaseVertex.class,3017,2761
e82758e06f0bf91e8868403f332183cc,org/lwjglx/opengl/ARBDrawIndirect.class,1851,1595
54132eb8f3e41e8586b84d986d38069d,org/lwjglx/opengl/ARBDrawInstanced.class,1693,1437
54acd9bf3b666d172ace10a1e29448c6,org/lwjglx/opengl/ARBEnhancedLayouts.class,935,679
ac6bde25fde8ef83cc1602bfafa93c30,org/lwjglx/opengl/ARBES2Compatibility.class,2656,2400
2fc798bc1de21dbfa8323d446707c7d1,org/lwjglx/opengl/ARBES31Compatibility.class,877,621
188637887674ba977341b8d4dd6058f2,org/lwjglx/opengl/ARBES3Compatibility.class,1711,1455
5331cd1ac400e1dd265f33f823526f4a,org/lwjglx/opengl/ARBExplicitUniformLocation.class,797,541
905f66b92dd55b08866a06eafc50aac6,org/lwjglx/opengl/ARBFragmentProgram.class,1938,1682
068089a0d2edd11076a1a91b26707439,org/lwjglx/opengl/ARBFragmentShader.class,1091,835
70b3bacabee93c9913d5d900f684cdb7,org/lwjglx/opengl/ARBFramebufferNoAttachments.class,2219,1963
6b59ad5c9b1c94288f5eaa49f42a83e2,org/lwjglx/opengl/ARBFramebufferObject.class,9869,9613
61ec742fe5f3175e5373b8debdf4aead,org/lwjglx/opengl/ARBFramebufferSRGB.class,1011,755
d7c26de5389567383349205677d1f725,org/lwjglx/opengl/ARBGeometryShader4.class,3122,2866
9e54d554175fc7e2eec7f633fd5cdf1a,org/lwjglx/opengl/ARBGetProgramBinary.class,1697,1441
e5912eeb9acf262b3404ed042e7a5472,org/lwjglx/opengl/ARBGetTextureSubImage.class,3951,3695
670b925df61379450d1de41cf79a2e53,org/lwjglx/opengl/ARBHalfFloatPixel.class,763,507
267991eb23934a7cab2515ff4235b7be,org/lwjglx/opengl/ARBHalfFloatVertex.class,762,506
8dceda83190093a6650098cc4c0ca4dd,org/lwjglx/opengl/ARBImaging.class,44540,44284
a9dd4d0a9f39cde6f8c4e6ef8ae57394,org/lwjglx/opengl/ARBIndirectParameters.class,2190,1934
fd5188bbcc75ccdbb7b4af2b8eac7487,org/lwjglx/opengl/ARBInstancedArrays.class,987,731
3eb3281ad59230d5a014fa071112fba6,org/lwjglx/opengl/ARBInternalformatQuery.class,781,525
b461ea1a60cd337e9471d4473de95d2e,org/lwjglx/opengl/ARBInternalformatQuery2.class,8651,8395
3736ff441df20a31cbf0b281c26db4ad,org/lwjglx/opengl/ARBInvalidateSubdata.class,1925,1669
465d1195329560f66cd3886d5587a8ae,org/lwjglx/opengl/ARBMapBufferAlignment.class,785,529
591897c0577f48e12d789fda417440fc,org/lwjglx/opengl/ARBMapBufferRange.class,1607,1351
587ab6f5fe9f3686d96e05052ebab202,org/lwjglx/opengl/ARBMatrixPalette.class,2875,2619
f299e9c1a69752acd107373019d53eb7,org/lwjglx/opengl/ARBMultiBind.class,663,407
87a6b92c08c07d9116c912927049d9fa,org/lwjglx/opengl/ARBMultiDrawIndirect.class,1893,1637
3fc3e7e3f28ebf61bc1acf2d920786cb,org/lwjglx/opengl/ARBMultisample.class,1534,1278
a06a58840c26b700cc2482f5d71e4985,org/lwjglx/opengl/ARBMultitexture.class,5835,5579
4920e81d543818175a04243fcf584eb6,org/lwjglx/opengl/ARBOcclusionQuery.class,2880,2624
ef80dbcebf5147cfd9b34011778a6fe5,org/lwjglx/opengl/ARBOcclusionQuery2.class,770,514
10a624cbc878ba08db561151b12374d8,org/lwjglx/opengl/ARBPipelineStatisticsQuery.class,1615,1359
a211c2db8a7c2148cda698f7ab2fde3b,org/lwjglx/opengl/ARBPixelBufferObject.class,1016,760
735487d48970db4bc52723698c6d94fc,org/lwjglx/opengl/ARBPointParameters.class,1423,1167
53db492c6a00eddf3c826b3c1925d6f6,org/lwjglx/opengl/ARBPointSprite.class,824,568
d6c1e237c3730b4989ea7618bd76e025,org/lwjglx/opengl/ARBProgramInterfaceQuery.class,5636,5380
4929eff086c24ea820de2fedc829cd03,org/lwjglx/opengl/ARBProvokingVertex.class,1180,924
ba8948f3673662a294fc6a3d5a9d3a24,org/lwjglx/opengl/ARBQueryBufferObject.class,987,731
48d75ee9d5963e2767e2a8019dc9aff1,org/lwjglx/opengl/ARBRobustness.class,7579,7323
8f4d8f55b15bb780d448a9f9ad15334c,org/lwjglx/opengl/ARBSamplerObjects.class,2419,2163
1f100f813daeeb683270fcd02e13d1d0,org/lwjglx/opengl/ARBSampleShading.class,1024,768
bd79543be9c05c5ca85ae96c6c298ceb,org/lwjglx/opengl/ARBSeamlessCubeMap.class,777,521
da6303956f2e00b3163539fa1e0cbc7e,org/lwjglx/opengl/ARBSeamlessCubemapPerTexture.class,807,551
eb6d6c9dae330c167448ed29ae8a81f5,org/lwjglx/opengl/ARBSeparateShaderObjects.class,5985,5729
bdd744f52e4c3c1a9f28bbfb40015b72,org/lwjglx/opengl/ARBShaderAtomicCounters.class,3239,2983
e756301b05a4ad466e24e373f3a1c5c1,org/lwjglx/opengl/ARBShaderImageLoadStore.class,5860,5604
1a4ec8a00af1b51435378d446b7793af,org/lwjglx/opengl/ARBShaderObjects.class,10311,10055
a2db048800554310fa8acdbad874260e,org/lwjglx/opengl/ARBShaderStorageBufferObject.class,2326,2070
e325becd909f82b0ab94129fbdab0eb9,org/lwjglx/opengl/ARBShaderSubroutine.class,3328,3072
390d54c3a9cafe536b079af441ee6764,org/lwjglx/opengl/ARBShadingLanguage100.class,789,533
43c26a9e9596b7d6486ea588fcf9486e,org/lwjglx/opengl/ARBShadingLanguageInclude.class,3116,2860
0a305f5baf45693c9ce42cc19e5dfd86,org/lwjglx/opengl/ARBShadow.class,899,643
da9ba61d63bd40e3cf754242d7066831,org/lwjglx/opengl/ARBShadowAmbient.class,776,520
cddc3612be11644d10f94ddcb0f899b2,org/lwjglx/opengl/ARBSparseBuffer.class,1094,838
65afd6a537ecf68dc2406a810bea135c,org/lwjglx/opengl/ARBSparseTexture.class,1911,1655
2623ee54c88813f7b210f846fe3b287e,org/lwjglx/opengl/ARBStencilTexturing.class,781,525
d362697ecb91194f92718aec361b90f3,org/lwjglx/opengl/ARBSync.class,1820,1564
65a46c6b3627f4ac21eedf6a8c376e9f,org/lwjglx/opengl/ARBTessellationShader.class,3428,3172
e0c3104a2e1969cad80e8cfec6fd73a0,org/lwjglx/opengl/ARBTextureBarrier.class,817,561
9142aa44e78d90bd4d9b911fe6878665,org/lwjglx/opengl/ARBTextureBorderClamp.class,780,524
b2ae414aca47d79152d66ef2c05fe082,org/lwjglx/opengl/ARBTextureBufferObject.class,1328,1072
c3642c0ec4fa1c57607fe70a25c732e0,org/lwjglx/opengl/ARBTextureBufferRange.class,1415,1159
07488d166631581fa683b2e59dbc554f,org/lwjglx/opengl/ARBTextureCompression.class,4129,3873
70be50424c17d4a790571a7ff83f60f4,org/lwjglx/opengl/ARBTextureCompressionBPTC.class,1066,810
be5e920688ecb4f304aa93ff3689c116,org/lwjglx/opengl/ARBTextureCompressionRGTC.class,1018,762
daa26d18396c55deef285311c6fbb14f,org/lwjglx/opengl/ARBTextureCubeMap.class,1631,1375
86d07bccd227c48c2d8ad13c02d99968,org/lwjglx/opengl/ARBTextureCubeMapArray.class,1290,1034
07061462e9afd2fc18e5118f7353ae0f,org/lwjglx/opengl/ARBTextureEnvCombine.class,2165,1909
e9eb1fc026ac810034359be790a9891f,org/lwjglx/opengl/ARBTextureEnvDot3.class,825,569
b7576993cb95da83c06d3ac076c0fd94,org/lwjglx/opengl/ARBTextureFloat.class,2068,1812
38ae2c5ee68928ad38636870a1f9b7b6,org/lwjglx/opengl/ARBTextureGather.class,963,707
613530ac56ad5268f88ce859f38f80c0,org/lwjglx/opengl/ARBTextureMirrorClampToEdge.class,799,543
50b28a129db1af1fd8f08e826b9ff6a8,org/lwjglx/opengl/ARBTextureMirroredRepeat.class,789,533
c0a72dc50b7e87f5a988ef67c2c0d4cb,org/lwjglx/opengl/ARBTextureMultisample.class,3011,2755
894c53099bde70274edbacd83a578941,org/lwjglx/opengl/ARBTextureRectangle.class,1162,906
3b4ddd0773fc687e7faa01cdb5a6486e,org/lwjglx/opengl/ARBTextureRGB10_A2UI.class,768,512
c54c8d11b6b079f1282a0697c6ea892d,org/lwjglx/opengl/ARBTextureStorage.class,1960,1704
eb85c752b7d94e494c1bc04a881f8225,org/lwjglx/opengl/ARBTextureStorageMultisample.class,1709,1453
8d81e70999a86eeb556f0f2d450e303c,org/lwjglx/opengl/ARBTextureSwizzle.class,1041,785
e8fc91630d5b8a7a84cf92153152a5c1,org/lwjglx/opengl/ARBTextureView.class,1405,1149
1bcb62ab7e8c2697775d416b4770f0f7,org/lwjglx/opengl/ARBTimerQuery.class,1267,1011
ada656b97dadabaa8d6d6bfa6dcdbda2,org/lwjglx/opengl/ARBTransformFeedback2.class,2204,1948
3d8553f672e1d8db18d39d23b1bdf664,org/lwjglx/opengl/ARBTransformFeedback3.class,1540,1284
3350ce60434550941065e734ab68c0df,org/lwjglx/opengl/ARBTransformFeedbackInstanced.class,1155,899
d41e34191f70a975e915524e4a694a0d,org/lwjglx/opengl/ARBTransformFeedbackOverflowQuery.class,917,661
70a3a4c7ca4bcb93b935ab2bf3ef9920,org/lwjglx/opengl/ARBTransposeMatrix.class,1430,1174
64ebbe95db302cc1bcd0be27ce65ef36,org/lwjglx/opengl/ARBUniformBufferObject.class,5480,5224
cb86e2b3dc5fba805a9ec4021e45d18e,org/lwjglx/opengl/ARBVertexArrayObject.class,1555,1299
612ce19b910f03edee35e7a68201048e,org/lwjglx/opengl/ARBVertexAttribBinding.class,2351,2095
94b44b4124f1d78fcb09dfc5aa558cc7,org/lwjglx/opengl/ARBVertexBlend.class,6488,6232
dd11c836c3a4570d1149525986ed364d,org/lwjglx/opengl/ARBVertexBufferObject.class,1863,1607
57ea1dc10c4918f6a0d1fb41ce1e1158,org/lwjglx/opengl/ARBVertexProgram.class,4659,4403
3f049b18e18fc1280a811b9aaa3821a8,org/lwjglx/opengl/ARBVertexShader.class,8650,8394
dd7d4c61746eb15002dfa8b5bdbe6901,org/lwjglx/opengl/ARBVertexType2_10_10_10_REV.class,3592,3336
477b9ec669fb1b4f2fb6c22b2399d0a4,org/lwjglx/opengl/ARBViewportArray.class,1954,1698
5501507af53b9d7196a8d64a0447593e,org/lwjglx/opengl/ARBWindowPos.class,1871,1615
d31460cd750ff77b5ee1fd20af7dcea7,org/lwjglx/opengl/ATIMeminfo.class,900,644
806ef308d031b26d64ed528bceaa1b72,org/lwjglx/opengl/ATITextureCompression3DC.class,804,548
e41b81ae72a4f8bf81bafc6e72dd50c6,org/lwjglx/opengl/Context.class,740,484
0fd2d3c76e82bad451394fcf06fda98b,org/lwjglx/opengl/ContextCapabilities.class,23491,23235
008569f287642abd40618a91d1677934,org/lwjglx/opengl/EXTBindableUniform.class,1682,1426
e69cc1e3c63f13ed1ff03f4a48e91969,org/lwjglx/opengl/EXTBlendColor.class,1277,1021
b548532919e4a6c0221ad91a38840af4,org/lwjglx/opengl/EXTBlendEquationSeparate.class,1083,827
b981e43980e3e481db6e6e9b48662c62,org/lwjglx/opengl/EXTBlendFuncSeparate.class,1253,997
1f2fb94e19aebdbf030f06a1c7159d4e,org/lwjglx/opengl/EXTBlendMinmax.class,1108,852
4278044024f252583f9eef61197a18e9,org/lwjglx/opengl/EXTBlendSubtract.class,839,583
42a8f60e41f9b2b667ecb4b5ec57b648,org/lwjglx/opengl/EXTCompiledVertexArray.class,1168,912
37bf650e2289d673b52ed6b34545e946,org/lwjglx/opengl/EXTDepthBoundsTest.class,1036,780
4eddf938b42b84feffeeb4abacff91ec,org/lwjglx/opengl/EXTDirectStateAccess.class,64312,64056
024ab594592551158a65b6b582e4724c,org/lwjglx/opengl/EXTDrawBuffers2.class,2028,1772
54a24cd52f33992063ae3765abfdbffe,org/lwjglx/opengl/EXTDrawInstanced.class,1693,1437
6dd1604143ee03913507bc000b36229b,org/lwjglx/opengl/EXTFramebufferBlit.class,1369,1113
338c52e6f8f0eb1854b10a44bc3e1939,org/lwjglx/opengl/EXTFramebufferMultisample.class,1250,994
e2efa2962eaf9617430d2fb649768d14,org/lwjglx/opengl/EXTFramebufferMultisampleBlitScaled.class,905,649
9082fb5290e6c520a897422e41daaa0c,org/lwjglx/opengl/EXTFramebufferObject.class,8236,7980
63ff6b2056dafd826bed5237507a6b36,org/lwjglx/opengl/EXTFramebufferSRGB.class,1011,755
af330f8279ffa99b42e480de87d24286,org/lwjglx/opengl/EXTGeometryShader4.class,3122,2866
e9b80a2590bff7bcdfce07788d00eae2,org/lwjglx/opengl/EXTPackedDepthStencil.class,996,740
b7f5132c31b8095a4d5ef5408537c75e,org/lwjglx/opengl/EXTPackedFloat.class,1157,901
6110620db6492203f4b5c52e80e3f459,org/lwjglx/opengl/EXTPixelBufferObject.class,1016,760
e9404e0eacd5034dcc3ee0a8b21dbda4,org/lwjglx/opengl/EXTPointParameters.class,1417,1161
50c0d63b2b24728ec242dd1565368924,org/lwjglx/opengl/EXTProvokingVertex.class,1199,943
3863ab32a47016b774139a6c62afa929,org/lwjglx/opengl/EXTSecondaryColor.class,3073,2817
9be932dffde16718aa8280bb0d6a96f3,org/lwjglx/opengl/EXTSeparateShaderObjects.class,1479,1223
2d018e7eea619568b6b1114cce31fdeb,org/lwjglx/opengl/EXTShaderImageLoadStore.class,5360,5104
7456aaaa12862f03cae64a47cecf832d,org/lwjglx/opengl/EXTSharedTexturePalette.class,793,537
473edde6a394f3654b8d9437a095b8ee,org/lwjglx/opengl/EXTStencilClearTag.class,1067,811
763adf11310e0089f71aa4b3ac831e34,org/lwjglx/opengl/EXTStencilTwoSide.class,1026,770
24be8fc1eef8fea720c5fb055422dbb9,org/lwjglx/opengl/EXTStencilWrap.class,817,561
c2b10521ba248a465784ea23e50712a2,org/lwjglx/opengl/EXTTextureArray.class,1969,1713
a7d3888150db411750d3d1d7cb6039a0,org/lwjglx/opengl/EXTTextureBufferObject.class,1328,1072
3950340316014ffa06783c331d9b1085,org/lwjglx/opengl/EXTTextureCompressionLATC.class,1072,816
45cac995eb64a8b0a1d9ea0c6cf68d26,org/lwjglx/opengl/EXTTextureCompressionRGTC.class,1048,792
471d133aa8ecd6d91133b32269ae9723,org/lwjglx/opengl/EXTTextureCompressionS3TC.class,1041,785
fc7bbbabbc39a17f22ea50fe37c8ac8e,org/lwjglx/opengl/EXTTextureFilterAnisotropic.class,886,630
354a313e9ef2bd13ccc567a286f031e6,org/lwjglx/opengl/EXTTextureInteger.class,5518,5262
4093d3840b4c18f235623531463d4779,org/lwjglx/opengl/EXTTextureMirrorClamp.class,929,673
7973083adc6c259ec94ae6f4b833db72,org/lwjglx/opengl/EXTTextureSharedExponent.class,934,678
52b6284e732eb9471c0588bbc6a695c5,org/lwjglx/opengl/EXTTextureSnorm.class,2301,2045
21639e41107f34e17c368949469a1916,org/lwjglx/opengl/EXTTextureSRGB.class,1857,1601
b5f7e669a504735d0cc48545b8760e6a,org/lwjglx/opengl/EXTTextureSRGBDecode.class,908,652
35d3a0c992e20f91008a2b833768e026,org/lwjglx/opengl/EXTTextureSwizzle.class,1061,805
3cb6176883b2dd6c0e3337de9f8a82d0,org/lwjglx/opengl/EXTTimerQuery.class,1204,948
3732f997860907ef0c516da204614428,org/lwjglx/opengl/EXTTransformFeedback.class,3653,3397
52cf9d0967b6456e5a521c22a721d602,org/lwjglx/opengl/EXTVertexAttrib64bit.class,3602,3346
df337d55989e49b5122a8113f222206b,org/lwjglx/opengl/GL11.class,80654,80398
8f18bc45476e8e0455bf571b9dddce65,org/lwjglx/opengl/GL12.class,7819,7563
d7afbf3263e8b2bbbde3471d007c3dcd,org/lwjglx/opengl/GL13.class,12788,12532
97b8c4dc698a557b6a29dec0a11afe66,org/lwjglx/opengl/GL14.class,8513,8257
39e01d8140360530c006c8f88ab59f33,org/lwjglx/opengl/GL15.class,9732,9476
e8c80b54124cdf1d2bd2453d95eba320,org/lwjglx/opengl/GL15x.class,1569,1313
4d23b2a5fe71d557fc9c58e924dea05b,org/lwjglx/opengl/GL20.class,20747,20491
c4da05ab5c23171abfc1d6904d3da6ef,org/lwjglx/opengl/GL20x.class,3376,3120
38cd77f506691f169aad22c2d8b68923,org/lwjglx/opengl/GL21.class,3302,3046
3c40dc867c18a9f591797df6ff57c825,org/lwjglx/opengl/GL30.class,33169,32913
ff3279decf2e0186f20909f4b4386d1e,org/lwjglx/opengl/GL31.class,8976,8720
7677bedb6efee25e9b24c099ac9b4943,org/lwjglx/opengl/GL32.class,9944,9688
6affd51117d55ec3aee0fcc480d06cff,org/lwjglx/opengl/GL33.class,12089,11833
866928f8270b5d213f26665ec8e8f11a,org/lwjglx/opengl/GL40.class,16331,16075
0131203107fe21d1a9fb103c81299a74,org/lwjglx/opengl/GL41.class,18706,18450
741db723043ff8a9600abefd0a8d2bf5,org/lwjglx/opengl/GL42.class,12691,12435
dd2798804c4ed3084ffd3aac5ff3e2ef,org/lwjglx/opengl/GL43.class,31057,30801
50caa20432a1cf0459141d9d929dff8e,org/lwjglx/opengl/GL44.class,5978,5722
1c73d9f6ab7ac05b0dc88f8372ef6b5c,org/lwjglx/opengl/GL45.class,33528,33272
11a0e413a5025cfca54d7f5c4928f9ca,org/lwjglx/opengl/GLContext.class,1020,764
44e5a1694d5c1af67ec384038d757ea5,org/lwjglx/opengl/GLSync.class,689,433
03cc4df41a42957086c441b1c2351318,org/lwjglx/opengl/GREMEDYFrameTerminator.class,845,589
7bd56893eb9bbb70bfe46b3eaca4fff6,org/lwjglx/opengl/GREMEDYStringMarker.class,1065,809
e1fffa4f2aa9f1730d2dfce8add1c721,org/lwjglx/opengl/InputImplementation.class,1769,1513
8027d3dca0d8e625916b0c88045d932c,org/lwjglx/opengl/INTELMapTexture.class,1317,1061
6b72a0267d7260b182ceb8b7ef28ed0c,org/lwjglx/opengl/KHRContextFlushControl.class,869,613
d90cc8d67d4cadf399ce675aad34d281,org/lwjglx/opengl/KHRDebug.class,5800,5544
c1304eb25d2840e51a0887df63a2b47a,org/lwjglx/opengl/KHRDebugCallback$1.class,2803,2547
1f5964da6427e14488145fdd8297f01a,org/lwjglx/opengl/KHRDebugCallback$Handler.class,657,401
669d4310bb93e01232cc70c502d8e96b,org/lwjglx/opengl/KHRDebugCallback.class,3863,3607
f7284f97d4964c28b7072b50ed573796,org/lwjglx/opengl/KHRRobustness.class,2614,2358
53fbdd5edad313bc489bbf4405c20139,org/lwjglx/opengl/NVBindlessMultiDrawIndirect.class,1659,1403
2e372045bab51f0f1692cfb77fc7cc7e,org/lwjglx/opengl/NVBindlessTexture.class,2810,2554
7ec1d6f94312b585c0ef5c9eb04eef68,org/lwjglx/opengl/NVBlendEquationAdvanced.class,3934,3678
be876c467cf5684eecf8e5a79b7a1842,org/lwjglx/opengl/NVConditionalRender.class,1294,1038
74b3498b3ed26db2d3493943238e5d5a,org/lwjglx/opengl/NVCopyDepthToColor.class,851,595
58957101848ceb837496052fc33e95a0,org/lwjglx/opengl/NVCopyImage.class,1139,883
5c7279ed3c67f8c368a6e3a3e127f3c7,org/lwjglx/opengl/NVDeepTexture3D.class,857,601
a2bceb84c24d427a99b07b63d14384ab,org/lwjglx/opengl/NVDepthBufferFloat.class,1465,1209
d1fdd17f84e0881002c40d6e49430156,org/lwjglx/opengl/NVDepthClamp.class,748,492
c819d8d720e047d68334a189ade76224,org/lwjglx/opengl/NVDrawTexture.class,1025,769
670e0bedde1360676fb147c8dd3ae4cb,org/lwjglx/opengl/NVExplicitMultisample.class,2069,1813
10902f7a92c3f0ffceeefa606aafd811,org/lwjglx/opengl/NVFence.class,2063,1807
7a84cd3e42c6966e06a63ae80645cc98,org/lwjglx/opengl/NVFloatBuffer.class,1676,1420
5f40a14e8a5d2f041b01d67f94e10b62,org/lwjglx/opengl/NVFogDistance.class,893,637
2f217b6fefeba03d4a4e1c98f8b5fc60,org/lwjglx/opengl/NVFramebufferMultisampleCoverage.class,1414,1158
35f6a744cc99dcec61b1160dc113ae5a,org/lwjglx/opengl/NVHalfFloat.class,4561,4305
d24865e7dbabaec68b0df395f1860f70,org/lwjglx/opengl/NVLightMaxExponent.class,839,583
26cdd25ba53997ea129bc4c565f632cf,org/lwjglx/opengl/NVMultisampleCoverage.class,847,591
dde19361b597c0359c0bc34e03390cb7,org/lwjglx/opengl/NVMultisampleFilterHint.class,793,537
1c8baf444b6dcb730892290625d5e872,org/lwjglx/opengl/NVPackedDepthStencil.class,845,589
1b32fd04940f93ecdc94b66534b6cf41,org/lwjglx/opengl/NVPathRendering.class,19403,19147
713e70cc74d5f6a161888320cd25db6a,org/lwjglx/opengl/NVPixelDataRange.class,2825,2569
f3d1ae280d98966424336c819a6ffab6,org/lwjglx/opengl/NVPointSprite.class,1297,1041
92f3611a85857e1a1d6c5d5bd7e80082,org/lwjglx/opengl/NVPrimitiveRestart.class,1135,879
a5fc83e2a17527273bd1405fdda683e8,org/lwjglx/opengl/NVShaderBufferLoad.class,3446,3190
250c0bbd674e7a269fbf394dcb18f127,org/lwjglx/opengl/NVShaderBufferStore.class,790,534
aa86037ef59a9bd1f92ad2a2886f2cde,org/lwjglx/opengl/NVTexgenReflection.class,833,577
cf85cec4e899b5286e1bec764f114c03,org/lwjglx/opengl/NVTextureBarrier.class,815,559
78a0ff1e00e0ca58a583353b835dc9d6,org/lwjglx/opengl/NVTextureMultisample.class,2360,2104
6c8e089fff5afdb8ef59a340d9db8307,org/lwjglx/opengl/NVTextureShader.class,5826,5570
4933efcd998f7515840f660a04bcfcba,org/lwjglx/opengl/NVTextureShader2.class,2622,2366
f588f8b7200eaf1abdc135776c2d64f4,org/lwjglx/opengl/NVTextureShader3.class,2066,1810
e1bca25308cae2aa82ded4f4de36e71f,org/lwjglx/opengl/NVTransformFeedback.class,5216,4960
95d0b35e65830ff3b53dfa127114042d,org/lwjglx/opengl/NVTransformFeedback2.class,2226,1970
45ed9ae6f8623321118a342053f31be9,org/lwjglx/opengl/NVVertexArrayRange.class,2656,2400
8dec8c5d20a8a781ae42626fbe59c8c2,org/lwjglx/opengl/NVVertexArrayRange2.class,790,534
a3d53c3574fbfa5c46111f9eebe2dfe6,org/lwjglx/opengl/NVVertexAttribInteger64bit.class,4074,3818
a812127a319e67a8ff7b136f77a06109,org/lwjglx/opengl/NVVertexBufferUnifiedMemory.class,4389,4133
27c833f6533bc6b0baab9bbd7b33fb33,org/lwjglx/opengl/OpenGLException.class,1994,1738
db3b51d484c3d52ac90c494f074f1118,org/lwjglx/opengl/PixelFormatLWJGL.class,473,217
998e464a73e46a81a93dcf893b91997d,org/lwjglx/opengl/Util.class,1352,1096
0a4b96b71ef1f9fe0071132dd053e2c6,org/lwjglx/PointerBuffer.class,3213,2957
03ccaa6b9a97a2cb28329226b572c787,org/lwjglx/PointerWrapper.class,735,479
503bbf305aff84d3fe64fa05b23de7d1,org/lwjglx/PointerWrapperAbstract.class,2368,2112
3c60b8df9d4d353e7c8277a6a18776c6,org/lwjglx/Sys.class,4039,3783
8002d4b624c720650fc91a2ab8d63a7e,org/lwjglx/util/Color.class,8729,8473
814bbb9bd8f1b4eddda14c5c2fa52e41,org/lwjglx/util/Dimension.class,3143,2887
2ecc104e801e2cb302902e04ab78e1d8,org/lwjglx/util/glu/Cylinder.class,3316,3060
a0f456d94f633bd9009ef90df5195131,org/lwjglx/util/glu/Disk.class,2923,2667
55c9834a28774d0b126d0b6722e9776a,org/lwjglx/util/glu/GLU.class,11241,10985
6ab87cb5475027919f4132ca01eddb8c,org/lwjglx/util/glu/GLUtessellator.class,1269,1013
6010b370cfc2b31e967f714e27aedb52,org/lwjglx/util/glu/GLUtessellatorCallback.class,1249,993
19c2e5a26e095ce2a1c02b87eddf27e0,org/lwjglx/util/glu/GLUtessellatorCallbackAdapter.class,2473,2217
d07d41e49b8933e88e4261ad16322695,org/lwjglx/util/glu/MipMap$1.class,1162,906
f8a50df49c004a28a7bb71ae6638591b,org/lwjglx/util/glu/MipMap.class,3830,3574
297b35296a76e818760f58ebcfef222f,org/lwjglx/util/glu/PartialDisk.class,5061,4805
cf6eb3a74cdf462d62bfdd2534b89075,org/lwjglx/util/glu/PixelStoreState.class,1676,1420
48882ff113e3cbb4e9c9dd2bc809066c,org/lwjglx/util/glu/Project.class,6625,6369
3eb4778712b1c2f2ab1b289a0ab4d668,org/lwjglx/util/glu/Quadric.class,2596,2340
7849772491d55d4bd3de8eac95c1bbf4,org/lwjglx/util/glu/Registry.class,1365,1109
d9c0952629a3a90d90840b254b75f8ee,org/lwjglx/util/glu/Sphere.class,4366,4110
6ce7ac9a4662242337049ace13105cbb,org/lwjglx/util/glu/tessellation/ActiveRegion.class,1094,838
6d7ebd5daa4916539af1e5f4424bf7ed,org/lwjglx/util/glu/tessellation/CachedVertex.class,820,564
9ab5d1f2ff74a6de322753593508b14f,org/lwjglx/util/glu/tessellation/Dict$DictLeq.class,673,417
2410c9d81491036bde79993df8c45749,org/lwjglx/util/glu/tessellation/Dict.class,3514,3258
23f706d31579dfedc4f6613866e0b478,org/lwjglx/util/glu/tessellation/DictNode.class,818,562
43afad9866555a55ccb0cdf8c36262cc,org/lwjglx/util/glu/tessellation/Geom.class,5474,5218
8da1ef12a247c5ada9ca0468931e53a0,org/lwjglx/util/glu/tessellation/GLUface.class,1032,776
2c67f02537e36e13c8ab0fad6470f353,org/lwjglx/util/glu/tessellation/GLUhalfEdge.class,1244,988
ab5f9d3a4a60a2bba6aa18d20e873875,org/lwjglx/util/glu/tessellation/GLUmesh.class,1255,999
5a796e156d40f944127a57c97c60b259,org/lwjglx/util/glu/tessellation/GLUtessellatorImpl.class,13030,12774
1ede4712b32200441e8e1b04b22303d9,org/lwjglx/util/glu/tessellation/GLUvertex.class,1102,846
cd28a145412893f1b85af9c5a9064e8d,org/lwjglx/util/glu/tessellation/Mesh.class,10706,10450
87b389cc7d8a762067001301ddfc8b0a,org/lwjglx/util/glu/tessellation/Normal.class,5594,5338
9f3ce530afd1273961a2c5a91091727b,org/lwjglx/util/glu/tessellation/PriorityQ$Leq.class,662,406
1f0892ee86d73dc76f51ac5d22e29e84,org/lwjglx/util/glu/tessellation/PriorityQ$PQhandleElem.class,925,669
3735fc7336f55a1d82d7fdfb3bb1995a,org/lwjglx/util/glu/tessellation/PriorityQ$PQnode.class,850,594
014938dd66e82302f8d75c2fc810e4b9,org/lwjglx/util/glu/tessellation/PriorityQ.class,2226,1970
e13c06aa90dea4b0af2cc1a1c893dd10,org/lwjglx/util/glu/tessellation/PriorityQHeap.class,5262,5006
34f5a27546cc1be39dad6c1287c64abb,org/lwjglx/util/glu/tessellation/PriorityQSort$Stack.class,894,638
02578e60b0949def60d99b1b3d676fbf,org/lwjglx/util/glu/tessellation/PriorityQSort.class,5321,5065
323bf4f4531a68074f6db700056ab42f,org/lwjglx/util/glu/tessellation/Render$FaceCount.class,1406,1150
410b72fdfba1d9320e8b585792dc5a32,org/lwjglx/util/glu/tessellation/Render$renderCallBack.class,742,486
8880854c947ee337a8a2fa5be769cf1d,org/lwjglx/util/glu/tessellation/Render$RenderFan.class,2287,2031
db8dadbb5f3e43cdf70cf9e46bce09e4,org/lwjglx/util/glu/tessellation/Render$RenderStrip.class,2375,2119
d1f6ef8d2a56b54c28985b5d23ed52ff,org/lwjglx/util/glu/tessellation/Render$RenderTriangle.class,1941,1685
ea423b08ab712b49702cb7aa12a9c5bc,org/lwjglx/util/glu/tessellation/Render.class,8564,8308
97c0d75426c96d711540e188b1d0a230,org/lwjglx/util/glu/tessellation/Sweep.class,23878,23622
210f0aa37f63694ede769ac60283e40c,org/lwjglx/util/glu/tessellation/TessMono.class,3962,3706
9e3a537933db63d12fc5b82602faf010,org/lwjglx/util/glu/tessellation/TessState.class,881,625
6db7c179d94724c4421c95741be2c0b5,org/lwjglx/util/glu/Util.class,2834,2578
522559a4e2cb4d5ad5d6528ef9e41f93,org/lwjglx/util/Point.class,3518,3262
6ab310e2ac5ffe7a2d5cd706114f21de,org/lwjglx/util/ReadableColor.class,2157,1901
25538b28b2b3008ae2b4f291f2e70eff,org/lwjglx/util/ReadableDimension.class,649,393
cafde1be28bc4e113d298de3eab110e4,org/lwjglx/util/ReadablePoint.class,632,376
1176475219d159885124effa603dc0bb,org/lwjglx/util/ReadableRectangle.class,636,380
9b039a0d2acd8c92af98f4d64378fcca,org/lwjglx/util/Rectangle.class,9622,9366
482983a11b3a3b41eaa798d42d3a5ffa,org/lwjglx/util/Renderable.class,506,250
5a88c16eb46be30974c80514b82dfd8c,org/lwjglx/util/Timer.class,2673,2417
c7abd8b1ec03e2fa6aeffc8d264e0fef,org/lwjglx/util/vector/Matrix.class,1223,967
772e7c414343192896bc98781ee93926,org/lwjglx/util/vector/Matrix2f.class,6013,5757
35c2290531ed8499f899fea8262643a7,org/lwjglx/util/vector/Matrix3f.class,7853,7597
7d3a04b4e1d488470e3da78f28fe4325,org/lwjglx/util/vector/Matrix4f.class,15807,15551
3a86a527bea9260945586513fde06c17,org/lwjglx/util/vector/Quaternion.class,9215,8959
2edb9b1645170755dcefc2de1bc9bb7a,org/lwjglx/util/vector/ReadableVector.class,667,411
33ecee96e2417efeb699601eedbf9a8b,org/lwjglx/util/vector/ReadableVector2f.class,607,351
e145de346a94f319587d7b470e2252b2,org/lwjglx/util/vector/ReadableVector3f.class,570,314
4c0be703adaced2460c880deb947c23c,org/lwjglx/util/vector/ReadableVector4f.class,570,314
2f6b328ad571a24331973aade67cce04,org/lwjglx/util/vector/Vector.class,1546,1290
2e10db256401e705bd55efc5951a728c,org/lwjglx/util/vector/Vector2f.class,5001,4745
51aa5c528783851a1a5ea9a6bb2c5add,org/lwjglx/util/vector/Vector3f.class,5810,5554
caa5b787f283cf37e741ee6554d5e53c,org/lwjglx/util/vector/Vector4f.class,6208,5952
9c2c1bc3786110abbb69f99f162889da,org/lwjglx/util/vector/WritableVector2f.class,609,353
f9c759886a880e6697a23c2d1777b88f,org/lwjglx/util/vector/WritableVector3f.class,618,362
ea9acc2ce900be8d7a82ab0fa74ed93e,org/lwjglx/util/vector/WritableVector4f.class,619,363
226776298deeb55eabfbbde2d2316755,org/lwjglx/util/WaveData.class,6425,6169
35148d689a3322429d42ed62f98b2e76,org/lwjglx/util/WritableColor.class,1311,1055
2e3b2ea6684cb6db16db9475979c8976,org/lwjglx/util/WritableDimension.class,690,434
f961d0434dc4e58267ea8254af037bae,org/lwjglx/util/WritablePoint.class,673,417
b95a7bab4106720f7ae9e13144bd8c69,org/lwjglx/util/WritableRectangle.class,782,526
4ccc91fcf6e267006376700184a885d9,org/lwjglx/util/XPMFile.class,5783,5527
40fb6658695a7e3d16fb5acbc280b334,rustme/llIliiiliI.class,835,579
50fca55fe34406e740996b11395f6574,rustme/iilliiiliI.class,949,693
57b327a420fbde43bd21de5d05fbe46b,rustme/IilliiiliI.class,901,645
860f029a701d4332474244626ffc0ad0,rustme/lilliiiliI.class,1147,891
7d7c17b995679977a2a654f6a7145471,rustme/iIlliiiliI.class,972,716
1b187a63320320eba325ba574bb49aa4,rustme/IIlliiiliI.class,1924,1668
f118ae1a5c123005ebdbe38882090273,rustme/lIlliiiliI.class,654,398
a0ba2d919a4790b7e409a3be736a133d,rustme/illliiiliI.class,823,567
a77b08bac0468daaeb5f65bd14cbe476,rustme/IllliiiliI.class,874,618
42b91414b55c26704c2d599f05b4c99c,rustme/lllliiiliI.class,874,618
9a300aae531c86233dcd10a3b0fe1953,rustme/iiiiIiiliI.class,1040,784
658e57ab7f1c2f315e725d3d3ec76c35,rustme/IiiiIiiliI.class,826,570
b2376a5af908978811c17dbbb9e0051f,rustme/liiiIiiliI.class,826,570
30b01f40326c7502d0c755cdf925651e,rustme/iIiiIiiliI.class,764,508
fa421ef4e6d720ff0c91610ec192ebab,rustme/IIiiIiiliI.class,826,570
3195f98988745f95811b9f584fdce2d8,rustme/lIiiIiiliI.class,826,570
809fd9ef7ddc0a577f3f273087fe58a4,rustme/iliiIiiliI.class,764,508
f912fa528cae24a8663b3287d8d86364,rustme/IliiIiiliI.class,826,570
b7bb35cb59a6a4dc73f5127f9d34b8b5,rustme/lliiIiiliI.class,826,570
4adaaa51c41f0b1d49ccc234cf45cdc3,rustme/iiIiIiiliI.class,764,508
252687c4feb0e2ab98ae2ebf95e7ba6f,rustme/IiIiIiiliI.class,1477,1221
e16e496e90f2cc37bce3bcb476f5c26b,rustme/liIiIiiliI.class,799,543
725e8cacd795739931b8a0c241736e0a,rustme/iIIiIiiliI.class,831,575
045c0cb94ea375297ae54fae20eef5bb,rustme/IIIiIiiliI.class,831,575
11c901d5e37a94bf1640040b8d820d6c,rustme/lIIiIiiliI.class,917,661
2d32ee0ad078ce71ff1549617b253dff,rustme/ilIiIiiliI.class,597,341
80fec595935642531d446e96dda948e3,rustme/IlIiIiiliI.class,833,577
fe1c1b85179b09a4a191bb97354dbd11,rustme/llIiIiiliI.class,833,577
1147b46158e762990f022b61ccd06479,rustme/iiliIiiliI.class,921,665
f17e34ad7ebc87769b9bd8b15d85fb74,rustme/IiliIiiliI.class,751,495
c9354bc4bbda4074902adbac23a478d4,rustme/liliIiiliI.class,751,495
bfc41795d0f69a150294bc10a986aace,rustme/iIliIiiliI.class,708,452
2c1ba866a29946b64e3bf20cba400c8c,rustme/IIliIiiliI.class,822,566
3e555fafdddd8c9060997ad8a5a5a23b,rustme/lIliIiiliI.class,822,566
b72a7f330423aa511a5c3cbfe475e75a,rustme/illiIiiliI.class,828,572
467dbd48b84df1e7f4d7f1f664c4d952,rustme/IlliIiiliI.class,751,495
c3433a57e6a2993bf675229f3a2d44e7,rustme/llliIiiliI.class,751,495
a42b019f628e29695489fc35ece28b6e,rustme/iiiIIiiliI.class,708,452
b662953158ca464e105852528c574d45,rustme/IiiIIiiliI.class,822,566
4f88b0f25e97d1b27a3b99196e80b404,rustme/liiIIiiliI.class,822,566
9827873abe61473e022282bcb031fefe,rustme/iIiIIiiliI.class,828,572
95e53cbed28901e93c7b22ddae06dcaf,rustme/IIiIIiiliI.class,1356,1100
a86380731c7fc01c60db4e4f8aebf2e2,ru/rustme/mods/discord/api/callbacks/DisconnectedCallback.class,544,288
d2ccdd17f7e968400b7c1ca0f2dbb1d3,ru/rustme/mods/discord/api/callbacks/ErroredCallback.class,539,283
551d000c10df9480903f3a454f2c81a9,ru/rustme/mods/discord/api/callbacks/JoinGameCallback.class,539,283
1beee71b20e745bf00e19518e8092d95,ru/rustme/mods/discord/api/callbacks/JoinRequestCallback.class,564,308
9ed8abfd25af8dec1e5af87934b001d4,ru/rustme/mods/discord/api/callbacks/ReadyCallback.class,558,302
3ab4344a2c3c795c63174d33f2836821,ru/rustme/mods/discord/api/callbacks/SpectateGameCallback.class,543,287
374a2f854af34e5f9d4f3fe586d04c2d,ru/rustme/mods/discord/api/DiscordEventHandlers$Builder.class,3038,2782
ea8f6425e4260177acd868fb7bcefb8b,ru/rustme/mods/discord/api/DiscordEventHandlers.class,2464,2208
ee6c48f640079609316be34823efa3d4,ru/rustme/mods/discord/api/DiscordReply.class,2235,1979
89c2dcbd3c52ace374aea8dcede3823f,ru/rustme/mods/discord/api/DiscordRichPresence$Builder.class,4008,3752
6a5cfebed992f034b09720d051422592,ru/rustme/mods/discord/api/DiscordRichPresence.class,3333,3077
60cf018d5605d5ce532ae9f2bff7f49b,ru/rustme/mods/discord/api/DiscordRPC$DLL.class,1573,1317
4e99b7d606f3701d2e34640b49d41656,ru/rustme/mods/discord/api/DiscordRPC.class,4395,4139
f926f77bd7bb3b2c3cc1934110f78614,ru/rustme/mods/discord/api/DiscordUser.class,1702,1446
86300c86af5ab413188114ee09327ef0,rustme/lIiIIiiliI.class,7201,6945
f4a304a6dadfa2143277773bbd81fbee,rustme/iliIIiiliI.class,2724,2468
e5b4ac1146a2feea63c090b91ee27218,rustme/IliIIiiliI.class,3243,2987
b1e7915ee9ff703fc6694230b60ac7e4,rustme/lliIIiiliI.class,1258,1002
cebf8aa562c37fe2451612bdbdaa1a0a,rustme/iiIIIiiliI.class,1229,973
0747e01e1ef98b317af643e6b6c40872,rustme/IiIIIiiliI.class,2163,1907
54cd9184dd1250a6e5d1dbf3c9bbb85e,rustme/liIIIiiliI.class,3284,3028
354fdb0cfe354c9274fa3f0023212bcf,rustme/iIIIIiiliI.class,4546,4290
4f57cd9ee1252bdfc48ec5798821b514,rustme/IIIIIiiliI.class,9411,9155
2cb073a5d16ee89bd6244aec69f746b2,rustme/lIIIIiiliI.class,4877,4621
a4378f645ca8b9c5fa37bf18d88d600c,rustme/ilIIIiiliI.class,2819,2563
b3fda7ce8d394fedeb70a6e034e3d6ff,rustme/IlIIIiiliI.class,1658,1402
16b78005c97229120ace7cf3c9b73de2,rustme/llIIIiiliI.class,9000,8744
a34b6e3452ee9f2d20ac130c3eeec224,rustme/iilIIiiliI.class,4220,3964
7504e759c497a8313c0272c9d6d18817,rustme/IilIIiiliI.class,1516,1260
d2fe11134dd95088b16d4f83c080eca4,rustme/lilIIiiliI.class,10408,10152
9c28e3f8e2396246729d212f97a41f87,rustme/iIlIIiiliI.class,2822,2566
4110a46d7cf0bedd88d6d002a02b3457,rustme/IIlIIiiliI.class,2799,2543
94126428e3f2f2427b092c2e81fb31e6,rustme/lIlIIiiliI.class,6611,6355
7678ee2bfeb037221d283a25646cbb82,rustme/illIIiiliI.class,3688,3432
cdd439ec60ee3d07559fbe72946d1f96,rustme/IllIIiiliI.class,4897,4641
3a1840aeea2cb5d1a9f22d52270d0474,rustme/lllIIiiliI.class,3711,3455
163caed8f45273c2f203d3731586f81d,rustme/iiilIiiliI.class,8016,7760
2731ab8bc408db9ea15e9e47de9da26d,rustme/IiilIiiliI.class,6922,6666
d235a7f36f27431ae1ecd40c24535878,rustme/liilIiiliI.class,1113,857
0742d17f4fb7bc18b17c0e9512fe0690,rustme/iIilIiiliI.class,9997,9741
586c824d4de55a7f37f041fe2221e09d,rustme/IIilIiiliI.class,4368,4112
28da30d70901b3a90710f55b02bb7192,rustme/lIilIiiliI.class,2992,2736
958ed892f8b3d1c4e9b23cf1a35806af,rustme/ililIiiliI.class,1874,1618
b0a7174efaf2b6851dda3b396e2d704b,rustme/IlilIiiliI.class,1874,1618
2c97e67770b5d3a31febe34fc83cf2ff,rustme/llilIiiliI.class,5288,5032
a427d5916bcabbf5d56b8e08fbbc80ed,rustme/iiIlIiiliI.class,1165,909
b8a7bf26ae6383d47a3d1c6b2573673c,rustme/IiIlIiiliI.class,7591,7335
eed9c05ae76be89e74218370810a4c6a,rustme/liIlIiiliI.class,5270,5014
3e534df561ccafabe2bae025c6825dcf,rustme/iIIlIiiliI.class,6197,5941
86ecbe58640d28643e39dcf567b92424,rustme/IIIlIiiliI.class,3745,3489
f551eb68f93a4156c16a442fa95cf6e8,rustme/lIIlIiiliI.class,2422,2166
17d876911fc93cda746567f696de7d45,rustme/ilIlIiiliI.class,3020,2764
f62b7f297b150cb90ac4062604cec5de,rustme/IlIlIiiliI.class,1697,1441
7cae8b342e7fdab593f2625a488f0e68,rustme/llIlIiiliI.class,1697,1441
43126daa4b2004b819e821f87783294a,rustme/iillIiiliI.class,2198,1942
98816fed787c1798f606c247c1914e8f,rustme/IillIiiliI.class,2316,2060
0034e482e296f4c2b8c06447277b4879,rustme/lillIiiliI.class,2313,2057
f36f155dc4f1fc1c693b48c19bd6a2ed,rustme/iIllIiiliI.class,1693,1437
494a40f5f4ec8dc81677bd5218ac23fc,rustme/IIllIiiliI.class,1076,820
89f73982c7d75beef37e2464465d763e,rustme/lIllIiiliI.class,2507,2251
92572a0ac7a9e0567620d1696f89ee3c,rustme/illlIiiliI.class,3975,3719
1a9a7f01b5c718089e7badde794bbdfc,rustme/IlllIiiliI.class,3280,3024
9d29a5cae543d27bb69d3af7857c5c39,rustme/llllIiiliI.class,1720,1464
6a0ac3153f2c1ef8cc5d3df6f5b0fdd6,rustme/iiiiliiliI.class,4262,4006
617b6d109688190b93d57e3e747dfbcb,rustme/IiiiliiliI.class,1807,1551
ab89fa41f9a8867312e9096abb1c4946,rustme/liiiliiliI.class,1781,1525
5952f27c3c6cc6ef1e6580addb7b4776,rustme/iIiiliiliI.class,1949,1693
39f5882deddfd9b1b2f3995a438d95a3,rustme/IIiiliiliI.class,2178,1922
004fbf3a8d13f1707d485680e9724b50,rustme/lIiiliiliI.class,1796,1540
176d3c51614a5e8bf468c3ff02fd01b8,rustme/iliiliiliI.class,1797,1541
42ad32fe0fa7788966475db179cd8992,rustme/IliiliiliI.class,1879,1623
38381ff592ffeb6250345e638fb4cc03,rustme/lliiliiliI.class,1062,806
3e0b49f67d1f88fbefd0d5cc32fff770,rustme/iiIiliiliI.class,2158,1902
4da885af0778089a613c2ed331c87cbe,rustme/IiIiliiliI.class,1064,808
d4e770df0dc2e15cd9aba545634c42a7,rustme/liIiliiliI.class,2183,1927
a47e787f44fbfb1e7a192686f36b18b7,rustme/iIIiliiliI.class,3162,2906
dd33677ebec3eafe0baa34dd71d46251,rustme/IIIiliiliI.class,3262,3006
98d064925b78b4c9815c211c440b8f19,rustme/lIIiliiliI.class,3518,3262
56636882d453617c88ec11bbe727d6b2,rustme/ilIiliiliI.class,3873,3617
ab75595b89d675a23c7ebb432a6ac53f,rustme/IlIiliiliI.class,1480,1224
21996c8ee71b95c6cb5e1318ae255bb7,rustme/llIiliiliI.class,2367,2111
21624516c7d38acd17e399f3392b2905,rustme/iililiiliI.class,3463,3207
7f9f44979c172d9bcdf373dbd1828f06,rustme/IililiiliI.class,7365,7109
860d41656d5082781220df1c6306f38f,rustme/lililiiliI.class,3694,3438
b9c823c45d1a76e30a7d8faf675d9e43,rustme/iIliliiliI.class,2280,2024
a9d5e3cca2f815fe700bdd0667a8636c,rustme/IIliliiliI.class,2390,2134
07b8b8d83e3b63e8c3d75761d9836cce,rustme/lIliliiliI.class,2629,2373
d147894001178670e50601ef409aa33f,rustme/illiliiliI.class,4135,3879
3eb5545d1f5449773ef75438e885c3aa,rustme/IlliliiliI.class,2116,1860
acadc63a3eb7a575bb918c4ff42ba453,rustme/llliliiliI.class,2113,1857
870c9829adf395e2608a23b714e9915a,rustme/iiiIliiliI.class,4503,4247
3152d29b0e2d4cf7ac4b1e1ccab6c902,rustme/IiiIliiliI.class,2621,2365
2b02f8fcaca063cf50519cb03a1d572c,rustme/liiIliiliI.class,1063,807
96c72ee7efe6022e6d45a6f5c9a09f1d,rustme/iIiIliiliI.class,1973,1717
15ae818f7d2cba5c012b8a8a3e84953d,rustme/IIiIliiliI.class,2243,1987
c9249aee9e51faff065dd302426a2408,rustme/lIiIliiliI.class,7126,6870
63cc1aaeeafc44626a6a97a96cb38da4,rustme/iliIliiliI.class,6932,6676
d85ea55a06f1b627a8886e02a0ed7f66,rustme/IliIliiliI.class,6304,6048
d7198f4b468f6b1655801d2d89271ff2,rustme/lliIliiliI.class,2485,2229
41c663d1aef25f37e0cc6941784361ef,rustme/iiIIliiliI.class,4093,3837
31845aacae9233f7176a90d3124b8c36,rustme/IiIIliiliI.class,5315,5059
c4f76b51575166e8d4f95f61d0ba0405,rustme/liIIliiliI.class,951,695
5ec9a04fa6abeafad2a40897ffdcf4e2,rustme/iIIIliiliI.class,2302,2046
5ba3eb04622dd4a9aadf94941ce88e5a,rustme/IIIIliiliI.class,7152,6896
288418a060299983e62cbf584ab1be4a,rustme/lIIIliiliI.class,7789,7533
44a71d3b165ca11802a5412d282c8c76,rustme/ilIIliiliI.class,1852,1596
5711b8af708121392b739e2166e45dae,rustme/IlIIliiliI.class,3652,3396
b56e79e7c3cecd61037bbc122c4da69d,rustme/llIIliiliI.class,3216,2960
ddfcd1ca80bd3a30841947fca9f79b45,rustme/iilIliiliI.class,1293,1037
a01ac432f952201edaffdb3f8588fb4c,rustme/IilIliiliI.class,1324,1068
ad2c47133b6b48646dda7a754d9b1196,rustme/lilIliiliI.class,11405,11149
7ce45e6c7b4d5c735b58add752147f15,rustme/iIlIliiliI.class,3847,3591
11f3bec956713f59c74ccfe4b73cc7fb,rustme/IIlIliiliI.class,1059,803
8d2a3d5dd648b579315dc6863243210e,rustme/lIlIliiliI.class,4146,3890
93df744d4a553532c76d846ef1bafc4a,rustme/illIliiliI.class,1327,1071
f8c50208f7878f4e0a478d0b0954f4cd,rustme/IllIliiliI.class,6214,5958
cedd7d4513c09956a229f46b2122149b,rustme/lllIliiliI.class,3576,3320
cfc468e1ef475a6f594e94535b148943,rustme/iiilliiliI.class,3102,2846
647df3b6b6b39ae4cc8a9c87c5324b25,rustme/IiilliiliI.class,2624,2368
d9a5e0a3e01421ca69f5420f862352ea,rustme/liilliiliI.class,2330,2074
47584efbd14cace01b432a8fbf1f1b6b,rustme/iIilliiliI.class,1305,1049
6f7724e3ca80a02d31030025a4bc2d0a,rustme/IIilliiliI.class,833,577
5905300c5f79874cec4784add4504160,rustme/lIilliiliI.class,826,570
beabf6fe826fed1930f61a240ddfd136,rustme/ililliiliI.class,829,573
72492a8d66336e483e701668fd8358b6,rustme/IlilliiliI.class,2039,1783
d575d00b1caccfca7fc27ba6db39056b,rustme/llilliiliI.class,829,573
a02408066351115a37cd39b8b14efc22,rustme/iiIlliiliI.class,1812,1556
8d258c85d058ddc1447d19f9af11c925,rustme/IiIlliiliI.class,2063,1807
3ff91ff2634b6dc499872da7ea05351b,rustme/liIlliiliI.class,2211,1955
dd739451b34002d87130662a22b4f8e5,rustme/iIIlliiliI.class,2215,1959
732bb0739373984b0427210effdbe3f5,rustme/IIIlliiliI.class,1807,1551
c8195471b4dad70fb62c91235270abfe,rustme/lIIlliiliI.class,2575,2319
2f3d32e688360cfdb32fbcb91a21ce32,rustme/ilIlliiliI.class,2347,2091
1976e5c0ea21f891238604062166a0b6,rustme/IlIlliiliI.class,1112,856
5d7781ab9ec76573719ba9d478d1c395,rustme/llIlliiliI.class,6420,6164
6672152f6bdd83d6cd1cbe03bab3010a,rustme/iillliiliI.class,836,580
1dad7754b7527c5af17fc9238fcaf58a,rustme/IillliiliI.class,1819,1563
df852a94506335e78f8c594a8489fbac,rustme/lillliiliI.class,2587,2331
3cb7993923794239b7ae857c99df2a39,rustme/iIllliiliI.class,3441,3185
f6ddcdc92a21014548f86b28779f3abd,rustme/IIllliiliI.class,1090,834
9db379ea0179ccac279ac38ff25d3fa4,rustme/lIllliiliI.class,829,573
ec515e3ed3fbbd16808bbf5b01983ba6,rustme/illlliiliI.class,835,579
688e98af5585a99f62d25ad9126741a6,rustme/IlllliiliI.class,1081,825
35e98be53ea58d653db589a006be6feb,rustme/llllliiliI.class,1080,824
800f02d67969d4433e5598df0d7ead36,rustme/iiiiiIiliI.class,1083,827
1f9f3bcfc1fd2947e0b0fce4fdcabbcd,rustme/IiiiiIiliI.class,828,572
3863b595b20f42f30b7af4c3a4d45645,rustme/liiiiIiliI.class,839,583
23c05d424b4c56b51bac50105bbf14ac,rustme/iIiiiIiliI.class,1108,852
c913bc410765c9d667a396b3c428ee91,rustme/IIiiiIiliI.class,8102,7846
ed5451326b14504f0e288b1fed33f590,rustme/lIiiiIiliI.class,11523,11267
845cb610c2950bd45c1546196065ebad,rustme/iliiiIiliI.class,5449,5193
e0d10e9a90eb40288cf815a08a02b728,rustme/IliiiIiliI.class,5773,5517
2e8d3c69880e857556f79fa5cfec753d,rustme/lliiiIiliI.class,2431,2175
5073b756a052a8f1860e2c49f1a32b0a,rustme/iiIiiIiliI.class,6404,6148
d22480c014daf6d0e6e661b9861da0b3,rustme/IiIiiIiliI.class,2004,1748
21d09be7f951cd69fdce83e50c80c268,rustme/liIiiIiliI.class,1595,1339
73500935826f3139490a33a7b03eaadf,rustme/iIIiiIiliI.class,1990,1734
9d0d07cafea1b46933c2c67d4f044e8d,rustme/IIIiiIiliI.class,2473,2217
88dd809b4018c9eb0441de9b3972e344,rustme/lIIiiIiliI.class,2453,2197
1436413b7f159244092911326fd0b71a,rustme/ilIiiIiliI.class,2757,2501
45211955482ce56df5d7f15d32e4cafb,rustme/IlIiiIiliI.class,6276,6020
0a0e8e61dc4595ab8112c6fc54e3b063,rustme/llIiiIiliI.class,6440,6184
ed4ee6e01cbd1db3f11888fb64642b6a,rustme/iiliiIiliI.class,10107,9851
f48eadb0c7c2cfcc1843a5927d54bde9,rustme/IiliiIiliI.class,2803,2547
00b0ee59e1c9e3e773c6244a3eefd032,rustme/liliiIiliI.class,12658,12402
9f5e4a049fa794f71022fe84d9e3afd5,rustme/iIliiIiliI.class,31748,31492
880ed1ddc3cc1221cf09902e38c75792,rustme/IIliiIiliI.class,1527,1271
54f6c3a0a7042d9465fba794aee3f74d,rustme/lIliiIiliI.class,5534,5278
88a84b6d884439e029296b1e52d91413,rustme/illiiIiliI.class,3724,3468
b4854274bf3f065f0366a410a791b905,rustme/IlliiIiliI.class,1427,1171
59021f1abae6117ac21b1ef415d5cb16,rustme/llliiIiliI.class,21424,21168
2f760e80a775b3bfab7f9ef1182310cc,rustme/iiiIiIiliI.class,1112,856
ef47afb23369d355271f02e3bad9bc48,rustme/IiiIiIiliI.class,11707,11451
f7872d5627a6a3c7a1d1b30f1204bab9,rustme/liiIiIiliI.class,2235,1979
cd1b4f4e3528fc79f9f1c4fca35a3a57,rustme/iIiIiIiliI.class,1140,884
a1193b9c56ba5498c7713047f8ba8611,rustme/IIiIiIiliI.class,2771,2515
b15813a60c564962c9400adfe0e617d3,rustme/lIiIiIiliI.class,1094,838
4f2019a40cf592352394780ad49b0e63,rustme/iliIiIiliI.class,5264,5008
c3799f8715bdee1d37a0d3c90735f9bd,rustme/IliIiIiliI.class,6923,6667
f35a40704a099e53258a56f17f840c5d,rustme/lliIiIiliI.class,3644,3388
57d702e2dc7db6064e2ceccd0113c1d3,rustme/iiIIiIiliI.class,14293,14037
c4f078bc899606c11e9c088cc7e67293,rustme/IiIIiIiliI.class,2112,1856
60ccbe9d2a8d7e52d85e3f9e4477ad82,rustme/liIIiIiliI.class,5000,4744
e6d57f8cdeb8891097aed93a5e62e8a3,rustme/iIIIiIiliI.class,1973,1717
11f6281fe2689e2b0c5dd5f3dd28977f,rustme/IIIIiIiliI.class,1976,1720
abcb32e2654170b54452d74a8ecfd06c,rustme/lIIIiIiliI.class,16120,15864
c3c95262e850bb3b84d3e31857c1254c,rustme/ilIIiIiliI.class,6495,6239
5edf2baed7c602d91395ab8495876444,rustme/IlIIiIiliI.class,1322,1066
fa7bb35ebeb607ea63bc1e842920f93b,rustme/llIIiIiliI.class,3427,3171
56cf1cc162386bc89d2f716e731b7aaa,rustme/iilIiIiliI.class,5615,5359
5d1c23e1f5af6f757faaccb16c0ce252,rustme/IilIiIiliI.class,2128,1872
c2ba604549e38bed2ee1743a07c4cb98,rustme/lilIiIiliI.class,1427,1171
d4f6973ba1350801da4f5cbd393c4046,rustme/iIlIiIiliI.class,6501,6245
d6163aa383aab196e513b925f43ba192,rustme/IIlIiIiliI.class,4242,3986
52f47fdd8cd32750842406e606c42669,rustme/lIlIiIiliI.class,1072,816
61461092e89bcf5e18b0e0d22afae8b2,rustme/illIiIiliI.class,10359,10103
beff9212f2242f57e76c989a2a9f261e,rustme/IllIiIiliI.class,883,627
a83d7c3d5b334945d14860199f41e882,rustme/lllIiIiliI.class,1188,932
570953f495899b965ae5f909436e651d,rustme/iiiliIiliI.class,4549,4293
9c5f3e4024dde2174b0faadf7a8c4d86,rustme/IiiliIiliI.class,1116,860
5106a987d3511df6c0622ce7c286e191,rustme/liiliIiliI.class,2022,1766
a8cc53093ee086ad4b021aef46fbc4a0,rustme/iIiliIiliI.class,6572,6316
030ac60ef6af89cb25eae5cc42cf363e,rustme/IIiliIiliI.class,1370,1114
cc076dc757131eaa72a573b0e6342299,rustme/lIiliIiliI.class,2255,1999
6fa0e2cc7c39e8ca15ec5eff4382a7a8,rustme/ililiIiliI.class,8060,7804
75676181f902735d1a33877b7a7bdbfd,rustme/IliliIiliI.class,1167,911
02bc09dbcbe1fe0e2f36426e5c05cad7,rustme/lliliIiliI.class,10203,9947
7361fd570132b7ded8ed17f3141d328f,rustme/iiIliIiliI.class,1672,1416
e23b24d6cf2924faa3f1b4bb6d87f06f,rustme/IiIliIiliI.class,1065,809
28f78d2300e3134070e3e769d289e526,rustme/liIliIiliI.class,3479,3223
c66223fafee7aee28cb3b5f8b3946d90,rustme/iIIliIiliI.class,13465,13209
ca1fce4889810b88bd5488e189098a22,rustme/IIIliIiliI.class,13213,12957
c623cc0a592dbcec42612d9b660214d7,rustme/lIIliIiliI.class,4731,4475
f257a52e485da8ec5b718d5a77d38ff8,rustme/ilIliIiliI.class,18101,17845
e881ed8f07703886aa4d4aee20aeb8b7,rustme/IlIliIiliI.class,2243,1987
4723969abdcc7dad836f443bb17464ad,rustme/llIliIiliI.class,924,668
45e37d35916a8205e4a1fbf17c7b5e28,rustme/iilliIiliI.class,4276,4020
4c5fe24b0412107bcc9601a03cd5bec4,rustme/IilliIiliI.class,2495,2239
2a15b49e391bbc0d521cf68057c62302,rustme/lilliIiliI.class,5565,5309
cdcf474b82bc2c4be41e853600cba9b9,rustme/iIlliIiliI.class,9391,9135
32fdadbf0be65335cf08530baa31cf4c,rustme/IIlliIiliI.class,1562,1306
507f97615657185d0e34e6798ade13f9,rustme/lIlliIiliI.class,8381,8125
4bae79124385864bfe571154cf23c0e2,rustme/illliIiliI.class,1299,1043
49cc97daec3e1ab16716b014af2c885b,rustme/IllliIiliI.class,2609,2353
37369d64fe16b9c47fa5add1e3498ee4,rustme/lllliIiliI.class,6507,6251
e9d55c0656f1467a568651f5e8eaf1b1,rustme/iiiiIIiliI.class,3474,3218
9bc5e2eb30decb82846cb7da48b1a1ee,rustme/IiiiIIiliI.class,6331,6075
b428a3d0a0d54c6f5ebed89eb8ca77cd,rustme/liiiIIiliI.class,5650,5394
4d5c85beab8e384342952f750ab25731,rustme/iIiiIIiliI.class,4589,4333
0488c9ffb319f576f4c11d125682483d,rustme/IIiiIIiliI.class,1575,1319
a1f947d42e6de716bb66325d2bd740b1,rustme/lIiiIIiliI.class,5725,5469
12a4629505aed3561ca62ffaffcfc89d,rustme/iliiIIiliI.class,17116,16860
655fe2ace90cbcc3cb81ef4d4ba1204b,rustme/IliiIIiliI.class,3452,3196
0a6839446e73f9400a72b9b851352772,rustme/lliiIIiliI.class,3139,2883
66b8c0c3366922f0678b4b8cd1bcdc7e,rustme/iiIiIIiliI.class,2525,2269
6e5302c64dad1be2d7c70047757e1a95,rustme/IiIiIIiliI.class,1554,1298
6213ac2ffa04963dd770734070174776,rustme/liIiIIiliI.class,3822,3566
719835d651c5ebf153a6b8f12fc937a8,rustme/iIIiIIiliI.class,2337,2081
1470f2b6c7ed12baeff8e7a6c6b10ddb,rustme/IIIiIIiliI.class,9143,8887
5b0bd1fba53eb8ff5121434b213bc64e,rustme/lIIiIIiliI.class,8936,8680
dbb875264686a34aeb0a3ae9aa96331c,rustme/ilIiIIiliI.class,1242,986
0736470b40fdbf463302d00ca4d2abac,rustme/IlIiIIiliI.class,3703,3447
89ef48d0a974db53a330ab1e1e5f3b83,rustme/llIiIIiliI.class,2024,1768
88cdf2574bce5dbd8f2757d511898241,rustme/iiliIIiliI.class,2233,1977
ce9c812cc59f6596c47bdbb576ba8ae1,rustme/IiliIIiliI.class,11677,11421
81f7094aba12ebf1adcad41c34c869f9,rustme/liliIIiliI.class,7357,7101
3f9b5d0948fda2f70cd4d4a0622ffe4a,rustme/iIliIIiliI.class,12151,11895
78446e28d5abcdbc0e795cd1defd8832,rustme/IIliIIiliI.class,2939,2683
40b24f522dbfee71764f138b12246bd6,rustme/lIliIIiliI.class,4648,4392
1ceb7842bd1e5afa43ddd5dc7f982222,rustme/illiIIiliI.class,1268,1012
dbd17d3195259cb29521625cc98f28e7,rustme/IlliIIiliI.class,2517,2261
4e5fb81528e3eb85d695310edb979838,rustme/llliIIiliI.class,932,676
87c0d05083d2f824d92b57fa0aef6bd6,rustme/iiiIIIiliI.class,10698,10442
91045776b0c0a747cdd1533248e9b786,rustme/IiiIIIiliI.class,8898,8642
bc0412684a351356c554b0a80f048162,rustme/liiIIIiliI.class,9822,9566
859b1037a5292d24f98be5de8d9247a1,rustme/iIiIIIiliI.class,3894,3638
1dd2b21687365e442a2512cbdd543cdb,rustme/IIiIIIiliI.class,5545,5289
43d2271be07a3e88628512d1ade34ffd,rustme/lIiIIIiliI.class,1144,888
6aa140dcb473de7fe0bfe761c6987a4f,rustme/iliIIIiliI.class,5716,5460
38d8af3a2ff9e3965447e1026f711bf5,rustme/IliIIIiliI.class,1355,1099
91e2201794dc1da5362aeca98341057e,rustme/lliIIIiliI.class,2791,2535
f5bbe610ac9f051d63a7c54433eabf9b,rustme/iiIIIIiliI.class,10818,10562
0f7120282159f0cd32e7b571c0d30fd3,rustme/IiIIIIiliI.class,3202,2946
c164b852db382ee5774c1b77a93562e5,rustme/liIIIIiliI.class,8308,8052
351017b3a715d3abaa6dc3e08cf53291,rustme/iIIIIIiliI.class,1830,1574
4e47f5f9d12de8b9ec3f18050abc2695,rustme/IIIIIIiliI.class,4804,4548
11426b30812d6a48f870dcba5b48f526,rustme/lIIIIIiliI.class,2704,2448
9e66fac51541b13dfad57fe203c28951,rustme/ilIIIIiliI.class,12694,12438
48f43c0c92e40d2373119aa75887af33,rustme/IlIIIIiliI.class,2499,2243
1f678e8199d9076a9355111a74201ae5,rustme/llIIIIiliI.class,2499,2243
e75ed058e707a58e4ef9f4acc6e7b48c,rustme/iilIIIiliI.class,2220,1964
849a1011213b22a09724f8f068fb5694,rustme/IilIIIiliI.class,32284,32028
8e3e757f37244935dd3f45f17a41c056,rustme/lilIIIiliI.class,2788,2532
e4ef6d7b9e822fa053c52e99c857f1f7,rustme/iIlIIIiliI.class,4688,4432
e4f9c96098164000070dae9728e0a967,rustme/IIlIIIiliI.class,2826,2570
defeb216fe4a402ae4300c6361b7dc81,rustme/lIlIIIiliI.class,6257,6001
2a0f659697af0b7df0ccfa03bdb07ed5,rustme/illIIIiliI.class,2021,1765
0a067a15f75fd70a93616c2601367d61,rustme/IllIIIiliI.class,2494,2238
0ac467b51397126ce8c7e1f9e867c938,rustme/lllIIIiliI.class,8839,8583
2ec73d6d596de8b63d381f8f07d21165,rustme/iiilIIiliI.class,2796,2540
ddb97ec57c8106205b5aed7b264f3b3b,rustme/IiilIIiliI.class,1494,1238
c78b917d76af2039d01572c52ce68cd3,rustme/liilIIiliI.class,4615,4359
6b47e2c32a2d0e0dd59bf9bf8ecaf753,rustme/iIilIIiliI.class,14665,14409
7b142910cb8b660a881aba66502f515d,rustme/IIilIIiliI.class,932,676
48b56b893dc17a75b096abef7bd6e5f5,rustme/lIilIIiliI.class,36044,35788
2ab36d589f33ae804a67fdb1ae63661c,rustme/ililIIiliI.class,3303,3047
34ad0a917e0594329b0a6884dfa4d0f1,rustme/IlilIIiliI.class,1788,1532
68c568fb8e5b1fa145572a149527f24d,rustme/llilIIiliI.class,1106,850
c2737728c8d1c42b49d15c990eea9427,rustme/iiIlIIiliI.class,5984,5728
d4933ad56154f477ccad61712995c586,rustme/IiIlIIiliI.class,6536,6280
298e9e2fac0884078f2186f757c6d8e5,rustme/liIlIIiliI.class,2188,1932
05255bf03244f0624ddbf7f1c122b538,rustme/iIIlIIiliI.class,10700,10444
5fc1f61bc4aff271915538a79b4cef68,rustme/IIIlIIiliI.class,4644,4388
86f8467dce566d8cf87907f5896ff831,rustme/lIIlIIiliI.class,3233,2977
56c8028ac850d5d88fba7aa47427919e,rustme/ilIlIIiliI.class,2479,2223
a2322bfe34e71c7c2d2b1ca3c0b822bf,rustme/IlIlIIiliI.class,5834,5578
c3e94ad443b5e30cea8687abfad182b1,rustme/llIlIIiliI.class,15799,15543
a5db07f7ea57412275e749049652e0a6,rustme/iillIIiliI.class,32587,32331
6d39670b0bb965ce848ab3cf2a7b2000,rustme/IillIIiliI.class,8158,7902
85310aa0ef5015b352da740b391508b6,rustme/lillIIiliI.class,1183,927
2d809180f4d785cd4a827593d126990f,rustme/iIllIIiliI.class,2328,2072
f012ab5463eb673c479c1f9e1a73e873,ru/rustme/settings/BooleanNode.class,1741,1485
d2ccb79a58f9098b61281e7adeec6d19,ru/rustme/settings/data/AdminMenuSettingsCategory.class,3832,3576
48dbbb9221beb37e61dcf4813aad7a47,ru/rustme/settings/data/GeneralSettingsCategory.class,15112,14856
0d5ae0b9b51b389022f9975f0ea46166,ru/rustme/settings/data/GraphicSettingsCategory.class,14017,13761
58198168bcee0acd68f8d05dd8e70613,ru/rustme/settings/data/KeyBindingsCategory.class,32378,32122
b8f7a981aca0867f0998bceb36a3ceae,ru/rustme/settings/data/MainSettingsCategory.class,13477,13221
7e34bb767bbecfb6885f4485b80339d5,ru/rustme/settings/data/ScreenSettingsCategory.class,10503,10247
3f6e136f001ee5d2894d7bdfe8145b2a,ru/rustme/settings/data/SecretSettingsCategory.class,4071,3815
553b3e59f133dcbef3de611b36d4d54e,ru/rustme/settings/data/SettingsCategoryHolder.class,637,381
a95ec883376fea1f793690b1f2f3d90a,ru/rustme/settings/data/SoundSettingsCategory.class,9351,9095
be82f8f8ee50deccc9f39a502322faf9,ru/rustme/settings/data/VoiceChatSettingsCategory.class,5380,5124
ac10afc64ebb386be97610cbbcebe479,ru/rustme/settings/FloatNode.class,3128,2872
dbdcff6bfef2b0a9b24e635df896e3f5,ru/rustme/settings/IntNode.class,2739,2483
2cef6d851dd392fb1f37284d2ebdb66a,ru/rustme/settings/KeyBindNode.class,2200,1944
ce0426522ca60a965263e5686fd3ba63,ru/rustme/settings/OptionNode.class,3706,3450
85436233fa4c2102f2e7f5ae5e7782e1,ru/rustme/settings/OptionNodeKt.class,1211,955
efe62f146d4357adf098357e3bbb3168,ru/rustme/settings/OptionsExtKt.class,1158,902
df60cfa9fac2c33c0dd17564038e9d56,ru/rustme/settings/RangedNode.class,2617,2361
1626d12c90e65d714930cc0c40b1faf6,ru/rustme/settings/Settings$populateJsonFrom$$inlined$sortedBy$1.class,2119,1863
6c360a7fcbec5d0c28e3301de42549c1,ru/rustme/settings/Settings$updateValuesFrom$$inlined$sortedBy$1.class,2112,1856
3cc2096299a048454bee9bf95d49ab2b,ru/rustme/settings/Settings.class,18672,18416
329d6a296947aef0fd8ae65f51f86d87,ru/rustme/settings/SettingsVersionMigration.class,2946,2690
69eac8c7a1af080b9da8564e34d7a285,ru/rustme/settings/SoundNode.class,2498,2242
903aa4a1e1af10c5e1ff47734714cffc,ru/rustme/settings/StringNode.class,2990,2734
ee60d2cc8df3e10f350b54f030ce3f14,ru/rustme/settings/WindowType.class,2110,1854
f19f08af41363fc7c9bae230fc8cc26b,rustme/IIllIIiliI.class,14498,14242
9614d159400d00207a143f184ab29433,rustme/lIllIIiliI.class,1897,1641
af2d151e8678814a3ae2f41809943948,rustme/illlIIiliI.class,3837,3581
0734caf9cd0aef6834cd3da19b9da4b1,rustme/IlllIIiliI.class,8123,7867
81707f9e595346d214f48cc29a84676d,rustme/llllIIiliI.class,3731,3475
876c3ac01b22fb6bd9e1e667c0fd5858,rustme/iiiilIiliI.class,4007,3751
258df3bc23a7725c025c5cc1c6d357d7,rustme/IiiilIiliI.class,1730,1474
a58c6149de97ad050e110f675e89e260,rustme/liiilIiliI.class,2124,1868
b1cfd08d73a6b248e7f9cf8a155e1d76,rustme/iIiilIiliI.class,2605,2349
b344070d953b0ecab56e6423128f7807,rustme/IIiilIiliI.class,3043,2787
e67664804fe0593be74a27ca2d06e31c,rustme/lIiilIiliI.class,2472,2216
d33bbb1c7e40ba71f785c3b11e4a5c2b,rustme/iliilIiliI.class,2841,2585
a56d12b3fc590934c948075172e96ed6,rustme/IliilIiliI.class,2488,2232
86219655dae1268c873ca8851180e823,rustme/lliilIiliI.class,8746,8490
f12f8c3ee5892f20913de72c85be4ef5,rustme/iiIilIiliI.class,3729,3473
a8d8557e82aeafd8dc257281fd3d21b5,rustme/IiIilIiliI.class,2896,2640
137debd8201f38ea76cd92c2ec235bd6,rustme/liIilIiliI.class,2524,2268
9df9ad0b803f8e94ed8f715a6dcdb95a,rustme/iIIilIiliI.class,36635,36379
a6b38f974b7ca461eb96b8a330bb6850,rustme/IIIilIiliI.class,2591,2335
9c5bd82d8598445c074a2c672b73a4a7,rustme/lIIilIiliI.class,4914,4658
b90dabe4af286773b44feb905c053fc6,rustme/ilIilIiliI.class,4391,4135
ba72e06a46d4681bfe9a502a37038a47,rustme/IlIilIiliI.class,2511,2255
b30200205c7e1c90c228ec0be8fd59d4,rustme/llIilIiliI.class,2839,2583
1629efd5b7bf3d6a6ca79f99460d70e8,rustme/iililIiliI.class,2135,1879
7332980ea9378db5feb02983a815910d,rustme/IililIiliI.class,23016,22760
166d20cc9812707e5b1efbd6cea7cf26,rustme/lililIiliI.class,3838,3582
ea265de0a2374e3a4e3ed46d5b3f14cb,rustme/iIlilIiliI.class,2774,2518
4899be15d44331729268584d3c264783,rustme/IIlilIiliI.class,1859,1603
d6974ef0235d502f34dbf218208a47e8,rustme/lIlilIiliI.class,1581,1325
800ce8568b63fb450f51dead2cf6f602,rustme/illilIiliI.class,4144,3888
bf6e74cd11f5992e6791f8f443f3af58,rustme/IllilIiliI.class,3122,2866
3d6780c09d0287c0076698644f9b9601,rustme/lllilIiliI.class,2030,1774
ac2a9952beda92edb79b1a897f231ff7,rustme/iiiIlIiliI.class,1752,1496
4a3a795a1980b95387220aa13ddd5a9a,rustme/IiiIlIiliI.class,4368,4112
844fbf3326524421237f9c9ac109078e,rustme/liiIlIiliI.class,3299,3043
d8c4ddf4438d9d85d74c2151070c92d3,rustme/iIiIlIiliI.class,2151,1895
0580b7deec4288c01fbaf4481c60adf8,rustme/IIiIlIiliI.class,1867,1611
24de075d8257708b0beaf8e7004fb1a3,rustme/lIiIlIiliI.class,2477,2221
c156c7119655d4590b50a45269c78c18,rustme/iliIlIiliI.class,2806,2550
02ee5c1e8e932dc468c8228551516a27,rustme/IliIlIiliI.class,1378,1122
10c6ae6a3fd99210e6da7a4a2b874114,rustme/lliIlIiliI.class,5700,5444
9475273e5c31209ca3bf4351c5c663e3,rustme/iiIIlIiliI.class,3516,3260
812489ee200aebdc9d30d994d550d077,rustme/IiIIlIiliI.class,1676,1420
067ae408703d44115da2771d7535784b,rustme/liIIlIiliI.class,2703,2447
1a2da652d023f936753698acc624200e,rustme/iIIIlIiliI.class,2125,1869
ea2fca39c4d2ea673cfbe724c2fff8d7,rustme/IIIIlIiliI.class,2515,2259
5bfdc30809c139019c031d94719dda79,rustme/lIIIlIiliI.class,5467,5211
6a14c0cbc883f63d55370310acbf9d96,rustme/ilIIlIiliI.class,2126,1870
a7953cfa773387e0cdf4d475eab00510,rustme/IlIIlIiliI.class,1928,1672
39c88bb36ad9072ba882e893ce27808f,rustme/llIIlIiliI.class,3204,2948
15bfd55399e0b8c804c39cde9268e50d,rustme/iilIlIiliI.class,2044,1788
fcd7ce948f774b474f28929986b44dd8,rustme/IilIlIiliI.class,1665,1409
3731181f28a6453bdec566968373c416,rustme/lilIlIiliI.class,1665,1409
e8951296ee0bbd2b952e4b9558a3e148,rustme/iIlIlIiliI.class,4761,4505
02aaa2a5463a53cd2f0a72a2a081244a,rustme/IIlIlIiliI.class,4236,3980
e8eff217366f213754e13e491da31b3e,rustme/lIlIlIiliI.class,6005,5749
0fd82feedd473cf25812e33397c2a2c4,rustme/illIlIiliI.class,1174,918
40fd477ad20e22b484eac0c89393e21c,rustme/IllIlIiliI.class,3944,3688
2dc97b6cae5a13c4fc14625c478fccce,rustme/lllIlIiliI.class,2848,2592
0959b1dd2439d9f8d22dd0971d54a2fb,rustme/iiillIiliI.class,4245,3989
c2cde6c82cf8ad72428848c1013e152b,rustme/IiillIiliI.class,10283,10027
363d275bac0e3ab40de0717ad185c141,rustme/liillIiliI.class,3603,3347
4a5503cf9c99564d6bf94781ca510950,rustme/iIillIiliI.class,4261,4005
f134ffcc8d331915296bd6f2e9e8978e,rustme/IIillIiliI.class,924,668
ced3f90ee1b2343c15a9807c7ca42e2d,rustme/lIillIiliI.class,14534,14278
7ea73c943e5988302e261cac834eeed1,rustme/ilillIiliI.class,5847,5591
1d276052127dda8e8ccef571ab3d1de6,rustme/IlillIiliI.class,2107,1851
332d0f8e35f77f1f68cae7f7034c9090,rustme/llillIiliI.class,2037,1781
56f57ed8379519a5b84a25446340a7c7,rustme/iiIllIiliI.class,3768,3512
002e5d215a9085e9c9dd3de02c52f504,rustme/IiIllIiliI.class,5581,5325
21417bb2fcc39eec173bab05abea28ec,rustme/liIllIiliI.class,1676,1420
93be7a4a7e490da373b0b0eb0c0282b1,rustme/iIIllIiliI.class,3761,3505
527ffa7fdc200c3d845e85f893399ecb,rustme/IIIllIiliI.class,2935,2679
d62ea0b320fa3c71c6b444ce5499958f,rustme/lIIllIiliI.class,5460,5204
7f1be0979adbcfe4c6e62cb37ff4770e,rustme/ilIllIiliI.class,4245,3989
c2d213d948bbf9713fa4139ff910339e,rustme/IlIllIiliI.class,6203,5947
48571792516a70cf44f7225c0d4f5912,rustme/llIllIiliI.class,27000,26744
d58cf86d59a237e626a1e14a99eede7e,rustme/iilllIiliI.class,6127,5871
8e6665e464927fe673708300c06a9628,rustme/IilllIiliI.class,11689,11433
0e5a7fe8974a38e75f6e168970ab97b7,rustme/lilllIiliI.class,1879,1623
3472e057e5d2b10f2fd40fe62ce8cddc,rustme/iIlllIiliI.class,2198,1942
0d65239c48e9234577c4495ad52127ec,rustme/IIlllIiliI.class,2950,2694
30dad98dcfe01ae898a813feb3f92228,rustme/lIlllIiliI.class,1673,1417
dfb57f773859f22e1f4a2fe88d8392e6,rustme/illllIiliI.class,1057,801
e49a2b12eaa696d73a00792a90b47a55,rustme/IllllIiliI.class,1022,766
d40d4c8eecdc0e5ffe7294cb7c1301c5,rustme/lllllIiliI.class,16577,16321
ebafaf696644d4e569cc76df619fef13,rustme/iiiiililiI.class,799,543
979c3b6610fd8e065bbc0830cc4796b8,rustme/IiiiililiI.class,7018,6762
a262d32b3cc3156495387892fa39cd38,rustme/liiiililiI.class,2836,2580
1c66072be49d48554dd6f1ac0736786c,rustme/iIiiililiI.class,2849,2593
bfe31c3295a1b7a1945aefb3ebdd4ab5,rustme/IIiiililiI.class,2638,2382
66ae961e00eb531a0379b608f3814988,rustme/lIiiililiI.class,5876,5620
779ffa55101ff07564fc6f708838789e,rustme/iliiililiI.class,1230,974
00e5c20be29a2ec6d44cdedd14b3be45,rustme/IliiililiI.class,3328,3072
fc0a6ce655ab8082d83d3b8a23bdf476,rustme/lliiililiI.class,1209,953
92d8c8ec926a6c9dcdfffc61787d62bd,rustme/iiIiililiI.class,1289,1033
9d784db3973a90eb7a46da963f1b8066,rustme/IiIiililiI.class,3368,3112
d35ce48975c7b6ed66eb43e60ac42bcb,rustme/liIiililiI.class,1210,954
80bb93fc03526eb9ed2f84ab8f750255,rustme/iIIiililiI.class,1672,1416
e91c95d0feb114224ec7c2a1c3e99f1d,rustme/IIIiililiI.class,2085,1829
7c393f851e006314193fc918fc3a0ab5,rustme/lIIiililiI.class,2001,1745
4f6da3bdf82b6c455de5294e17ed80b7,rustme/ilIiililiI.class,1295,1039
69855704010715309ac9228eed1b31fc,rustme/IlIiililiI.class,2828,2572
7dcedd66777b8831ff00e01453e35f55,rustme/llIiililiI.class,2968,2712
367e3a59d196aa7a389d0b96e7dde388,rustme/iiliililiI.class,11243,10987
430f92a8dc8e240af6131c2072adf663,rustme/IiliililiI.class,1118,862
52adfaeb5ce63ea8982de38034278087,rustme/liliililiI.class,4672,4416
94be58fb158c7edd6fb2a66bd10b3a80,rustme/iIliililiI.class,4793,4537
03e58c24de21e0a4768505992a0ef567,rustme/IIliililiI.class,6257,6001
5bf22817d4355536d9a5ec3e02bc41d2,rustme/lIliililiI.class,1103,847
9cefe4c13b5a7901376ab1e149ecb4d4,rustme/illiililiI.class,2426,2170
cebaeb688674c7a723db2d5537ee329b,rustme/IlliililiI.class,5805,5549
e800161aafeafd81020caac241ba3ef8,rustme/llliililiI.class,1515,1259
96623946142a437ac4dbce95df613181,rustme/iiiIililiI.class,2132,1876
d3a1422ba0003e5e87e5770ebf2f0ca9,rustme/IiiIililiI.class,13149,12893
6588ebde01db06b3d04578ae90728096,rustme/liiIililiI.class,1633,1377
b7e5ee973dbde6dd69efce618747f41e,rustme/iIiIililiI.class,3568,3312
9510c6451df16ca387827c91dbfbb2d9,rustme/IIiIililiI.class,1500,1244
3d129c092a289fd1f72b817b4bb3be45,rustme/lIiIililiI.class,1957,1701
108dcc28d81193ed4cdeca5f61b93d86,rustme/iliIililiI.class,1679,1423
2fae9b800d7691482dee17c275dc2779,rustme/IliIililiI.class,1957,1701
e131f9f575f0fb1ead2ddaa3d29dfedb,rustme/lliIililiI.class,1811,1555
4b2d81be0c5412632b3769059133dec3,rustme/iiIIililiI.class,1667,1411
0c217b73b9816c5315899b6777050b67,rustme/IiIIililiI.class,2034,1778
b21d39b789e3ea011a7addae338c40f8,rustme/liIIililiI.class,2578,2322
709ed8c3965cd802777d1c11cf6f8f17,rustme/iIIIililiI.class,4022,3766
66433459d77e2b599abd8f87a0a7acba,rustme/IIIIililiI.class,2641,2385
f4e13581be7fb21203c1f39dd7c34ea1,rustme/lIIIililiI.class,6317,6061
a87f925f0ae3852e23a6460e7ab345fd,rustme/ilIIililiI.class,4591,4335
25baf7f2cb8ad995b43b962d8851fa3a,rustme/IlIIililiI.class,3741,3485
fca616e746bcfce0f721de55a3dbc1ed,rustme/llIIililiI.class,4569,4313
0ca95922a28a12526e7db018e8f69825,rustme/iilIililiI.class,3078,2822
7067c4631e83532f8565699b224a0ddc,rustme/IilIililiI.class,16511,16255
3df0d81bd6281bcf3a3e5542875c784c,rustme/lilIililiI.class,2074,1818
e0750e9a8a0d52316d5055fa8567986c,rustme/iIlIililiI.class,4068,3812
fab7273a542e496411bbd092a4667121,rustme/IIlIililiI.class,8249,7993
866b6e1b2d1ba7cb7a8a8fae628850d2,rustme/lIlIililiI.class,23220,22964
fff4282c79585455b387f1790d11d1b6,rustme/illIililiI.class,1198,942
0ac74fb1af010edd31abdc2f996b0460,rustme/IllIililiI.class,18359,18103
74f9fb97c67d3a98ae107b1d5e2012db,rustme/lllIililiI.class,1603,1347
ea74fd0d324a4ab1ae6bcc803849d949,rustme/iiilililiI.class,1763,1507
e9ee5912f98834a1dceacb04e4e585a5,rustme/IiilililiI.class,2181,1925
da55b1bc991c95ff5ecf214fbc7e7ae0,rustme/liilililiI.class,2177,1921
e43d68372aa1c1ae2eda7c3347457a4e,rustme/iIilililiI.class,1632,1376
5ede398e980e023ba106f134cf0d9a02,rustme/IIilililiI.class,2157,1901
26399978902228ac03e5937678379a3f,rustme/lIilililiI.class,1635,1379
200fd55289677419f69736526987afa6,rustme/ililililiI.class,2156,1900
21218b10fcb083a597fc69b58ca94c3b,rustme/IlilililiI.class,1634,1378
2c25af39ab8f4585d3fed9202f5ee8f8,rustme/llilililiI.class,2970,2714
6b83c7f162814e125df447bfff5c0c53,rustme/iiIlililiI.class,2255,1999
82f0549401e43dbc4908797a4db6a4ce,rustme/IiIlililiI.class,1710,1454
d4af10db4cf99109246621a1490cca0c,rustme/liIlililiI.class,1642,1386
8f289b97fb4a94647ce577a6e6730513,rustme/iIIlililiI.class,3045,2789
62b592f9f4e719ceeea511681f963887,rustme/IIIlililiI.class,2258,2002
250ef60bd9734d6092c3c3708727b48e,rustme/lIIlililiI.class,2326,2070
32d1c4a82d2cc8fb176b43a30dcc7df5,rustme/ilIlililiI.class,1642,1386
a6fab9b6fd36c45fcdd9c042f0323ae6,rustme/IlIlililiI.class,1969,1713
5f0e08a3d03bf3d6f8a888f5663feed8,rustme/llIlililiI.class,3087,2831
712e701b65c4bd3e1df49cdc228fda8f,rustme/iillililiI.class,1651,1395
12ec968813a7274dddc4c88846de67ad,rustme/IillililiI.class,2636,2380
acf6e19d14750696925b92c657f0c3c3,rustme/lillililiI.class,8423,8167
e75a8a2a3e93d02ec390048d63a234cd,rustme/iIllililiI.class,3653,3397
b3e21bf50932982ef9ee5ec1151e9db8,rustme/IIllililiI.class,1928,1672
6b36663bc6227d51717510053cc01d76,rustme/lIllililiI.class,1407,1151
77d20cbdbd8f46900ce178813b0efeb3,rustme/illlililiI.class,7695,7439
1ab7fa797c146fd73de521efe341f85f,rustme/IlllililiI.class,4209,3953
77c4b61ad3f2d8c59414a3e01aa93581,rustme/llllililiI.class,11816,11560
de2066170818c139787145a421618131,rustme/iiiiIliliI.class,3587,3331
e5b359ef39ea238aab627973287ae0da,rustme/IiiiIliliI.class,1118,862
200693dc817d92569b01589d4451979e,rustme/liiiIliliI.class,2708,2452
63055035070dbabed85c968f483cdee4,rustme/iIiiIliliI.class,9694,9438
32bdf663cba5fef62d6a104933f6ddbe,rustme/IIiiIliliI.class,3866,3610
a0a1430903d58433eeef7d5769b1b1cf,rustme/lIiiIliliI.class,2279,2023
a341436b01e9ff14bcee9f871cac42f8,rustme/iliiIliliI.class,4187,3931
c1749eba002265a5ec365b539c7e113e,rustme/IliiIliliI.class,2265,2009
d51316212f0a23e2566a17f3cad6f9ea,rustme/lliiIliliI.class,7000,6744
2f66005c9ecfff225746543bd17853c3,rustme/iiIiIliliI.class,1841,1585
438d3722ddbe3cca753f8b6abe4a4132,rustme/IiIiIliliI.class,4823,4567
cd1590cc4085f47c6ff243fb19242190,rustme/liIiIliliI.class,1980,1724
c259be413276893da3b9148b7f9ae4b5,rustme/iIIiIliliI.class,1989,1733
4563e6714d29519f55a4c669b81a8c09,rustme/IIIiIliliI.class,4539,4283
db4f1813233854f83af4bec6e8193eb3,rustme/lIIiIliliI.class,7144,6888
45846c66a52cb7d21fe2a4edd5a37c6e,rustme/ilIiIliliI.class,11156,10900
248009d865bddeb99c689698ae5e0a26,rustme/IlIiIliliI.class,2632,2376
cfc08a4fedec480351569553c8301d70,rustme/llIiIliliI.class,16042,15786
eab74f7a75b7e3c6e187fd333de5993c,rustme/iiliIliliI.class,4045,3789
ed1996e540b63946060139f1ae98fa8a,rustme/IiliIliliI.class,2216,1960
f2cdc3b21cee708bec67678327e64801,rustme/liliIliliI.class,2199,1943
33325e9d7567714884870f48d2dda01c,rustme/iIliIliliI.class,2272,2016
7cabeb82f14621b8797fdf06a1f70668,rustme/IIliIliliI.class,2169,1913
390f952a8b9913c63ab4a0e86c5abd85,rustme/lIliIliliI.class,1763,1507
b382ee16710da38fa1ca4edf308e2769,rustme/illiIliliI.class,14132,13876
62d500af52296e7597420dcb5c9ef0ec,rustme/IlliIliliI.class,1804,1548
3d3d40b112c07025d182ce1cbf07a163,rustme/llliIliliI.class,2929,2673
ff95dfcee0c43e41761854240a7d34f1,rustme/iiiIIliliI.class,18355,18099
0df14bff2e17fe275fc3a8b35436728e,rustme/IiiIIliliI.class,5155,4899
c33c382351c9b803676c3c545207ba57,rustme/liiIIliliI.class,1895,1639
5c7ebd852756b44ac8c4b519fbe1ce54,rustme/iIiIIliliI.class,3183,2927
51cabfebbdf1ab594ae0e14f88ec0f8b,rustme/IIiIIliliI.class,2632,2376
3d0dd063546673e99ef305a371c8b1f0,rustme/lIiIIliliI.class,1371,1115
e7968866996c25d3bbb8114add01fe87,rustme/iliIIliliI.class,3522,3266
abaa7b1dec52f9fb8ad95dd34e89dd6a,rustme/IliIIliliI.class,1911,1655
5308dc278607a53e44292e34683398b2,rustme/lliIIliliI.class,3302,3046
aa2173e8e48cf476adf448a23aaa0d78,rustme/iiIIIliliI.class,1913,1657
a5ed00b38d86c5f561ec9588f3aa87b5,rustme/IiIIIliliI.class,2771,2515
7d02c06a614ff9e44b9959cbeb50fe26,rustme/liIIIliliI.class,3064,2808
2c3b3cbf38a95d6085cb496162318d1c,rustme/iIIIIliliI.class,1070,814
040695e5715ab46dd9270a6116b86dbc,rustme/IIIIIliliI.class,39350,39094
afdc39cc738ae4bd2d9a79d6836dac6e,rustme/lIIIIliliI.class,1608,1352
5f60ff5bc1cb1af06f813fd70138c73c,rustme/ilIIIliliI.class,2221,1965
bc1e329924adb597cc085c3bd2ddfbf8,rustme/IlIIIliliI.class,2221,1965
d11f6b239f79775ca5b133106321969c,rustme/llIIIliliI.class,24772,24516
c7c634880e7ca8224bf574e4b4c54a8c,rustme/iilIIliliI.class,2461,2205
b81073aa66b471ea74b4f130668d0a07,rustme/IilIIliliI.class,5563,5307
44318f9648924e5863b6c1fb8fef747f,rustme/lilIIliliI.class,7193,6937
de7b136cf5f3effbe629d3fe094e5213,rustme/iIlIIliliI.class,28950,28694
ffe9723a260e28a7b1d3fc2ac2010e07,rustme/IIlIIliliI.class,2476,2220
acd75cf480b788c9a1cba5a89a312011,rustme/lIlIIliliI.class,2939,2683
7b9bb8c40d1e1c669a29b3e5509c4b97,rustme/illIIliliI.class,3009,2753
208f1f9d58c6a47c54ea3d6b8208d69a,rustme/IllIIliliI.class,3802,3546
43e63965f7cbf16b7e7c7f7705b11deb,rustme/lllIIliliI.class,2618,2362
ad08b7dcd7cd94beaed5d290eb30dafe,rustme/iiilIliliI.class,1071,815
17f19c62ab21c1733d00167137861f52,rustme/IiilIliliI.class,115777,115521
b39ff1195ef127a696d10167429ac2b3,rustme/liilIliliI.class,1847,1591
97c834d3554610404cec3cc77004b4a1,rustme/iIilIliliI.class,8335,8079
99f1dae64faedeadbb38e18e76ad22fa,rustme/IIilIliliI.class,1576,1320
0ac99519cd1869c36380b3440b0c7b5c,rustme/lIilIliliI.class,1407,1151
9ca66cf8dab86dc0024f0fa309c76473,rustme/ililIliliI.class,42973,42717
75a084153ee13aedec1b3380a38b06bd,rustme/IlilIliliI.class,9018,8762
c97d20c4406440cf5b7ba1092014025e,rustme/llilIliliI.class,2780,2524
23cdacab695095d74eb307e362c63c82,rustme/iiIlIliliI.class,6323,6067
8b9dff3916f2dd5badaf6176c17ad9ba,rustme/IiIlIliliI.class,1200,944
06a39ed02b46aeb1436e45211541c5a9,rustme/liIlIliliI.class,9740,9484
26a478b742f27329a9f4c645fd663bfa,rustme/iIIlIliliI.class,1634,1378
1f221f0889b634e42c09428be405384c,rustme/IIIlIliliI.class,23257,23001
56cf2fd0a0d2b1954c1fba51b08765df,rustme/lIIlIliliI.class,2796,2540
db4d921927e51f518d85dba32e2a0a2d,rustme/ilIlIliliI.class,1805,1549
300bc3bce89608022fde2146da764d82,rustme/IlIlIliliI.class,1986,1730
2cc1e0c6e85894d48ccf08f94ccfcb8f,rustme/llIlIliliI.class,1696,1440
52ba707c13f39e2414085fe72b3aecf3,rustme/iillIliliI.class,1795,1539
d8c8d7e433f2ed9a50b4fc0339a645af,rustme/IillIliliI.class,3496,3240
56b1ad0c18696fb8cf927a69d23437ad,rustme/lillIliliI.class,4678,4422
7870f1e5cf51f0cb1b182c7444614798,rustme/iIllIliliI.class,2894,2638
bd5d09387bd71d8071fff4ef90f74db3,rustme/IIllIliliI.class,1801,1545
3f31ad0bfcf1cd62e50f9eca3dea1fb1,rustme/lIllIliliI.class,33728,33472
2423ed8641821d7a2d0ede08dccfb209,rustme/illlIliliI.class,1597,1341
fcb9a4a916da8ea196412aeeeaec892e,rustme/IlllIliliI.class,15503,15247
74b6d3ce50cb442decae08fb40da0040,rustme/llllIliliI.class,1849,1593
2e25eb7609367da631c133521d2815bb,rustme/iiiilliliI.class,2028,1772
f913621ffa77bf7c9e2ee534d6bfda91,rustme/IiiilliliI.class,2444,2188
bc76abb4d2638758956e408e86a2f0a5,rustme/liiilliliI.class,2238,1982
16f98997a29c431ce1c07e5a7eb4d972,rustme/iIiilliliI.class,33512,33256
80067a1a49389939b8ad078475c0dce9,rustme/IIiilliliI.class,1832,1576
b0f5fbea5c37775a06f45247b5fea982,rustme/lIiilliliI.class,17030,16774
b4fcedcf324251a896c5255cfba97627,rustme/iliilliliI.class,2950,2694
46f0ff02384ded429df6e8f0a418463a,rustme/IliilliliI.class,2643,2387
3e154db52b2384f9a4a81260488ef4a0,rustme/lliilliliI.class,973,717
7c8b11b52bf1b666ba2bf248cea9bd4b,rustme/iiIilliliI.class,42895,42639
eb32c77775c6bb3bed95cadaaab0e5ea,rustme/IiIilliliI.class,4715,4459
a57eb18d6b26590b2fc8501dab3e7614,rustme/liIilliliI.class,1132,876
495ca7fe081e7098afcc277162cb6150,rustme/iIIilliliI.class,1852,1596
b0b0785b7abb2e1a65c65ca1543455bc,rustme/IIIilliliI.class,1837,1581
d4453b3af984f84fceee3d54152ad9f4,rustme/lIIilliliI.class,1847,1591
93db69176595ca17c0679dab433a5122,rustme/ilIilliliI.class,1832,1576
c778b6f62b9e930cce873103bf19ba67,rustme/IlIilliliI.class,1848,1592
8f07e56079962b36029575a3c51b55ff,rustme/llIilliliI.class,1832,1576
9b9e4c20a71a6c6d508e020d1959061d,rustme/iililliliI.class,16537,16281
f9a76c59b06ab7f3da798d424f1c90ad,rustme/IililliliI.class,1124,868
908f1e820fe36af587213ff6271c4838,rustme/lililliliI.class,4968,4712
d04efe833b986d37266444d9948834b2,rustme/iIlilliliI.class,4504,4248
75d4a339820bd50942591ddea3dbd7e0,rustme/IIlilliliI.class,2706,2450
0aa088fbdcfebd316b177e9db2129279,rustme/lIlilliliI.class,4367,4111
2511b1eaa2c9d84b5a96cc594e7863b1,rustme/illilliliI.class,1177,921
636d5504751620f8798f79336de3ff68,rustme/IllilliliI.class,11483,11227
b09ee97c4f6b2f466910f99c761cbcdc,rustme/lllilliliI.class,1123,867
d82436f81a2fa58906b4896c1f0278d1,rustme/iiiIlliliI.class,2718,2462
7a2a01dcbab2857753895916f3bea4c8,rustme/IiiIlliliI.class,14074,13818
2fb311e294dfaf42398fcf88818291ac,rustme/liiIlliliI.class,1568,1312
7b5ebd23c85d9d37cb003dd5cb5ce9f0,rustme/iIiIlliliI.class,1906,1650
393cf239290d3fa826f196ca1616da9d,rustme/IIiIlliliI.class,1403,1147
42f311cbf4528dd2836777ba057e2266,rustme/lIiIlliliI.class,1921,1665
04a8b0b45ab3353130cae0def7cb8682,rustme/iliIlliliI.class,2539,2283
76da318e02feedeb66fcf9d0d732ad66,rustme/IliIlliliI.class,1886,1630
a1474abae7259d48241a35a47925f180,rustme/lliIlliliI.class,2716,2460
98449766cf17782399eae9506552b412,rustme/iiIIlliliI.class,1474,1218
91deb76df8344c10b554871ee5890303,rustme/IiIIlliliI.class,2099,1843
09f9d6079863a00a3a8b97fee05b4882,rustme/liIIlliliI.class,3173,2917
df6057c187db678c7141a0c194aebf50,rustme/iIIIlliliI.class,2293,2037
005797fa617565441d356456d08c3084,rustme/IIIIlliliI.class,1886,1630
4e48475d4a4d5c5dbe22f7038f721b31,rustme/lIIIlliliI.class,2539,2283
605ef9eae9499cf41df2581281839732,rustme/ilIIlliliI.class,973,717
0b2dc1d6767856d04fda364effc30e33,rustme/IlIIlliliI.class,1471,1215
b1fa61ae0a38fe8b4047daa66c33805b,rustme/llIIlliliI.class,52814,52558
dad795bec582c5d607f35801077ca874,rustme/iilIlliliI.class,9019,8763
7eb31f6c0d697e465361011f0600afa8,rustme/IilIlliliI.class,1245,989
5fdd830d463c877ab8b4dda16eb7c44e,rustme/lilIlliliI.class,16958,16702
af3a7a221417165d1906d53d579f09d3,rustme/iIlIlliliI.class,7542,7286
8550efbc0d5852d4e49d2c66e5363a4b,rustme/IIlIlliliI.class,7797,7541
bb5904fa6eca276db62b55a09667f616,rustme/lIlIlliliI.class,1324,1068
78bbc16d7a6ae6755a34e7be379f061e,rustme/illIlliliI.class,12158,11902
6a9a6687e4628ced001fda1f1dc41c38,rustme/IllIlliliI.class,1923,1667
0f523be521ae765e38eaf953518dbf3b,rustme/lllIlliliI.class,24718,24462
cc238f6787d59b254707909a4445ca8e,rustme/iiillliliI.class,2094,1838
23a1c422b0954e165fac322424cc7fe1,rustme/IiillliliI.class,25836,25580
705fcd3bac4ac18101182593dcfe6a01,rustme/liillliliI.class,1777,1521
47e16914ececd532340f3e769a472573,rustme/iIillliliI.class,16924,16668
9e085199f4f17d8b13af9637444dfb3f,rustme/IIillliliI.class,1150,894
3012d758aa1bb62b53397c3f36313d25,rustme/lIillliliI.class,8337,8081
761455f95edfc21fe4456dd7df848a79,rustme/ilillliliI.class,1402,1146
fa247bc69123a22758c03cb760b2e600,rustme/IlillliliI.class,27889,27633
abb1750900c9714bdc49b98290694a33,rustme/llillliliI.class,1570,1314
fe4799a9a256bd2e47ccc0b291bfd6a4,rustme/iiIllliliI.class,2175,1919
1293d78c5607c1530616ef25db495b17,rustme/IiIllliliI.class,2130,1874
8ca3fa8ddd865d813f49cb8ca99cfaf9,rustme/liIllliliI.class,14803,14547
3ba332074c60469c92aa23d9dc88572d,rustme/iIIllliliI.class,1333,1077
5e68039bf0d91c1dd272eff2203fb7c3,rustme/IIIllliliI.class,11714,11458
727f9d51ac5d02fe71fe75de0ab1bb23,rustme/lIIllliliI.class,2737,2481
44ec036e13812b4d8190bd15f8e714eb,rustme/ilIllliliI.class,4031,3775
140ddb5bfa921751417fdfa29224455b,rustme/IlIllliliI.class,1063,807
bef92156183e8213f2b792f64ee2b327,rustme/llIllliliI.class,35147,34891
cbeff6afdcf869a7dfbb9853694cf3bc,rustme/iilllliliI.class,2774,2518
150c1f7e8bff3ca2dd66e5bea6d8cab0,rustme/IilllliliI.class,22901,22645
af62e55a6bd33e308f69c0e096e549d0,rustme/lilllliliI.class,5238,4982
2a6389f6a4c565ee482ea60bd64251d7,rustme/iIlllliliI.class,3646,3390
ee641d459f61a864d1f3580bc322a9f6,rustme/IIlllliliI.class,11751,11495
49246d236df452abff72113eee340b34,rustme/lIlllliliI.class,1236,980
af976f13d0969b59cda085ff666cd5ff,rustme/illllliliI.class,12493,12237
694aa2605870f16a246bda6e3f237ebb,rustme/IllllliliI.class,624,368
03b4df672892e720d2ab8ae6c2677afd,rustme/lllllliliI.class,1114,858
65b9f3f6faddca5baecba2d1a7eb8f1e,rustme/iiiiiiIliI.class,9730,9474
3f21e346a94ac157d8884ef0d2430612,rustme/IiiiiiIliI.class,3764,3508
e979e4555f3b715314c4150632ff3eef,rustme/liiiiiIliI.class,24498,24242
058e08daf54392b3b9c809f08fab4d48,rustme/iIiiiiIliI.class,2484,2228
74bc653c0e922efb474ee54c0e88f458,rustme/IIiiiiIliI.class,10044,9788
826e8f210a2145fda7e5e2eafb7fb426,rustme/lIiiiiIliI.class,712,456
b9bdccbbb5df3437ec71018d5ce1047a,rustme/iliiiiIliI.class,1933,1677
15c338e191af221d2a5e0338ff443400,rustme/IliiiiIliI.class,4056,3800
6e6d01d43cd66aa5fc99b5563bbfdf01,rustme/lliiiiIliI.class,1188,932
c9aeca77015368e736d42a60635c4596,rustme/iiIiiiIliI.class,1915,1659
3f3686ec3129b42c0a8a3241d5f8eb5d,rustme/IiIiiiIliI.class,4038,3782
249285ed7c0edc36fb46038e16395a25,rustme/liIiiiIliI.class,1427,1171
251c3ceb265a184f2f285e9b9894ea68,rustme/iIIiiiIliI.class,2170,1914
8db61cd05023feb9677135a1773e972a,rustme/IIIiiiIliI.class,1915,1659
6d3605d307dd3da65ef2fa9c8e9af018,rustme/lIIiiiIliI.class,4038,3782
d863acb03e84ad9bc8023950b500e167,rustme/ilIiiiIliI.class,33731,33475
38792fe009bfbfe000b6fa080e0a2c26,rustme/IlIiiiIliI.class,1915,1659
69037b0deb40cdb1874650f37fd77fed,rustme/llIiiiIliI.class,1896,1640
a4090b9c98a0bd1a8e06f8cd07777920,rustme/iiliiiIliI.class,2088,1832
79b84a6a31a4acc185f36aae3216a553,rustme/IiliiiIliI.class,2540,2284
fcdd8174cf99326abe70af6ea01e6b37,rustme/liliiiIliI.class,4347,4091
87bddfea88c6fd445b4eacae7126cd1e,rustme/iIliiiIliI.class,1915,1659
315dd134f332ab56899f7b6c3caf2bbf,rustme/IIliiiIliI.class,2281,2025
0547bb23fb93714da31e6c8d774d57e5,rustme/lIliiiIliI.class,2342,2086
f9c6c102c71e2cc1123659b698a39a10,rustme/illiiiIliI.class,1496,1240
ac1c9f9ec08ef9427a58997bd90c804e,rustme/IlliiiIliI.class,3218,2962
a88aa0a1e67f394fea823afd6a57f767,rustme/llliiiIliI.class,2334,2078
9d482aea83690fccf20e6faa56949300,rustme/iiiIiiIliI.class,2125,1869
457d9a58d40ad146ae6cea94016cbb44,rustme/IiiIiiIliI.class,1990,1734
6f20fbf2df794cc900e06b67585dc36b,rustme/liiIiiIliI.class,2280,2024
8ff5d3cee5dc67fda01e0da0779161a3,rustme/iIiIiiIliI.class,2125,1869
fc6e3c974dc774333737d42833f01747,rustme/IIiIiiIliI.class,1990,1734
a6ffb0e84de2f0388affb0902d0191b7,rustme/lIiIiiIliI.class,1896,1640
c2ece707c4dbfed2de0dee0135318f2c,rustme/iliIiiIliI.class,69057,68801
0a96af943d71b917e3a260a00225e53a,rustme/IliIiiIliI.class,1730,1474
5daa5992eb8cd7edbeaff293f2f90b6c,rustme/lliIiiIliI.class,1065,809
0dfd23da104bf080a171f38558bde26c,rustme/iiIIiiIliI.class,29515,29259
449c1d3b0888ce45bf7e4a6de501a7dd,rustme/IiIIiiIliI.class,6938,6682
80bcdc990cca496832b41a4c785ceedc,rustme/liIIiiIliI.class,2909,2653
132da1431446428e44436ca50a16750d,rustme/iIIIiiIliI.class,4324,4068
f3a9b3de03b31e4c1ef913ba5678adcf,rustme/IIIIiiIliI.class,18831,18575
5b7414357690ed0020ebbd8e1ff04bfc,rustme/lIIIiiIliI.class,1912,1656
5b0a4c45bd1490f07109265859fc28b9,rustme/ilIIiiIliI.class,13201,12945
929dc35d9472134dd155403cf7987c93,rustme/IlIIiiIliI.class,1070,814
1dabfbedc45b5e45caee29e0629c6be6,rustme/llIIiiIliI.class,10457,10201
54dd4611d22c879bacf3e365c6104923,rustme/iilIiiIliI.class,3875,3619
ef74df269f6d9e99fdeaec677af32364,rustme/IilIiiIliI.class,14108,13852
2c661bbeb391add512207e908038d0fd,rustme/lilIiiIliI.class,15247,14991
404419e7e803120eadd45da5aa0ed2ed,rustme/iIlIiiIliI.class,2197,1941
22ad9062125c9f1915780e1b611ae5bf,rustme/IIlIiiIliI.class,1916,1660
ca1cec8121827ee20909a0852fea1f72,rustme/lIlIiiIliI.class,1653,1397
a18879bc275226ca28af0b750946ab40,rustme/illIiiIliI.class,2192,1936
959b6c006f2be632fd24ac3823f57700,rustme/IllIiiIliI.class,2229,1973
d99fafe17e770f04c8e46d78bbe10633,rustme/lllIiiIliI.class,21903,21647
aa0db92dd802fa1f84dabab20f6b63a5,rustme/iiiliiIliI.class,2056,1800
736f7234b72de3e66ec2699b83aa1003,rustme/IiiliiIliI.class,7792,7536
f46751a32fe2ab6d1ed37689231720a3,rustme/liiliiIliI.class,1896,1640
f832e3a9e9c99456af60e9b7d0a8afdc,rustme/iIiliiIliI.class,1707,1451
f155cdd20d33917764a42c2464d64df4,rustme/IIiliiIliI.class,2480,2224
55c9a034ff90414e8e691bc5becd09a2,rustme/lIiliiIliI.class,1900,1644
a3df53712f494e4257aee7120edd0458,rustme/ililiiIliI.class,1483,1227
2f78a82aaff5b81087663d025ee7424b,rustme/IliliiIliI.class,989,733
7b6cca7ab75b24a294ea30bff40793b8,rustme/lliliiIliI.class,41992,41736
3a6f8f96f97064ed3434e3043c3d1e64,rustme/iiIliiIliI.class,40650,40394
698e9b5a8aceed569b9ccb514a6702eb,rustme/IiIliiIliI.class,1165,909
56bd23f120a2e9dbda6ccdf8bdc0d7cf,rustme/liIliiIliI.class,2653,2397
d279167905f9f6a8b01e01d74cc3d492,rustme/iIIliiIliI.class,2625,2369
06bca20e996357bf56d7776c3f6bdf78,rustme/IIIliiIliI.class,2625,2369
d93e86e8fbc099a168eef8aabbf40362,rustme/lIIliiIliI.class,2653,2397
d0c9bf875ac15446504294e13eb9f524,rustme/ilIliiIliI.class,973,717
950cf420931131836a141af5d9bdad5d,rustme/IlIliiIliI.class,18730,18474
610d4de72251249cf2c4815ce2e6f569,rustme/llIliiIliI.class,1955,1699
741cb630e271d488b184799c73494d3f,rustme/iilliiIliI.class,2422,2166
ec44699fb9e634e4f1a3a10773162344,rustme/IilliiIliI.class,2750,2494
d7695611a0216ded13adcb8450038250,rustme/lilliiIliI.class,5214,4958
4e31ea61164b7322e413085cda644fd9,rustme/iIlliiIliI.class,2688,2432
a46e75f53c61e0647e0d5501dd595282,rustme/IIlliiIliI.class,2660,2404
c8f4f43497953238a750bed62d97907f,rustme/lIlliiIliI.class,13972,13716
f636ffd3e6c98073b96f39a9528838b7,rustme/illliiIliI.class,2637,2381
99dec50bb392c3cd27642dfbae0ba212,rustme/IllliiIliI.class,10660,10404
e2ceebaa456e92a6131ceac900288365,rustme/lllliiIliI.class,1903,1647
855e9e707393b680cef65ac2b1172b52,rustme/iiiiIiIliI.class,1860,1604
75a2a944d6883ff3c11fe608f4f2be8d,rustme/IiiiIiIliI.class,988,732
748265a52eebc869c8c3f078edf9a1bb,rustme/liiiIiIliI.class,2309,2053
7278de264dd237c141fcf5939f186af1,rustme/iIiiIiIliI.class,2717,2461
983ea9072f1ba4a0c9f31c096e91d2c4,rustme/IIiiIiIliI.class,2803,2547
9c4e30dab730f9c0a7eb9f554fb9210b,rustme/lIiiIiIliI.class,22740,22484
a9310d3a3735acc28ec21e05eb824397,rustme/iliiIiIliI.class,1259,1003
46e93a18db043c3f702c6d2f0c01f9d9,rustme/IliiIiIliI.class,1830,1574
41ee69c850d06399d18af29093930799,rustme/lliiIiIliI.class,3954,3698
ec28d413f07b64fdfba5eb98681f097c,rustme/iiIiIiIliI.class,36346,36090
713b4a67b673a03953a12e1641070407,rustme/IiIiIiIliI.class,7452,7196
7e05720a1f3f234c7771ee92dc3d978a,rustme/liIiIiIliI.class,1076,820
d8c732ba7ea22ef05298ca3afe4e2006,rustme/iIIiIiIliI.class,9785,9529
e0de0a50c5da95d8030264baec494a26,rustme/IIIiIiIliI.class,4591,4335
5469b0ff2236b79ef931ad5524a95775,rustme/lIIiIiIliI.class,7740,7484
10d13325c5ce99c54c1acb7e5d62875b,rustme/ilIiIiIliI.class,4352,4096
63558ef8e792122d54420efc4598cf5f,rustme/IlIiIiIliI.class,4851,4595
156b871978c0588563c480cfe72e3f7c,rustme/llIiIiIliI.class,1893,1637
1b6fcb230eadc885f21c57759eefa7d0,rustme/iiliIiIliI.class,11047,10791
14fd3adae2fddbfe9b15362616235381,rustme/IiliIiIliI.class,2509,2253
0dbfbc5795bab66a58f1a9eb8b57baac,rustme/liliIiIliI.class,8879,8623
350b32599010f629e24dfc3de439e3e3,rustme/iIliIiIliI.class,7921,7665
7a3c21dbae51365b73ff3a9b0e4790a9,rustme/IIliIiIliI.class,2879,2623
539bc32c6204a6603b04fc4b254326f5,rustme/lIliIiIliI.class,14593,14337
fbde491f910230a7bcfe239831b926c3,rustme/illiIiIliI.class,3980,3724
37fa99211c3540ac4522942c9ab08f9e,rustme/IlliIiIliI.class,2641,2385
635fcdfa9f1cd21229ac8c05d8790e47,rustme/llliIiIliI.class,2673,2417
ff96a9354570edeec4c877e09249651e,rustme/iiiIIiIliI.class,2680,2424
08fc33864f4ed03d345f234098d44dc7,rustme/IiiIIiIliI.class,2645,2389
2a4a51ae157f70798a336c597d40f2e1,rustme/liiIIiIliI.class,18546,18290
d07d1d44422b1c5235a1792a8cdfa5b0,rustme/iIiIIiIliI.class,3368,3112
1324f6d9afea67b242c2e5a4391f8ac3,rustme/IIiIIiIliI.class,3111,2855
b94d37f26fa925620f6e69e357e12c19,rustme/lIiIIiIliI.class,3241,2985
05db24b0e90a6fe6665998ec2fe66d6f,rustme/iliIIiIliI.class,22736,22480
44e88422d678a7a661dd82c8a4c1f982,rustme/IliIIiIliI.class,3944,3688
c6d5c3819b7f11cf03c37e1b3147e4ed,rustme/lliIIiIliI.class,2926,2670
6e20f65e8f9f9c42a59b30315c6b65e6,rustme/iiIIIiIliI.class,7729,7473
bd1f176887edc1db5c360992d4237ebd,rustme/IiIIIiIliI.class,1116,860
cedb623108973db278713ac3e151c0fa,rustme/liIIIiIliI.class,4147,3891
051ad8032be64b5f717475af440cbec1,rustme/iIIIIiIliI.class,3934,3678
321e4c94b87e6cc789c1a84442e4373f,rustme/IIIIIiIliI.class,3055,2799
1ca507a110e78d9063799790d0a4479d,rustme/lIIIIiIliI.class,1944,1688
0006791674e5d6cac20e2a6b4389f981,rustme/ilIIIiIliI.class,1944,1688
7b3861b50a69d2c8b7ffed25843b0f85,rustme/IlIIIiIliI.class,3079,2823
43cd21e3e2bb42888e9712b2fd536b7a,rustme/llIIIiIliI.class,1668,1412
1aba7dba6c6735f18c62e0f3e88d9b06,rustme/iilIIiIliI.class,14166,13910
ffc1fd2aa2c59e8d4154c114db435358,rustme/IilIIiIliI.class,2594,2338
6f5a68f69d09df6ab144068267cdcecc,rustme/lilIIiIliI.class,5116,4860
16f14b97679a5babc50d6f55ef5a14af,rustme/iIlIIiIliI.class,2683,2427
ef4809e33ca5ffe41b759b966b25cecd,rustme/IIlIIiIliI.class,2718,2462
de64900333a13efcc7c6e3a1abbd55c3,rustme/lIlIIiIliI.class,2683,2427
550f5cadcf8670e7d5af770dcf40c94f,rustme/illIIiIliI.class,2711,2455
891287558e5a9a4fb8ed5721e2645892,rustme/IllIIiIliI.class,924,668
b35eca3eb516f53e2d3cab4e0dae7072,rustme/lllIIiIliI.class,19108,18852
686ca8ef4cb579089406d6b9caf6223a,rustme/iiilIiIliI.class,2272,2016
394a8486cc4d7fd1404b98bc6ba257ea,rustme/IiilIiIliI.class,1346,1090
980c6ff7b401277fc0897ae537414108,rustme/liilIiIliI.class,3158,2902
a6b1d99574f94c9c975463887da45c10,rustme/iIilIiIliI.class,12005,11749
e13aff62fc97c2be97bb66647e7f1bc6,rustme/IIilIiIliI.class,1384,1128
0be8e585527744b9fb5834896229d0fa,rustme/lIilIiIliI.class,2843,2587
ab7516cc8dcb2fd3d1071d95a696d6f4,rustme/ililIiIliI.class,2980,2724
ae9b86d2486e991185311157cf709a29,rustme/IlilIiIliI.class,8646,8390
d499abf13bd6a2e13683a29e0b682d2b,rustme/llilIiIliI.class,11083,10827
389ef7c1df849abee65491d7d8ae2562,rustme/iiIlIiIliI.class,1604,1348
a4dc3839e534a069b9552462682219e7,rustme/IiIlIiIliI.class,20560,20304
bc621ae063448198adb6059bb47efd5f,rustme/liIlIiIliI.class,2559,2303
c2f7b7c02abb02225a8b6bdde04b80ae,rustme/iIIlIiIliI.class,17581,17325
1925053cb1e51bc5dce60be121d09117,rustme/IIIlIiIliI.class,1408,1152
f1b2dc88235a53c5061738575e44811a,rustme/lIIlIiIliI.class,2966,2710
789df4b93b207d83dcc9f469a602bd1f,rustme/ilIlIiIliI.class,13866,13610
83eed5525d189a7b59dfbcc5e630edc7,rustme/IlIlIiIliI.class,1434,1178
2eef25459776de07ebb30f9001c0d339,rustme/llIlIiIliI.class,7325,7069
00d830d4a816be595d73c8c135247789,rustme/iillIiIliI.class,1322,1066
ad088e98d567fdfc8d62cdc75b1eb3a0,rustme/IillIiIliI.class,8755,8499
51cc1e98d8ae754ce29684c272bb05d8,rustme/lillIiIliI.class,1372,1116
16a4dbf1ca29efed793a180fd673af52,rustme/iIllIiIliI.class,7597,7341
340c1ac4b436e26ee99dffb9da85bd55,rustme/IIllIiIliI.class,13359,13103
55c8f0cda3b7e11b116a65c6079bf7f1,rustme/lIllIiIliI.class,1442,1186
98cb0c1a93043a8b5c6f7b0a391cada0,rustme/illlIiIliI.class,19872,19616
916b743ed1f528ac587b18e675b9592e,rustme/IlllIiIliI.class,7971,7715
29a65536bc8e0b7b4bcaff7695e10de2,rustme/llllIiIliI.class,1274,1018
a14750ed330c76117a4b49dffb0e1f65,rustme/iiiiliIliI.class,2524,2268
924defddbb3bc05fa41fd18312dc730c,rustme/IiiiliIliI.class,10520,10264
629b90f5ecfea138e3a2e418387d5c24,rustme/liiiliIliI.class,2021,1765
b6da4cc56ba4d221aee727c0bb8de7d4,rustme/iIiiliIliI.class,2669,2413
2151837bc0806c1c1fbf2b2a9d2fcecc,rustme/IIiiliIliI.class,2669,2413
34e5758f6c784b326b71812b05379482,rustme/lIiiliIliI.class,2799,2543
0b2d1235d324a6e8ab1cbf1f3f0f56ce,rustme/iliiliIliI.class,2708,2452
9c4a2c762ecbebafafbf0fed9581aee7,rustme/IliiliIliI.class,2712,2456
d6acbd10698ef371a338d2df0965cad8,rustme/lliiliIliI.class,18993,18737
0697db73e455681e4d87250131c7bea8,rustme/iiIiliIliI.class,1460,1204
a71b51d4e4a62912921f6c8a4b685361,rustme/IiIiliIliI.class,7956,7700
5023e1905789b4d30fe1ac5133bb0763,rustme/liIiliIliI.class,2079,1823
88712862d00c74007248777e399da875,rustme/iIIiliIliI.class,2950,2694
6b82d8d367a7c994aac7189d4ffb8c7b,rustme/IIIiliIliI.class,15718,15462
27e4b523b774c4c4081ebbba4aee571a,rustme/lIIiliIliI.class,2787,2531
d1d1622a31d44d7e41821615259f50a0,rustme/ilIiliIliI.class,2898,2642
b327e8bda8963cde185c35c49b0420ef,rustme/IlIiliIliI.class,29083,28827
8efc0d9cdfeda0c24ba1c22c918d5d98,rustme/llIiliIliI.class,1270,1014
8764f313c2a393cf2f63ac953f51d828,rustme/iililiIliI.class,2022,1766
532528c4bb35e38011331378ffe6e1bb,rustme/IililiIliI.class,2064,1808
1cd9d2feb64965af0bfc66c9448c9ee6,rustme/lililiIliI.class,3457,3201
af16d602e88d7fec3fd37e57d8d51a30,rustme/iIliliIliI.class,2136,1880
86514038d2d5d5c7174ca87a55a91910,rustme/IIliliIliI.class,2216,1960
1c9b1c547e86b9cde7819cc566228490,rustme/lIliliIliI.class,2677,2421
f4e14152cd10546039cd53e67b790815,rustme/illiliIliI.class,13946,13690
6bd3009e90fe0995b48c9715f132c780,rustme/IlliliIliI.class,2300,2044
0dc6e1181b4a79b8af6df7945205e164,rustme/llliliIliI.class,2142,1886
724383e0d8430742e192d82c88898632,rustme/iiiIliIliI.class,2796,2540
42be070e74fece948bb1e6e0d916c0e7,rustme/IiiIliIliI.class,19727,19471
d910da08b19fc9ef60fafefb7fbce061,rustme/liiIliIliI.class,1174,918
186c0ca6d88662521ee01703794020c4,rustme/iIiIliIliI.class,6036,5780
291d298e4ac965bc8dd098cdc4bc9cf7,rustme/IIiIliIliI.class,2229,1973
4ca6ad45d8e4c791e68bc26ea849d02f,rustme/lIiIliIliI.class,3426,3170
def5c028961d75f030a5d237c3f25054,rustme/iliIliIliI.class,3812,3556
f3d6314944fe9c61d341c2a721797aee,rustme/IliIliIliI.class,27975,27719
9b1e715f899bdfe97411f35c2fb91bca,rustme/lliIliIliI.class,1540,1284
ca9f293337997c202dc6b68d76ec273e,rustme/iiIIliIliI.class,5487,5231
083b50670a93ca61668fe27d4bbcba79,rustme/IiIIliIliI.class,2308,2052
af0d5939c671f33420317b8ffe42ffd8,rustme/liIIliIliI.class,2669,2413
dca1a1d2689473e06414127e0ef856a5,rustme/iIIIliIliI.class,17154,16898
b0f5f47768c2122421caf83b4aa38228,rustme/IIIIliIliI.class,1435,1179
e5347e8779d62bf56975a2b1560dae87,rustme/lIIIliIliI.class,11728,11472
6ad8c11de1c48145ce8a1aa7751e7c97,rustme/ilIIliIliI.class,2365,2109
82a3801c4967b519d3a154dd8104bb3b,rustme/IlIIliIliI.class,1724,1468
c3d273120cf17c8dfd6d87d86f8aa301,rustme/llIIliIliI.class,2162,1906
09fa04c95d02f5e7f499c49621f9f346,rustme/iilIliIliI.class,13278,13022
62966391433a326190ce318855f0c33d,rustme/IilIliIliI.class,1466,1210
e784649a6e9019bbea441da2b83a2466,rustme/lilIliIliI.class,5794,5538
f19902bcfa87c82c1d9365fb69d5f80e,rustme/iIlIliIliI.class,1633,1377
7a2ff23276493bf22ecc7c6609771677,rustme/IIlIliIliI.class,10414,10158
6e188a23d01b35f41051f4db2dbb02bb,rustme/lIlIliIliI.class,8292,8036
8bf3a0c873d642f2664022772dafe283,rustme/illIliIliI.class,1182,926
aec47dd0c0cb9348332066fa4379d33a,rustme/IllIliIliI.class,2810,2554
eaa4dd5f51d52f25150b4c6f9192451b,rustme/lllIliIliI.class,10099,9843
d424cda53cfbf86e36c4b8ffd6eac9d7,rustme/iiilliIliI.class,1694,1438
6154fecb92cddd445cabab43691ae2a4,rustme/IiilliIliI.class,2782,2526
bed312ea702ea1b38c990c6749706a5e,rustme/liilliIliI.class,45642,45386
b5cc06574d268c7dbaadae93a4bdca28,rustme/iIilliIliI.class,9537,9281
f6569201ddd6a009e9c9b51af0c5dc37,rustme/IIilliIliI.class,2486,2230
5a3a4622923d8cb9dc82b13515b9e52f,rustme/lIilliIliI.class,3912,3656
4b89293e9dab702de571af37ea67c218,rustme/ililliIliI.class,2959,2703
95e902e86686f51f24189a1c2ec77d28,rustme/IlilliIliI.class,2501,2245
d413243e38519fc845af50932ab89b6a,rustme/llilliIliI.class,2501,2245
598975a6185dae418f99f2957d6e4b8b,rustme/iiIlliIliI.class,24136,23880
d87e647c6d8b605f6330000c8814f758,rustme/IiIlliIliI.class,1183,927
94ee138b4339536ec6ee628aca1df14c,rustme/liIlliIliI.class,5439,5183
e2f18faf7db00569c137935e15d41c9f,rustme/iIIlliIliI.class,1067,811
a5aeb207b53e09c298fd311cd6a62b63,rustme/IIIlliIliI.class,5947,5691
e4590aa5eff61b9b9dad035da75e29a7,rustme/lIIlliIliI.class,4369,4113
b7644d73a7c98c4cd21a54d1957f84f1,rustme/ilIlliIliI.class,6252,5996
da8d7cc9f0f67f85a1c4199847f7e5ae,rustme/IlIlliIliI.class,1280,1024
37651ba0cec2a399fd7fd4113d253f1b,rustme/llIlliIliI.class,11364,11108
2aba3d82fbe75bbdbfa96472499136c2,rustme/iillliIliI.class,1216,960
12374a37219fff16932b82726cf24c87,rustme/IillliIliI.class,4111,3855
143370bc62a96b52373f8b61c4ca88e0,rustme/lillliIliI.class,1459,1203
51a2e0c5d33d8910f947af4b15744622,rustme/iIllliIliI.class,4193,3937
b70275285c26e05cfa81d5d472df84fc,rustme/IIllliIliI.class,4290,4034
450596c6321b3731b3e86a40cca52145,rustme/lIllliIliI.class,24066,23810
1fe4872a788826155b488dee101438a5,rustme/illlliIliI.class,3734,3478
852628234ac45507f2f5e1c5e1a561d0,rustme/IlllliIliI.class,1118,862
0213917b6864b634b2d57dba03b2df2b,rustme/llllliIliI.class,1146,890
f51fb2f764597c403d515cdac657bd78,rustme/iiiiiIIliI.class,11177,10921
97b9c3c9ad82db2c562e5029d9b02db9,rustme/IiiiiIIliI.class,2644,2388
751c29668baa2ba1c7669d7270f78392,rustme/liiiiIIliI.class,1213,957
7d06a4af57a66de76f257b2f504b7c36,rustme/iIiiiIIliI.class,11112,10856
6631a9717ec96da8a0e9d13687c123a4,rustme/IIiiiIIliI.class,1276,1020
76446e360bab1c78b469c8ab0ddf0495,rustme/lIiiiIIliI.class,8026,7770
7d3e2198d1da35009da5cf1cd96fbe64,rustme/iliiiIIliI.class,1295,1039
22dc3d323da9fa793935d868666b0513,rustme/IliiiIIliI.class,9718,9462
50c7fc8df51773a05e3964c64a5f27c9,rustme/lliiiIIliI.class,1078,822
d3a94039334a461b5f162f90d981a4ab,rustme/iiIiiIIliI.class,9813,9557
051fdd25e3b82aac1677dd797724586e,rustme/IiIiiIIliI.class,1799,1543
b181e01424bd097977af185048b088cb,rustme/liIiiIIliI.class,2834,2578
f6d2ebfd282440adf87e4fb2e4bd6925,rustme/iIIiiIIliI.class,2362,2106
ce54a233bbae49845705722de387bfae,rustme/IIIiiIIliI.class,16229,15973
0c77445e162c536035aefb4a967baad0,rustme/lIIiiIIliI.class,1159,903
51018487021ae25a7fc1285b2488d8bd,rustme/ilIiiIIliI.class,5134,4878
5b0eb635885ef68c3b3a568826f370e1,rustme/IlIiiIIliI.class,1933,1677
9c3ade651d0f0a0fb7090f88f189bde5,rustme/llIiiIIliI.class,2704,2448
6d96794acefbb14a76a59d4c06e95c41,rustme/iiliiIIliI.class,4759,4503
347865c7ed9655793be20ec953e49a46,rustme/IiliiIIliI.class,2688,2432
52a34f8e391385b8a7bd056cd281c2ef,rustme/liliiIIliI.class,4741,4485
d00591c103270c9bcbe6306bc80a47cb,rustme/iIliiIIliI.class,4860,4604
4c4156d94ee40eea5accf78bf918a128,rustme/IIliiIIliI.class,2039,1783
3a83ca6f3661d826be79c5e5edc8ab8f,rustme/lIliiIIliI.class,4640,4384
d38f0546ee8ddbccf9f0ecb9f34a24fa,rustme/illiiIIliI.class,22701,22445
1d067eb785ae121ffe2650f414c44f4c,rustme/IlliiIIliI.class,1300,1044
24827baa3b84b61b2b2c44e5517c2ee3,rustme/llliiIIliI.class,6786,6530
dcfa51d7027b1ed6d1b94a1aaaa8d7b4,rustme/iiiIiIIliI.class,1316,1060
6c81b760139d188559f9afc7dd65c8ec,rustme/IiiIiIIliI.class,7535,7279
39c2323550e1a501dfa2e39f57c2bca5,rustme/liiIiIIliI.class,10575,10319
1c8599b496d91abdfadc1149fdcbc98c,rustme/iIiIiIIliI.class,1479,1223
34049ea69512b52a8814677e5933b6e8,rustme/IIiIiIIliI.class,9321,9065
254648544c7796125c663ddb235facdb,rustme/lIiIiIIliI.class,671,415
f4a69c7abb8ee0012d22b59654f71d77,rustme/iliIiIIliI.class,1475,1219
908724de3949a80d915a582cbc53cd1d,rustme/IliIiIIliI.class,7672,7416
588e269088a1d8794e1ea4dd679fb004,rustme/lliIiIIliI.class,10008,9752
0db449058c9e4ae958dba436afe1562d,rustme/iiIIiIIliI.class,1160,904
ac3585c11ac8c6558c2dbc29a0a663b5,rustme/IiIIiIIliI.class,2994,2738
fe2c576bc5a32adb558a2fecbe0ae342,rustme/liIIiIIliI.class,2875,2619
99e74e39ba446bc77e2f169f64c1cf81,rustme/iIIIiIIliI.class,9088,8832
e23ff98a6b95a87fec679388d94a5054,rustme/IIIIiIIliI.class,924,668
1ebc252dc4d2b966eb5c667706b92257,rustme/lIIIiIIliI.class,9324,9068
ab37e1836303b68947da3e9def3d61e6,rustme/ilIIiIIliI.class,7225,6969
d5065bcdbecd3748d4fcca623fb7cdd7,rustme/IlIIiIIliI.class,9639,9383
e38195eeaecc3aa89d54a1f26e699fec,rustme/llIIiIIliI.class,8363,8107
5424881cb370dcbef5cf9e92150503a9,rustme/iilIiIIliI.class,2885,2629
f60c800f66fe97d4ca6d9be5fe493c89,rustme/IilIiIIliI.class,3137,2881
2fef191f74761772dc2c5df75631d423,rustme/lilIiIIliI.class,16491,16235
ad0cb7a82d4d1c6aae181de437641b71,rustme/iIlIiIIliI.class,3519,3263
ecf55c20d5bcd55d3ba523829723fdaf,rustme/IIlIiIIliI.class,6875,6619
fd67ab5e6d5d5ebed070f9cc7371dffb,rustme/lIlIiIIliI.class,13131,12875
e495a4a384bafd16712577bbe4a48c46,rustme/illIiIIliI.class,1315,1059
1fe50b3ed754f206819fd6775e5a1cbc,rustme/IllIiIIliI.class,11516,11260
9e6331626d124c4bfaf566dee48f7efa,rustme/lllIiIIliI.class,11933,11677
818960913476cbf29a8f06f24b2a220f,rustme/iiiliIIliI.class,962,706
d81562ab779aa2b264c866f95445dc6f,rustme/IiiliIIliI.class,13741,13485
d436bf454f7fdc316c81462ffd9af1cf,rustme/liiliIIliI.class,6460,6204
851856399d4145b92bfda42f45468362,rustme/iIiliIIliI.class,4002,3746
41e0b78936e354b6c291475c04bfe227,rustme/IIiliIIliI.class,13974,13718
7fa19c9d3b44bd6ecb669779415d02ff,rustme/lIiliIIliI.class,2833,2577
afdc13953a7aab1a1d1ed99fff02d77d,rustme/ililiIIliI.class,12979,12723
774a6dc53dd436596e2c88fb2a136614,rustme/IliliIIliI.class,2765,2509
2b10c67a5266eab8064913b83d4e6a45,rustme/lliliIIliI.class,20092,19836
e30f18522d3110e7653fd116097a677b,rustme/iiIliIIliI.class,2936,2680
d4387368124d480eb0533afb67693393,rustme/IiIliIIliI.class,2346,2090
8cf8c9189f9a4e13985fc2d637e42c6e,rustme/liIliIIliI.class,2327,2071
fc123ebd13e021a4f13f8bd86e7f5c65,rustme/iIIliIIliI.class,10677,10421
e848c88ff1814dfc76fba63c82788417,rustme/IIIliIIliI.class,1694,1438
4a47362620838b67338e309eec9c132e,rustme/lIIliIIliI.class,2105,1849
cb97f84c98f4cd4043f99d32c0c0b69a,rustme/ilIliIIliI.class,3929,3673
0447fe186bfd0614c8fa871c8c5d14af,rustme/IlIliIIliI.class,23753,23497
aaf268a701b0b4b2755d612af6e307f7,rustme/llIliIIliI.class,1117,861
e8c42c096e98cb7bf4bbc8690a366606,rustme/iilliIIliI.class,5221,4965
5f9566933fb56e1d4e11af4d9178d962,rustme/IilliIIliI.class,4985,4729
15c5bca4b3df791e04cd6bf8c92698d8,rustme/lilliIIliI.class,2537,2281
939485d261d25f07e4676a1c0ccd4c80,rustme/iIlliIIliI.class,924,668
2a284c00af270e9906acc667de8c53fe,rustme/IIlliIIliI.class,9215,8959
5c2935e00fb056602958829c384b2c2e,rustme/lIlliIIliI.class,2018,1762
704d8ae99f59200b235987c92c642b52,rustme/illliIIliI.class,17133,16877
e794c533b9b32d281be75714b892b074,rustme/IllliIIliI.class,1340,1084
068ca98e6ced49574579a3078d62f468,rustme/lllliIIliI.class,14478,14222
36cdf281714a04d94be5afa6a4d2ef89,rustme/iiiiIIIliI.class,2800,2544
dfb5eed67989c71b3e2e90a92bc49ff4,rustme/IiiiIIIliI.class,2683,2427
c85da7316b7e09dcb9a4de3a0bfd3d01,rustme/liiiIIIliI.class,2683,2427
343641e30196f74a1a7d098482753373,rustme/iIiiIIIliI.class,2683,2427
706e4cd2ac53e338a69800070481a6d6,rustme/IIiiIIIliI.class,15360,15104
84fdcef8b213ed6467dc5d4289888f5e,rustme/lIiiIIIliI.class,5187,4931
8caeb6bf053769664758c63be77b1e03,rustme/iliiIIIliI.class,8664,8408
f67a00f831dbf38ecee9924a84ae4ec0,rustme/IliiIIIliI.class,4796,4540
fa26ed5ed8a883574eb2e28030ce5137,rustme/lliiIIIliI.class,1704,1448
2e7196fb6caf0413aebf7ec792ec0b7c,rustme/iiIiIIIliI.class,3194,2938
c039345dd58098b6027ff71609b97b25,rustme/IiIiIIIliI.class,3113,2857
8c0764a4ec7002a553a9d1df20d5eec9,rustme/liIiIIIliI.class,8162,7906
a0163c7aaf2bd6c072c0597435ffb41d,rustme/iIIiIIIliI.class,17151,16895
ddf15e2f7521d498f0e207a9b07a01aa,rustme/IIIiIIIliI.class,2024,1768
cb1016192f3dcdefc81c100fb3e4a6b8,rustme/lIIiIIIliI.class,11170,10914
1ef8fcd4c73bbf95e6c87214492286fe,rustme/ilIiIIIliI.class,4703,4447
d5b72d056232e1b0a936ea70a77a232d,rustme/IlIiIIIliI.class,1067,811
6746316215c5bd6dac54af385d49b669,rustme/llIiIIIliI.class,1917,1661
003201a6b59d18a37d3e53e7e1245683,rustme/iiliIIIliI.class,1563,1307
ce8472cc20c49ad9e6d33f4ec7a6b66e,rustme/IiliIIIliI.class,2885,2629
ead3bb1ced079e60306b01560bdccd52,rustme/liliIIIliI.class,6743,6487
d6abe3af061b87160feafe58bfdb47c8,rustme/iIliIIIliI.class,4003,3747
484575592e8030322df560337eeccb80,rustme/IIliIIIliI.class,2698,2442
5db6814c8b2795c222e7fac06248c85f,rustme/lIliIIIliI.class,2775,2519
56c7c997ef94d01c1eafc7ce6246262d,rustme/illiIIIliI.class,6138,5882
56ec2c81d469a0ea497c24c5197449b1,rustme/IlliIIIliI.class,1210,954
8f8cf64c60a6e7ce4ed7299b1d929f34,rustme/llliIIIliI.class,2938,2682
e13b6fddf38335151cefc9e2c2dd2000,rustme/iiiIIIIliI.class,2839,2583
fe6451aa6a2787987896335e7b3eb8a2,rustme/IiiIIIIliI.class,3451,3195
a598403fdf1aa612e283590646c746fb,rustme/liiIIIIliI.class,12878,12622
65906a24be98862fea9c660cc35292f9,rustme/iIiIIIIliI.class,1348,1092
6ed5edcc4d5ac07c2f825ce48b031510,rustme/IIiIIIIliI.class,13932,13676
dd76483107ead02f1f935e724e0111d5,rustme/lIiIIIIliI.class,2953,2697
ff3d20592598c7b07147f82c1082f026,rustme/iliIIIIliI.class,11622,11366
c81654afd6cd4f5ecc328e580808416e,rustme/IliIIIIliI.class,7164,6908
d2bfa337376bc0263002ba3f5e65c914,rustme/lliIIIIliI.class,6156,5900
0bb46acda3607fcd274519b1f938b3b0,rustme/iiIIIIIliI.class,6217,5961
cd38d8605f1cbfe488bcb67fe2df3bc7,rustme/IiIIIIIliI.class,3384,3128
5aa54fd99640c128dd987aae0b0456eb,rustme/liIIIIIliI.class,1840,1584
b25a7f7659bc18015947595839a92abf,rustme/iIIIIIIliI.class,20976,20720
74827dc2275e4e1687951ff74c255b18,rustme/IIIIIIIliI.class,2268,2012
3c23b7793456a9289b992f1362973a16,rustme/lIIIIIIliI.class,2844,2588
514946ca0b9c3aa25d8910fe36aba820,rustme/ilIIIIIliI.class,6909,6653
6cb8a94ffff563aa4b3123f78bb2fa08,rustme/IlIIIIIliI.class,2429,2173
bc66263b061398831679bf3512b75094,rustme/llIIIIIliI.class,13928,13672
71fcfa7f8987b886e3b75d7ab06a3cf3,rustme/iilIIIIliI.class,1330,1074
2bcc5eb7c5f4e36c2150956fb46b861c,rustme/IilIIIIliI.class,5043,4787
fb5d587f98aea611bb62f1aae73dafd9,rustme/lilIIIIliI.class,1862,1606
18c1f52f405e19a1cf5d28a23e8a2d73,rustme/iIlIIIIliI.class,4814,4558
b474751f2c55b2ad082fbf48f72753ee,rustme/IIlIIIIliI.class,13338,13082
d006fedb986b38f21f44a90410f8d4b1,rustme/lIlIIIIliI.class,4125,3869
80d35fb45be5fc425142fc86919cc778,rustme/illIIIIliI.class,1895,1639
9c186fdbe9088de54489db8d973d707f,rustme/IllIIIIliI.class,2123,1867
bb78f20e59635db2a4b031c57b7a5e51,rustme/lllIIIIliI.class,2279,2023
3e4a50283892577b98d46e90ad4fd323,rustme/iiilIIIliI.class,1177,921
484193e803e41179940555207d407f93,rustme/IiilIIIliI.class,9938,9682
87d7a777a09944c952b3ceefd590c3cf,rustme/liilIIIliI.class,1300,1044
df696f2db3a31c4b78c25a78365f8a90,rustme/iIilIIIliI.class,8532,8276
bc68d3f31b6cf5af769f62c783174950,rustme/IIilIIIliI.class,1790,1534
ce7f3c66694c5f657929638222bfc2e5,rustme/lIilIIIliI.class,2736,2480
aeb361143f50266f355c43ac0e53dc3b,rustme/ililIIIliI.class,1790,1534
3ece58e7708d79e0f3015a28a32b6d3d,rustme/IlilIIIliI.class,58583,58327
bc05a243e4e320a976baac32bf543718,rustme/llilIIIliI.class,2870,2614
ad189c6fcd91c0bc468ea5df4b23270e,rustme/iiIlIIIliI.class,2877,2621
dbad8c709f091e0b54f653412a00807b,rustme/IiIlIIIliI.class,2876,2620
5bc57755c3be36849a04f1110620b387,rustme/liIlIIIliI.class,2875,2619
3fd3822c598ae78f17addd7dd33f4abe,rustme/iIIlIIIliI.class,2875,2619
c3a2eecd3fe1b84761f549db03758b51,rustme/IIIlIIIliI.class,2869,2613
2bc0757e15e39dd68cd9fe4041d8d3fd,rustme/lIIlIIIliI.class,1121,865
95713531d73bfd92c1d27e09cd4c41a3,rustme/ilIlIIIliI.class,8435,8179
e16541662df02cf1a3071ffadb971f3a,rustme/IlIlIIIliI.class,3336,3080
ec867ced5a5814ff5930a4f5e8d9ce3e,rustme/llIlIIIliI.class,2132,1876
2132e04aeab0e3ee5f641a6dc8a2cdca,rustme/iillIIIliI.class,3032,2776
536e8c5289741c26381cdb7fa8d6d5ed,rustme/IillIIIliI.class,9371,9115
6f7c874cdf8a881a90937aa5e8e27360,rustme/lillIIIliI.class,3214,2958
55a3b954d5fa8d26aa96047d577dc7fd,rustme/iIllIIIliI.class,3487,3231
ab75715582febff061172d71bc381b35,rustme/IIllIIIliI.class,3886,3630
e51c4a6d2b83e1148db4a996be429928,rustme/lIllIIIliI.class,1260,1004
9562d9a7f4ba1d72c5f523f90a7f5b9f,rustme/illlIIIliI.class,20674,20418
9eb76448a51c42a4d2942ac28d77f2b3,rustme/IlllIIIliI.class,7619,7363
402db0061ccc6ba068af981e4cd6a786,rustme/llllIIIliI.class,3800,3544
feaba866d6ef44c5347776e9189ac3a0,rustme/iiiilIIliI.class,2960,2704
e5ca59e2fe4a6b21e686475b20700569,rustme/IiiilIIliI.class,1867,1611
e9f1383cdabca1582681a1dfbc150a19,rustme/liiilIIliI.class,2457,2201
ca83dba6683362ed9c2fd1789705433b,rustme/iIiilIIliI.class,1094,838
16869187201f00500dc896613cd35264,rustme/IIiilIIliI.class,3102,2846
c192bcd04c1bff97f2f2f27fc828e4ab,rustme/lIiilIIliI.class,2013,1757
0c6218e4550b653369b3c59df54687bc,rustme/iliilIIliI.class,1599,1343
ae51bc6a58376e38ae6192c345af9b77,rustme/IliilIIliI.class,1834,1578
33ef2547d5f12b52878add7419a9907e,rustme/lliilIIliI.class,1967,1711
2bed0110c4a79825c76d14a19df9c040,rustme/iiIilIIliI.class,1834,1578
df9dd3d6a3abbe185de52bf412836f97,rustme/IiIilIIliI.class,4773,4517
74558db3b1e04c4f4b93e0b09bad959e,rustme/liIilIIliI.class,1866,1610
32bd882cc08e583ea26783ca9a226cc9,rustme/iIIilIIliI.class,2493,2237
c69a50833c1b2bcb415b188d6a3a6b72,rustme/IIIilIIliI.class,1964,1708
b7449f93c66725fa81dd8adfb0a2fb43,rustme/lIIilIIliI.class,2117,1861
25453defd61a91a0728682efecabaa95,rustme/ilIilIIliI.class,2116,1860
5f13463580dd3b727cdcfcba8536eba2,rustme/IlIilIIliI.class,3021,2765
1b73c259cb314ef3d85cba2cae1d29dc,rustme/llIilIIliI.class,2017,1761
22d21f253de6092eba5ddd0d0be73b20,rustme/iililIIliI.class,2837,2581
fd31c38c07a447f41ef40b3b0bb50ec8,rustme/IililIIliI.class,12669,12413
dfe82a1a60549f34557ef33d4e78af3e,rustme/lililIIliI.class,5296,5040
3c7e4d1b149d4834824b9d34c7538a45,rustme/iIlilIIliI.class,3775,3519
526dad89112a5caa9455663564e436e0,rustme/IIlilIIliI.class,7686,7430
90dd92fd27b7db6e0835ec532bd16220,rustme/lIlilIIliI.class,2187,1931
d550e254c88d00551c037fe594247d3e,rustme/illilIIliI.class,5031,4775
8deddaa4838ba98d9db0bbaba9563f34,rustme/IllilIIliI.class,7092,6836
deb44a3ef14ec9fcd252cf20795eb240,rustme/lllilIIliI.class,3100,2844
e50a9c3a2385251fdc75f02bafb8f122,rustme/iiiIlIIliI.class,6700,6444
d196cb1854b133dd711ff5a9f6f6806a,rustme/IiiIlIIliI.class,7247,6991
52b3a288a153884815c6e9206a83fcf1,rustme/liiIlIIliI.class,13954,13698
fbfe1a8c9c4598b1c03afa50045157a8,rustme/iIiIlIIliI.class,1852,1596
636dac843a8e5552a4fb0701f1f0a33f,rustme/IIiIlIIliI.class,8541,8285
7dc7c11a4b4df69bf13dfc8da58dc2e1,rustme/lIiIlIIliI.class,6180,5924
6a38faae14533e6165f6c7c7c1f91f44,rustme/iliIlIIliI.class,3098,2842
693a87e0643334f4e77e8c00a01b9153,rustme/IliIlIIliI.class,12723,12467
1a77c64b6f20f911f08ebed77bd56377,rustme/lliIlIIliI.class,4802,4546
d2f0fa003c92ebd53089b6467ce3f72d,rustme/iiIIlIIliI.class,3864,3608
f9d57b5f2bc20cf33011ff304189a22c,rustme/IiIIlIIliI.class,3772,3516
fc02a36a30b56b9d612b4de4b026ef7c,rustme/liIIlIIliI.class,4114,3858
1c62642c8292ce26afe87275b83385ba,rustme/iIIIlIIliI.class,5901,5645
3746a98b72c4dd8699686efbc167614c,rustme/IIIIlIIliI.class,4253,3997
ff93a500bc653452dca8e2dfd379b6e0,rustme/lIIIlIIliI.class,4271,4015
c34119728a8b8e549909f592009e9b05,rustme/ilIIlIIliI.class,4265,4009
3e02d492554e41533a6792cb330066e7,rustme/IlIIlIIliI.class,4258,4002
4474d1f354efd3437d3de8bdf7299b2d,rustme/llIIlIIliI.class,4244,3988
76227de164a1d1fdbcf86d96dbee7049,rustme/iilIlIIliI.class,4255,3999
151f9f0eb16f619a4f846033efd8ae55,rustme/IilIlIIliI.class,4245,3989
b33c6432ce3ece51e2b25426702f374b,rustme/lilIlIIliI.class,4272,4016
2b153314b7106e3a4f8e3e23296a2f73,rustme/iIlIlIIliI.class,4274,4018
efcb4cf78f147435595309e67a1b09ef,rustme/IIlIlIIliI.class,4266,4010
95e639ee86de66c2cc80292496c3030f,rustme/lIlIlIIliI.class,4268,4012
2cf3186e4d3156e176beb3177892da37,rustme/illIlIIliI.class,4250,3994
2243bf3ee77b9bc8aa5591de3981a5d8,rustme/IllIlIIliI.class,24939,24683
abf7167053cb89b30d77d2d2690f6005,rustme/lllIlIIliI.class,1701,1445
db99c442b26784f8a7b9637443e5adf4,rustme/iiillIIliI.class,1701,1445
a53e671730b3d5045782f9b6319fa017,rustme/IiillIIliI.class,1701,1445
39fe11900f4246996db5c4c3c58f21da,rustme/liillIIliI.class,1701,1445
b92da93d30c3d31a8d115f2868c889fb,rustme/iIillIIliI.class,1701,1445
c1a3bc74097d80442b5a6b60eb6a1a6b,rustme/IIillIIliI.class,1701,1445
ea5f55a9c8fc9a770b33b2af8c0d28a5,rustme/lIillIIliI.class,1701,1445
da9cc5fead18166ed8e7ecdfab13e269,rustme/ilillIIliI.class,1701,1445
3f6d62c0236e39667b6e012883876dc0,rustme/IlillIIliI.class,1701,1445
6facc207b8382179cfe572379e6d2162,rustme/llillIIliI.class,1701,1445
854a95cc0a0f4d4101407e532e3c739b,rustme/iiIllIIliI.class,1701,1445
a7886c10b423db15867807600ab4dc2a,rustme/IiIllIIliI.class,1701,1445
e5900f36b88ef80562808dfb52f26ca1,rustme/liIllIIliI.class,1701,1445
c4f36decdc42638a6b6bfe85ae98597d,rustme/iIIllIIliI.class,1701,1445
4cd7151cd740ba80e053649ee0cd8f36,rustme/IIIllIIliI.class,1701,1445
ebf70f1005f86e563d1e45d313116220,rustme/lIIllIIliI.class,1701,1445
156fe1bd0c6df8c15974f50b2d319242,rustme/ilIllIIliI.class,1701,1445
ae36a66fbd1e36a7cc2b2b5847ad0800,rustme/IlIllIIliI.class,1701,1445
d6b393c3ee01ea0ad18c42dc28d530f8,rustme/llIllIIliI.class,1701,1445
b37092c554896849851b17c6a7c4267a,rustme/iilllIIliI.class,1701,1445
20acd73f5880ad2eb4b209f276c0cdb5,rustme/IilllIIliI.class,1701,1445
6c238c1b7198c74fd922a96a9d3cb229,rustme/lilllIIliI.class,1701,1445
85abd13c8416389206a3837ef9d36ba9,rustme/iIlllIIliI.class,4265,4009
dea988a0a896372505c3940d0b7fe306,rustme/IIlllIIliI.class,4253,3997
6741fd5b56c4420b6d9df960f1e2e846,rustme/lIlllIIliI.class,4278,4022
33cfd8e98f8d28ebea7f3b155eb24de4,rustme/illllIIliI.class,4284,4028
dbebf43bb436d7534a2b258268671290,rustme/IllllIIliI.class,4290,4034
68e0a2c5d40f093725794d7f9e50d003,rustme/lllllIIliI.class,4288,4032
a1808412c9b193051141e81c0480128a,rustme/iiiiilIliI.class,4264,4008
0ee9fb7c46ab496808095419ce9ac98f,rustme/IiiiilIliI.class,4277,4021
911850b141908c286cc067d75698d684,rustme/liiiilIliI.class,24853,24597
6af9939eabeb38dc5a15565d6a4f5368,rustme/iIiiilIliI.class,4443,4187
0486ec5fc64ec45a594cd08688dffb2b,rustme/IIiiilIliI.class,1779,1523
64b3fcc81c205e8b3e6eeacfdc966212,rustme/lIiiilIliI.class,14631,14375
a0501fea4d24f471c87ee2b805b4fbe3,rustme/iliiilIliI.class,5337,5081
7f4693d4ccafff1f491c9868bf99866f,rustme/IliiilIliI.class,4265,4009
5a25d91c3b4362334c2821a348a4994a,rustme/lliiilIliI.class,4266,4010
f448aafa763a04526d0c5a2667c88114,rustme/iiIiilIliI.class,4267,4011
6d41e044217e3993244d1701e179abc3,rustme/IiIiilIliI.class,4251,3995
e1f87fcf98651ddbf0673873024d3f01,rustme/liIiilIliI.class,4253,3997
b5517bc3d2b2c7e91c19a00487707a94,rustme/iIIiilIliI.class,4271,4015
cb7827ffc6b3482083a6b4a572d50014,rustme/IIIiilIliI.class,4274,4018
d7d54f7b6ab73d8fed154e4ef9735a2d,rustme/lIIiilIliI.class,4265,4009
5cb7ec4d51e94c33d6446a08267096b1,rustme/ilIiilIliI.class,4247,3991
5d543b99846abf92ccbcd68e47c47c0f,rustme/IlIiilIliI.class,4251,3995
e734d34f25d65e37f5c6c776e97fcbe8,rustme/llIiilIliI.class,4256,4000
93c34f75e2f103b6ac670e103806f347,rustme/iiliilIliI.class,4270,4014
b3e3b36d1a9eee14406c472b20fe8698,rustme/IiliilIliI.class,4282,4026
64501ca9c73a3a09fdb0045759286765,rustme/liliilIliI.class,4284,4028
b099e1e63feb733cc4409216fdc3f84f,rustme/iIliilIliI.class,4276,4020
236bc07903df5f6b3c7f8264b9878cf9,rustme/IIliilIliI.class,4267,4011
d063210704363f9eef9ba0f23e753caf,rustme/lIliilIliI.class,4264,4008
fc0781466779d201ba12419ddcfd4f17,rustme/illiilIliI.class,4263,4007
f351477925fdd1d39181aab0c6e58d97,rustme/IlliilIliI.class,4266,4010
5871fc9688971aef79adc9fb6f996b89,rustme/llliilIliI.class,30611,30355
8a96ff65c7caa7e6c09965cb187a1812,rustme/iiiIilIliI.class,4242,3986
7341a679ca8eea0048b5f89324c4a469,rustme/IiiIilIliI.class,4242,3986
af4a7c6fbbeb88710762db1c225a3e14,rustme/liiIilIliI.class,5439,5183
4d4c1fe6709a648224939fd0b343d0e4,rustme/iIiIilIliI.class,4242,3986
127df670adc54cd5bb71abf394b0c307,rustme/IIiIilIliI.class,4249,3993
69f0c7efb8b4b2b344c42d451e19a3b3,rustme/lIiIilIliI.class,4248,3992
cdde988354529cbf8ae4e4df5de5853d,rustme/iliIilIliI.class,4251,3995
8ec645acc4d7ace5bf36202d279326e0,rustme/IliIilIliI.class,12794,12538
20370c8f07977e79814c2e1d66e38d6e,rustme/lliIilIliI.class,4244,3988
e68fcc09e9c2c5633e0cabbe663378aa,rustme/iiIIilIliI.class,1005,749
17d45ef3f304764e96e035a5ee18977d,rustme/IiIIilIliI.class,8281,8025
35d4f2fec6a1175dc89dab9b36b58fa4,rustme/liIIilIliI.class,2445,2189
2212c639a891620344d92b0a573373f1,rustme/iIIIilIliI.class,6370,6114
7a5dc1a6b5863bbc7bcc19c5fca1dbcc,rustme/IIIIilIliI.class,2627,2371
c4ca2e7cbb6ca0dacd22b01cf0dca0c5,rustme/lIIIilIliI.class,1972,1716
e4b259ee3d0f141554e1cc7b1b7baa29,rustme/ilIIilIliI.class,1270,1014
4f6dc080561544141d888fd56b037bab,rustme/IlIIilIliI.class,25418,25162
0581eaf831deaa5f4554da750d077c40,rustme/llIIilIliI.class,4213,3957
52a2314d2b131b61d36a3daaaa4aaf3e,rustme/iilIilIliI.class,1230,974
3415c5c4a94565ffa1fab5d5984ee875,rustme/IilIilIliI.class,3759,3503
374cd419eb16f200313fa9f545e12f25,rustme/lilIilIliI.class,1670,1414
ba396bfb313b7b683e52ba5a1c197b72,rustme/iIlIilIliI.class,1660,1404
f70e3fbe99ee3226f2eea2efaa774680,rustme/IIlIilIliI.class,6599,6343
1cc4c16fbde7865f0289844657f93308,rustme/lIlIilIliI.class,4587,4331
8b83079a40b53982c2c87602e563c339,rustme/illIilIliI.class,1452,1196
9e2cd87638440240ae5631df0d3e5768,rustme/IllIilIliI.class,1456,1200
af276b7a7c37c16b3dd55a333d81d6e0,rustme/lllIilIliI.class,7680,7424
020d0b63227459048c361b21f85b2563,rustme/iiililIliI.class,1701,1445
8fefd4c18e563a39b029d41d150793e7,rustme/IiililIliI.class,1156,900
4507299a6da516acbc109e2854e708d3,rustme/liililIliI.class,1943,1687
9c2911cf998b55dc45a9f2cdb80be676,rustme/iIililIliI.class,1118,862
f237cd1602c2a2bde265553371f4b356,rustme/IIililIliI.class,3175,2919
f105e34eb32b5bb2fd492c44f8823cc7,rustme/lIililIliI.class,3129,2873
612ce9a87ed521ecc2554fa63b4e202a,rustme/ilililIliI.class,1343,1087
d8e047a09aee870b5c5f35f6170ef037,rustme/IlililIliI.class,5282,5026
3a98655a67b588d99097cb304a8a7e3c,rustme/llililIliI.class,991,735
5de1b223d73ccebc3f3d8014a1a3efcd,rustme/iiIlilIliI.class,3044,2788
2b54a448140b361801cf57ba951b179a,rustme/IiIlilIliI.class,3994,3738
5743fbb5be27b0d2fb1fbb4ff3cad2b3,rustme/liIlilIliI.class,3586,3330
e1322205c87f214d1116ae318faf4099,rustme/iIIlilIliI.class,1283,1027
f8d473ca50f0a97389f96544307943c9,rustme/IIIlilIliI.class,1991,1735
20a570b48dd8397b2248ae0d7bd1d26b,rustme/lIIlilIliI.class,2856,2600
d8ee6fab007e9931d2cb70b8185cd9cd,rustme/ilIlilIliI.class,3631,3375
5358cff2d71a82de8729e5b878d77460,rustme/IlIlilIliI.class,2684,2428
cf3a4dccebedb6f2b9fd3985daee527b,rustme/llIlilIliI.class,1584,1328
82b5471b07af458ad5ae85ad50bbb25b,rustme/iillilIliI.class,2567,2311
961b1162d242f5533b6d2f7c1bf01dec,rustme/IillilIliI.class,8721,8465
3aa1da186d5fc1a14919e1e4708126e9,rustme/lillilIliI.class,3285,3029
9a21cb3333340d26f947678a8903793d,rustme/iIllilIliI.class,4381,4125
6c6fe81f6fa1d5d0188f7bde86453282,rustme/IIllilIliI.class,2507,2251
8ae0422108a7e516b50df7479424f46c,rustme/lIllilIliI.class,924,668
1e4807dd201e8b8ef6045673349efd4e,rustme/illlilIliI.class,6522,6266
501cb742eb8be52ab0d1286a2ee7eb55,rustme/IlllilIliI.class,9556,9300
6859beec5d586e22f633cb98d58366a3,rustme/llllilIliI.class,2497,2241
7b98a2112d9f5558c1c3986f4f1ff24c,rustme/iiiiIlIliI.class,1282,1026
97f76aa34e24f4d76e3a87e6b63d0955,rustme/IiiiIlIliI.class,3841,3585
b507ddd45ad0aad89f402e1b8af051ad,rustme/liiiIlIliI.class,2281,2025
ef59b15bdd7eefa65c7edfcd712c6456,rustme/iIiiIlIliI.class,1648,1392
764ecbc71653693fec42701060711ef2,rustme/IIiiIlIliI.class,1648,1392
b37b00563454f45bc03b94ae26ab48a4,rustme/lIiiIlIliI.class,2972,2716
da7199267a9bd8e8d2ca369754ad9a47,rustme/iliiIlIliI.class,6019,5763
a62878093b48f5c07f61156e402b545a,rustme/IliiIlIliI.class,3588,3332
9891eae98213590c1a5cd567a52e4f7c,rustme/lliiIlIliI.class,1218,962
149b815efeabf785af98d15a7bd394cc,rustme/iiIiIlIliI.class,3417,3161
2dee90d293e33a3de6bd9c1f76d8ca2f,rustme/IiIiIlIliI.class,11212,10956
599b48e9e511b4ed03849e13a992b577,rustme/liIiIlIliI.class,2432,2176
d3acd4051ceee3ec486ba153457bfc36,rustme/iIIiIlIliI.class,1937,1681
ed34fa5c0e1ce3f48c3afca337d96896,rustme/IIIiIlIliI.class,1937,1681
95f401f7e4bfb19db7579084391f8441,rustme/lIIiIlIliI.class,926,670
7bf7730d748e4ae1606d27918ee27e8a,rustme/ilIiIlIliI.class,18724,18468
fc0973ec2b8567bcb980fc23971f8f73,rustme/IlIiIlIliI.class,4340,4084
e8234db0296cabda236eee3a6a6beb7e,rustme/llIiIlIliI.class,729,473
13d8d3330d6293d0de86493bf46dceb5,rustme/iiliIlIliI.class,9164,8908
705009a6ff8cfffde1865930f0fb7160,rustme/IiliIlIliI.class,1966,1710
fc202f87eeb63025aa4f42f3172192cf,rustme/liliIlIliI.class,1970,1714
70d72a6ae9ebbfb6d9df8eda5c595832,rustme/iIliIlIliI.class,3263,3007
5233b16d69a280df17263ac862bbe842,rustme/IIliIlIliI.class,1530,1274
494a54c5938b51192f97af74831d874e,rustme/lIliIlIliI.class,3260,3004
d13edac430758fd03b77339eadca8b55,rustme/illiIlIliI.class,6565,6309
08fa00d5e5b8a6c6a3daecede64bb6f1,rustme/IlliIlIliI.class,9978,9722
cc248163d106d1446ea52376f0d67278,rustme/llliIlIliI.class,5369,5113
39d7b14c2ac75c114f422e0db2e0e054,rustme/iiiIIlIliI.class,1921,1665
200b110a7374cba56a6da1a6e32184eb,rustme/IiiIIlIliI.class,2927,2671
2e46533b34d2d9b11a3f8a2a5f9663d1,rustme/liiIIlIliI.class,1268,1012
090087a553c1ac469dd8e7ccb1f93b24,rustme/iIiIIlIliI.class,2632,2376
560d35e2033d97a37dcbf466c801ee17,rustme/IIiIIlIliI.class,4700,4444
6076acd4e9c19d38482f0aaf996bc5e6,rustme/lIiIIlIliI.class,2610,2354
2e6fca48561b86f4c7b2ecab9419fb80,rustme/iliIIlIliI.class,11491,11235
09f37054eb21e243d0ddf6f2290e8ede,rustme/IliIIlIliI.class,4916,4660
ca795acb75e593c97f8059e482a82f73,rustme/lliIIlIliI.class,5393,5137
c3fe890773d50b2e91d23b3417496790,rustme/iiIIIlIliI.class,3493,3237
ce1135e0f5fae4e2212571c7ef9c7785,rustme/IiIIIlIliI.class,1409,1153
18caa1ce48562a033bbcc3a007def0cf,rustme/liIIIlIliI.class,9400,9144
b6a445602dc56b4af9d2b56033696050,rustme/iIIIIlIliI.class,1262,1006
bccf5d1dadbf69491aabe3d2966b1b61,rustme/IIIIIlIliI.class,11600,11344
9a2a2ef43f89f3b1e7476d49c378e12c,rustme/lIIIIlIliI.class,1602,1346
c87aeb9ed66631c3322347ad9be79665,rustme/ilIIIlIliI.class,4561,4305
35181fd0a3a7d20388ca610ce61ef6df,rustme/IlIIIlIliI.class,5044,4788
5c446cba700701a3858b174c5c734d44,rustme/llIIIlIliI.class,1812,1556
1ccd2aad209979073d2e67f0dd64c11e,rustme/iilIIlIliI.class,3924,3668
be48b22d39937788ca048179e4b3779c,rustme/IilIIlIliI.class,5107,4851
eac4cde736088f9a0b06dc16a0fa39a1,rustme/lilIIlIliI.class,6874,6618
d865dcd551686de3aba8de61ae3a9492,rustme/iIlIIlIliI.class,4534,4278
4b5dc9fa18c0086f65914efa841cb306,rustme/IIlIIlIliI.class,12737,12481
b297ae8df5c3c40b565db6231fbd016d,rustme/lIlIIlIliI.class,5391,5135
a1334b7caf854941c5bfa45259d7e632,rustme/illIIlIliI.class,1728,1472
464d47ebaead99c0e4b10ad334387026,rustme/IllIIlIliI.class,1437,1181
58cc535f2664447fc1a91c15c07fe34b,rustme/lllIIlIliI.class,4164,3908
2f9fd47ef16e22d40b8ec7e9ad9fd551,rustme/iiilIlIliI.class,2489,2233
188e3b6f81c356561a1603ab792dace1,rustme/IiilIlIliI.class,3570,3314
92e84319dc79486dc8e73517c46a468f,rustme/liilIlIliI.class,4080,3824
577cba883d4a7c0423ac8b2d2253bd82,rustme/iIilIlIliI.class,7312,7056
920f028415fe2c4bbdae99f709100bd0,rustme/IIilIlIliI.class,7065,6809
1ebdf4e0d0f72f791783b04eb1a5874e,rustme/lIilIlIliI.class,1068,812
9e69ee91ebbc1c42c756ce00cf0b391e,rustme/ililIlIliI.class,2857,2601
66706bb665d8f57908ff327062347c2e,rustme/IlilIlIliI.class,1893,1637
bfead01be910a3812467d4c0122e1761,rustme/llilIlIliI.class,7175,6919
bf553960b8e3117be7bc39e607ac7cc8,rustme/iiIlIlIliI.class,1676,1420
e11a28d2f42151fc8ab2869d742c4af9,rustme/IiIlIlIliI.class,5769,5513
57b7c12180dbfcdcfeecbf41c266416c,rustme/liIlIlIliI.class,1484,1228
ffef8c3b4941c232904b908efbb70618,rustme/iIIlIlIliI.class,4994,4738
c28346230a8de0f12c059fa63db9f546,rustme/IIIlIlIliI.class,1480,1224
77fd685134a0cb0f7eabd2c33cd92ef8,rustme/lIIlIlIliI.class,6273,6017
1139449d3a3f9fdfc9ccce69d20384a9,rustme/ilIlIlIliI.class,6968,6712
3d276dacb51532646219fc1e96e2eb8c,rustme/IlIlIlIliI.class,4606,4350
096488f62973e10f2d639615f0697c07,rustme/llIlIlIliI.class,1480,1224
1eafc6848537e5e11acff0488a5e45a2,rustme/iillIlIliI.class,4842,4586
1252e2c6eed372c4479a240e5df2ea15,rustme/IillIlIliI.class,3275,3019
48e49a275188c28bc2376ac87a18ea10,rustme/lillIlIliI.class,1484,1228
b5f951e26f92931b85ac7bd3722fc864,rustme/iIllIlIliI.class,4844,4588
e863cd09dd5bee67d6d0b3e31b768b85,rustme/IIllIlIliI.class,2204,1948
b057b3e14f1b1d31393f184c62dafc6f,rustme/lIllIlIliI.class,5784,5528
b95af2a199e0316ae235c85bf57af4a3,rustme/illlIlIliI.class,1734,1478
07699498198e5871d1b1d4f12967560f,rustme/IlllIlIliI.class,2260,2004
55f660e397c3efe8fdff09b81d9ae973,rustme/llllIlIliI.class,2113,1857
e1d7829e538586be0e31891ee0791007,rustme/iiiillIliI.class,1731,1475
0dd1d303f156c0df02f0cf96f0bee57a,rustme/IiiillIliI.class,1453,1197
28336b85434031ad04f58a979702d3df,rustme/liiillIliI.class,2250,1994
ce96cd767adff0f724e1c801a82da043,rustme/iIiillIliI.class,2411,2155
66a8f0b0d85af2e4981107ca6ea8f229,rustme/IIiillIliI.class,2413,2157
62cd0fd46fb56888a6c5d0a5ed69932d,rustme/lIiillIliI.class,2195,1939
fb9c7255f0135c00299392caeda00a07,rustme/iliillIliI.class,1438,1182
e4c0e15ed6dfd7ce9b32399d28a65161,rustme/IliillIliI.class,20574,20318
319a4543ad19fb7ada21c371fc6123f1,rustme/lliillIliI.class,2438,2182
4f66714ef6d235cc276ce25cae93b86e,rustme/iiIillIliI.class,3801,3545
c0bb478407d55cb727bb8787617aebc7,rustme/IiIillIliI.class,4329,4073
c053fc8ea31394c42025f9acb54762c1,rustme/liIillIliI.class,1048,792
14e24c78bb3ad4e3090f56e29839b4bc,rustme/iIIillIliI.class,3890,3634
83ba1e5504c820fc66a51ef12a2a81b6,rustme/IIIillIliI.class,2443,2187
178c76c3ace29c3e5326d304167dfc93,rustme/lIIillIliI.class,2367,2111
d5ff5228a32561328eb2f72a2b2d45c0,rustme/ilIillIliI.class,1282,1026
5c981e391c969fe7501eb30489e3335a,rustme/IlIillIliI.class,1280,1024
57dabd275c376f9a0ffbb14e2694a71b,rustme/llIillIliI.class,1280,1024
3572a580813062cce93f4305634175d1,rustme/iilillIliI.class,3243,2987
763073c1349b487677dec606cf4b6557,rustme/IilillIliI.class,5050,4794
e7d3f46cebf0df6ff67350f85f0321af,rustme/lilillIliI.class,43856,43600
b97c224259bcf775de3b447b71a6925a,rustme/iIlillIliI.class,2426,2170
8dc69831e1f5fb19f461dbc7842f6eb6,rustme/IIlillIliI.class,3939,3683
493128599eb218010ea3a616bb1b5a1b,rustme/lIlillIliI.class,3751,3495
8e87b624262b77c0fb473ca8538fd64d,rustme/illillIliI.class,3354,3098
0ab38254ea6f390b311b40ccdac6bcb3,rustme/IllillIliI.class,3550,3294
a180fb8ad755b6cf27a7f13dc22599a8,rustme/lllillIliI.class,20425,20169
f3fa89913accf69b6e462ffb46860ad2,rustme/iiiIllIliI.class,2917,2661
dcec2f48592eee364a83ef26f858f741,rustme/IiiIllIliI.class,4922,4666
0ee2a360f85083ab22ab16537a70f775,rustme/liiIllIliI.class,4852,4596
bfbd547793fa9baf7b6e00d3c1e9d8e8,rustme/iIiIllIliI.class,1475,1219
dbf3cc2912c444960964b66edd65e880,rustme/IIiIllIliI.class,7958,7702
f3d92c7aa17a96e2f47b4f60df3de565,rustme/lIiIllIliI.class,8030,7774
2d310b59d1a312f92fc6ada30683bd3b,rustme/iliIllIliI.class,18383,18127
893baca75c60039454a4edd1bf2054be,rustme/IliIllIliI.class,12862,12606
5d60cdc02c52785a921e48c3523b9148,rustme/lliIllIliI.class,3921,3665
a3868b824d4c1058caeec37aace6e9cf,rustme/iiIIllIliI.class,6574,6318
9537250fa5989b720980c14fa099f57f,rustme/IiIIllIliI.class,2852,2596
046f2c20d2dc6b37f2387f63b8841bf8,rustme/liIIllIliI.class,2862,2606
bf8209962d85b73d7f00f7bfb0ce0a27,rustme/iIIIllIliI.class,1778,1522
11c6b7730362f5ecec517789d6652076,rustme/IIIIllIliI.class,8590,8334
f602e34dfa45ce2ea32f9b75eb1f7066,rustme/lIIIllIliI.class,3802,3546
25e895fcad4861fd9a48c64215b6137a,rustme/ilIIllIliI.class,4112,3856
429c138e51add6e02b4a9a5ed92c2cf8,rustme/IlIIllIliI.class,3782,3526
c3d8731895e6946af74a4ed109910221,rustme/llIIllIliI.class,1383,1127
1f06e918719fc222b160b694a98400f3,rustme/iilIllIliI.class,8367,8111
073fbe0b9cded192500ffac0e2122eae,rustme/IilIllIliI.class,5773,5517
d5171e890cc2df42707e3b492dccab3a,rustme/lilIllIliI.class,9912,9656
9783c1cf1b9c7d14be251510dae924cb,rustme/iIlIllIliI.class,4886,4630
37c60467e4e469921805ba11ba3b0be9,rustme/IIlIllIliI.class,2019,1763
0daf0ed97f03a1e7179b20a5ac57883a,rustme/lIlIllIliI.class,2593,2337
3fef6d5d242ab9328914a0a9580db418,rustme/illIllIliI.class,1827,1571
cb6d4f4fb64410063f111a237ea4378b,rustme/IllIllIliI.class,2447,2191
c5d4af9fbc25efe5c04402379473507d,rustme/lllIllIliI.class,45628,45372
f4f98fa0f9e111205c2c575e78b741c0,rustme/iiilllIliI.class,2628,2372
f1f757fae4996121b6bcbfc60183978f,rustme/IiilllIliI.class,2609,2353
667542fb2ec8af2776e0d6c44388fde4,rustme/liilllIliI.class,3334,3078
6fee238679d9fa376cae30d45237ab59,rustme/iIilllIliI.class,1920,1664
eb437cca5a2e16b9b91fa29d8a314a1d,rustme/IIilllIliI.class,1879,1623
7473b47badcffd9a660ac61b18573578,rustme/lIilllIliI.class,1878,1622
323155aa240288d71bb5f90939564aab,rustme/ililllIliI.class,1488,1232
eb7f6d29089c2b6959ede78886d5b63d,rustme/IlilllIliI.class,1878,1622
60c7d087c78f34e8c8f34116c7299b8a,rustme/llilllIliI.class,1488,1232
d96b347786f82b8c8ad164b84a7a9c44,rustme/iiIlllIliI.class,2246,1990
46fa8ecc2761e9b9d9b694380200e070,rustme/IiIlllIliI.class,1696,1440
c841cab865c5360bc203d8a9a4e0f002,rustme/liIlllIliI.class,2007,1751
976a771857c0d517b341e61e3cbbf53c,rustme/iIIlllIliI.class,42375,42119
ffedbfc11335678fcbe153f26b405cba,rustme/IIIlllIliI.class,1525,1269
c1a4083d7d7c6edb8fd82561617dfd94,rustme/lIIlllIliI.class,1525,1269
cf50820f7c8d4a545d1638badc07018b,rustme/ilIlllIliI.class,1517,1261
4ba934326d0523978c2e5068cb77ba55,rustme/IlIlllIliI.class,1517,1261
13fdad6acf0a346031c2ab2cbce75ed7,rustme/llIlllIliI.class,1517,1261
c80bd152b43b1111034b071894fdbb51,rustme/iillllIliI.class,2533,2277
574842064c5006d8b7ffd023bf56f4df,rustme/IillllIliI.class,1503,1247
032773b31517e366f628241c7f8ea8a9,rustme/lillllIliI.class,40030,39774
4b4a80175cef2453e98e2e418b38b943,rustme/iIllllIliI.class,1493,1237
edf9146ffe7418529075a8c554bd4d77,rustme/IIllllIliI.class,1493,1237
fcb13809214ed08cf98cb34211ab6446,rustme/lIllllIliI.class,1573,1317
4ed3a1750c11cf56a94411a7133fdf92,rustme/illlllIliI.class,1515,1259
065f8fa94b334895c77226c77464e17a,rustme/IlllllIliI.class,2456,2200
e3c928bdf86293de75a3fc8c30e76628,rustme/llllllIliI.class,1471,1215
061e6eef71a43de64248cf6f77d045e0,rustme/iiiiiilliI.class,5796,5540
94cac4db4423047e050028a017258213,rustme/IiiiiilliI.class,4399,4143
7761049032fe7b44011dbdac62ee2412,rustme/liiiiilliI.class,4947,4691
a9dc4c12774d51efb93777d6e6b0ef0b,rustme/iIiiiilliI.class,14135,13879
4c1d5f6cde575e0f8ecfa5e20826d556,rustme/IIiiiilliI.class,6996,6740
d79d3d0afafbc0128ee844d2431bc67c,rustme/lIiiiilliI.class,1153,897
75e25976f8d8370fe1aef32b7bb27f01,rustme/iliiiilliI.class,8693,8437
503565c6db6dcd44f0c69630fcb963a9,rustme/IliiiilliI.class,2255,1999
48de3ec1a8ed880d8ed7f538d4089904,rustme/lliiiilliI.class,4560,4304
62334ce8ad54ba04b62b5ec74f53c21b,rustme/iiIiiilliI.class,3391,3135
8c679d624fb4ee52a7b54b69e6958a66,rustme/IiIiiilliI.class,2541,2285
397dee3ea1c500f7ccca7738471fbdbf,rustme/liIiiilliI.class,1895,1639
a85dfda709e25a3b50a9c36011027a56,rustme/iIIiiilliI.class,6320,6064
8c1b1d8c962201da919911c1f0a7da5e,rustme/IIIiiilliI.class,3648,3392
6881d54f51e771d0d9251db991ba7a7c,rustme/lIIiiilliI.class,2121,1865
e95201ef9ad42f54e966c47dcc13e750,rustme/ilIiiilliI.class,2460,2204
086954f67208f82821c6e578e04e6413,rustme/IlIiiilliI.class,2666,2410
2a7a2ad5d1a67cb5679bed03f036a0f4,rustme/llIiiilliI.class,9840,9584
d49bdd272b9adabb682f3d3d0f6fef8a,rustme/iiliiilliI.class,3921,3665
39493183eb77036aadea4c42ce23487f,rustme/IiliiilliI.class,4384,4128
05bccf651d86b47a1419eacfc66a5b68,rustme/liliiilliI.class,6331,6075
8883f650d3e94f8f779a7b2dea16e6b9,rustme/iIliiilliI.class,6240,5984
ef1dd719309764e3504707fc8e5cb656,rustme/IIliiilliI.class,1695,1439
9c6fb61c66e699be11c511e5ddb2d464,rustme/lIliiilliI.class,6357,6101
887afdbd74dd78737fe4a446ea012133,rustme/illiiilliI.class,2890,2634
5956179ad03db6f02e36c3d1a4605d5c,rustme/IlliiilliI.class,2710,2454
ec83cc4ecfe8adfb774ed742ff440e5d,rustme/llliiilliI.class,3769,3513
91bbd22e782b4081a76cdacedbe7b339,rustme/iiiIiilliI.class,6403,6147
4f1df010d7819334aaab14a8b9a5f5dd,ru/rustme/util/RustTrustStore.class,6102,5846
5cfe796a0bb50f5fbbfc32e6e777be41,rustme/IiiIiilliI.class,6858,6602
d8dbc9d22c01c7b2e7d2034394bd3a86,rustme/liiIiilliI.class,11506,11250
f3683bb9945cc6349f4e5474446b613e,rustme/iIiIiilliI.class,6809,6553
26f669ff62bc220a28bea66f97b27396,rustme/IIiIiilliI.class,9009,8753
cb0010dc4f6b27eef560be9623188de9,rustme/lIiIiilliI.class,14802,14546
c13fcda37433c72d05a1b0a093dee4be,rustme/iliIiilliI.class,4028,3772
5ea1e5b29ec47f49fe12190fa62ad664,rustme/IliIiilliI.class,5624,5368
b2d9113ed0e5cb104c71357cb0fc4408,rustme/lliIiilliI.class,10808,10552
b6e27413d0d71141a7b99667e908daff,rustme/iiIIiilliI.class,8736,8480
e7c191b3963ff384edf4041cc3a0baa9,rustme/IiIIiilliI.class,2090,1834
4ee7f6e63634a63097f9ba48171d170c,rustme/liIIiilliI.class,5195,4939
6a73fc3aece140a5e7436ecbcbea2f62,rustme/iIIIiilliI.class,671,415
915769d04c8b85ac6007b3f694cf3f87,rustme/IIIIiilliI.class,9698,9442
a8d03a1b92644dc04a8c911fdfd0e491,rustme/lIIIiilliI.class,6174,5918
9d868f77bdd8e85ba5d176845660fa25,rustme/ilIIiilliI.class,1596,1340
0576066eb0d20ab0d8e6c766ce9298a0,rustme/IlIIiilliI.class,2171,1915
19384f50e7b362fe9cab716944b57fbb,rustme/llIIiilliI.class,4279,4023
a570e518d625b18d14d938bc53597e21,rustme/iilIiilliI.class,4280,4024
6d5848d1f2dbcbfe7f467a7ac0e7bd56,rustme/IilIiilliI.class,8719,8463
2f30156c16f5508e3937fbc3cf35b504,rustme/lilIiilliI.class,1052,796
b0ed6ae76b067bd56675fbc7ca958dbb,rustme/iIlIiilliI.class,1116,860
9b4634297cb4791814f720a630c02b01,rustme/IIlIiilliI.class,2401,2145
728babfaa677f272d7f8fc029078fddd,rustme/lIlIiilliI.class,5088,4832
35faa787f9a2924866cb896b5e7920c8,rustme/illIiilliI.class,2477,2221
04ebff9574f63268138cfb8146031afb,rustme/IllIiilliI.class,2986,2730
a312aa814591cba3c0803ea3ceb8036b,rustme/lllIiilliI.class,4590,4334
6bc7464557129e5ac93ed71445738b03,rustme/iiiliilliI.class,2013,1757
fdb829cd896163f9438f8ad27c794056,rustme/IiiliilliI.class,7675,7419
2508e2672e7e399df0e6b57cbac737e3,rustme/liiliilliI.class,1882,1626
1ec3884639dc4370c0990e063a1f0108,rustme/iIiliilliI.class,5778,5522
2f6d290420296a72e6b17d4e0480486e,rustme/IIiliilliI.class,1989,1733
5d420df6fa77d0d2622585474864ebfb,rustme/lIiliilliI.class,1011,755
c6efb33aa918190d623ecd8e71287a4f,rustme/ililiilliI.class,28631,28375
6a58c97f9b91c95a8320a4895a8d56f4,rustme/IliliilliI.class,3255,2999
5f3d21aabd64ae32a466326e7fd7f148,rustme/lliliilliI.class,4917,4661
c35dae84bf60bf677cf0dcb2d574ade0,rustme/iiIliilliI.class,4163,3907
22cd43cbdbaed8355ca38f8fa0c1a846,rustme/IiIliilliI.class,4256,4000
aaf29778ea8a89024b15d31029fe9730,rustme/liIliilliI.class,13747,13491
5631849c82b1a9bd830151b1ca416ea8,ru/meproject/rustme/vanilla/network/assignfriend/AssignFriendPayloadChannels.class,1872,1616
2ae1a9e28f28517eabdc6e72ddaea5c8,ru/meproject/rustme/vanilla/network/assignfriend/CloseAssignFriendPacketData$$serializer.class,5360,5104
ee48b289636b668c15193283ee5ba852,ru/meproject/rustme/vanilla/network/assignfriend/CloseAssignFriendPacketData$Companion.class,2046,1790
589e5a14e7b9ba49cd5125f9b11247c9,ru/meproject/rustme/vanilla/network/assignfriend/CloseAssignFriendPacketData.class,3029,2773
20e2b78dcef2abc87826db983a394ccc,ru/meproject/rustme/vanilla/network/assignfriend/OpenAssignFriendPacketsData$$serializer.class,6619,6363
dd5897d99f193730bd755f2cadf77a1f,ru/meproject/rustme/vanilla/network/assignfriend/OpenAssignFriendPacketsData$Companion.class,2046,1790
4809f39d34b24de194e8e8b20a497693,ru/meproject/rustme/vanilla/network/assignfriend/OpenAssignFriendPacketsData.class,8987,8731
a553d39374e6c510c7b5f52bdc23ddc2,ru/meproject/rustme/vanilla/network/assignfriend/SubmitAssignFriendPacketData$$serializer.class,6117,5861
f8c16f0022bfa102f0b584fd5da0c10a,ru/meproject/rustme/vanilla/network/assignfriend/SubmitAssignFriendPacketData$Companion.class,2053,1797
be643d2f2b6d779f1933d4d80ca30a1d,ru/meproject/rustme/vanilla/network/assignfriend/SubmitAssignFriendPacketData.class,5994,5738
efc5f7766ce89b187ca0613f02fe65b3,ru/meproject/rustme/vanilla/network/common/TextWithArguments$$serializer.class,6163,5907
7b4193d72d3893493b34039309b4fff1,ru/meproject/rustme/vanilla/network/common/TextWithArguments$Companion.class,1928,1672
d3accf9c06d7bb198ed12640606e24e6,ru/meproject/rustme/vanilla/network/common/TextWithArguments.class,6490,6234
d2087f5c4b238e3187d43022116aaea6,ru/meproject/rustme/vanilla/network/common/model/ItemStack$$serializer.class,6307,6051
e9f97c4e0e7b30b685bd64f602eab615,ru/meproject/rustme/vanilla/network/common/model/ItemStack$Companion.class,1906,1650
a084348a416be348f494f53f3b29321d,ru/meproject/rustme/vanilla/network/common/model/ItemStack.class,4382,4126
a90d3e64a81458c27d422df827bf00eb,ru/meproject/rustme/vanilla/network/common/model/PayloadPacketData.class,748,492
ee30fa1cbbec12f5d5519d50089db55b,ru/meproject/rustme/vanilla/network/common/model/Vec2d$$serializer.class,5541,5285
ef594dcbcd9ac57244fd78713b7b93d9,ru/meproject/rustme/vanilla/network/common/model/Vec2d$Companion.class,1874,1618
93853f33810e2f7efb3dcae9057b726e,ru/meproject/rustme/vanilla/network/common/model/Vec2d.class,4978,4722
83f576a4f93cc4a14c9f99cedb0ddf06,ru/meproject/rustme/vanilla/network/common/model/Vec2i$$serializer.class,5532,5276
8bb2022bf51b9b3f67a71bce29203624,ru/meproject/rustme/vanilla/network/common/model/Vec2i$Companion.class,1874,1618
eec8a8d0753de83c9305d17aad4c73af,ru/meproject/rustme/vanilla/network/common/model/Vec2i.class,4919,4663
4b315ffce9971200f40885f7ab621f5a,ru/meproject/rustme/vanilla/network/common/model/Vec3d$$serializer.class,5612,5356
751be89f8bcc9c852a350e3793bec498,ru/meproject/rustme/vanilla/network/common/model/Vec3d$Companion.class,1874,1618
7846bd228a1d593301bf29114aa69c4e,ru/meproject/rustme/vanilla/network/common/model/Vec3d.class,5405,5149
d8740c86740a9b4e29b3f989cbf0da46,ru/meproject/rustme/vanilla/network/common/model/profile/GameProfile$$serializer.class,6325,6069
735d30c2b62fb963d39b449dcae1a99f,ru/meproject/rustme/vanilla/network/common/model/profile/GameProfile$Companion.class,1978,1722
df450927eecc4a79fa2fca878325cd27,ru/meproject/rustme/vanilla/network/common/model/profile/GameProfile.class,6882,6626
bc26b227c981a30fb77dfad68059eb2a,ru/meproject/rustme/vanilla/network/common/model/profile/GameProfileProperty$$serializer.class,6381,6125
824899a585a5e5fa11ac68d981996255,ru/meproject/rustme/vanilla/network/common/model/profile/GameProfileProperty$Companion.class,2042,1786
e25e7fb890dfd60c3eb239c95c48c821,ru/meproject/rustme/vanilla/network/common/model/profile/GameProfileProperty.class,4551,4295
db77d583ce866087e0d6781144633dad,ru/meproject/rustme/vanilla/network/common/random/Drop$Companion$fromLootBoxEntries$lots$1$1.class,2403,2147
9ab6b2c0b62d4ffe7f9a8b44992becb6,ru/meproject/rustme/vanilla/network/common/random/Drop$Companion.class,4734,4478
7b3a86e06e8fa7264ac89dd8745458e8,ru/meproject/rustme/vanilla/network/common/random/Drop$random$$inlined$sortedBy$1.class,2423,2167
1540ae272ff1b6962c1166d60f7d267a,ru/meproject/rustme/vanilla/network/common/random/Drop$random$$inlined$sortedByDescending$1.class,2476,2220
b8d388ec0e1c21b6873e82b59e1ef284,ru/meproject/rustme/vanilla/network/common/random/Drop.class,14385,14129
4fd5fcbd5c2558db447026d1aad2e1bf,ru/meproject/rustme/vanilla/network/common/random/Lot.class,1025,769
fc15096dd03744e3f946c348ade303e1,ru/meproject/rustme/vanilla/network/common/random/amount/Amount$Companion.class,2103,1847
99083df35ec8bfc73dc8fa2bb60f07de,ru/meproject/rustme/vanilla/network/common/random/amount/Amount.class,1399,1143
f3b4b974e8e5954d8f83acc1f0724578,ru/meproject/rustme/vanilla/network/common/random/amount/AmountKt.class,2182,1926
ca4cb5009d4ff8e427afa2bbdb6591cb,ru/meproject/rustme/vanilla/network/common/random/amount/RandomAmount.class,2325,2069
3b70905bda4de462581e513f4efd6213,ru/meproject/rustme/vanilla/network/common/random/amount/StaticAmount$Companion.class,1670,1414
1de0992c71f3ad3d52dde29d70157c50,ru/meproject/rustme/vanilla/network/common/random/amount/StaticAmount.class,2000,1744
e90d347bdebd202f67993e2331d97122,ru/meproject/rustme/vanilla/network/common/serialization/BinaryDataInputDecoder.class,5898,5642
beac6ac1a7e60c89d0de3764564f4bce,ru/meproject/rustme/vanilla/network/common/serialization/BinaryDataOutputEncoder.class,4943,4687
365878cf9e1d4d9154103e74e9325507,ru/meproject/rustme/vanilla/network/common/serialization/ByteBufExtKt.class,3762,3506
0178ee63cf60b0e1484c73c0571cb512,ru/meproject/rustme/vanilla/network/common/serialization/EfficientBinaryFormat.class,4849,4593
770185ee1e2347442935d5702d18e127,ru/meproject/rustme/vanilla/network/common/serialization/serializer/DurationSerializer.class,3810,3554
917bfc3759dcf44c5bf9b850c06d51c1,ru/meproject/rustme/vanilla/network/common/serialization/serializer/UUIDSerializer.class,6627,6371
50d355f3fc5abf91b4265df4f9b716ab,ru/meproject/rustme/vanilla/network/common/serialization/serializer/UUIDSerializerKt.class,914,658
e63665383f19107eeb35883fbde754e4,ru/meproject/rustme/vanilla/network/damage/CloseDeathScreenPacketData$$serializer.class,5293,5037
345b7f41dc8e851e03af8201f0be033d,ru/meproject/rustme/vanilla/network/damage/CloseDeathScreenPacketData$Companion.class,2000,1744
ec69fa8ff54a50e039e3dc3ee5868121,ru/meproject/rustme/vanilla/network/damage/CloseDeathScreenPacketData.class,2983,2727
6580843f9587bf29c1fb8eb5055f53e8,ru/meproject/rustme/vanilla/network/damage/DamagePayloadChannels.class,1459,1203
850fffad9c873e6cea8281deec413165,ru/meproject/rustme/vanilla/network/damage/DamageSource$Companion.class,2934,2678
cec7ea63d01ac67646c6985981e8e2c5,ru/meproject/rustme/vanilla/network/damage/DamageSource$Item$$serializer.class,5966,5710
e80eb8f763b6360867b0583eb3f7eb95,ru/meproject/rustme/vanilla/network/damage/DamageSource$Item$Companion.class,1999,1743
7b7935fbb791551b0571f409dbdaf4e8,ru/meproject/rustme/vanilla/network/damage/DamageSource$Item.class,5674,5418
861a78204634c27e22d3ca26e658451e,ru/meproject/rustme/vanilla/network/damage/DamageSource$Player$$serializer.class,6026,5770
76d47e5eb09b169397442710041eb934,ru/meproject/rustme/vanilla/network/damage/DamageSource$Player$Companion.class,2015,1759
7a516e626cc748d08d5ba4d1d9cda276,ru/meproject/rustme/vanilla/network/damage/DamageSource$Player.class,5782,5526
8e413c8f9b47581c3c8138802fb27302,ru/meproject/rustme/vanilla/network/damage/DamageSource$Simple$$serializer.class,6515,6259
816319de93dede0e0df62ef1143ed005,ru/meproject/rustme/vanilla/network/damage/DamageSource$Simple$Companion.class,2015,1759
327186f6d0c48fb03c179115fedc3a28,ru/meproject/rustme/vanilla/network/damage/DamageSource$Simple.class,8333,8077
18eb872ff4b83be21aaf44041c7b4d4a,ru/meproject/rustme/vanilla/network/damage/DamageSource.class,1638,1382
ea4537694d036455ff151e9ec24faa03,ru/meproject/rustme/vanilla/network/damage/OpenDeathScreenPacketData$$serializer.class,6978,6722
f4a9d06defee69939170f656df830311,ru/meproject/rustme/vanilla/network/damage/OpenDeathScreenPacketData$Companion.class,1992,1736
3d1755d03c975844b605d42111b85d3b,ru/meproject/rustme/vanilla/network/damage/OpenDeathScreenPacketData.class,9542,9286
4ce6c146b7c20faeb3ca2ffaa0254510,ru/meproject/rustme/vanilla/network/damage/RespawnPacketData$$serializer.class,5928,5672
152ae97da732b695c05ffeb47d93f40b,ru/meproject/rustme/vanilla/network/damage/RespawnPacketData$Companion.class,1928,1672
3dd4cb8e56ac56c941e24b4b0e671ec1,ru/meproject/rustme/vanilla/network/damage/RespawnPacketData.class,3768,3512
f0af85ce55801aedfed4bc384f3310b3,ru/meproject/rustme/vanilla/network/damage/SimpleDamageSourceType.class,4244,3988
5666e1647a69b2bdb8ebc0c68c13a42c,ru/meproject/rustme/vanilla/network/donate/ConfirmDonatePurchasePacketData$$serializer.class,5692,5436
f8e818bc3c96061c45b0410b33aafdd4,ru/meproject/rustme/vanilla/network/donate/ConfirmDonatePurchasePacketData$Companion.class,2040,1784
6e09700308181a0bc5c00795aa5e3ed6,ru/meproject/rustme/vanilla/network/donate/ConfirmDonatePurchasePacketData.class,3436,3180
49abfd465a39aebbe2b13db2e99bd986,ru/meproject/rustme/vanilla/network/donate/DonateItemRarity.class,2777,2521
664b3e1fe2a025f3b2309a35f8275b03,ru/meproject/rustme/vanilla/network/donate/DonateLootBoxFinishedOpeningPacketData$$serializer.class,5425,5169
a205bc3960d897f8c189a61f836b058b,ru/meproject/rustme/vanilla/network/donate/DonateLootBoxFinishedOpeningPacketData$Companion.class,2096,1840
3c7958e0831727066626e1e33de19458,ru/meproject/rustme/vanilla/network/donate/DonateLootBoxFinishedOpeningPacketData.class,3079,2823
fae6346ab6c104cfe379b6abe74173c5,ru/meproject/rustme/vanilla/network/donate/DonatePayloadChannels.class,1896,1640
26c1e98dfb3faec7f7df113adb922807,ru/meproject/rustme/vanilla/network/donate/DonateScreenData$$serializer.class,6810,6554
987adf01900856d7eb05b372d074165b,ru/meproject/rustme/vanilla/network/donate/DonateScreenData$Companion.class,1920,1664
36b68af42005aabe3c0c895fec70c7d6,ru/meproject/rustme/vanilla/network/donate/DonateScreenData.class,8724,8468
ae4d92cef84b8dd522322766561c8e60,ru/meproject/rustme/vanilla/network/donate/LootBoxOpenedPacketData$$serializer.class,5695,5439
de415c8e2f5beb41ce970ccebc3df1d2,ru/meproject/rustme/vanilla/network/donate/LootBoxOpenedPacketData$Companion.class,1976,1720
2001a83497e980d7ecd46da8df90bef2,ru/meproject/rustme/vanilla/network/donate/LootBoxOpenedPacketData.class,3641,3385
b7f360b8e38145d92986408dba5cccbe,ru/meproject/rustme/vanilla/network/donate/OpenDonateScreenPacketData$$serializer.class,5999,5743
520dd32fc627df9fa7f3b10cc57e9405,ru/meproject/rustme/vanilla/network/donate/OpenDonateScreenPacketData$Companion.class,2000,1744
07e4085753b58324a8e08cf2824facdb,ru/meproject/rustme/vanilla/network/donate/OpenDonateScreenPacketData.class,4203,3947
b6410a8931691fd445d31944647d57f4,ru/meproject/rustme/vanilla/network/donate/OpenLootBoxPacketData$$serializer.class,5585,5329
35ec2cf08817f7d0d2c24b0bff7cfad6,ru/meproject/rustme/vanilla/network/donate/OpenLootBoxPacketData$Companion.class,1960,1704
b3d933e2fa7394eda8fff3969c10b720,ru/meproject/rustme/vanilla/network/donate/OpenLootBoxPacketData.class,3362,3106
50558962065a104d079969e437c248b1,ru/meproject/rustme/vanilla/network/donate/OpenPrefixesScreenPacketData$$serializer.class,5315,5059
8960bed4f4077af51eea5e26a31b7603,ru/meproject/rustme/vanilla/network/donate/OpenPrefixesScreenPacketData$Companion.class,2016,1760
8a90ed4ff1176832d9b5c3be465bc562,ru/meproject/rustme/vanilla/network/donate/OpenPrefixesScreenPacketData.class,2999,2743
d9f443e81ff2f8d0be8a8b61ab6830af,ru/meproject/rustme/vanilla/network/donate/UnselectDonatePrefixPacketData$$serializer.class,5681,5425
9c0074d7267be43113935fdb9896f6eb,ru/meproject/rustme/vanilla/network/donate/UnselectDonatePrefixPacketData$Companion.class,2032,1776
1cc3907be1df64aea7d97d77b3aae7fa,ru/meproject/rustme/vanilla/network/donate/UnselectDonatePrefixPacketData.class,3428,3172
ee85409b49f66f7ae5dced3b86a6346f,ru/meproject/rustme/vanilla/network/donate/category/DonateCategory$$serializer.class,6432,6176
adb7e97888a5a27ebd6b1a7b8cde3687,ru/meproject/rustme/vanilla/network/donate/category/DonateCategory$Companion.class,1967,1711
802adef2697759d74053ce99fc65a5a0,ru/meproject/rustme/vanilla/network/donate/category/DonateCategory.class,7124,6868
136a6c27e078d515e231899a388e1a88,ru/meproject/rustme/vanilla/network/donate/category/DonateCategoryType.class,3202,2946
274580c73f01fd9f68ad2d79e74d1fb5,ru/meproject/rustme/vanilla/network/donate/item/DonateItem$Companion.class,1967,1711
8e8fd2b054533a70481806e677ed137c,ru/meproject/rustme/vanilla/network/donate/item/DonateItem.class,6533,6277
ac4f2ca8d82916d0f602edce69924ae1,ru/meproject/rustme/vanilla/network/donate/item/DonateItemAssetIcon$$serializer.class,5608,5352
87c44cc8b1b9625d423d7f02f413a182,ru/meproject/rustme/vanilla/network/donate/item/DonateItemAssetIcon$Companion.class,1974,1718
148ad8ddd3942de37b640c194dba624f,ru/meproject/rustme/vanilla/network/donate/item/DonateItemAssetIcon.class,5392,5136
dd345472c6c9add83cffc63308e5e430,ru/meproject/rustme/vanilla/network/donate/item/DonateItemIcon$Companion.class,1991,1735
be6f16f365c710ffb7328ff72712a12b,ru/meproject/rustme/vanilla/network/donate/item/DonateItemIcon.class,5479,5223
b2f45c0cd611a086f96e784b316477df,ru/meproject/rustme/vanilla/network/donate/item/DonateItemIconLabel$Companion.class,2021,1765
a7fd8cfae839a05c504650fbdfb64562,ru/meproject/rustme/vanilla/network/donate/item/DonateItemIconLabel.class,5326,5070
679c6bf5416d2991cb011628969ab937,ru/meproject/rustme/vanilla/network/donate/item/DonateItemIconSimpleTextLabel$$serializer.class,5703,5447
e391167b8c6018a985adf7afa29b4ebb,ru/meproject/rustme/vanilla/network/donate/item/DonateItemIconSimpleTextLabel$Companion.class,2049,1793
a05da4a81a4e6203e103bc9e657dea3f,ru/meproject/rustme/vanilla/network/donate/item/DonateItemIconSimpleTextLabel.class,4049,3793
ad403a29d121765692c7a789b1e0cb50,ru/meproject/rustme/vanilla/network/donate/item/DonateItemIconTimeLabel$$serializer.class,5649,5393
538d0da1358dad659653f029667e106d,ru/meproject/rustme/vanilla/network/donate/item/DonateItemIconTimeLabel$Companion.class,2007,1751
eed7d9e4d4cd4add8bc9c5def5195690,ru/meproject/rustme/vanilla/network/donate/item/DonateItemIconTimeLabel.class,4007,3751
11065717bf24bcb9ed44b587b1f29032,ru/meproject/rustme/vanilla/network/donate/item/DonateItemIconUserLabel$$serializer.class,5649,5393
14ba42fad7c68fd37ad8a347eb372402,ru/meproject/rustme/vanilla/network/donate/item/DonateItemIconUserLabel$Companion.class,2007,1751
b3daa9d5db653637d5b36a6df8f152d6,ru/meproject/rustme/vanilla/network/donate/item/DonateItemIconUserLabel.class,4007,3751
d9e066dfb43e4899d7c1136f7100b3ca,ru/meproject/rustme/vanilla/network/donate/item/DonateItemMetabolismIcon$$serializer.class,6599,6343
4539b372d50534f9bdfc9ba46e592ed0,ru/meproject/rustme/vanilla/network/donate/item/DonateItemMetabolismIcon$Companion.class,2009,1753
27f5ab02f7f29ae5efb0b849a8329f5a,ru/meproject/rustme/vanilla/network/donate/item/DonateItemMetabolismIcon.class,8011,7755
9c34cbb05106722a8ca0fec3c7aca1ef,ru/meproject/rustme/vanilla/network/donate/item/DonateItemPrefixIcon$$serializer.class,5908,5652
1fb2583554312a2f10d23508b5004b38,ru/meproject/rustme/vanilla/network/donate/item/DonateItemPrefixIcon$Companion.class,1981,1725
bcfdf382d3b3ddf83b5966265e8d66ab,ru/meproject/rustme/vanilla/network/donate/item/DonateItemPrefixIcon.class,6045,5789
20e0bada8c9ea912eb5881e23f623542,ru/meproject/rustme/vanilla/network/donate/item/DonateItemStackIcon$$serializer.class,5892,5636
6c9ce260a8747bc5818457777f294154,ru/meproject/rustme/vanilla/network/donate/item/DonateItemStackIcon$Companion.class,1974,1718
5b98d27366b9eef5f3281ac52e757e55,ru/meproject/rustme/vanilla/network/donate/item/DonateItemStackIcon.class,6055,5799
0eb36726b9f73561e56d5447fde3bdc5,ru/meproject/rustme/vanilla/network/donate/item/DonateItemTooltip$$serializer.class,5860,5604
910de911dbed9a004671771c20cca664,ru/meproject/rustme/vanilla/network/donate/item/DonateItemTooltip$Companion.class,1963,1707
30d2cbfbf68d0a944a431bf8f35dcfec,ru/meproject/rustme/vanilla/network/donate/item/DonateItemTooltip.class,6580,6324
aa51fbf9f69a23249b504260b37441b3,ru/meproject/rustme/vanilla/network/donate/item/DonateItemTooltipItemGroup$$serializer.class,6096,5840
5b7da261dd301d6a28bb4d2929ce7acf,ru/meproject/rustme/vanilla/network/donate/item/DonateItemTooltipItemGroup$Companion.class,2035,1779
58ec53e780bd4742398fcd2859b103c9,ru/meproject/rustme/vanilla/network/donate/item/DonateItemTooltipItemGroup.class,6717,6461
e9fddfed2ead0b6f582c4191f050a2b9,ru/meproject/rustme/vanilla/network/donate/item/DonateItemTooltipStack$$serializer.class,6355,6099
3ee46ce8bba6ebac30cdc134eac1e793,ru/meproject/rustme/vanilla/network/donate/item/DonateItemTooltipStack$Companion.class,2003,1747
b83fcc36e32913b885398b838cd46a15,ru/meproject/rustme/vanilla/network/donate/item/DonateItemTooltipStack.class,5271,5015
d655ba501d9ef4198a3a636ee463a39b,ru/meproject/rustme/vanilla/network/donate/item/DonateItemTopLabel.class,2576,2320
92351b5a6849675d38c2f2d4b131db04,ru/meproject/rustme/vanilla/network/donate/item/DonateLootBoxItem$$serializer.class,8126,7870
fa8493758d04f449c5e560bebea69f9b,ru/meproject/rustme/vanilla/network/donate/item/DonateLootBoxItem$Companion.class,1956,1700
c5339ceebb45c467784cd3c67d8338bd,ru/meproject/rustme/vanilla/network/donate/item/DonateLootBoxItem.class,12295,12039
c54a2c813b42f0be879bb3161a2bafac,ru/meproject/rustme/vanilla/network/donate/item/DonatePrivilegeItem$$serializer.class,9222,8966
ec364f101a8f4f89389decc810ebf32f,ru/meproject/rustme/vanilla/network/donate/item/DonatePrivilegeItem$Companion.class,1970,1714
55f4d5295739274f5d40541655af2523,ru/meproject/rustme/vanilla/network/donate/item/DonatePrivilegeItem.class,16859,16603
7bec6b96f6cca1315c59679e14e262ce,ru/meproject/rustme/vanilla/network/donate/item/DonateSimpleItem$$serializer.class,7950,7694
ea21795f05e50c83afa3af8e2d698f6a,ru/meproject/rustme/vanilla/network/donate/item/DonateSimpleItem$Companion.class,1949,1693
7b647c54ab25e86c7ac037f754f5c668,ru/meproject/rustme/vanilla/network/donate/item/DonateSimpleItem.class,10550,10294
0700fc4e686065739a8261a96c535999,ru/meproject/rustme/vanilla/network/donate/item/lootbox/DonateLootBoxAssetEntry$$serializer.class,7111,6855
031100de08aeef366bbade533379aef5,ru/meproject/rustme/vanilla/network/donate/item/lootbox/DonateLootBoxAssetEntry$Companion.class,2062,1806
fd207974f46825def6d18b5deecb4135,ru/meproject/rustme/vanilla/network/donate/item/lootbox/DonateLootBoxAssetEntry.class,8395,8139
6be50a11e371df3141078f3cf6704f13,ru/meproject/rustme/vanilla/network/donate/item/lootbox/DonateLootBoxEntry$Companion.class,2055,1799
96531912b1a1d19964ee427503473c0f,ru/meproject/rustme/vanilla/network/donate/item/lootbox/DonateLootBoxEntry.class,5737,5481
2a7e0dc4c947c93947e13fedbff1bff9,ru/meproject/rustme/vanilla/network/donate/item/lootbox/DonateLootBoxPrefixEntry$$serializer.class,6917,6661
3ba1a07ff975ae4949fa2620dcda88c3,ru/meproject/rustme/vanilla/network/donate/item/lootbox/DonateLootBoxPrefixEntry$Companion.class,2069,1813
6377b76c8477e63f7a87cc21522cae11,ru/meproject/rustme/vanilla/network/donate/item/lootbox/DonateLootBoxPrefixEntry.class,7129,6873
1cb086e48e846a9d674f9a4e9d8e0460,ru/meproject/rustme/vanilla/network/donate/item/lootbox/DonateLootBoxStackEntry$$serializer.class,7122,6866
4f09ebc903f341cd9f67cf327dbb4787,ru/meproject/rustme/vanilla/network/donate/item/lootbox/DonateLootBoxStackEntry$Companion.class,2062,1806
c8b1dc9c1f1b631d689fb29e3db803ef,ru/meproject/rustme/vanilla/network/donate/item/lootbox/DonateLootBoxStackEntry.class,7925,7669
97c25cb23805f34c6a79bc9929a2bb17,ru/meproject/rustme/vanilla/network/donate/item/privilege/PrivilegeMetabolismBuff$$serializer.class,6128,5872
a467119ea462dba2b66d35295d0cc723,ru/meproject/rustme/vanilla/network/donate/item/privilege/PrivilegeMetabolismBuff$Companion.class,2081,1825
b5c3d2c8c2c5fd7dbce4444e53b79125,ru/meproject/rustme/vanilla/network/donate/item/privilege/PrivilegeMetabolismBuff.class,3968,3712
5b217a7788dae99d7e6bf686d03e4f77,ru/meproject/rustme/vanilla/network/donate/item/privilege/PrivilegeSpecialBuffsGroup$$serializer.class,6405,6149
7ef03c001ae3a5fcd2d6650a00e5acbb,ru/meproject/rustme/vanilla/network/donate/item/privilege/PrivilegeSpecialBuffsGroup$Companion.class,2105,1849
f6346918e9b81657bcf2277e1a77d265,ru/meproject/rustme/vanilla/network/donate/item/privilege/PrivilegeSpecialBuffsGroup.class,6154,5898
2c8c35b289e29d9391a0c434fb145335,ru/meproject/rustme/vanilla/network/donate/price/DonateItemBottomLabel$Companion.class,2038,1782
b887f9315aa2922ade456200fca4f47b,ru/meproject/rustme/vanilla/network/donate/price/DonateItemBottomLabel.class,5654,5398
075ec7991fc31dfc27eb67c0528e6584,ru/meproject/rustme/vanilla/network/donate/price/DonateItemBottomPrefixLabel$$serializer.class,5989,5733
3ecc585a8fe3ed753e15d0308cfde4c6,ru/meproject/rustme/vanilla/network/donate/price/DonateItemBottomPrefixLabel$Companion.class,2044,1788
43e78a0fdf630268c820fca668bfb7c7,ru/meproject/rustme/vanilla/network/donate/price/DonateItemBottomPrefixLabel.class,5884,5628
1a9b9fee7a5d68673ef009fefccbd76c,ru/meproject/rustme/vanilla/network/donate/price/DonateItemBottomPriceLabel$$serializer.class,6558,6302
9a6610888cd8aa5633994c3e14387ac7,ru/meproject/rustme/vanilla/network/donate/price/DonateItemBottomPriceLabel$Companion.class,2037,1781
1c22652f2bb60296986e90eb7f8be64e,ru/meproject/rustme/vanilla/network/donate/price/DonateItemBottomPriceLabel.class,6638,6382
cb305a89a582de30abc6c60fdb27a5ca,ru/meproject/rustme/vanilla/network/donate/price/DonateItemBottomPurchasedLabel$$serializer.class,5310,5054
fedee1d3d3215ef09cdbbb8e5fa49dca,ru/meproject/rustme/vanilla/network/donate/price/DonateItemBottomPurchasedLabel$Companion.class,2065,1809
4882f603e257513d43b5b59f1181d284,ru/meproject/rustme/vanilla/network/donate/price/DonateItemBottomPurchasedLabel.class,3312,3056
e8a69e6fd8458ba5fb7eec67bfa7e89a,ru/meproject/rustme/vanilla/network/donate/price/DonateItemBottomTimeLabel$$serializer.class,5890,5634
0454ad2d94bb300f2881990d5d119866,ru/meproject/rustme/vanilla/network/donate/price/DonateItemBottomTimeLabel$Companion.class,2030,1774
64ab37fc3db353ae1bda2fc6be2368d9,ru/meproject/rustme/vanilla/network/donate/price/DonateItemBottomTimeLabel.class,4671,4415
73c3947a82e650382621c79e8ee47ab0,ru/meproject/rustme/vanilla/network/donate/price/DonatePriceCurrency.class,2586,2330
073da6d2424b0fd8a4a691fa71c6b69d,ru/meproject/rustme/vanilla/network/homeinfo/HomeInfoPayloadChannels.class,1406,1150
71c1da5f85612d2efb37c052e5cbdc50,ru/meproject/rustme/vanilla/network/homeinfo/OpenHomeInfoPacketData$$serializer.class,6611,6355
dd93eaaeec0ecdda24878e2c78907a72,ru/meproject/rustme/vanilla/network/homeinfo/OpenHomeInfoPacketData$Companion.class,1982,1726
a2fa0fc8f4c952b7f6ff26751fd815d1,ru/meproject/rustme/vanilla/network/homeinfo/OpenHomeInfoPacketData.class,9118,8862
2ef826b3f3bc804c02b074a29a1f5152,ru/meproject/rustme/vanilla/network/item/ClientPendingCraft$$serializer.class,6212,5956
bcb3a4a04fb6363d18f4b99770d7648d,ru/meproject/rustme/vanilla/network/item/ClientPendingCraft$Companion.class,1922,1666
da2c63461667339ca6c54d22821d6202,ru/meproject/rustme/vanilla/network/item/ClientPendingCraft.class,8023,7767
133a8450c02464e2ef98ea8a85da4e50,ru/meproject/rustme/vanilla/network/item/ItemIconLocations.class,1249,993
27048e0d6b0f611c4c79d2262f6d50aa,ru/meproject/rustme/vanilla/network/item/ItemPayloadChannels.class,1469,1213
274e62d7a79e8330ca0ceb90b42b8324,ru/meproject/rustme/vanilla/network/item/RepairContextEntry$$serializer.class,6172,5916
109505dfcdb722bd601dea4cf087ba35,ru/meproject/rustme/vanilla/network/item/RepairContextEntry$Companion.class,1922,1666
6139d3efe27df7006508e30eb283a2ac,ru/meproject/rustme/vanilla/network/item/RepairContextEntry.class,6203,5947
bc92de2615ee2318e969d96d08c927bc,ru/meproject/rustme/vanilla/network/item/StatusNotificationPacketData$$serializer.class,6262,6006
3ca9abed836c8f6117bd6c253d124c02,ru/meproject/rustme/vanilla/network/item/StatusNotificationPacketData$Companion.class,2002,1746
829c13c0388781ddb083c4199898b089,ru/meproject/rustme/vanilla/network/item/StatusNotificationPacketData.class,4898,4642
3caeda5f17db20e8c29bbf343c83c445,ru/meproject/rustme/vanilla/network/item/UnableToRepairPacketData$$serializer.class,5868,5612
7e46d7f06fe86e8568e76b91352da239,ru/meproject/rustme/vanilla/network/item/UnableToRepairPacketData$Companion.class,1970,1714
13ed6b760cbd8ce887088cb6a8caca86,ru/meproject/rustme/vanilla/network/item/UnableToRepairPacketData.class,5668,5412
db67222667f3146ed69a2c58419be26c,ru/meproject/rustme/vanilla/network/item/UpdateCraftingQueuePacketData$$serializer.class,6544,6288
2fa3fc110c7919f40c6f2e91a240fee4,ru/meproject/rustme/vanilla/network/item/UpdateCraftingQueuePacketData$Companion.class,2010,1754
023e451d676a3f2a768c20b478add444,ru/meproject/rustme/vanilla/network/item/UpdateCraftingQueuePacketData.class,6639,6383
0caae795efda61404cf237c5c80412b6,ru/meproject/rustme/vanilla/network/item/overrideData/ItemAttackFirstPersonAnimations.class,2976,2720
41468c411a21c90645963e0d10dcc62e,ru/meproject/rustme/vanilla/network/item/overrideData/ItemIdleFirstPersonAnimations.class,2704,2448
a583f29f83e7e582945f99e8f2fd69a6,ru/meproject/rustme/vanilla/network/item/overrideData/ItemStackCustomOverrideData$Companion.class,6186,5930
28e508170da19d27117d2d0584d20d4d,ru/meproject/rustme/vanilla/network/item/overrideData/ItemStackCustomOverrideData.class,12577,12321
008395e232467b26f545620fe76c39d2,ru/meproject/rustme/vanilla/network/item/overrideData/ItemStackIdleThirdPersonAnimations.class,2833,2577
eb84eb057fc3e078b3ebde58eba8a334,ru/meproject/rustme/vanilla/network/misc/EnableHudPacketData$$serializer.class,5196,4940
2366f9a2e70dbbc66f3e4fbe561a879a,ru/meproject/rustme/vanilla/network/misc/EnableHudPacketData$Companion.class,1930,1674
0f990c527c86568d34c59866f30e3e58,ru/meproject/rustme/vanilla/network/misc/EnableHudPacketData.class,2913,2657
97e640acded8bfa4c7aae5ed50888073,ru/meproject/rustme/vanilla/network/misc/FreeLookTogglePacketData$$serializer.class,5608,5352
e6aa5a890977ff980cc0cf7e99afb192,ru/meproject/rustme/vanilla/network/misc/FreeLookTogglePacketData$Companion.class,1970,1714
a4d5302db4310882074b919e667f7d4f,ru/meproject/rustme/vanilla/network/misc/FreeLookTogglePacketData.class,3378,3122
073a89ff6cd4385b1ad74097e3f8fd6e,ru/meproject/rustme/vanilla/network/misc/InitMapPacketData$$serializer.class,6100,5844
0e70592c49c543e0b44379f89313e86e,ru/meproject/rustme/vanilla/network/misc/InitMapPacketData$Companion.class,1914,1658
37499d12853dc2a326ac2e6a0d1811ed,ru/meproject/rustme/vanilla/network/misc/InitMapPacketData.class,4681,4425
2ea548af262628e9ce55503e621edfd3,ru/meproject/rustme/vanilla/network/misc/MiscPayloadChannels.class,1875,1619
7ec17b85be809a40fa4c183f67448ce4,ru/meproject/rustme/vanilla/network/misc/ShowNotificationPacketData$$serializer.class,7498,7242
c1f584bb8648aac14d3c4f0552d3ffde,ru/meproject/rustme/vanilla/network/misc/ShowNotificationPacketData$Companion.class,1986,1730
4c28c60233779f8aba9680250fad2158,ru/meproject/rustme/vanilla/network/misc/ShowNotificationPacketData.class,9129,8873
c1f5aa57be24de3933302d8f8464c261,ru/meproject/rustme/vanilla/network/misc/hint/HintOverlayData$$serializer.class,7197,6941
5eca3a7f287dd92d86d66415129ffba5,ru/meproject/rustme/vanilla/network/misc/hint/HintOverlayData$Companion.class,1933,1677
e0bab9631eb1505f06b6a9f6a07e859f,ru/meproject/rustme/vanilla/network/misc/hint/HintOverlayData.class,8226,7970
88195c47d4aa30aa0ae4c66f154b6ea6,ru/meproject/rustme/vanilla/network/misc/hint/HintOverlayLongUseData$$serializer.class,7065,6809
4c58636d1d45c647275fbc24c8ad69a3,ru/meproject/rustme/vanilla/network/misc/hint/HintOverlayLongUseData$Companion.class,1989,1733
0564b9547d362159fcec4ac8a0e18c66,ru/meproject/rustme/vanilla/network/misc/hint/HintOverlayLongUseData.class,9288,9032
a7b4cb62f0196abe2729d2d4a8849f3c,ru/meproject/rustme/vanilla/network/misc/hint/PerformLongUseActionPacketData$$serializer.class,5367,5111
035750a50de3dce8ead82185e299c1be,ru/meproject/rustme/vanilla/network/misc/hint/PerformLongUseActionPacketData$Companion.class,2053,1797
1611befb6b987b78b53f9a517d365fb8,ru/meproject/rustme/vanilla/network/misc/hint/PerformLongUseActionPacketData.class,3036,2780
3d1bb1ed78bacc0f69a6fa334fb6fdf7,ru/meproject/rustme/vanilla/network/misc/hint/PerformShortUseActionPacketData$$serializer.class,5378,5122
0b2dd2f92be5e1f59c895b9893250c1a,ru/meproject/rustme/vanilla/network/misc/hint/PerformShortUseActionPacketData$Companion.class,2061,1805
3ee460ce91d8e6921451927124c09424,ru/meproject/rustme/vanilla/network/misc/hint/PerformShortUseActionPacketData.class,3044,2788
dc35ea246bb338702879e0ce52ba114c,ru/meproject/rustme/vanilla/network/misc/hint/UpdateHintPacketData$$serializer.class,6135,5879
c6f619c2093bb04587c02404c0d228b8,ru/meproject/rustme/vanilla/network/misc/hint/UpdateHintPacketData$Companion.class,1973,1717
39292c8058569588032898699e2a6827,ru/meproject/rustme/vanilla/network/misc/hint/UpdateHintPacketData.class,5724,5468
d13f9c6c90c03481e2e1159ea50fd9f3,ru/meproject/rustme/vanilla/network/mlrs/LaunchMlrsMissilePacketData$$serializer.class,5284,5028
8e1c0bc30356dc3a692802293e088f10,ru/meproject/rustme/vanilla/network/mlrs/LaunchMlrsMissilePacketData$Companion.class,1994,1738
ae8b702ae4e875bfb3920ab3acdf7319,ru/meproject/rustme/vanilla/network/mlrs/LaunchMlrsMissilePacketData.class,2977,2721
49bbcbf835dc4eeed3692c7c0c2e75aa,ru/meproject/rustme/vanilla/network/mlrs/MlrsPayloadChannels.class,1656,1400
45be2fdeab9d332ae234b03e16747461,ru/meproject/rustme/vanilla/network/mlrs/MlrsSafeZone$Companion.class,1944,1688
d08eac1110fef0100b9c645b4b3c7e12,ru/meproject/rustme/vanilla/network/mlrs/MlrsSafeZone.class,4639,4383
87bd167c3a6bb5e057e694142a38672a,ru/meproject/rustme/vanilla/network/mlrs/MlrsScreenClosedPacketData$$serializer.class,5273,5017
d2e6eff7a6dca574680c349f357c187e,ru/meproject/rustme/vanilla/network/mlrs/MlrsScreenClosedPacketData$Companion.class,1986,1730
c12027acff2be9b2d0ddf4df5c56feaf,ru/meproject/rustme/vanilla/network/mlrs/MlrsScreenClosedPacketData.class,2969,2713
4a07c91c143e1870847a553f7bfa5e58,ru/meproject/rustme/vanilla/network/mlrs/OpenMlrsScreenPacketData$$serializer.class,7536,7280
060b319a1e1786c23b09b7e57eb83919,ru/meproject/rustme/vanilla/network/mlrs/OpenMlrsScreenPacketData$Companion.class,1970,1714
44a5893d20464457ececb324aa6d3f94,ru/meproject/rustme/vanilla/network/mlrs/OpenMlrsScreenPacketData.class,11132,10876
e0b5a87cc00916aaf26b73663f4cb3bd,ru/meproject/rustme/vanilla/network/mlrs/RadialMlrsSafeZone$$serializer.class,6076,5820
e1b16e501caaa105b1a5ce30216f2122,ru/meproject/rustme/vanilla/network/mlrs/RadialMlrsSafeZone$Companion.class,1916,1660
4d8001610b06e37b01a2ac8f096676b5,ru/meproject/rustme/vanilla/network/mlrs/RadialMlrsSafeZone.class,6541,6285
9ab02be8377e7303d0bc8fb9cfbace80,ru/meproject/rustme/vanilla/network/mlrs/RectangleMlrsSafeZone$$serializer.class,5996,5740
e238e80d4d65bacb045dc41f13d651c1,ru/meproject/rustme/vanilla/network/mlrs/RectangleMlrsSafeZone$Companion.class,1937,1681
b095242249abe6f68937993d86a39877,ru/meproject/rustme/vanilla/network/mlrs/RectangleMlrsSafeZone.class,6697,6441
060ca384e82cf6d231936f28b6d55a2e,ru/meproject/rustme/vanilla/network/mlrs/SelectMlrsPositionPacketData$$serializer.class,5985,5729
3e36536221e454ac6337fe518171f25f,ru/meproject/rustme/vanilla/network/mlrs/SelectMlrsPositionPacketData$Companion.class,2002,1746
42f4689a27fff1e45c377c0b5d6993e8,ru/meproject/rustme/vanilla/network/mlrs/SelectMlrsPositionPacketData.class,4178,3922
ff9c699fca21cdc404f8c75a86904dc2,ru/meproject/rustme/vanilla/network/mlrs/StartMlrsMovementPacketData$$serializer.class,6520,6264
c258cbd30e315b03f36881681551f158,ru/meproject/rustme/vanilla/network/mlrs/StartMlrsMovementPacketData$Companion.class,1994,1738
a208594b038881981e64c0f7e0f7e886,ru/meproject/rustme/vanilla/network/mlrs/StartMlrsMovementPacketData.class,7174,6918
c71a4e34f1a7532472b5044f0a13c2df,ru/meproject/rustme/vanilla/network/radial/CloseRadialMenuPacketData$$serializer.class,5282,5026
ebc10971cece4b7fe95b387bffd0a067,ru/meproject/rustme/vanilla/network/radial/CloseRadialMenuPacketData$Companion.class,1992,1736
48442996555879899c9cd36a706083a9,ru/meproject/rustme/vanilla/network/radial/CloseRadialMenuPacketData.class,2975,2719
68ca4d28719a66d5edbf18b45f131459,ru/meproject/rustme/vanilla/network/radial/OpenRadialMenuPacketData$$serializer.class,6889,6633
ec13d308ef5ba097b683cf64e2aec7c8,ru/meproject/rustme/vanilla/network/radial/OpenRadialMenuPacketData$Companion.class,1984,1728
2366ced128eda83fb15c7404b216318a,ru/meproject/rustme/vanilla/network/radial/OpenRadialMenuPacketData.class,7980,7724
fda7418f5ca0be6af12b725b17cec906,ru/meproject/rustme/vanilla/network/radial/RadialMenuCallKeyBindType.class,2677,2421
69a49c1987dfe7e9596130459d54fad3,ru/meproject/rustme/vanilla/network/radial/RadialMenuItem$$serializer.class,7377,7121
09c4e2d724c7b3fe6a28abe2633b0f01,ru/meproject/rustme/vanilla/network/radial/RadialMenuItem$Companion.class,1904,1648
d9461ed6ad189b4b619b67209d012e5e,ru/meproject/rustme/vanilla/network/radial/RadialMenuItem.class,12432,12176
11e517715e4a5daf0570ee40ca5c6d86,ru/meproject/rustme/vanilla/network/radial/RadialMenuItemClickedPacketData$$serializer.class,5695,5439
d122f8ce7ead56e3cb41470e99151884,ru/meproject/rustme/vanilla/network/radial/RadialMenuItemClickedPacketData$Companion.class,2040,1784
280b943a1314299eb01d220a83c60de9,ru/meproject/rustme/vanilla/network/radial/RadialMenuItemClickedPacketData.class,3442,3186
c922a0a2292db1762325a607e2f954bb,ru/meproject/rustme/vanilla/network/radial/RadialMenuOptions$$serializer.class,6414,6158
5add238b38cfbd9d6080dbb00942819f,ru/meproject/rustme/vanilla/network/radial/RadialMenuOptions$Companion.class,1928,1672
a4c5c01349c2273724cbd4169b79b572,ru/meproject/rustme/vanilla/network/radial/RadialMenuOptions.class,9459,9203
29ed3850dc840c9468cce2e5cb5d013d,ru/meproject/rustme/vanilla/network/radial/RadialPayloadChannels.class,1455,1199
4d03f115462001869fa8cf3d6cfa0cd5,ru/meproject/rustme/vanilla/network/scoreboard/ScoreboardEntry$$serializer.class,5909,5653
0acdeb4e34c2fae2a6ab5d7b51a16afb,ru/meproject/rustme/vanilla/network/scoreboard/ScoreboardEntry$Companion.class,1946,1690
995ade26484fc17b5782560ef5b4d01c,ru/meproject/rustme/vanilla/network/scoreboard/ScoreboardEntry.class,5674,5418
8a13bb4b7117f4fa1040ec4184fc58d3,ru/meproject/rustme/vanilla/network/scoreboard/ScoreboardPayloadChannels.class,1385,1129
1f236c9fa66c35e609c2fdd5f36db668,ru/meproject/rustme/vanilla/network/scoreboard/ScoreboardUpdateEntriesPacketData$$serializer.class,6015,5759
5e6f5c0d294d165ba028facd251eb5d5,ru/meproject/rustme/vanilla/network/scoreboard/ScoreboardUpdateEntriesPacketData$Companion.class,2072,1816
9f3ed7bf6290e59189ddd7c194c6d906,ru/meproject/rustme/vanilla/network/scoreboard/ScoreboardUpdateEntriesPacketData.class,5783,5527
9f46ba724c2933e6c0466e1203ea16c9,ru/meproject/rustme/vanilla/network/scoreboard/ScoreboardUpdateRemainingTimePacketData$$serializer.class,6084,5828
f4f3c593f0319671d5204d8ef5933079,ru/meproject/rustme/vanilla/network/scoreboard/ScoreboardUpdateRemainingTimePacketData$Companion.class,2114,1858
b06a265914180bb7486cf2e0d9151a6d,ru/meproject/rustme/vanilla/network/scoreboard/ScoreboardUpdateRemainingTimePacketData.class,4431,4175
bb02e915d604b9b61d6470e4c1141c24,ru/meproject/rustme/vanilla/network/specialgameevents/KingHillEvent$KingHillQuitPacketData$$serializer.class,5604,5348
d33d896c879c5734c4ddd588d4763800,ru/meproject/rustme/vanilla/network/specialgameevents/KingHillEvent$KingHillQuitPacketData$Companion.class,2248,1992
4b1b161e8c40eb22c51138e10fe8e5c6,ru/meproject/rustme/vanilla/network/specialgameevents/KingHillEvent$KingHillQuitPacketData.class,3231,2975
8f1b3e7c8660b23b4fc459a2b407aa7d,ru/meproject/rustme/vanilla/network/specialgameevents/KingHillEvent$KingHillUpdatePacketData$$serializer.class,6448,6192
477afd0c461fcfffbf8a23c9fc345f4f,ru/meproject/rustme/vanilla/network/specialgameevents/KingHillEvent$KingHillUpdatePacketData$Companion.class,2264,2008
6d05ddf1108f45ca4588395030826dcb,ru/meproject/rustme/vanilla/network/specialgameevents/KingHillEvent$KingHillUpdatePacketData.class,4641,4385
62a98404c3ee9f92439704f4847a7137,ru/meproject/rustme/vanilla/network/specialgameevents/KingHillEvent$PlayerEventData$$serializer.class,7511,7255
7885e5d0aeaaf3d68b300798dfdc221b,ru/meproject/rustme/vanilla/network/specialgameevents/KingHillEvent$PlayerEventData$Companion.class,2192,1936
a8dd60810ccb9a3ec7946e5d71b93a2a,ru/meproject/rustme/vanilla/network/specialgameevents/KingHillEvent$PlayerEventData.class,11936,11680
20b3240876fb39f98b2d26585a38cb32,ru/meproject/rustme/vanilla/network/specialgameevents/KingHillEvent.class,1346,1090
514f7fd9dad74c30cb557106cfdfb5e7,ru/meproject/rustme/vanilla/network/specialgameevents/SpecialGameEventsPayloadChannels.class,1413,1157
f96eb0de32ce141290bb64280d8bb265,ru/meproject/rustme/vanilla/network/team/Team$CreatePacketData$$serializer.class,5290,5034
63ae11e8303f3257a999a9c6d50e3651,ru/meproject/rustme/vanilla/network/team/Team$CreatePacketData$Companion.class,2018,1762
d16609e507db4dd4b3841851de07912c,ru/meproject/rustme/vanilla/network/team/Team$CreatePacketData.class,3001,2745
5e7e9357cd7e3090e908331cfc732d45,ru/meproject/rustme/vanilla/network/team/Team$UpdatePacketData$$serializer.class,6124,5868
14f17b5b3cf1b7425a095e06fdff1431,ru/meproject/rustme/vanilla/network/team/Team$UpdatePacketData$Companion.class,2018,1762
f1f118381ab9c611b016a2d57eeabf91,ru/meproject/rustme/vanilla/network/team/Team$UpdatePacketData.class,5649,5393
eafcae438b4e939a4fa65fbd6ff29477,ru/meproject/rustme/vanilla/network/team/Team$UpdateTeammatePositions$$serializer.class,5990,5734
47dbadc9e29e9087a871d1b87a8adf33,ru/meproject/rustme/vanilla/network/team/Team$UpdateTeammatePositions$Companion.class,2074,1818
aca912555f420432ec46b445894cce8b,ru/meproject/rustme/vanilla/network/team/Team$UpdateTeammatePositions.class,7437,7181
51dc6299ed0b2936bda471cde0c327eb,ru/meproject/rustme/vanilla/network/team/Team.class,1218,962
816887fc4f235e9452c2e063ede64934,ru/meproject/rustme/vanilla/network/team/TeamChannels.class,1437,1181
c83c694a5bbb7dbf83ab9b940773a365,ru/meproject/rustme/vanilla/network/team/TeamInfo$$serializer.class,5840,5584
0424b3f56248dadd458fca96e0ade16a,ru/meproject/rustme/vanilla/network/team/TeamInfo$Companion.class,1842,1586
4c23fb45b4235216a80c43183b209a1e,ru/meproject/rustme/vanilla/network/team/TeamInfo.class,8382,8126
7425fdc8584096663c72422b8cfeda8d,ru/meproject/rustme/vanilla/network/team/TeamInvite$AcceptedPacketData$$serializer.class,5996,5740
29b1d801cdb7cd2ec620bf36dd973486,ru/meproject/rustme/vanilla/network/team/TeamInvite$AcceptedPacketData$Companion.class,2082,1826
9dec0f25cacafaa3a4e894fb459ce3ea,ru/meproject/rustme/vanilla/network/team/TeamInvite$AcceptedPacketData.class,6983,6727
5770d75d7af3aa3580a9aa5df9ccdcd2,ru/meproject/rustme/vanilla/network/team/TeamInvite$InvitePacketData$$serializer.class,6326,6070
0a5437010ee2db2967509d5392407cae,ru/meproject/rustme/vanilla/network/team/TeamInvite$InvitePacketData$Companion.class,2066,1810
41dde840b743333bc11ed7f76bb69779,ru/meproject/rustme/vanilla/network/team/TeamInvite$InvitePacketData.class,7706,7450
3c0ba1a8689fe844f706bcc16e97d4d4,ru/meproject/rustme/vanilla/network/team/TeamInvite$OpenInviteMenuPacketData$$serializer.class,6126,5870
09af339fdd131132798b8b1d6895083e,ru/meproject/rustme/vanilla/network/team/TeamInvite$OpenInviteMenuPacketData$Companion.class,2130,1874
bedd2f80e98660dbea77f757ec5ebbe2,ru/meproject/rustme/vanilla/network/team/TeamInvite$OpenInviteMenuPacketData.class,5906,5650
a4bbc0fb9c3a9c0d0da212fb9164b2fc,ru/meproject/rustme/vanilla/network/team/TeamInvite$RejectedPacketData$$serializer.class,5378,5122
1f2c4f821ab30e6ea95ad55ce7eaada4,ru/meproject/rustme/vanilla/network/team/TeamInvite$RejectedPacketData$Companion.class,2082,1826
750b88a242be6637bc82a5771cee375a,ru/meproject/rustme/vanilla/network/team/TeamInvite$RejectedPacketData.class,3065,2809
942a9e96454be4119a3d80a9f0eb52bc,ru/meproject/rustme/vanilla/network/team/TeamInvite.class,1363,1107
41582688de0cb57c05e7d6b7a8e36051,ru/meproject/rustme/vanilla/network/team/TeamInviteChannels.class,1550,1294
d65864893f46d7c724a82efe9f5f6e62,ru/meproject/rustme/vanilla/network/team/Teammate$KickPacketData$$serializer.class,6161,5905
4c677d5157e88ba6735994641c94a4fe,ru/meproject/rustme/vanilla/network/team/Teammate$KickPacketData$Companion.class,2034,1778
687792387e918416aad83a5437610ac2,ru/meproject/rustme/vanilla/network/team/Teammate$KickPacketData.class,6513,6257
87f51cdd01ac316f838c0ed79079d479,ru/meproject/rustme/vanilla/network/team/Teammate$PromotePacketData$$serializer.class,6029,5773
343c0d3cd7a74fc978c1dbe835c532e5,ru/meproject/rustme/vanilla/network/team/Teammate$PromotePacketData$Companion.class,2058,1802
c153bdbdee7ed3e9e1ef69bb8a568019,ru/meproject/rustme/vanilla/network/team/Teammate$PromotePacketData.class,5806,5550
775c343cb08cf497acaac2b34806f7e4,ru/meproject/rustme/vanilla/network/team/Teammate$QuitPacketData$$serializer.class,5996,5740
8042f05e9baca531f4076a0b48a9c9e7,ru/meproject/rustme/vanilla/network/team/Teammate$QuitPacketData$Companion.class,2034,1778
ce8a26a058b51bbc26b087d3bf98f1be,ru/meproject/rustme/vanilla/network/team/Teammate$QuitPacketData.class,5770,5514
a6256ccf42f7ec66a96be96f580b0a83,ru/meproject/rustme/vanilla/network/team/Teammate$UpdateStatePacketData$$serializer.class,6249,5993
2676122ea660eb62292192b229ee38cf,ru/meproject/rustme/vanilla/network/team/Teammate$UpdateStatePacketData$Companion.class,2090,1834
0d29a359fc47c31d1eb9193e6622ed31,ru/meproject/rustme/vanilla/network/team/Teammate$UpdateStatePacketData.class,8396,8140
90b3c3105fa8027edd436d5affd67d16,ru/meproject/rustme/vanilla/network/team/Teammate.class,1331,1075
92cbaf9fe773063957ab76f3eef3601d,ru/meproject/rustme/vanilla/network/team/TeammateChannels.class,1522,1266
e5e59df189d5677ab0e0da91035a8798,ru/meproject/rustme/vanilla/network/team/TeammateInfo$$serializer.class,7431,7175
7c51d63e32513bce9f6ecc520170a5a8,ru/meproject/rustme/vanilla/network/team/TeammateInfo$Companion.class,1874,1618
d18e9dc82d45c88542977c82f6961b80,ru/meproject/rustme/vanilla/network/team/TeammateInfo.class,11156,10900
bce6b359b4024aa6714394e14164b713,ru/meproject/rustme/vanilla/network/team/TeammateLocation$$serializer.class,6130,5874
7c50564b4f8311c36f3a45a9b39784ef,ru/meproject/rustme/vanilla/network/team/TeammateLocation$Companion.class,1906,1650
9508b6f515cf230f72ea032965a0ff21,ru/meproject/rustme/vanilla/network/team/TeammateLocation.class,6131,5875
b447c6757cbc385068f7112b0954dca6,ru/meproject/rustme/vanilla/network/team/TeammateState.class,2654,2398
173dee75179e7763322fdff5857aa494,ru/meproject/rustme/vanilla/network/textfield/ApplyTextFieldMenuPacketData$$serializer.class,5754,5498
2e5f8e182aef12921166b1e1d012c88b,ru/meproject/rustme/vanilla/network/textfield/ApplyTextFieldMenuPacketData$Companion.class,2033,1777
6829a938d3242b4091f93e1afee94523,ru/meproject/rustme/vanilla/network/textfield/ApplyTextFieldMenuPacketData.class,3710,3454
ff8bf9122b06c1ff494f09471696de3a,ru/meproject/rustme/vanilla/network/textfield/CloseTextFieldMenuPacketData$$serializer.class,5341,5085
21dc6a2aa0206efafbb0778c878623a7,ru/meproject/rustme/vanilla/network/textfield/CloseTextFieldMenuPacketData$Companion.class,2033,1777
3da68a44500ae7dcbfde33385d7a7ee5,ru/meproject/rustme/vanilla/network/textfield/CloseTextFieldMenuPacketData.class,3016,2760
806de344592d57c5d5e907c0df9009f0,ru/meproject/rustme/vanilla/network/textfield/OpenTextFieldMenuPacketData$$serializer.class,6728,6472
433be4f47ce730455dc8338232f7ce85,ru/meproject/rustme/vanilla/network/textfield/OpenTextFieldMenuPacketData$Companion.class,2026,1770
27cfac2813f50f5886809fdd09ad6215,ru/meproject/rustme/vanilla/network/textfield/OpenTextFieldMenuPacketData.class,5641,5385
6da3bbc3a29205b6d093e760d4eb96e8,ru/meproject/rustme/vanilla/network/textfield/TextFieldPayloadChannels.class,1469,1213
7a469a6c83887b49dd19ddf6e1e31857,ru/meproject/rustme/vanilla/network/voicechat/VoiceChatChangeTalkStatePacketData$$serializer.class,6045,5789
8b9710865358dd9b4e30b2d111f6a9df,ru/meproject/rustme/vanilla/network/voicechat/VoiceChatChangeTalkStatePacketData$Companion.class,2085,1829
7e5bc665c98c10fdcca7700b8e6408f7,ru/meproject/rustme/vanilla/network/voicechat/VoiceChatChangeTalkStatePacketData.class,3828,3572
641ca17ea3df215139290931bd24b36e,ru/meproject/rustme/vanilla/network/voicechat/VoiceChatConnectionInfoPacketData$$serializer.class,6286,6030
6f341616c7b0ec1a23739475cf63d8dc,ru/meproject/rustme/vanilla/network/voicechat/VoiceChatConnectionInfoPacketData$Companion.class,2077,1821
065c4959a4175fc882af936ea1997c79,ru/meproject/rustme/vanilla/network/voicechat/VoiceChatConnectionInfoPacketData.class,4397,4141
8afb2c7b32df0ca392c9ec54df7bbd4d,ru/meproject/rustme/vanilla/network/voicechat/VoiceChatPayloadChannels.class,1480,1224
036d7fdbdb3847933580c4f133213683,ru/meproject/rustme/vanilla/network/voicechat/VoiceChatPlayerInfoPacketData$$serializer.class,6605,6349
93e97ceebf6d6829b68cc5e80bb5617b,ru/meproject/rustme/vanilla/network/voicechat/VoiceChatPlayerInfoPacketData$Companion.class,2045,1789
bdce92eb44681c726ed17be09770eceb,ru/meproject/rustme/vanilla/network/voicechat/VoiceChatPlayerInfoPacketData.class,6187,5931
20f7a76226e5c161f5961e8ea7225c66,ru/meproject/rustme/vanilla/network/voicechat/udp/AudioFrame$$serializer.class,6569,6313
01f0dd2ab1f931f6bf8823e3fd8741c7,ru/meproject/rustme/vanilla/network/voicechat/udp/AudioFrame$Companion.class,1921,1665
e4bec4748a421116d48eec53c22ae217,ru/meproject/rustme/vanilla/network/voicechat/udp/AudioFrame.class,7947,7691
eca5103b9a9b227ec5f33822bd186a99,ru/meproject/rustme/vanilla/network/voicechat/udp/C2SVoiceChatPacket$Companion.class,2025,1769
68530d726d816fab8e3a103a13726396,ru/meproject/rustme/vanilla/network/voicechat/udp/C2SVoiceChatPacket$EndTransmission$$serializer.class,6072,5816
71b82cf577d981432dd0ea66e6af8e5f,ru/meproject/rustme/vanilla/network/voicechat/udp/C2SVoiceChatPacket$EndTransmission$Companion.class,2197,1941
179ad1a69c0d8f6e12e0b8f85b37e0bc,ru/meproject/rustme/vanilla/network/voicechat/udp/C2SVoiceChatPacket$EndTransmission.class,7404,7148
cc818e24f6615fa27fe863f9816877af,ru/meproject/rustme/vanilla/network/voicechat/udp/C2SVoiceChatPacket$Heartbeat$$serializer.class,6011,5755
a070f4e0577336937dc5a0045d7c19d4,ru/meproject/rustme/vanilla/network/voicechat/udp/C2SVoiceChatPacket$Heartbeat$Companion.class,2149,1893
2cdf58fbaa0e6a288f2519b69320c1ad,ru/meproject/rustme/vanilla/network/voicechat/udp/C2SVoiceChatPacket$Heartbeat.class,7331,7075
99c03761d981ebf093ec99350a4024a7,ru/meproject/rustme/vanilla/network/voicechat/udp/C2SVoiceChatPacket$VoicePacket$$serializer.class,6440,6184
217614495a33289eec578f97f7bb0f7f,ru/meproject/rustme/vanilla/network/voicechat/udp/C2SVoiceChatPacket$VoicePacket$Companion.class,2165,1909
b86464f606f8059304a5a5b9196cb933,ru/meproject/rustme/vanilla/network/voicechat/udp/C2SVoiceChatPacket$VoicePacket.class,8506,8250
5e5dfbfb70512bae78bf5870fe5c170c,ru/meproject/rustme/vanilla/network/voicechat/udp/C2SVoiceChatPacket$VoicePacketEncrypted$$serializer.class,6469,6213
bf2f40d01d682d36e0e148cb6ab3e2f1,ru/meproject/rustme/vanilla/network/voicechat/udp/C2SVoiceChatPacket$VoicePacketEncrypted$Companion.class,2237,1981
cd10d36501c49796d0ad99bf04a3fdec,ru/meproject/rustme/vanilla/network/voicechat/udp/C2SVoiceChatPacket$VoicePacketEncrypted.class,9115,8859
7024539cb314a8fd783d4b9a224d53a5,ru/meproject/rustme/vanilla/network/voicechat/udp/C2SVoiceChatPacket.class,6378,6122
0d91ab4c37aeccbfbbc9319e3b6d158c,ru/meproject/rustme/vanilla/network/voicechat/udp/S2CVoiceChatPacket$Companion.class,2025,1769
c278e80cab0f8738d3443d57426cc4c9,ru/meproject/rustme/vanilla/network/voicechat/udp/S2CVoiceChatPacket$EndTransmission$$serializer.class,6211,5955
230382e3d005b8d1efa56dd131c24a41,ru/meproject/rustme/vanilla/network/voicechat/udp/S2CVoiceChatPacket$EndTransmission$Companion.class,2197,1941
fd46fc2add030593118a1fa38f48dc9a,ru/meproject/rustme/vanilla/network/voicechat/udp/S2CVoiceChatPacket$EndTransmission.class,8215,7959
42c22fabb27575ce6d79267f312cf0a7,ru/meproject/rustme/vanilla/network/voicechat/udp/S2CVoiceChatPacket$HeartbeatReceived$$serializer.class,6231,5975
3b996a86a389c36e324ceb4e49dba67e,ru/meproject/rustme/vanilla/network/voicechat/udp/S2CVoiceChatPacket$HeartbeatReceived$Companion.class,2213,1957
a5ac1f56ca2758aa6fe563caefa33e05,ru/meproject/rustme/vanilla/network/voicechat/udp/S2CVoiceChatPacket$HeartbeatReceived.class,8239,7983
d35880060817475edb8e63bbb0e9d463,ru/meproject/rustme/vanilla/network/voicechat/udp/S2CVoiceChatPacket$VoicePacket$$serializer.class,6575,6319
8be1577f90baf7bb0507aaa4e3b324c0,ru/meproject/rustme/vanilla/network/voicechat/udp/S2CVoiceChatPacket$VoicePacket$Companion.class,2165,1909
814ba541b7df01ab61ec914628d46cbd,ru/meproject/rustme/vanilla/network/voicechat/udp/S2CVoiceChatPacket$VoicePacket.class,9303,9047
2d222d2766433b8ad6a6822db06671d0,ru/meproject/rustme/vanilla/network/voicechat/udp/S2CVoiceChatPacket$VoicePacketEncrypted$$serializer.class,6605,6349
53763fcda1b8da6bf72ee55cedf836e7,ru/meproject/rustme/vanilla/network/voicechat/udp/S2CVoiceChatPacket$VoicePacketEncrypted$Companion.class,2237,1981
47b9f20a7c37ca1c89618ab47eea5b61,ru/meproject/rustme/vanilla/network/voicechat/udp/S2CVoiceChatPacket$VoicePacketEncrypted.class,9925,9669
d853a71bd88eea9cf7add880fe18be95,ru/meproject/rustme/vanilla/network/voicechat/udp/S2CVoiceChatPacket.class,6523,6267
6cc737143db7354360ff25b0f8b1e55a,ru/meproject/rustme/vanilla/network/voicechat/udp/VoiceChatPacket$Companion.class,5076,4820
0db6f96dbe42be268740829753530db4,ru/meproject/rustme/vanilla/network/voicechat/udp/VoiceChatPacket.class,1356,1100
5e32fd108c63c0b2b005effb579d33b8,ru/meproject/rustme/vanilla/network/world/BuildingPermission.class,2618,2362
10b37cd1efd0a1c7cc3d71ec2e9c3c89,ru/meproject/rustme/vanilla/network/world/OpenMainMenuPacketData$$serializer.class,5239,4983
a6c16926203b9e8d4fb2d4d6562023c2,ru/meproject/rustme/vanilla/network/world/OpenMainMenuPacketData$Companion.class,1961,1705
89a72742e8aa0ef14fedd4236a72d303,ru/meproject/rustme/vanilla/network/world/OpenMainMenuPacketData.class,2944,2688
eca98f7681f5704ac7604855f196f9ae,ru/meproject/rustme/vanilla/network/world/UpdateBuildingDecayingPacketData$$serializer.class,5709,5453
4113c13e7bceaea3f767014494db10b0,ru/meproject/rustme/vanilla/network/world/UpdateBuildingDecayingPacketData$Companion.class,2041,1785
bbd1dc38dbfd71daaee4c4378aa41255,ru/meproject/rustme/vanilla/network/world/UpdateBuildingDecayingPacketData.class,3444,3188
278545a13448839e7d01fc3ecafac33f,ru/meproject/rustme/vanilla/network/world/UpdateBuildingPermissionPacketData$$serializer.class,6083,5827
bbe1e32685747592e36cb20222e6b5bf,ru/meproject/rustme/vanilla/network/world/UpdateBuildingPermissionPacketData$Companion.class,2057,1801
3bd0891ef4af135802c934e0dda6fc30,ru/meproject/rustme/vanilla/network/world/UpdateBuildingPermissionPacketData.class,5594,5338
9586e90b8066201ce1ae6ddcfcd8dde6,ru/meproject/rustme/vanilla/network/world/UpdateIsInSafeZonePacketData$$serializer.class,5667,5411
5236203e126745a9de849e8448557001,ru/meproject/rustme/vanilla/network/world/UpdateIsInSafeZonePacketData$Companion.class,2009,1753
b82234575b62148418233612014cf22b,ru/meproject/rustme/vanilla/network/world/UpdateIsInSafeZonePacketData.class,3414,3158
85b5762c1df0795d0d2880bad0b008a0,ru/meproject/rustme/vanilla/network/world/UpdateRaidBlockPacketData$$serializer.class,6123,5867
dc1088df813628410de5ec49aa3696aa,ru/meproject/rustme/vanilla/network/world/UpdateRaidBlockPacketData$Companion.class,1985,1729
9eef859cce1c5602edd5ec3e63ea0b03,ru/meproject/rustme/vanilla/network/world/UpdateRaidBlockPacketData.class,5650,5394
c075f61a81828b43a9a3beea7d09196b,ru/meproject/rustme/vanilla/network/world/UpdateSafeZoneHostilePacketData$$serializer.class,6360,6104
12aa31451ca669aeafcf152c5110c5f5,ru/meproject/rustme/vanilla/network/world/UpdateSafeZoneHostilePacketData$Companion.class,2033,1777
b58bff5559434c985e5c0ee1483bf072,ru/meproject/rustme/vanilla/network/world/UpdateSafeZoneHostilePacketData.class,6301,6045
74d4f9405a3258d92376844ae9447d3b,ru/meproject/rustme/vanilla/network/world/UpdateUpkeepTimePacketData$$serializer.class,6140,5884
e1761d55348a74a795777cf6319e53db,ru/meproject/rustme/vanilla/network/world/UpdateUpkeepTimePacketData$Companion.class,1993,1737
57cb14e8541feeee5ceab8ecb7457656,ru/meproject/rustme/vanilla/network/world/UpdateUpkeepTimePacketData.class,5670,5414
7cce27e0a4a86a53e72be1650399e776,ru/meproject/rustme/vanilla/network/world/WorldPayloadChannels.class,1913,1657
87a0300de18627374a99ab517d418961,ru/meproject/rustme/vanilla/network/world/building/BuildingPayloadChannels.class,1504,1248
df9c8e8a14212fd451e3d55659a1c599,ru/meproject/rustme/vanilla/network/world/building/CodeLockInputClosedPacketData$$serializer.class,5406,5150
c8826b24e9c263ddb0a7ae6e7e84a7f8,ru/meproject/rustme/vanilla/network/world/building/CodeLockInputClosedPacketData$Companion.class,2080,1824
c8ec93eacb55a33bd63f328e44773014,ru/meproject/rustme/vanilla/network/world/building/CodeLockInputClosedPacketData.class,3063,2807
8fb41aa5664bc62b45e5aafd8c95f014,ru/meproject/rustme/vanilla/network/world/building/CodeLockInputMode.class,2587,2331
a9b538a49235e716df33cfd5d9b328a4,ru/meproject/rustme/vanilla/network/world/building/OpenCodeLockInputPacketData$$serializer.class,6106,5850
f4d495ad1d75d832e189be12132e4990,ru/meproject/rustme/vanilla/network/world/building/OpenCodeLockInputPacketData$Companion.class,2064,1808
bde18975670b1994acea3c194043bada,ru/meproject/rustme/vanilla/network/world/building/OpenCodeLockInputPacketData.class,5645,5389
a20acebac1e53c517e4105d0b4e2a293,ru/meproject/rustme/vanilla/network/world/building/SubmitCodeLockPacketData$$serializer.class,5764,5508
648a5c2616b1d4d8e9b9924f89728d7e,ru/meproject/rustme/vanilla/network/world/building/SubmitCodeLockPacketData$Companion.class,2040,1784
469b197741b8fd38cfcdf66f89b2a461,ru/meproject/rustme/vanilla/network/world/building/SubmitCodeLockPacketData.class,3717,3461
c6e2b5d3fe2a1aa6b7889e1ffbb08c0e,ru/meproject/rustme/vanilla/network/world/genetics/GeneSlot$$serializer.class,6285,6029
6fb62e85e61475c3418f53ed22cbc1d5,ru/meproject/rustme/vanilla/network/world/genetics/GeneSlot$Companion.class,1912,1656
ac11c66c23b19e2de583f0f9784923e6,ru/meproject/rustme/vanilla/network/world/genetics/GeneSlot.class,7794,7538
b66c6ecf4b025fe16e5441c3b187c7db,ru/meproject/rustme/vanilla/network/world/genetics/GeneticsInfo$$serializer.class,8189,7933
9ed16671c5a89c3b8942187821df1147,ru/meproject/rustme/vanilla/network/world/genetics/GeneticsInfo$Companion.class,1944,1688
9744201ab5a28ee4d87379e92a3851b2,ru/meproject/rustme/vanilla/network/world/genetics/GeneticsInfo.class,17239,16983
3b9eec9d7b315bf2725c5b110ea7ed62,ru/meproject/rustme/vanilla/network/world/genetics/GeneticsPayloadChannels.class,1268,1012
9642eb1ae2ba47cd800d44c2e847d7a5,ru/meproject/rustme/vanilla/network/world/genetics/PlantGene.class,2776,2520
785826badb27a015b216c6a25704f20c,ru/meproject/rustme/vanilla/network/world/genetics/UpdateGeneticsInfoPacketData$$serializer.class,6281,6025
7c7322e083540603f5236d8316bee281,ru/meproject/rustme/vanilla/network/world/genetics/UpdateGeneticsInfoPacketData$Companion.class,2072,1816
ae35deb8391e52586751c191189dd60c,ru/meproject/rustme/vanilla/network/world/genetics/UpdateGeneticsInfoPacketData.class,4221,3965
e2a6175c3ca0e9aed62da6066f05a5ef,ru/meproject/rustme/vanilla/network/world/map/CreateUserMarkerPacketData$$serializer.class,6025,5769
b1be20fe59afcf1b44fc0c23c67eb03e,ru/meproject/rustme/vanilla/network/world/map/CreateUserMarkerPacketData$Companion.class,2021,1765
04468bbb397b6b8616de403db10d21b9,ru/meproject/rustme/vanilla/network/world/map/CreateUserMarkerPacketData.class,4216,3960
05364aac17725f0f95c31853532d549b,ru/meproject/rustme/vanilla/network/world/map/DeleteUserMarkerPacketData$$serializer.class,5666,5410
9c28e4c44e6d709df8f4894542316a45,ru/meproject/rustme/vanilla/network/world/map/DeleteUserMarkerPacketData$Companion.class,2021,1765
3c03419dcec107b88d7ece03dd476021,ru/meproject/rustme/vanilla/network/world/map/DeleteUserMarkerPacketData.class,3424,3168
ca84a52ad5020845ccaf49aa93c1ae87,ru/meproject/rustme/vanilla/network/world/map/IconMapMarker$$serializer.class,6689,6433
2293acffe03a60c58955d6631d8fefec,ru/meproject/rustme/vanilla/network/world/map/IconMapMarker$Companion.class,1913,1657
5bc53a556b52e81e00cd286362d321f0,ru/meproject/rustme/vanilla/network/world/map/IconMapMarker.class,7071,6815
626e1c7d0bd757bfde9e74c4ef64c0e0,ru/meproject/rustme/vanilla/network/world/map/MapMarker$Companion.class,1951,1695
f55ae609834f38ed94db092a5c450fea,ru/meproject/rustme/vanilla/network/world/map/MapMarker.class,5507,5251
64a02dfea42f0241128708c399fd3e46,ru/meproject/rustme/vanilla/network/world/map/MapMarkerIconType.class,3369,3113
0f6fc34e24e0e16982d3cd3df0d95dca,ru/meproject/rustme/vanilla/network/world/map/MapPayloadChannels.class,1683,1427
45e8b98ff60a34c8508ffe480b2c5235,ru/meproject/rustme/vanilla/network/world/map/TextMapMarker$$serializer.class,6144,5888
81844b5312c22e8973d31166268b64a2,ru/meproject/rustme/vanilla/network/world/map/TextMapMarker$Companion.class,1913,1657
8324433310d9a485d18faa95bcad51bd,ru/meproject/rustme/vanilla/network/world/map/TextMapMarker.class,4825,4569
32c298e511ddb3d5d47bd60338f6ace5,ru/meproject/rustme/vanilla/network/world/map/TimerMapMarker$$serializer.class,7187,6931
b290ca301c8f0e92a124dcf05df8d001,ru/meproject/rustme/vanilla/network/world/map/TimerMapMarker$Companion.class,1920,1664
3dc6864dd4459f58dcf879eb2973ac80,ru/meproject/rustme/vanilla/network/world/map/TimerMapMarker.class,9100,8844
cb12c9dba861e4d65fe1a0f72f9e82bf,ru/meproject/rustme/vanilla/network/world/map/TimerMapMarkerType.class,2563,2307
d154862e35cb490d6ffd5d8ab65f5fe8,ru/meproject/rustme/vanilla/network/world/map/UpdateMapMarkersPacketData$$serializer.class,5940,5684
7cb321c73074550a3d814581f4beb00a,ru/meproject/rustme/vanilla/network/world/map/UpdateMapMarkersPacketData$Companion.class,2021,1765
b858e63548cd91cfd060285418187df5,ru/meproject/rustme/vanilla/network/world/map/UpdateMapMarkersPacketData.class,5711,5455
d0c177f087d370f124e6d39acc695938,ru/meproject/rustme/vanilla/network/world/map/UserMapMarker$$serializer.class,7381,7125
0fd9e14172f7abb8eabe093f7d8f1d76,ru/meproject/rustme/vanilla/network/world/map/UserMapMarker$Companion.class,1913,1657
8cf6392d52397a3efa2f53e94cf9ae8c,ru/meproject/rustme/vanilla/network/world/map/UserMapMarker.class,11664,11408
8051157ee545334fca28f914b6a7059a,ru/meproject/rustme/vanilla/network/world/map/UserMapMarkerColor.class,2890,2634
8e2d181ecdd5097ae2803863a985661c,ru/meproject/rustme/vanilla/network/world/map/UserMapMarkerType.class,3402,3146
0503e0cbaf02c72d1e78c6f8d7e0d38d,ru/meproject/rustme/vanilla/network/world/map/dynamic/AddDynamicMapMarkersPacketData$$serializer.class,6064,5808
2ad0882562fa16853f484c989be870b7,ru/meproject/rustme/vanilla/network/world/map/dynamic/AddDynamicMapMarkersPacketData$Companion.class,2109,1853
822363291ad9cb2ebf49a49ac7fecfe5,ru/meproject/rustme/vanilla/network/world/map/dynamic/AddDynamicMapMarkersPacketData.class,5884,5628
aa37c1845220c4e6ccbe0052809a75bb,ru/meproject/rustme/vanilla/network/world/map/dynamic/DynamicMapMarker$$serializer.class,7053,6797
2e7d4ecf8c94509986180263d978ad81,ru/meproject/rustme/vanilla/network/world/map/dynamic/DynamicMapMarker$Companion.class,1997,1741
d16e7237b51bf8849ebe75bd46cddaec,ru/meproject/rustme/vanilla/network/world/map/dynamic/DynamicMapMarker.class,8651,8395
3e4f1ef0d0d5a82013be3d1c713233fd,ru/meproject/rustme/vanilla/network/world/map/dynamic/RemoveDynamicMapMarkerPacketData$$serializer.class,5815,5559
dfcb3f805806702408c5196f32dc3d08,ru/meproject/rustme/vanilla/network/world/map/dynamic/RemoveDynamicMapMarkerPacketData$Companion.class,2125,1869
d24c15392ac6c97692573918487cfe5d,ru/meproject/rustme/vanilla/network/world/map/dynamic/RemoveDynamicMapMarkerPacketData.class,3525,3269
35e0042e81ecac9fe88a26ae11679a2c,rustme/iIIliilliI.class,1615,1359
f37a5973b39a61cb3881ada9e05fb7cb,rustme/IIIliilliI.class,76350,76094
f729861174a14a1dc5b5b18ccc50bc6c,rustme/lIIliilliI.class,669,413
c3877ee550d971514899d9d946a0f208,rustme/ilIliilliI.class,2753,2497
ebc7cdcbfcd6e149d32ba028ee799469,rustme/IlIliilliI.class,2484,2228
559ddc23363c724055916505e410a70b,rustme/llIliilliI.class,1907,1651
cd61f60fbf990b18f102fba65e223d20,rustme/iilliilliI.class,7482,7226
df84ff03cfcb851bde49734b72876a09,rustme/IilliilliI.class,3213,2957
31cd5dd8455c9a8ac50e80695af63178,rustme/lilliilliI.class,3107,2851
aec5803ba024c13eb78fbb3479bcf70d,rustme/iIlliilliI.class,1150,894
24c98f5cba70729b10bad225d181ce4a,rustme/IIlliilliI.class,33094,32838
4bb1729a935effc0c60b72974d46efd6,rustme/lIlliilliI.class,1885,1629
0f8cd89c1790dfb98b36d08fba3d261a,rustme/illliilliI.class,2704,2448
d1cedb3ee79be22f27f6589364ee7c50,rustme/IllliilliI.class,2811,2555
8139ba6fdb2984bf2914871f6de5c6cf,rustme/lllliilliI.class,6041,5785
0d7a6dc1bf623b7a1e0a285f795b45e3,rustme/iiiiIilliI.class,2920,2664
608e0ad51bc1b63297f482a9a8128f79,rustme/IiiiIilliI.class,2913,2657
614decabd31e3c6e3edd31006cb6aded,rustme/liiiIilliI.class,3344,3088
6100d54bf10469535ad719b31d2eeb20,rustme/iIiiIilliI.class,1201,945
631ee7c05f9314f56bd15d6c5ed3e4c6,rustme/IIiiIilliI.class,3448,3192
0459f0c8080a1b1ddb68dbc166a7e802,rustme/lIiiIilliI.class,2022,1766
367535c198863d1db9808f83cc91f6de,rustme/iliiIilliI.class,2283,2027
d715a00e3ded58454cbce789a658037c,rustme/IliiIilliI.class,2100,1844
5479d4416ba76832fcab9130bdd2d9ac,rustme/lliiIilliI.class,1332,1076
2292c43996dbc47c6368ef32bede2796,rustme/iiIiIilliI.class,5416,5160
99261e1c7d41dc971ad2f682e32e6c54,rustme/IiIiIilliI.class,1906,1650
d42145f952d6d5a4877b364e36423e11,rustme/liIiIilliI.class,2339,2083
38dfd37c9957b5bef1ce0725e65767dd,rustme/iIIiIilliI.class,1362,1106
5cedd930a5240e20e2f46336c6c33bc2,rustme/IIIiIilliI.class,3571,3315
04e7f412a6834edc5a9fdef25acc73de,rustme/lIIiIilliI.class,5152,4896
6347d6aba9eb6af10cee04d80d69cbe8,rustme/ilIiIilliI.class,3068,2812
86a0a4eb652f5b9478da97bf9a69b859,rustme/IlIiIilliI.class,1790,1534
033bc8ecf4bd8e6d4737bc3918f08a47,rustme/llIiIilliI.class,1362,1106
cc1234802a0b8edd6169116ea48b0040,rustme/iiliIilliI.class,1719,1463
8e89e144153498924a98f8fe776ad9d1,rustme/IiliIilliI.class,2368,2112
f975346c13bd6e3f36d3fbb9a65b95e4,rustme/liliIilliI.class,3230,2974
bb6e5da4dea771af185e0788192b402a,rustme/iIliIilliI.class,1947,1691
8662c4e04b46e7fe26928bb4ea68602c,rustme/IIliIilliI.class,2150,1894
451b26db6f80b137c0803002fa37921f,rustme/lIliIilliI.class,2400,2144
c22d14f1b9c8a912b6de16db55ac92fa,rustme/illiIilliI.class,2435,2179
83d06663fcf545cb4e72d981e8e67cba,rustme/IlliIilliI.class,1788,1532
945f051bf902a420d702340eab48c1a2,rustme/llliIilliI.class,1479,1223
8ad2bcd4adb12c8693cb8e8cafcaee4f,rustme/iiiIIilliI.class,4364,4108
3e716c433a9ebd1864a0eac151894d7e,rustme/IiiIIilliI.class,1126,870
d781875f85aab212702ce99eca19fa91,rustme/liiIIilliI.class,2203,1947
7d223a2079bb3046dd2071a85ab8276a,rustme/iIiIIilliI.class,2391,2135
c6049add3943663584c53c5e62f7753c,rustme/IIiIIilliI.class,2177,1921
60074e277574bfdc3d6b95513cdc6d19,rustme/lIiIIilliI.class,1150,894
41690f1a7a0bbbdb90579bd37d7d9b53,rustme/iliIIilliI.class,1880,1624
ed3db36b8c705b36f63d1bab8fb526cd,rustme/IliIIilliI.class,1502,1246
1c6e5a306c20026e789c32d5d2ed0029,rustme/lliIIilliI.class,3791,3535
8b5cdab78b15697653b9da092e460a5b,rustme/iiIIIilliI.class,2249,1993
9497b0a36fd28ebda537e151f63c3ba9,rustme/IiIIIilliI.class,1208,952
5aca1e7d18c22b0e89cc282290786543,rustme/liIIIilliI.class,1584,1328
4e6c54f5d890b6292720c06fd2c271e3,rustme/iIIIIilliI.class,1178,922
38c5a490edb10ced6b5e5517ea3aa08c,rustme/IIIIIilliI.class,1392,1136
fa835159b4aea97afe053a4df41eca57,rustme/lIIIIilliI.class,1225,969
beaa68048fd2bc6879b7d4779c53dc32,rustme/ilIIIilliI.class,1189,933
61b4dabdde6c97c0c5fa7b91dd3737b3,rustme/IlIIIilliI.class,4303,4047
f8f03684ae7e0d7b5ac3c266bc12d534,rustme/llIIIilliI.class,1677,1421
2a4179715c464c815d2c30a691b8bcde,rustme/iilIIilliI.class,2797,2541
76a9d43997d37c0c36041358f1cee578,rustme/IilIIilliI.class,4442,4186
edea65b54b365b32bede0e295c429b72,rustme/lilIIilliI.class,1418,1162
5d67594d635645ee62f33111ae2df509,rustme/iIlIIilliI.class,1589,1333
b5599cf79f3c021d68070f63ced6309a,rustme/IIlIIilliI.class,1964,1708
f136f95f56e8ef4f369214a8e15e6b72,rustme/lIlIIilliI.class,2555,2299
c026e9224eca39612d91fc5fcb86af67,rustme/illIIilliI.class,1391,1135
7dd7a74de4df9bbab564dc6b7dba2ae6,rustme/IllIIilliI.class,1576,1320
3f52209a94ed1e34007eea6753dfaafc,rustme/lllIIilliI.class,1182,926
85e3bf02a9954202cd21fef378ec1ddf,rustme/iiilIilliI.class,1215,959
07bfa4941c23d6906fa7f276f7912b0f,rustme/IiilIilliI.class,1175,919
24d1c59337f8fa7c1be249dde20db9bf,rustme/liilIilliI.class,1382,1126
7fe6afe770213e7c399516a257600444,rustme/iIilIilliI.class,1302,1046
8b44e92c92fc8823c7020d177688a9dc,rustme/IIilIilliI.class,1691,1435
6e619735b6a2793da44f9912825715c3,rustme/lIilIilliI.class,1206,950
850e5103e09cb53d14745b8319718307,rustme/ililIilliI.class,1157,901
d547ad4a04766cb73d1e0568c0fd1ea3,rustme/IlilIilliI.class,1524,1268
e4b9ddda7a3701bc3ce7862f3d5923e1,rustme/llilIilliI.class,7746,7490
b157a551af31cca24f24645d17c774b0,rustme/iiIlIilliI.class,1290,1034
c6d56547a2059e3ace9b29b845389882,rustme/IiIlIilliI.class,1296,1040
735dc9c395336a7b3e1a5fa7e5f77411,rustme/liIlIilliI.class,1560,1304
78d03fdade9b5d02ead14b8743214e54,rustme/iIIlIilliI.class,1203,947
f80b217839c5c56d7ff5a8ec636a1ab8,rustme/IIIlIilliI.class,1384,1128
82ae6979afc50d7c2a49feb2915afc50,rustme/lIIlIilliI.class,1178,922
dcc9fe4738e20e3db324a4be64be300d,rustme/ilIlIilliI.class,1167,911
5f196aaad4a8a0256f7b4ed0ada1fb95,rustme/IlIlIilliI.class,1304,1048
6bf019d2c82f26421b01baf51b8e350d,rustme/llIlIilliI.class,1384,1128
9f9d3b4f5e3818509eb3dea9e7cf0529,rustme/iillIilliI.class,1186,930
00879a1eb2985fa828e19976b3083895,rustme/IillIilliI.class,3509,3253
ad4e30d9214f9eb0be3bf843f95bd91d,rustme/lillIilliI.class,1997,1741
a041f762a5aa87df0cfef9c98d1274f2,rustme/iIllIilliI.class,4955,4699
b3a9e074bafb87fd901d8547d4843ef1,rustme/IIllIilliI.class,1208,952
ea26b09eb851504658d23a627b212ec8,rustme/lIllIilliI.class,9844,9588
1cc2b8c5ea99ed07429bad1aeb071a92,rustme/illlIilliI.class,2254,1998
57db01cd6fed9130857bf6bdd127a148,rustme/IlllIilliI.class,3110,2854
0cce711a3fbed34a9ff24b3e6fbaf9c5,rustme/llllIilliI.class,7827,7571
8f4b784780bc3273b562a83072df60b1,rustme/iiiililliI.class,768,512
cee79bb3bd198613abd553ec427b2756,rustme/IiiililliI.class,1294,1038
722439f6d4c54192751f56e6a1594de6,rustme/liiililliI.class,8464,8208
e00c012ec25183e1b0ba5d9531fd0ca4,rustme/iIiililliI.class,2920,2664
c83c44deabcda033a8823929439f6d29,rustme/IIiililliI.class,1288,1032
6e1b6611ad17a4cc56e499e918cc8fc0,rustme/lIiililliI.class,9267,9011
b79861ac914a9e2311c0b0b1c033b6b7,rustme/iliililliI.class,3831,3575
69a5f3b1d6e5e90437cdf305a65481b9,rustme/IliililliI.class,2717,2461
37c2590af3c96056d3b4877c4e7aa523,rustme/lliililliI.class,977,721
1eb1559748b97c6db7e7ff83fbc390f1,rustme/iiIililliI.class,9138,8882
d69936c2181c939ec633c0dcbfdb0536,rustme/IiIililliI.class,1383,1127
b4cc6076595ef6f6d62d039734ef41c1,rustme/liIililliI.class,2229,1973
c2d14dee64ca37c2e8774ee58c6936e1,rustme/iIIililliI.class,2798,2542
8cfbf3f5b646d71055840ac466f9bf27,rustme/IIIililliI.class,1091,835
c04b32f4f2ba38109c28d0943d2b6142,rustme/lIIililliI.class,5108,4852
216f799c5c9ca4cabbcbf3e5f9727fe8,rustme/ilIililliI.class,5576,5320
e7fc7b119f056cca59b3fd5f034d7c9b,rustme/IlIililliI.class,1468,1212
8003da22d1fc0b22a4da6e7d4f8c7285,rustme/llIililliI.class,5026,4770
c67a687989527682100aae976a878441,rustme/iilililliI.class,2466,2210
1d96634cee36b45904a6a4c5407d347a,rustme/IilililliI.class,977,721
9b253f6893b8c7637b32a5afdfe2532a,rustme/lilililliI.class,4233,3977
3461950a7be40b6006c46255ba03e3ac,ru/rustme/network/admin/AdminGiveItemPacketData$$serializer.class,5931,5675
8b804d2c5a39b9f22555549e93b00d10,ru/rustme/network/admin/AdminGiveItemPacketData$Companion.class,1827,1571
d342d72af144b318bfb55d669a5017a5,ru/rustme/network/admin/AdminGiveItemPacketData.class,5486,5230
38c57c3dd685441c0dc5f44a6f38f039,ru/rustme/network/admin/AdminPayloadChannels.class,1296,1040
7bcbb7f4be5d6456dc39b378649dc189,ru/rustme/network/admin/AdminSpawnVehiclePacketData$$serializer.class,5703,5447
26e6f2e5706a0a94e15d6a7efb1a333f,ru/rustme/network/admin/AdminSpawnVehiclePacketData$Companion.class,1859,1603
9a1ed1374442fe8982e8d342f858fef1,ru/rustme/network/admin/AdminSpawnVehiclePacketData.class,5175,4919
6538631f653b1c55f677a9303f606b5b,ru/rustme/network/craft/CraftFavoritePacketData$$serializer.class,5454,5198
d987522ad6cf297bf992a8366200dd95,ru/rustme/network/craft/CraftFavoritePacketData$Companion.class,1827,1571
e1e0dd1a4ad0677980538782f518c1ec,ru/rustme/network/craft/CraftFavoritePacketData.class,3486,3230
1fd70af35ee5ce8e75606ea4bed4af47,ru/rustme/network/craft/CraftPayloadChannels.class,1797,1541
eb50330d6c9a6a03f37d57e2c8f11337,ru/rustme/network/craft/CraftQueueActionPacketData$$serializer.class,5420,5164
888ea2c43b7974f929e2c9edc5649074,ru/rustme/network/craft/CraftQueueActionPacketData$Companion.class,1851,1595
b84bbf74bfa1d8b623758f8988dbbf34,ru/rustme/network/craft/CraftQueueActionPacketData.class,3233,2977
9c5546a3cfe4c2d11cc3cfba2d713fe2,ru/rustme/network/craft/CraftQueueItemData$$serializer.class,6126,5870
5746a9fe5c79cd8bb6e2e6a9734695ea,ru/rustme/network/craft/CraftQueueItemData$Companion.class,1794,1538
d1e448f59f3dd90c238d2ca86855a1ec,ru/rustme/network/craft/CraftQueueItemData.class,6088,5832
8fb4a99caa5d8b6095a5cd4d86673dcf,ru/rustme/network/craft/CraftQueueStatePacketData$$serializer.class,5675,5419
ed552f53d2d55d816bbf1fc23ee8d154,ru/rustme/network/craft/CraftQueueStatePacketData$Companion.class,1843,1587
b8e599eb16b5635cbd910f617cc4cc22,ru/rustme/network/craft/CraftQueueStatePacketData.class,5394,5138
fd1dda184c890ef8307d83f425c10053,ru/rustme/network/craft/CraftRequestPacketData$$serializer.class,5715,5459
bad987707eb7aa53ff12816638d6cde7,ru/rustme/network/craft/CraftRequestPacketData$Companion.class,1819,1563
5950f5962a86a8350d4234ad3321476d,ru/rustme/network/craft/CraftRequestPacketData.class,3811,3555
38f28f7750bf6e75e64b1aba817fd3a1,ru/rustme/network/craft/CraftSkinPacketData$$serializer.class,5511,5255
66d752ad302d89bf3c5c80fb421230fc,ru/rustme/network/craft/CraftSkinPacketData$Companion.class,1795,1539
1dd279b3d6ea64a338c6dd3967409392,ru/rustme/network/craft/CraftSkinPacketData.class,3752,3496
e7682fd006a3912577df5750c9e8c443,ru/rustme/network/inventory/FluidDrinkPacketData$$serializer.class,5391,5135
70570c2bc95e9443d18b2fa4c27be558,ru/rustme/network/inventory/FluidDrinkPacketData$Companion.class,1831,1575
d067a673392c79382420b8298d0f7044,ru/rustme/network/inventory/FluidDrinkPacketData.class,3207,2951
ae3e5545c6dc8eb02cf79b6fed393048,ru/rustme/network/inventory/FluidTransferPacketData$$serializer.class,5781,5525
b129407a002a3455c41dbb8d98dcd9cf,ru/rustme/network/inventory/FluidTransferPacketData$Companion.class,1855,1599
7266551f97b9321b2f2dbde4da750bb6,ru/rustme/network/inventory/FluidTransferPacketData.class,3813,3557
86be94cbbc47351643ea8c0c524ea4a7,ru/rustme/network/inventory/InventoryAction.class,2662,2406
33c1f6e58d0c488ed8ac062910d7dd30,ru/rustme/network/inventory/InventoryActionPacketData$$serializer.class,6484,6228
b6898ee403158fe447ee639ab65efbfa,ru/rustme/network/inventory/InventoryActionPacketData$Companion.class,1871,1615
6dfaa01fe69c9da135707ebcda8c9111,ru/rustme/network/inventory/InventoryActionPacketData.class,6425,6169
8d565a7501e778aadd85d5d32202308d,ru/rustme/network/inventory/InventoryPayloadChannels.class,2022,1766
101dc05af32606b5165866f87e527053,ru/rustme/network/inventory/InventorySplitPacketData$$serializer.class,5756,5500
a3f6c9d7cbaf76f669d19f3806192a5d,ru/rustme/network/inventory/InventorySplitPacketData$Companion.class,1863,1607
c12bbf5ea7bfdd12d215dc1085f03533,ru/rustme/network/inventory/InventorySplitPacketData.class,4241,3985
71a703f56c9c1730e6ff33f89ca7a217,ru/rustme/network/inventory/ItemActionPacketData$$serializer.class,5809,5553
a175640cbd02d964bad6c940e0b45c7f,ru/rustme/network/inventory/ItemActionPacketData$Companion.class,1831,1575
e6baee088a9edbfd63ee5af966a04ff3,ru/rustme/network/inventory/ItemActionPacketData.class,4065,3809
d80c5d01e0d6bddd324a81ac719a003b,ru/rustme/network/inventory/ItemActionsKeys.class,2166,1910
c91c5239cad32b20fc03b039d9cb36e0,ru/rustme/network/inventory/ToggleInventoryStatePacketData$$serializer.class,5579,5323
5ad41ffd0a4bcc4d1c10efa26f182b39,ru/rustme/network/inventory/ToggleInventoryStatePacketData$Companion.class,1911,1655
ffe91f128e7e343cd2f34355375d5434,ru/rustme/network/inventory/ToggleInventoryStatePacketData.class,3926,3670
67c0ebb6e17ac98e100626894079ef40,ru/rustme/network/inventory/VendingBuyPacketData$$serializer.class,5544,5288
a920585c69c36bc9857993104d594d51,ru/rustme/network/inventory/VendingBuyPacketData$Companion.class,1831,1575
79b15c327856cdfec7f6b766f13c244a,ru/rustme/network/inventory/VendingBuyPacketData.class,3699,3443
14cd9df2fc8c4647b31299b186fb8d9b,ru/rustme/network/inventory/VendingLotData$$serializer.class,6270,6014
d09a7db8d4afeb7de0aa03132af5c8ea,ru/rustme/network/inventory/VendingLotData$Companion.class,1783,1527
ab084a0a7fa6dc42fe16ac09c6f9d4b8,ru/rustme/network/inventory/VendingLotData.class,9202,8946
fcdd222b7dc268aa677ecc7425ca441f,ru/rustme/network/inventory/VendingLotsPacketData$$serializer.class,6291,6035
2eb082ae0d8dfbbc4f7edba584ed6f32,ru/rustme/network/inventory/VendingLotsPacketData$Companion.class,1839,1583
e72f5b03597d526377ae23ef0be85b11,ru/rustme/network/inventory/VendingLotsPacketData.class,6238,5982
da66c07fa00ff95031c4b9d6e95e405d,ru/rustme/network/inventory/VendingPurchasePacketData$$serializer.class,6136,5880
79549b0c816a2c3fd6955ed37f27ef47,ru/rustme/network/inventory/VendingPurchasePacketData$Companion.class,1871,1615
55ebfd29ec2dee708780817795a7c376,ru/rustme/network/inventory/VendingPurchasePacketData.class,6232,5976
0e440942eb3152d9c71b2b699df6a18b,ru/rustme/network/inventory/VendingPurchaseState$Companion.class,1916,1660
4fdfa9c668e21600f0bbdd5f7336e5d2,ru/rustme/network/inventory/VendingPurchaseState.class,4131,3875
9887a36ac958aa73c1baecd36146bdd9,ru/rustme/network/item/ItemPayloadChannels.class,1300,1044
84cb81cc1e2299f001535e7542e595f6,ru/rustme/network/item/ItemPickupNotificationPacketData$$serializer.class,6096,5840
a35cce61be8b270f3621fa56b9d7c0e7,ru/rustme/network/item/ItemPickupNotificationPacketData$Companion.class,1892,1636
44cd8b99a4efc873f762ad0f7197980a,ru/rustme/network/item/ItemPickupNotificationPacketData.class,5802,5546
411068082a3837aa549ed00c9b629d13,ru/rustme/network/item/RepairContextEntry$$serializer.class,5958,5702
33e0f7ec75906574b423539fb217f904,ru/rustme/network/item/RepairContextEntry$Companion.class,1780,1524
ccc9306fcfd6030f3e86dbe177978231,ru/rustme/network/item/RepairContextEntry.class,7486,7230
2fae8d9918f86deb4f05a8404b9fd2fd,ru/rustme/network/item/UnableToRepairPacketData$$serializer.class,5656,5400
a5d31773291a72b2a8b3d0f3c569ca66,ru/rustme/network/item/UnableToRepairPacketData$Companion.class,1828,1572
eb646ae7912fdb9a1de7466a880a21d5,ru/rustme/network/item/UnableToRepairPacketData.class,5376,5120
607a95888b266b00e382aff3fda0b8c6,ru/rustme/network/metabolism/HealthStatus$Companion.class,2273,2017
aaba0fff86b33ae3f53ea4da48146eb2,ru/rustme/network/metabolism/HealthStatus.class,5079,4823
9e92780804d0ba1d89694399bc2a3d57,ru/rustme/network/metabolism/MetabolismPayloadChannels.class,1432,1176
2aea5bcc166f895fbc76d8aae47f682c,ru/rustme/network/metabolism/MetabolismStorage$$serializer.class,6724,6468
391aa6906332de02270bb119b2a89c1a,ru/rustme/network/metabolism/MetabolismStorage$Companion.class,1814,1558
74d847e1e8736f50fc8234043c15071f,ru/rustme/network/metabolism/MetabolismStorage.class,7547,7291
4908235e8582b3637af3b603f1265211,ru/rustme/network/metabolism/UpdateMetabolismPacketData$$serializer.class,5775,5519
97386488ccaf954507433283eb94ebfa,ru/rustme/network/metabolism/UpdateMetabolismPacketData$Companion.class,1886,1630
8762defd09ed74409895a9ad6aecb1cd,ru/rustme/network/metabolism/UpdateMetabolismPacketData.class,3982,3726
0a77d9a501d68b8d009c3008adc5355c,ru/rustme/network/metabolism/UpdateVehiclePacketData$$serializer.class,6267,6011
0547ab9bd6fa7694faaf40c3d0ea3586,ru/rustme/network/metabolism/UpdateVehiclePacketData$Companion.class,1862,1606
490fa6bac7401a35cfab3f565f4fa20b,ru/rustme/network/metabolism/UpdateVehiclePacketData.class,4569,4313
e767b42536af313f7093e8dfd1253a17,ru/rustme/network/metabolism/VehicleEnergyData$$serializer.class,5539,5283
41196b1c8f718cf17686dccc19cb4d8a,ru/rustme/network/metabolism/VehicleEnergyData$Companion.class,1814,1558
ca6570c4d96b4e99486aae84f942375a,ru/rustme/network/metabolism/VehicleEnergyData.class,3578,3322
0fad06dc5123e5a28ba2202e5f9264a7,ru/rustme/network/metabolism/VehicleHealthData$$serializer.class,5445,5189
33b8c4b1fb71b3ff5f7f6e9ed852f52d,ru/rustme/network/metabolism/VehicleHealthData$Companion.class,1814,1558
8d6d5d72463b35a0bbc731561c3f5674,ru/rustme/network/metabolism/VehicleHealthData.class,3295,3039
b6fa2bf2cb64864b7037833b2a4c9ba9,ru/rustme/network/metabolism/wound/LocalWoundedPlayerInfo$$serializer.class,6344,6088
24ff359ca6177f3d3a6673a860f3f100,ru/rustme/network/metabolism/wound/LocalWoundedPlayerInfo$Companion.class,1896,1640
e2b46a728c6df7c18e0cbf8ac7917e2e,ru/rustme/network/metabolism/wound/LocalWoundedPlayerInfo.class,4863,4607
e14c0745bbc40edb31acf0145e8b9116,ru/rustme/network/metabolism/wound/WoundedInfoPacketData$$serializer.class,6689,6433
561816690afadef615081d6fe262ff81,ru/rustme/network/metabolism/wound/WoundedInfoPacketData$Companion.class,1888,1632
66b60df72dfbffd091edc528201eba4b,ru/rustme/network/metabolism/wound/WoundedInfoPacketData.class,9500,9244
c5a02b3753195d6c222e27ed1101a07c,ru/rustme/network/player/ApplySkinPacketData$$serializer.class,5696,5440
cabe5292b2ef975958d9ce5ca6858df1,ru/rustme/network/player/ApplySkinPacketData$Companion.class,1802,1546
4a08538bf07343c946f174eb4c7c5e2f,ru/rustme/network/player/ApplySkinPacketData.class,3802,3546
a0e541a4ff576d952349f848d71f49fc,ru/rustme/network/player/PlayerPayloadChannels.class,1394,1138
d89db1486ac35009df8207d17b393350,ru/rustme/network/player/PlayerStatePacketData$$serializer.class,7310,7054
8d428b7748fef0d62a8cd464c187648f,ru/rustme/network/player/PlayerStatePacketData$Companion.class,1818,1562
c4be3764586195103b717ded266b82f1,ru/rustme/network/player/PlayerStatePacketData.class,12311,12055
2726f50296465072c4ba710bfe4b9dca,ru/rustme/network/player/SelectedSkinData$$serializer.class,5487,5231
fc9224a3d6e59ea973cb074809a425fa,ru/rustme/network/player/SelectedSkinData$Companion.class,1778,1522
fe7c06450c31ae7acf540f9e3412443b,ru/rustme/network/player/SelectedSkinData.class,3589,3333
8786d53234ccf2d7c53690406430b540,ru/rustme/network/player/SwingPacketData$$serializer.class,5576,5320
f1553da2763d057c37cc81fa5f3f9880,ru/rustme/network/player/SwingPacketData$Companion.class,1770,1514
0728041d3d4934dbab701536261fa5eb,ru/rustme/network/player/SwingPacketData.class,5484,5228
14e446336f326bde952c3f87126ef8a3,ru/rustme/network/research/OpenResearchTreePacketData$$serializer.class,6143,5887
fc1e984313875567151411264e9c5c56,ru/rustme/network/research/OpenResearchTreePacketData$Companion.class,1872,1616
80dbd637b1aa5a827743cece3db14a9d,ru/rustme/network/research/OpenResearchTreePacketData.class,7468,7212
903ceffd3245214ef18bacefee434c75,ru/rustme/network/research/ResearchPayloadChannels.class,1626,1370
9d5ca2680501ce506f5538fb6b3d45a4,ru/rustme/network/research/ResearchState.class,2550,2294
6fa1544f6e06b1385056ca823ab4a051,ru/rustme/network/research/ResearchTreeClosedPacketData$$serializer.class,5123,4867
d210122cb4aad27db0c5c830c7b1532b,ru/rustme/network/research/ResearchTreeClosedPacketData$Companion.class,1888,1632
d844a7a2bee2e38ba2d60b9a9a99ca3a,ru/rustme/network/research/ResearchTreeClosedPacketData.class,2855,2599
d047f034b3856a3610c68b7911f62248,ru/rustme/network/research/ResearchTreeNode$$serializer.class,6062,5806
cbdabbced813867903baf2bd2332f26e,ru/rustme/network/research/ResearchTreeNode$Companion.class,1792,1536
6e3e93cc1f569d38dfa06b110dae67aa,ru/rustme/network/research/ResearchTreeNode.class,8460,8204
bd9086fcefe606a42386187ee6eb1546,ru/rustme/network/research/ResearchTreeResearchClickPacketData$$serializer.class,5821,5565
2f2e89fb07e2dbbba96d04be27d51996,ru/rustme/network/research/ResearchTreeResearchClickPacketData$Companion.class,1944,1688
811dd1050b6054f34055248cfc57cfad,ru/rustme/network/research/ResearchTreeResearchClickPacketData.class,5260,5004
976d0b2f0290b7103e7c0ec12dbe7263,ru/rustme/network/research/UpdateResearchTreePacketData$$serializer.class,6024,5768
fb780545f2d208f9001189542a2f3fc7,ru/rustme/network/research/UpdateResearchTreePacketData$Companion.class,1888,1632
8eac9c892de64dafc188c7d4e1f571c6,ru/rustme/network/research/UpdateResearchTreePacketData.class,6263,6007
5376903dd8f0f9954ea90ed0636f0c33,ru/rustme/network/research/UpdateWorkbenchLevelPacketData$$serializer.class,5940,5684
29f40f4f5781dfef9561ff02c9d86983,ru/rustme/network/research/UpdateWorkbenchLevelPacketData$Companion.class,1904,1648
7d7efb6342c01b981c600e79e09a0ed0,ru/rustme/network/research/UpdateWorkbenchLevelPacketData.class,5162,4906
ac5cd577bced6aa215b858cc1e20b114,ru/rustme/network/sounds/PlaySoundPacketData$$serializer.class,6967,6711
2430cc07deb169eaf9a9708a5f31a496,ru/rustme/network/sounds/PlaySoundPacketData$Companion.class,1802,1546
4661322ab7cc673258147f3b139bdf41,ru/rustme/network/sounds/PlaySoundPacketData.class,8041,7785
17c672c29d0f1e370c5435e7b703ab46,ru/rustme/network/sounds/SoundPayloadChannels.class,1374,1118
718b2073f92bd69af06b1ee1d23254b9,ru/rustme/network/sounds/StopSoundPacketData$$serializer.class,5697,5441
8eef6171471391797b4eae5b7f4dbaeb,ru/rustme/network/sounds/StopSoundPacketData$Companion.class,1802,1546
e6a096b997893dde98da48a4957ad633,ru/rustme/network/sounds/StopSoundPacketData.class,4514,4258
e6c8f1be60b403aa7b7befd7baf1d997,ru/rustme/network/team/Team$CreatePacketData$$serializer.class,5060,4804
e7ae97c3d7eafb65abe93dc511e09e3c,ru/rustme/network/team/Team$CreatePacketData$Companion.class,1858,1602
fc749b605cf0119ea5c8b0e763765747,ru/rustme/network/team/Team$CreatePacketData.class,2825,2569
e13f6e7a3eb01d76dd452799c78f5038,ru/rustme/network/team/Team$UpdatePacketData$$serializer.class,5822,5566
13082d99561585ce6c0a0988a17b4f14,ru/rustme/network/team/Team$UpdatePacketData$Companion.class,1858,1602
67e62d4c25c70ebc9c945f9938a5fad8,ru/rustme/network/team/Team$UpdatePacketData.class,5225,4969
7b7cb38637599cb6a7396533481b90bb,ru/rustme/network/team/Team$UpdateTeammatePositions$$serializer.class,5760,5504
86fdea2629f86d7c97ed3c7233f9700e,ru/rustme/network/team/Team$UpdateTeammatePositions$Companion.class,1914,1658
490d85cc0be2a75d72934a52adcf6382,ru/rustme/network/team/Team$UpdateTeammatePositions.class,7013,6757
47b98354f45127f76493548ee47ef54c,ru/rustme/network/team/Team.class,1112,856
7c96afacec90ec6d8308d06b44c17725,ru/rustme/network/team/TeamChannels.class,1385,1129
40da78847c7ddfbcab280c1b0e543b1a,ru/rustme/network/team/TeamInfo$$serializer.class,5628,5372
96b2221de692b4d2a2a8e1bb601b5be5,ru/rustme/network/team/TeamInfo$Companion.class,1700,1444
d1def196a464f99bb5d2f64a34388d3b,ru/rustme/network/team/TeamInfo.class,7978,7722
d18dc6fd689d15ef75e350bd5e8b06aa,ru/rustme/network/team/TeamInvite$AcceptedPacketData$$serializer.class,5766,5510
67f45fab019270f614ec317ad84dfab7,ru/rustme/network/team/TeamInvite$AcceptedPacketData$Companion.class,1922,1666
ec761c114784abf6345637cf9168dc82,ru/rustme/network/team/TeamInvite$AcceptedPacketData.class,6660,6404
2c66d95d4e09959f8624142af9512272,ru/rustme/network/team/TeamInvite$InvitePacketData$$serializer.class,6096,5840
79538279173c92295a09afa726fb428a,ru/rustme/network/team/TeamInvite$InvitePacketData$Companion.class,1906,1650
baacf91b5ae9d9f58f16d085ec37790f,ru/rustme/network/team/TeamInvite$InvitePacketData.class,7385,7129
459d56fb853192d2147f8d5d667e6fa0,ru/rustme/network/team/TeamInvite$OpenInviteMenuPacketData$$serializer.class,5824,5568
cab2dc012a0ecd12cfa7d1c4ca018b59,ru/rustme/network/team/TeamInvite$OpenInviteMenuPacketData$Companion.class,1970,1714
6eca6dd555bcc6f25d1bf8f7d3793d71,ru/rustme/network/team/TeamInvite$OpenInviteMenuPacketData.class,5482,5226
990057aded1669f70810770313cb21e5,ru/rustme/network/team/TeamInvite$RejectedPacketData$$serializer.class,5148,4892
ab809416f11c7a1602dc5a8637eef011,ru/rustme/network/team/TeamInvite$RejectedPacketData$Companion.class,1922,1666
789055f463d231d1063724cbcd7a5f55,ru/rustme/network/team/TeamInvite$RejectedPacketData.class,2889,2633
316d0ffc1360fb7cb4ddc310c5e243a5,ru/rustme/network/team/TeamInvite.class,1239,983
f655e5510d617a8dd44d4e2947eb1d2b,ru/rustme/network/team/TeamInviteChannels.class,1498,1242
b1e4a9417048f03685dc5d363b462b9c,ru/rustme/network/team/Teammate$KickPacketData$$serializer.class,5841,5585
8b4e417ccbb049571db7789e115d4e44,ru/rustme/network/team/Teammate$KickPacketData$Companion.class,1874,1618
531f78eb751d4c1cd23f5f25cec6ac32,ru/rustme/network/team/Teammate$KickPacketData.class,6019,5763
3e836e39982c34819473e6005ffd9d22,ru/rustme/network/team/Teammate$PromotePacketData$$serializer.class,5874,5618
bdcf1cdfc819fae568da4d72db67b45a,ru/rustme/network/team/Teammate$PromotePacketData$Companion.class,1898,1642
9edbb2ef4613a416681161fa7c407936,ru/rustme/network/team/Teammate$PromotePacketData.class,6055,5799
717f5d7663c9b5a2440251f951109b11,ru/rustme/network/team/Teammate$QuitPacketData$$serializer.class,5694,5438
0c3ffac8d6060baff0a6b13250f4897f,ru/rustme/network/team/Teammate$QuitPacketData$Companion.class,1874,1618
7e45bafc594c86015e31e7bdc5c5e69a,ru/rustme/network/team/Teammate$QuitPacketData.class,5346,5090
de14b0517d3be7aa21a97906ca321605,ru/rustme/network/team/Teammate$UpdateStatePacketData$$serializer.class,5983,5727
ee7be34f72de6e85668bb13bae5f4f0c,ru/rustme/network/team/Teammate$UpdateStatePacketData$Companion.class,1930,1674
71710fd4ba8271cdcf5d346533a033e5,ru/rustme/network/team/Teammate$UpdateStatePacketData.class,7913,7657
14dd04f2dc0931dc7370e39b3e8f5aa8,ru/rustme/network/team/Teammate.class,1207,951
59e75f5a144b8e4969e5f531d2b6901a,ru/rustme/network/team/TeammateChannels.class,1470,1214
e57471274c3f01db0151c18677092bad,ru/rustme/network/team/TeammateInfo$$serializer.class,7111,6855
84ca82dbd0609753be23a4e690f32f74,ru/rustme/network/team/TeammateInfo$Companion.class,1732,1476
768cc7a406ae5c2c40287077d89010a0,ru/rustme/network/team/TeammateInfo.class,10564,10308
6ebd96edc6e3390b0aadc066ccf5d1d0,ru/rustme/network/team/TeammateLocation$$serializer.class,5918,5662
085a408ea41bfd17e0affc59b56700ef,ru/rustme/network/team/TeammateLocation$Companion.class,1764,1508
28a6909441312134162570d332c910b8,ru/rustme/network/team/TeammateLocation.class,5889,5633
4f99e6a451b722a5232d6797877cfc4c,ru/rustme/network/team/TeammateState.class,2512,2256
df6115cf6c6f72f32f488c44312bef79,ru/rustme/network/wipeinfo/WipeInfoPayloadChannels.class,1204,948
bcb30220b9a76cae8eeda31025fc199d,ru/rustme/network/wipeinfo/WipeStatePacketData$$serializer.class,5900,5644
1639af1adc94d80871ba2c278bae294b,ru/rustme/network/wipeinfo/WipeStatePacketData$Companion.class,1816,1560
4d16de959aacedbe08efc85f3bda741f,ru/rustme/network/wipeinfo/WipeStatePacketData.class,4109,3853
fcfa460c98ba298416465731f2d1582d,rustme/iIlililliI.class,1008,752
34c389d3eec45ff10881bb8863128ed1,rustme/IIlililliI.class,1513,1257
751e3cb0de1437cf3a51039f68b47d56,rustme/lIlililliI.class,1926,1670
08801c189b971d0ff1be48de658d09d1,rustme/illililliI.class,2463,2207
da573f597c306df62ea2088b64f597d3,rustme/IllililliI.class,1008,752
9da5f91e4bd2420e14c8de2df13b54b2,rustme/lllililliI.class,1515,1259
bedadb93b07bdf636c1f76e017e4a0d3,rustme/iiiIlilliI.class,1008,752
dea22d59ed74875857a5793c77528be5,rustme/IiiIlilliI.class,1510,1254
425ef78a6425bc40a63f1cc1116e95a3,rustme/liiIlilliI.class,21552,21296
c3ec01d5df5b828c8d11664267d62545,rustme/iIiIlilliI.class,4584,4328
a00e274588c4bf7096558b1af94750ac,rustme/IIiIlilliI.class,1902,1646
09dccfb1ed795c56ab3d52ea125f65e6,rustme/lIiIlilliI.class,5539,5283
6c431554f9efae441b0b0924ee278472,rustme/iliIlilliI.class,896,640
b5e4e69c572c8e582668f3c4031b6d55,rustme/IliIlilliI.class,3000,2744
2e5369fb9a8572a2c30ad52cfcbd8e06,rustme/lliIlilliI.class,1454,1198
23511a7e9a6f433d4e7d01185f467535,rustme/iiIIlilliI.class,2076,1820
7cb5d46eb0f17c87c4284c806b740bda,rustme/IiIIlilliI.class,1662,1406
d3bd1a2d5de204aa757be8801bb32c2b,rustme/liIIlilliI.class,11198,10942
d0b79ccf27f7599dd3b13f98ae0a81c9,rustme/iIIIlilliI.class,5737,5481
906e39fc485cb2a66beff256250cbf25,rustme/IIIIlilliI.class,247023,246767
585105ef954af28826759475db5e18f4,rustme/lIIIlilliI.class,3606,3350
04d20711a0fcbddd8984e691fb489f00,rustme/ilIIlilliI.class,3766,3510
a7be6fc718faaebe1c4c21fd78d17ce8,rustme/IlIIlilliI.class,7372,7116
09e9c0d9f5d1fff3c7c987e537d0c47a,rustme/llIIlilliI.class,2227,1971
0db263c546ef6a69b2738ee1ca809728,rustme/iilIlilliI.class,4648,4392
c92cc2c088ba0dc741ca63fd1bead2ce,rustme/IilIlilliI.class,2228,1972
bb5d78d3942bfd07e2f1b3b6670a2ba0,rustme/lilIlilliI.class,1402,1146
7a32b7a7bf9e7285694c029001999a43,rustme/iIlIlilliI.class,3057,2801
604f3b91b72c0705bf9cf716c6578936,rustme/IIlIlilliI.class,3057,2801
59c9d469093f217e465ead55b87f51b8,rustme/lIlIlilliI.class,3059,2803
a8e60368b503ca3310dd530a45236d1a,rustme/illIlilliI.class,13016,12760
d99b6f0a69f5a19042ce6d632a0c1d0c,rustme/IllIlilliI.class,2192,1936
fc159a0070b5afe35a022dbfdca5e38f,rustme/lllIlilliI.class,1915,1659
d67f6202f11614253e479a3423a6425d,rustme/iiillilliI.class,2182,1926
282d857c8209907cdd719626ddf29731,rustme/IiillilliI.class,1897,1641
d41f518e04da46207860406a61c6cbf2,rustme/liillilliI.class,2327,2071
b40e6fc6d37d6f09c5bf83118835db6f,rustme/iIillilliI.class,26596,26340
6437b092670cccb27335ce9e8c1c69a2,rustme/IIillilliI.class,52429,52173
c9c672d008788c0dd83b2107944182d9,rustme/lIillilliI.class,2170,1914
1d58c237fbd39ac0b4ec54b5ade9fd53,rustme/ilillilliI.class,3335,3079
53779d7c6df0613c4f6b2e1351cac533,rustme/IlillilliI.class,2461,2205
6425a08c37e8f53ebdc0fc1e5a4aea35,rustme/llillilliI.class,3334,3078
37f760da5f9624e8b00c0e4695a4cf52,rustme/iiIllilliI.class,2198,1942
bb49fbca0176789181338745b9f4bfa5,rustme/IiIllilliI.class,1903,1647
fd8a60cf2e70b243d7bc9ecfb1ed034c,rustme/liIllilliI.class,3667,3411
6bca6c097cc5c2c24f2dd0c382201527,rustme/iIIllilliI.class,2241,1985
f8c76544532fd822110e27b62fb34a93,rustme/IIIllilliI.class,1903,1647
795d1147d364405a06b4eb517225a453,rustme/lIIllilliI.class,3652,3396
475ae9bc412ac6fb50d622c11e529845,rustme/ilIllilliI.class,2243,1987
7ee9b864de33eea7ccca6f487d757194,rustme/IlIllilliI.class,1903,1647
87673b4277011a061bae1572aa7ae9d5,rustme/llIllilliI.class,3489,3233
9f2f9d58f370e631b74e77cd7439ef60,rustme/iilllilliI.class,2243,1987
78718635e71b7706cd02d538ce947f38,rustme/IilllilliI.class,1903,1647
becda5b979a170475993d430141d44e6,rustme/lilllilliI.class,3594,3338
2b0d37871f3ac632ffb73cbb2e7266f4,rustme/iIlllilliI.class,2242,1986
a5d23dccd9d6c5870cc3e354f994006b,rustme/IIlllilliI.class,1903,1647
f5f88e216eb605afabaa7599984a49fb,rustme/lIlllilliI.class,3489,3233
d214d0a06f6733c49e4d9f80656f7bfe,rustme/illllilliI.class,2168,1912
27d2d21518b0e271b9f2880fa2b40976,rustme/IllllilliI.class,2976,2720
4d4a7f11f6c96c43ed5a21bf29b98caf,rustme/lllllilliI.class,2236,1980
c4d121a49d6843cf39dc17601f764f1a,rustme/iiiiiIlliI.class,2721,2465
dd97d3d5ece17c3d8e56064628519447,rustme/IiiiiIlliI.class,1995,1739
b43dc6c8b879c2f902b33aa83cf71916,rustme/liiiiIlliI.class,3332,3076
b0016baab782cc2eb816586331c5884d,rustme/iIiiiIlliI.class,2418,2162
292bf1a9fb5544620b881baec1d88d33,rustme/IIiiiIlliI.class,3362,3106
2b57262eb5e362392675174410ee9595,rustme/lIiiiIlliI.class,2200,1944
1b2e13312691c3af617f1bb34393f5e2,rustme/iliiiIlliI.class,1903,1647
ca978fc0fdd8a04c03e732edefceba74,rustme/IliiiIlliI.class,3668,3412
a85caef082a690bd55eaad22e3ddaa4e,rustme/lliiiIlliI.class,2200,1944
38becfb2c4c5b1f7330b40d9a1f568ad,rustme/iiIiiIlliI.class,1903,1647
cee1b976cf431b4630deecad087ca13a,rustme/IiIiiIlliI.class,3490,3234
d75653ef8350d54dae1ef2d96d1802b9,rustme/liIiiIlliI.class,2198,1942
14a3a2ce843d1dab2a7215a0582d23f0,rustme/iIIiiIlliI.class,1903,1647
7a12a275d6f6c2d554055b5a6813d47b,rustme/IIIiiIlliI.class,3490,3234
eab56952ebe192f4b3831af8b6600caf,rustme/lIIiiIlliI.class,2200,1944
25564d2041a67aab91adad2af66206a8,rustme/ilIiiIlliI.class,1903,1647
aa466d22a70156b097a784e489274c73,rustme/IlIiiIlliI.class,3629,3373
d11dafd31f44d3c2ccd472e2d7811418,rustme/llIiiIlliI.class,2198,1942
48f3f6a612fa408f263485276c97f8bd,rustme/iiliiIlliI.class,1903,1647
cfdf70682dbe6179096dc89249f4f2a9,rustme/IiliiIlliI.class,3593,3337
3bdef37314ebcc9b8821f3551bf742ec,rustme/liliiIlliI.class,2189,1933
8b635f25e704853c955fa284c7dd1a0c,rustme/iIliiIlliI.class,1903,1647
c721cf019a57df6bb5670af65b455072,rustme/IIliiIlliI.class,3738,3482
6f99972ec0aca748258657ece0bcae10,rustme/lIliiIlliI.class,2620,2364
b5c1e1cf71f1df60f3ec92e247c8c990,rustme/illiiIlliI.class,2168,1912
90d20baa642c489fffc6c4f2d75eaaaf,rustme/IlliiIlliI.class,3203,2947
c00d2e49e0bb73aa1fc0396251dab208,rustme/llliiIlliI.class,1952,1696
6c9806c716bd0e3e75d13776e26f7d99,rustme/iiiIiIlliI.class,1903,1647
3fb4e6e8ee074078eff7714ca3751c58,rustme/IiiIiIlliI.class,3489,3233
afbe11752166392db0d6095e8b0fddb3,rustme/liiIiIlliI.class,1950,1694
57332f753aeb8caaba242129907bdfb6,rustme/iIiIiIlliI.class,1903,1647
04edb2987f86648eb7ae8a47948416a5,rustme/IIiIiIlliI.class,3489,3233
14692707ccdaf41f4c895a2c6544de3c,rustme/lIiIiIlliI.class,1941,1685
815a69d40c1cb82582a05afab470d770,rustme/iliIiIlliI.class,1903,1647
f89477cff27d5adfb6519597012e03ac,rustme/IliIiIlliI.class,3739,3483
b3ffecfa03ab1657d8b32a1984ef78c1,rustme/lliIiIlliI.class,1980,1724
dace7d7fcba7eb3b3560907b91402673,rustme/iiIIiIlliI.class,1903,1647
6fc715507bd314e9979c264c4dcb8f62,rustme/IiIIiIlliI.class,3594,3338
257438afc1947663f0ad6c3c889ddcdf,rustme/liIIiIlliI.class,2168,1912
c809f638e5e64300c69948eb254a86ff,rustme/iIIIiIlliI.class,1903,1647
efd9a1503a378d18aafa9ead9c0d12f3,rustme/IIIIiIlliI.class,3333,3077
97b745751d42d1091fe0c39b2ccdd3d2,rustme/lIIIiIlliI.class,24640,24384
34bd0b5042c1910ccebf1828b835740c,rustme/ilIIiIlliI.class,2392,2136
588fbfdbe45d185923f49660664e264e,rustme/IlIIiIlliI.class,3205,2949
fceed20af83a967d20b5e38a5845a100,rustme/llIIiIlliI.class,1346,1090
9fa6716a5a4140f8da1f3895a1083297,rustme/iilIiIlliI.class,2128,1872
19a67c4b5c8b304620fc4e6cdf39b81c,rustme/IilIiIlliI.class,2190,1934
961b098f228dfa741aa36e248bb1ea41,rustme/lilIiIlliI.class,2851,2595
bccbef41cb149c51ac8560c15f541696,rustme/iIlIiIlliI.class,2405,2149
cbf0b1179d5f6a0ad9099eacb087bd22,rustme/IIlIiIlliI.class,2546,2290
01f0ebc714686ccd64ba65c4c6835399,rustme/lIlIiIlliI.class,1903,1647
a92839cb9d6760e731bd8421e7ea5eae,rustme/illIiIlliI.class,3719,3463
5dac81118f4d3fe1e2d326669f922585,rustme/IllIiIlliI.class,2330,2074
e8ca453fe746e87bdfa30be64e37deae,rustme/lllIiIlliI.class,2393,2137
4ecd4ca517d4857d55b144b725ba4708,rustme/iiiliIlliI.class,3333,3077
b32c584c6bf0a32a7ecbdd1bb389d7ad,rustme/IiiliIlliI.class,2392,2136
1deb9e5446c8ea3b465624c8aff2ce8e,rustme/liiliIlliI.class,3203,2947
1dd44fd18af835f1bcf12620cde68ec1,rustme/iIiliIlliI.class,2393,2137
91b55f15ea32b5fcd64971fa3645aeaf,rustme/IIiliIlliI.class,1903,1647
377f2f1c893bb7fade8ccd8949f289e6,rustme/lIiliIlliI.class,3594,3338
8e6825648dc25d1a97503d0d65a9a942,rustme/ililiIlliI.class,2393,2137
ed5ada16dfed8574b42e46a1cb0dc863,rustme/IliliIlliI.class,1903,1647
0b5f66352bc2881aed0a18756e3a60d0,rustme/lliliIlliI.class,3595,3339
ed847c53b26f968d66f4d36d8fd33c2c,rustme/iiIliIlliI.class,2393,2137
bab4897b40eff7d456287c3d87ec6a20,rustme/IiIliIlliI.class,1903,1647
9463f118f79cd45f7c6fdfe2e9404c25,rustme/liIliIlliI.class,3361,3105
dc33a50061b04df24da75961d64f3ad9,rustme/iIIliIlliI.class,2453,2197
bd3aea4de8636c50b84ce05b5bf0566b,rustme/IIIliIlliI.class,2392,2136
b5ec0caa5a93e465130223c7e03c9d7c,rustme/lIIliIlliI.class,1904,1648
6e40fea97e9e1e38d9bde6b398ebce0a,rustme/ilIliIlliI.class,3829,3573
a6daa0247dcc38beabb4eca9da840f28,rustme/IlIliIlliI.class,2452,2196
78b36395a749c8d7616fd021d2b66c06,rustme/llIliIlliI.class,2393,2137
840bb064ac4bd3c88844eccd84ed9609,rustme/iilliIlliI.class,1903,1647
793a143da0dbea61203b407959d1e7f1,rustme/IilliIlliI.class,3790,3534
910044d6b50542a5392f4fcbc657d243,rustme/lilliIlliI.class,2393,2137
06a234bbe8aad24ccb38505b9a8dd100,rustme/iIlliIlliI.class,1903,1647
d647b1fd9ed19cfdb9f551d50525b2e2,rustme/IIlliIlliI.class,3361,3105
dc4e4b111887344880f8272f90ad5c9d,rustme/lIlliIlliI.class,2433,2177
72ad248b9830dd5158bf64c76bffd6a6,rustme/illliIlliI.class,1903,1647
d28e0bab1023d98f8877f65776731f13,rustme/IllliIlliI.class,3594,3338
50f0d30236afc4c9ab8f7a9c63af857d,rustme/lllliIlliI.class,2392,2136
36452de15ebf0998abdb6561a37b5e05,rustme/iiiiIIlliI.class,1903,1647
2ab8c4d0e82230b69c15d356ab09d6ce,rustme/IiiiIIlliI.class,3361,3105
1be8e16ce66d77291fbc548cd620453a,rustme/liiiIIlliI.class,2391,2135
ed462e963b32178c35b45ea9d85868fa,rustme/iIiiIIlliI.class,1903,1647
b57d39b3579abe63d447a93869bad37a,rustme/IIiiIIlliI.class,3333,3077
da40eb9827a76d4acce639b456b63a84,rustme/lIiiIIlliI.class,2430,2174
4ae371db35221f0237b89f60d23f7387,rustme/iliiIIlliI.class,2644,2388
2d098c31927d987dca854f163004bc94,rustme/IliiIIlliI.class,1899,1643
7bec94da47b072ee77480ec846547efa,rustme/lliiIIlliI.class,2391,2135
d0e313724c62aceca8fa80e82a82ca1e,rustme/iiIiIIlliI.class,3503,3247
d9f6a7686281bfaed10428233bb3a3be,rustme/IiIiIIlliI.class,19390,19134
abf7b74f7f2939c45925e3c7644dac80,rustme/liIiIIlliI.class,2392,2136
b0415178979f83ab6700a1e8e2db7f31,rustme/iIIiIIlliI.class,1903,1647
238e26b46102213b247519a463c591ce,rustme/IIIiIIlliI.class,3700,3444
b11f52e0e23dd25d985ee5431cbce9bb,rustme/lIIiIIlliI.class,2389,2133
ffc34a8e93ead17834701bef4e328c8b,rustme/ilIiIIlliI.class,3204,2948
360ead6731217e9b0a5d811574a13071,rustme/IlIiIIlliI.class,2190,1934
9ba350463d836f49c14d332661772068,rustme/llIiIIlliI.class,2644,2388
a40212e2c1b399c68d776a85a4b43df6,rustme/iiliIIlliI.class,2389,2133
99e5050abac11c8c5bd6316d6a7511cb,rustme/IiliIIlliI.class,3204,2948
d697fc8f240922d19c759622502c698e,rustme/liliIIlliI.class,6779,6523
f5c4c1868f4a8da4d1d699e9ed3162a9,rustme/iIliIIlliI.class,2081,1825
9e16793e170072d873b48cff0b1793f0,rustme/IIliIIlliI.class,3202,2946
5278ab02dc12f05c41f323c8a6cb4812,rustme/lIliIIlliI.class,2081,1825
6f67cf2bfff318d90b279429c2c06249,rustme/illiIIlliI.class,3205,2949
56bc2bad2258ab0c45d03bb719d05533,rustme/IlliIIlliI.class,2085,1829
091b08e1b954545701b6849b48c5e154,rustme/llliIIlliI.class,1903,1647
cad536d7de2731375a7b7fe45a8455fe,rustme/iiiIIIlliI.class,3696,3440
4d2f5eb88a859b7eda746bfd72a2cc38,rustme/IiiIIIlliI.class,2083,1827
382ab773ea714670af8f66d502c1fff9,rustme/liiIIIlliI.class,2791,2535
2679db0c419848248019209ba44a203c,rustme/iIiIIIlliI.class,2083,1827
ec45ddb15e3bbf87f8b4d647319d4138,rustme/IIiIIIlliI.class,3337,3081
7edc96d6d6d59db51614a22edc10c7cf,rustme/lIiIIIlliI.class,7858,7602
cc8562bb2555f0c8b376f8e2999f26b2,rustme/iliIIIlliI.class,2391,2135
d57515e8dbbaf91df4a3ebdc63467bc9,rustme/IliIIIlliI.class,3202,2946
8fbb9ddf5e3202fa35b8db60ab8018a3,rustme/lliIIIlliI.class,2392,2136
14f65e2cb850ef64a68a2aed1f74881f,rustme/iiIIIIlliI.class,1903,1647
76bc5634c8aade1adcd99e251c586dc7,rustme/IiIIIIlliI.class,3330,3074
8980e8694176e0f3c0cb6c33676c7d06,rustme/liIIIIlliI.class,2392,2136
8c431481bd956f73dc985882f525ae55,rustme/iIIIIIlliI.class,1903,1647
f88ee13183050b36fa430c0524b305af,rustme/IIIIIIlliI.class,3333,3077
9b29a68ec92e63e9295d78b7a0da161c,rustme/lIIIIIlliI.class,2212,1956
ce28ea6ee4e01ffac27e80b36c2ae061,rustme/ilIIIIlliI.class,2405,2149
2fc291d6bd266c2946a2b974fdf1cc1a,rustme/IlIIIIlliI.class,3466,3210
ce7664f7171ae0a45edda20040bdbc83,rustme/llIIIIlliI.class,2392,2136
d17f29ecb90b1e5654aa077f257a7651,rustme/iilIIIlliI.class,1903,1647
f5fb10a3e48cb951f5aa9cbdf78de49e,rustme/IilIIIlliI.class,3331,3075
9b3589c059cdecae1d3f67783124363e,rustme/lilIIIlliI.class,2394,2138
b5a29a5223b5994956f1411a8bd3eaab,rustme/iIlIIIlliI.class,2331,2075
312f112531ef924f159c31bfe4b98a0b,rustme/IIlIIIlliI.class,1903,1647
e0f4d0ed2b9eec94e3e7700dcaf71900,rustme/lIlIIIlliI.class,3489,3233
e43557708d778ebaf61bdfc3fa380282,rustme/illIIIlliI.class,2431,2175
5c5af2f407333fa00ae96c8a9b3b4b6b,rustme/IllIIIlliI.class,3204,2948
d15584da6d14e155bf2705a566c04b4e,rustme/lllIIIlliI.class,2212,1956
7b96e1c704b4902c9b78df9c486e7bcf,rustme/iiilIIlliI.class,2406,2150
57b26f33093bb66de083e72e38d1ccf1,rustme/IiilIIlliI.class,1903,1647
6e9a78438f8ff679f670f4f20e67d87a,rustme/liilIIlliI.class,3828,3572
d570a8fec4bdb3b70d2ae96a0ce4c07a,rustme/iIilIIlliI.class,2229,1973
589d0af26ed666b8ee85b7d43ab74cbe,rustme/IIilIIlliI.class,2644,2388
22d40198cb542ea7b4544fd8f40ad194,rustme/lIilIIlliI.class,2405,2149
511ee49674d5106414af3bedc96dabb1,rustme/ililIIlliI.class,2297,2041
5081a2f2ee3b58fe61693304a939df41,rustme/IlilIIlliI.class,1903,1647
054bd77d9bd79100988936de8e167c62,rustme/llilIIlliI.class,3719,3463
ea1124b26803059fa0c76434c99a3296,rustme/iiIlIIlliI.class,2211,1955
8fac210f3755eb825234c493cc0b628b,rustme/IiIlIIlliI.class,1903,1647
9619b5ea708fa8a6ca1ec5ac212ec78c,rustme/liIlIIlliI.class,3333,3077
8d49a00267463df3514bc55e18edcd2b,rustme/iIIlIIlliI.class,2213,1957
6c625d1572c0c4d04cddbad5b7e142a3,rustme/IIIlIIlliI.class,2453,2197
b5427dc0e3e5f23194c7b0cd1b8ef52f,rustme/lIIlIIlliI.class,1904,1648
7f2ac00bb3a69f3863cd92253dabe485,rustme/ilIlIIlliI.class,3794,3538
0b88d60ff595dc6344e00c05c5d71483,rustme/IlIlIIlliI.class,2433,2177
a48973a8d06840a7a207d19a9b29c720,rustme/llIlIIlliI.class,2404,2148
a77dfced02c6872fe50ee0aca504a580,rustme/iillIIlliI.class,1903,1647
f9c3ab08ae577ac4d05baec4dc4d57fa,rustme/IillIIlliI.class,3620,3364
08957c76b0284f0f4233cc1e9c805fc0,rustme/lillIIlliI.class,2394,2138
a856d51cfbc04731c576edda97a3b9cf,rustme/iIllIIlliI.class,3364,3108
57d2d737b01a152105d72ca67b88156f,rustme/IIllIIlliI.class,1898,1642
b9b32ab3a5070ea4d23cf1293dedb90c,rustme/lIllIIlliI.class,2392,2136
a7349aa0be40b33b3ce1e0c256ef7cd0,rustme/illlIIlliI.class,3467,3211
4cb74633d06503a822b1db016ff1f18c,rustme/IlllIIlliI.class,17555,17299
6f47470e8fdd26ff743ebd8ac018834f,rustme/llllIIlliI.class,2392,2136
e1b4e8cb313aaa7b6da91f2359c33551,rustme/iiiilIlliI.class,3205,2949
22f22c07dbddc305c8f4c9415ac0d7cf,rustme/IiiilIlliI.class,2405,2149
9d2018257f2a320ed18ca59807feface,rustme/liiilIlliI.class,2467,2211
7ac3696c2df6b4a41c82447ec2d6b2fc,rustme/iIiilIlliI.class,1903,1647
95a9cd9b4be3cc67eff245a226feca7a,rustme/IIiilIlliI.class,3719,3463
d82737c6a84a4fb2bbe609152edb754f,rustme/lIiilIlliI.class,2392,2136
208242fb7f1dcd42c51c20e85ee0d252,rustme/iliilIlliI.class,3204,2948
0a905750bfacf14502e3b65ac9ea5c2e,rustme/IliilIlliI.class,2392,2136
c714477fb5ec16adc70b1f6573dc8238,rustme/lliilIlliI.class,1903,1647
7c2cd34f8598a776de2e8ae552c81c58,rustme/iiIilIlliI.class,3594,3338
cbb26b10256400bc868c3476204a0597,rustme/IiIilIlliI.class,2393,2137
667ff47faa2b7a190af88c78dbe9ed2c,rustme/liIilIlliI.class,2452,2196
a06161f41b873e17e251f207f2ad3c07,rustme/iIIilIlliI.class,1903,1647
c9fbb1fd4f77048329361ff8e02571d3,rustme/IIIilIlliI.class,3826,3570
d7a6952e76ca8326283d6a2e721f4807,rustme/lIIilIlliI.class,2392,2136
a97aebad75c4575dd6f321a45f2e17cb,rustme/ilIilIlliI.class,1903,1647
25043e88a39a0d84b4a987a8af59e095,rustme/IlIilIlliI.class,3333,3077
8bb9e534ccf46e29fbee84f9e756ac07,rustme/llIilIlliI.class,2391,2135
db0420adfae2b0e983d54f22d05aaf8a,rustme/iililIlliI.class,1899,1643
c26a8c628e0354edf132fbf5241ebecd,rustme/IililIlliI.class,3502,3246
0f5a4d59e50a4886ede9b3756b92a522,rustme/lililIlliI.class,9714,9458
59f6845f3221a20870dab88c8dfc9e6d,rustme/iIlilIlliI.class,2147,1891
a95464d70828d7d50564c46a4896df07,rustme/IIlilIlliI.class,2212,1956
e5eb92616c4a633621819cd9ea1aab88,rustme/lIlilIlliI.class,4552,4296
cf4de6c156c5d25d853c4326cf0f6846,rustme/illilIlliI.class,3244,2988
c4b03b07a9a7b9ac83ba3598547bc8e9,rustme/IllilIlliI.class,1899,1643
2688efbc03b42632005bcb9c7f0289a8,rustme/lllilIlliI.class,4016,3760
dc26467ea853ffe1336ac859b0a88fae,rustme/iiiIlIlliI.class,3466,3210
7fbf12f73498dc3cb36171569e8278c5,rustme/IiiIlIlliI.class,3248,2992
171f42382729569960c3c2dbe890caf5,rustme/liiIlIlliI.class,2213,1957
a072ec0caf3e247a9007ee5834d73d91,rustme/iIiIlIlliI.class,2405,2149
6e3c7c52c1ed5026193bb68e72be74b0,rustme/IIiIlIlliI.class,1903,1647
cee7dcdc520de0e5813d1f23508a31dd,rustme/lIiIlIlliI.class,3788,3532
9ea1dde057e380a71e2f42e12be8e8b4,rustme/iliIlIlliI.class,3248,2992
423cc7f7f6e95470fe5b3e6e73b2f10c,rustme/IliIlIlliI.class,1889,1633
08833e906cca99618aca403806502dd9,rustme/lliIlIlliI.class,2213,1957
c2f41e0b297b465702721183c481ffbb,rustme/iiIIlIlliI.class,3516,3260
be49b61f5ff532e8208679b33a070a9f,rustme/IiIIlIlliI.class,2147,1891
85cd9230ac69626e590d4bb3c1114bdd,rustme/liIIlIlliI.class,4500,4244
41ffa56b8f5db1af7719ef7c6947ffe8,rustme/iIIIlIlliI.class,3228,2972
09c63e19e9582ce473ac8b28efa9d589,rustme/IIIIlIlliI.class,11738,11482
9fc25839fc9b0de12c2e19d6d45f38d6,rustme/lIIIlIlliI.class,2311,2055
49ae756b250762d2eb8a302485207280,rustme/ilIIlIlliI.class,2330,2074
eb8a8af6a96e2d16d6cd9eb71a625c8e,rustme/IlIIlIlliI.class,2235,1979
26ba6eac97a07de3554be96b2f608f39,rustme/llIIlIlliI.class,1964,1708
d2a9dafe6bd3897ac5e77a09bf038b52,rustme/iilIlIlliI.class,2331,2075
ef97bbf4a80300982cb28d2d89768ccc,rustme/IilIlIlliI.class,4497,4241
55a8600421cb5d80afd4dc94a0ebeecb,rustme/lilIlIlliI.class,1964,1708
92d229b9da06f201c0cd80ebba5a80ca,rustme/iIlIlIlliI.class,2332,2076
eda5271fda11bd1da0d62d561574478b,rustme/IIlIlIlliI.class,4505,4249
5317d56e6439531d32f7472214e7287a,rustme/lIlIlIlliI.class,1964,1708
49b4a5efd0f902f8119c91cb36074d39,rustme/illIlIlliI.class,2332,2076
6a4dc9d98a3cd85bb85c681fc9161a36,rustme/IllIlIlliI.class,4505,4249
17d368bc1632f3c16c7979c9824bf77b,rustme/lllIlIlliI.class,1964,1708
e3c0380581cc6503d0bed7e8906a8fb7,rustme/iiillIlliI.class,2332,2076
329db1682a89e922ad7728fb75981080,rustme/IiillIlliI.class,4501,4245
8be200c8faa95562c981efb847152408,rustme/liillIlliI.class,6601,6345
bf57bb94439d3ccdf6b59b3cbc3be791,rustme/iIillIlliI.class,9169,8913
cff3342227de7127b505ba3f201280f0,rustme/IIillIlliI.class,21659,21403
4bdbb6c22e5c83f069eb88a301714109,rustme/lIillIlliI.class,2406,2150
7cbd28d962e5cc62dac8e7ef09327946,rustme/ilillIlliI.class,1903,1647
bda5b9804220d37e8328f6908943aae7,rustme/IlillIlliI.class,2946,2690
75ebda749989007678da8e9d40cae7e1,rustme/llillIlliI.class,3620,3364
9f33f3eab7375a73bb161241d8bc0482,rustme/iiIllIlliI.class,2406,2150
9fc70565409fd1df6bf3afb86f01c3ff,rustme/IiIllIlliI.class,2946,2690
aaed6bd0ba1167c8e045c17bd30af6d4,rustme/liIllIlliI.class,3591,3335
2e090df9ac2ec9c3c865acc1417e3445,rustme/iIIllIlliI.class,2596,2340
81c357da2252019255c1cf2f46a4e9e8,rustme/IIIllIlliI.class,2406,2150
caf0abef3ae8ae91f6eb6ddc2d37ff3f,rustme/lIIllIlliI.class,1903,1647
1c6e7ccb5a6bd4829357bb71327e8cf6,rustme/ilIllIlliI.class,2946,2690
4db04055dd8382023077fe4d010cc1ad,rustme/IlIllIlliI.class,3623,3367
3e7d59d3a0bb8650082befa7bf3f5955,rustme/llIllIlliI.class,2454,2198
1e6a01259ffd3f4fb0583adb35b60fc9,rustme/iilllIlliI.class,1903,1647
fbc0751e4dd6bbe671eaa18bb8a3722f,rustme/IilllIlliI.class,2946,2690
7356c5a1df9ee91852594b0f7e76dc15,rustme/lilllIlliI.class,3726,3470
8d52ef336375ed81ef9306c37e7eb63e,rustme/iIlllIlliI.class,2473,2217
d815202d4cbd0816e11772e7a9f77851,rustme/IIlllIlliI.class,2473,2217
176648fb97409ac8a7d722434214d5cf,rustme/lIlllIlliI.class,1903,1647
a1b63b97b378af1cee03dc9bf580930a,rustme/illllIlliI.class,3325,3069
88d6f93d993ded69a1adcea27f93be79,rustme/IllllIlliI.class,2405,2149
a293d42ab7309966f32b0b0863ec26f6,rustme/lllllIlliI.class,1903,1647
55d1bed5ac02661f48a83bbd61b3e7cd,rustme/iiiiillliI.class,2946,2690
ec3011e0941311e73c4eec23c9f2b939,rustme/IiiiillliI.class,3654,3398
14fab08a952c00a1f48774aa661b69c0,rustme/liiiillliI.class,1903,1647
e06fad374b5e1b462219f5c79f2091ca,rustme/iIiiillliI.class,3355,3099
5bbe56acbf1354dd2a786e8f084ecb34,rustme/IIiiillliI.class,2120,1864
8830ebd9f6385b8cb02a8a2b0fdd4f21,rustme/lIiiillliI.class,2331,2075
7a5ecf5de5fde8aba5b7c26ed6b7823c,rustme/iliiillliI.class,1903,1647
0a3f304241d4defa00e306cd5583db66,rustme/IliiillliI.class,3490,3234
3d5eb4c58d39f78380966852516d4e67,rustme/lliiillliI.class,2109,1853
ce7ea7e5ed09853938e3cfd54858c299,rustme/iiIiillliI.class,3544,3288
093ce11925034621ee628c5b3bc380dd,rustme/IiIiillliI.class,2120,1864
b328033790ecb79cca9b9f22bc6bbf6d,rustme/liIiillliI.class,3532,3276
e09b350d29e782dc41361eadcadfb2d1,rustme/iIIiillliI.class,2109,1853
e80e9f7ecd806332c10c0f4e460e175d,rustme/IIIiillliI.class,2331,2075
9deff3cee7abdf105bc1dc9950f081c2,rustme/lIIiillliI.class,1903,1647
5884cf164047c0ff4ce5f744107d13a3,rustme/ilIiillliI.class,3489,3233
111985ee06f289b1c0b16cac76980636,rustme/IlIiillliI.class,2109,1853
f13de677ed0c3411f2cc3d8f789a684c,rustme/llIiillliI.class,3528,3272
532da1fea8058c4c5e7f43c1466b4071,rustme/iiliillliI.class,2098,1842
6f59f7a2964f467a03f048527f2d463d,rustme/IiliillliI.class,2330,2074
c25ca1fcc6e640a30b234d2b52d3b103,rustme/liliillliI.class,1903,1647
7f8ec0ee48dfbd9a797528403fdbe2b8,rustme/iIliillliI.class,3489,3233
875f30756ec6667055600d4377c323c5,rustme/IIliillliI.class,2098,1842
1bbe71b22458016cbfce7dd5b60e3814,rustme/lIliillliI.class,3540,3284
4600c7717a3932e31e21d7a0b35a056b,rustme/illiillliI.class,2098,1842
76ffe681e7ee13b512f38400c8abe8c2,rustme/IlliillliI.class,3528,3272
e5495a34793361e0aa6c48cd59966299,rustme/llliillliI.class,2098,1842
bca3dc56c5b1c5f83dad0a37f99a5f56,rustme/iiiIillliI.class,2329,2073
c933d987a10243e06236fd568744be4d,rustme/IiiIillliI.class,1903,1647
04d684124962ffc4510de91e6db48e24,rustme/liiIillliI.class,3489,3233
d43d5458dec7da38e630f9cecd7114e8,rustme/iIiIillliI.class,2098,1842
adc30e80bb91351ff2f79060c88c9420,rustme/IIiIillliI.class,3524,3268
5c7a121466327582b04c2f4a660c60f9,rustme/lIiIillliI.class,2120,1864
0358353779c854b3630a4f847b2c60d1,rustme/iliIillliI.class,2330,2074
4709d725fb1ed67c045930fb7cd73486,rustme/IliIillliI.class,1903,1647
cba4315cb7450acbd5cf8368440c8dd2,rustme/lliIillliI.class,3489,3233
1d66b09804b0f4896f73627733f28111,rustme/iiIIillliI.class,2109,1853
c1483cc736614bb0281b284fd8f0e1eb,rustme/IiIIillliI.class,3552,3296
f61614549d7025cce115abde9f454aef,rustme/liIIillliI.class,2120,1864
75210491d0455f1c1291d96b2f50c60e,rustme/iIIIillliI.class,3540,3284
4ab333c2876676414076c3b23ebc2acd,rustme/IIIIillliI.class,2109,1853
bae0d984bbc593b7d3ee04fbc1e0c8ec,rustme/lIIIillliI.class,2330,2074
b21ea8fc5cdfc4d5267b85d0e80f6b6b,rustme/ilIIillliI.class,1903,1647
3fdc8cfa5d82acdfb1cddbad0777bae4,rustme/IlIIillliI.class,3489,3233
34b97192fe91771e19e627bbd39e1b45,rustme/llIIillliI.class,2109,1853
af8576d0e8c979cce9054c70d7e2c3f2,rustme/iilIillliI.class,3536,3280
776c1a0e43d88fdbc4f28f7e17ce7240,rustme/IilIillliI.class,1903,1647
85dc1788c98bb10e4ad8c527b09bfb4e,rustme/lilIillliI.class,3353,3097
161d0af30c7690ed3ab27265b24c6fed,rustme/iIlIillliI.class,1903,1647
6f411cef488df2bda3740d33b8e695be,rustme/IIlIillliI.class,3351,3095
868e59f003b454d735e4ea939c93e161,rustme/lIlIillliI.class,1903,1647
2f59bc0dac48c07d69a4593839aacde8,rustme/illIillliI.class,3352,3096
debbfb90efe33599ad9e7c381556c93a,rustme/IllIillliI.class,2597,2341
01aaac0c8a937011d1cdd47345ee3a04,rustme/lllIillliI.class,2406,2150
2235caf1c5e2a93ad8c9b377299ea96a,rustme/iiilillliI.class,1903,1647
01ff5087b53d41a7cc1c85446a7e3d9a,rustme/IiilillliI.class,2946,2690
75a48760287d5e737d21694e07b1243c,rustme/liilillliI.class,3623,3367
cfe3b519ba836bf6c2b5a99a04f0c966,rustme/iIilillliI.class,2552,2296
e59f099fd86a9f45c0c4c9ae49237763,rustme/IIilillliI.class,1903,1647
a882f4f816748a4f0f67e8ac45a9004d,rustme/lIilillliI.class,3351,3095
d23a9b2558a6308b3d02330ce1897021,rustme/ililillliI.class,2473,2217
e0f2bd3d037089b4401bcc8ff6e28fda,rustme/IlilillliI.class,2633,2377
73f22d877bbf629a842bddf582819ccf,rustme/llilillliI.class,1903,1647
365410f5d2451202d956458451c4ec03,rustme/iiIlillliI.class,3397,3141
84a16b9a9008c6848f1823030824476b,rustme/IiIlillliI.class,2633,2377
ad6345a87f09988cd4718ed2cf9a90a5,rustme/liIlillliI.class,2552,2296
5177960870acf98563a0817d328a88e9,rustme/iIIlillliI.class,2406,2150
3fdab0f8d287edf9cf6566e0c9f8e462,rustme/IIIlillliI.class,1903,1647
2630b9db7a9ca4436731c819fb3390f3,rustme/lIIlillliI.class,2946,2690
27f58343f3351aa1cb13b492d8c2cb67,rustme/ilIlillliI.class,3622,3366
b8af460cd6b8082a909b5f56d46d096e,rustme/IlIlillliI.class,2598,2342
b37dfec9e29fec84c5b4162ff55a6e34,rustme/llIlillliI.class,2473,2217
33aef55f6adf56a333b900c594761de4,rustme/iillillliI.class,2552,2296
3356462aa70c62964d0f0588748da55e,rustme/IillillliI.class,41206,40950
1d81eecacf8f529bfd3260bbf68c27c6,rustme/lillillliI.class,2455,2199
75274b76da774ae06ad2283a3632aad4,rustme/iIllillliI.class,1903,1647
0b40a803bad0fde5f1fa1a6ecbcef229,rustme/IIllillliI.class,4882,4626
1afe0b03ada245ff81070b3e17355ba6,rustme/lIllillliI.class,1905,1649
c38b06892d813a36ee628e8cf6e8a40c,rustme/illlillliI.class,2741,2485
5e414158b6eca6951e6b79be78ba47c9,rustme/IlllillliI.class,3080,2824
c4f4f4a35150c5791cdc593c54c57a57,rustme/llllillliI.class,2331,2075
a10c15e39b793579ca50087c9cecb850,rustme/iiiiIllliI.class,1903,1647
9b517eeb46d7234ba0354b4fa48a24be,rustme/IiiiIllliI.class,1861,1605
e103f273a68168aae1f70c54854d9316,rustme/liiiIllliI.class,5622,5366
3f48976f7e05e6325e9de74787af1db3,rustme/iIiiIllliI.class,2311,2055
1213047076e8f42ebfeb991eb3c96f3d,rustme/IIiiIllliI.class,2331,2075
dbe502fad450da076897225f61e0a7af,rustme/lIiiIllliI.class,3336,3080
1f0eff8d457846fa57b4401afd034930,rustme/iliiIllliI.class,1964,1708
d167caa625e33e8065dea62d7fca79af,rustme/IliiIllliI.class,2406,2150
9aed5cceb33ceadd1deb076c55db2470,rustme/lliiIllliI.class,1904,1648
7fab72ad2e37c32f4e6f4ac510a929da,rustme/iiIiIllliI.class,6012,5756
da22ef1eea3beffa4c2f57c5f417a515,rustme/IiIiIllliI.class,1964,1708
33f522c8a165b1c0b2d00be91db3aab5,rustme/liIiIllliI.class,2331,2075
cf0d49892613eb335c8a6159288cbc94,rustme/iIIiIllliI.class,5666,5410
129205d54ca67d07a638956a59803340,rustme/IIIiIllliI.class,1964,1708
dc9f7d9345fc5ea04250055d10d97ace,rustme/lIIiIllliI.class,2332,2076
d0e571f2380a5d82b3193936b52fb722,rustme/ilIiIllliI.class,5672,5416
38bd52d1b4d914ce3ebf00dec32818a2,rustme/IlIiIllliI.class,1964,1708
226645c4b8d9e645884d49cd88f1180b,rustme/llIiIllliI.class,2332,2076
43aa2ff1164ab5bbaf075465bdbe2c2e,rustme/iiliIllliI.class,1903,1647
d4859465ffd80f010b17f6b6f841b744,rustme/IiliIllliI.class,6002,5746
897ceb880e64b4fe38f09a4e7f8aa1fb,rustme/liliIllliI.class,2147,1891
e1e20da885ba52e25e7ae8bef4cbcedf,rustme/iIliIllliI.class,2040,1784
b939edd21909cbd1beeb0a9f9ac3d640,rustme/IIliIllliI.class,4751,4495
cef8f688f237d09f9a6b8cab0c5c2f6c,rustme/lIliIllliI.class,2147,1891
3c6a0ea29e2c683e4df428c60affbb77,rustme/illiIllliI.class,4626,4370
c9237792fa76e231d12906ee3880d4ac,rustme/IlliIllliI.class,1874,1618
4f33eb11fe3d7b2c76a8fa72406165cf,rustme/llliIllliI.class,2040,1784
9866eb0d1a8a11f8483b28a58e6e50da,rustme/iiiIIllliI.class,2407,2151
a6e057b84a0f9d90c55237ca2dee755c,rustme/IiiIIllliI.class,1904,1648
c28cb7c3672b76110457b7d6d3ae3e11,rustme/liiIIllliI.class,6011,5755
a5d7f9c6442f0284e546d9533624a22e,rustme/iIiIIllliI.class,1964,1708
2aa81aecad639efbeca5e2f0c7b52242,rustme/IIiIIllliI.class,2332,2076
0c1321a1af75f77d9848409dcb6c42fa,rustme/lIiIIllliI.class,1904,1648
861edadcc448f07a75932ff2719fc7c7,rustme/iliIIllliI.class,5729,5473
5444485c4f9b2250895799a7e05011f8,rustme/IliIIllliI.class,1874,1618
1f7d1ab302e32738a5569933ececb73a,rustme/lliIIllliI.class,2040,1784
1d5dad242750e1f5a75c9b279e0a683e,rustme/iiIIIllliI.class,2407,2151
39fda0e2f44d2568f64e2b98898447ff,rustme/IiIIIllliI.class,1903,1647
7b6ebc9cc968ecf94a894a21e1278d32,rustme/liIIIllliI.class,6051,5795
2fb1f2d192bf2834d0f07180abce1c0b,rustme/iIIIIllliI.class,2311,2055
d8720a3d61d2ada3a58bf6b58ef8d617,rustme/IIIIIllliI.class,2332,2076
3457066efeab79d2bf46e5b8e81dcac7,rustme/lIIIIllliI.class,1903,1647
550e45152c768ee7da3af6ce5d95bc18,rustme/ilIIIllliI.class,3539,3283
d9654c4f205e6e5c0b8a40634e1cc67c,rustme/IlIIIllliI.class,2147,1891
6dacbbe59e9413c6781dccc59f6d3b37,rustme/llIIIllliI.class,4586,4330
4ab5cc58dcf2cb5c4501b81e4e33f955,rustme/iilIIllliI.class,1964,1708
9ca8a682e518ce0473c17f200f629736,rustme/IilIIllliI.class,2406,2150
660b67a7db948a6bc93c47e014959f1e,rustme/lilIIllliI.class,1904,1648
901442a1dd59da75d23ea27d67ca63e9,rustme/iIlIIllliI.class,5988,5732
c999defe21cb08546a94abf5d91d8355,rustme/IIlIIllliI.class,3080,2824
0cf3d4070b0beea78c4b30199527d3b2,rustme/lIlIIllliI.class,2311,2055
a000f65a37065597f3c7bd825e02c5fd,rustme/illIIllliI.class,2406,2150
c5bcca5acf00d150e75842aa4cacd6e1,rustme/IllIIllliI.class,1903,1647
bea6fc264936cf2155dc2223e686f82a,rustme/lllIIllliI.class,3829,3573
65a2ed97b045218ee0bcf438b5205e64,rustme/iiilIllliI.class,1964,1708
22f74507426add4049268789d8256b1b,rustme/IiilIllliI.class,2331,2075
d9e76cf1e0af0e8d1c3a294f766e7a66,rustme/liilIllliI.class,1903,1647
473134af56d7f450b0c2121154af5ac2,rustme/iIilIllliI.class,5933,5677
216dda887d954c1f55989398129e14eb,rustme/IIilIllliI.class,1964,1708
63e20a91b9988e1a84170445370daeba,rustme/lIilIllliI.class,2331,2075
ab6906878cb09a0404f2c0016dbfbb1f,rustme/ililIllliI.class,5642,5386
49ab5e370b0ce293fb459eddd034a321,rustme/IlilIllliI.class,2311,2055
79c707c17fbc802cc6c5bdde9f29f771,rustme/llilIllliI.class,2331,2075
22afc6151d7c68fa26327c0c684d1141,rustme/iiIlIllliI.class,1903,1647
902dc57f30815da1fa42e3e7f724f9b5,rustme/IiIlIllliI.class,4641,4385
74058ffce9257ee96b810b5673d6fc2a,rustme/liIlIllliI.class,2311,2055
68f0ee7d1a59d7e6b81d5eb439450946,rustme/iIIlIllliI.class,2330,2074
51b5fa36e5536f8a36e31a7baac1c750,rustme/IIIlIllliI.class,1903,1647
ce78e9e8be5d0f9d6ad3f06e17da2e6d,rustme/lIIlIllliI.class,4662,4406
d2028cbfe115627ef7c99d6ed8865cbb,rustme/ilIlIllliI.class,2405,2149
ab68a3ce7333bb207c432c8f0fcffbd0,rustme/IlIlIllliI.class,1903,1647
2eca35db09e3cc4f0476f29f46078c54,rustme/llIlIllliI.class,4609,4353
107219136c776442e3cd47ba82d8e7e2,rustme/iillIllliI.class,1889,1633
9d3fb5d7b3dcc0ed2af9b4d217034f2e,rustme/IillIllliI.class,2332,2076
24220f1cdda21b9012bbcca489b73715,rustme/lillIllliI.class,4406,4150
0d18db089b9f2104b34c091599c48b51,rustme/iIllIllliI.class,2311,2055
2b72c8b8018812da1e9861c32e634d32,rustme/IIllIllliI.class,2330,2074
2caeb05572eab160db6617e23126d0e4,rustme/lIllIllliI.class,1903,1647
3f2c9dc1029a70e2efd5328563b85bd6,rustme/illlIllliI.class,3461,3205
09fc3cebd7fa767a0e2ce9ad7e69260f,rustme/IlllIllliI.class,2311,2055
7215865c3ad61183a6050395dc75feba,rustme/llllIllliI.class,2331,2075
70b8272baf38cc82ef23261eea717395,rustme/iiiilllliI.class,1903,1647
f01366e8d381ad17defa6199810d962f,rustme/IiiilllliI.class,4673,4417
b1fea213eb273e49c553e87da666b3ce,rustme/liiilllliI.class,2311,2055
9ac9fe025c0d3972b0fbeda8ebcef837,rustme/iIiilllliI.class,2407,2151
0bdbf239eb410c8af4d12979888460f3,rustme/IIiilllliI.class,1903,1647
a131c0ec62751eaae32af8b517f41baa,rustme/lIiilllliI.class,3743,3487
e392fb7bff0886b1e7ae506bb458ff05,rustme/iliilllliI.class,1964,1708
a0b49575ad6ba8426186c2917f47a17a,rustme/IliilllliI.class,2330,2074
681f37d622e9439e09b78620fea43c04,rustme/lliilllliI.class,1903,1647
ac78a6120b5b86283df85ce3a0f5844c,rustme/iiIilllliI.class,5649,5393
76734255d39ae44a4eb7a6b584f77582,rustme/IiIilllliI.class,2311,2055
70289d82a8e9e5feae62898ae0319af0,rustme/liIilllliI.class,2332,2076
8558b4e08476a2c9663c9a0d7618ee92,rustme/iIIilllliI.class,3521,3265
67d96665b127c708db8acf4b449cfe5f,rustme/IIIilllliI.class,2311,2055
da33eeb08d2b1a5d037c9240165459f7,rustme/lIIilllliI.class,1921,1665
91877f707033c16b3d10bb6de40d59f8,rustme/ilIilllliI.class,2331,2075
300f7cb3d49ade6ecbecd1f81b333002,rustme/IlIilllliI.class,3508,3252
88a38f336d386f0b463c1279a99cdcb5,rustme/llIilllliI.class,35060,34804
95a0415ffb966a5dc51c303e63b3a5b8,rustme/iililllliI.class,2256,2000
0b7df9104df24e3ba5b52cb034fe9541,rustme/IililllliI.class,9565,9309
2bd72d0dfc364914222be50e92ba4a15,rustme/lililllliI.class,2311,2055
e961e668c43fe73278bf1beed6ee0305,rustme/iIlilllliI.class,1921,1665
377484e6b7f4376d35110361c1675606,rustme/IIlilllliI.class,1923,1667
fc91759c94b7b2ef1a850280ba20be7a,rustme/lIlilllliI.class,2370,2114
0b95282bd1b86017044795c5e080cf11,rustme/illilllliI.class,1904,1648
f8b4da5833f2494eb0aebab215d475a3,rustme/IllilllliI.class,4080,3824
64aae5762b19352c743d4aee40c25298,rustme/lllilllliI.class,2311,2055
1c05d52a70468bc3ef3eed1fad42b143,rustme/iiiIlllliI.class,1922,1666
d82177a6c5bb4c15649ae4c5ef651b6d,rustme/IiiIlllliI.class,2330,2074
5d4a81e9dafcfde0f2b1a4728b864c64,rustme/liiIlllliI.class,1903,1647
8669f01e2fa90419545a955f78d4b0e3,rustme/iIiIlllliI.class,3758,3502
8d9a2a5dcdc58150457eea365a6a0cdf,rustme/IIiIlllliI.class,1964,1708
41152c93b4a45146599787e7248272a2,rustme/lIiIlllliI.class,1921,1665
a6d5cb912b34a44c415c2fd1e39ea67f,rustme/iliIlllliI.class,1922,1666
dc388bdb255d873db675d812e61fa1df,rustme/IliIlllliI.class,2941,2685
b08c27a3061dd2131bc21fd80df17f49,rustme/lliIlllliI.class,2444,2188
38192ec7264b0a43ef8df52506989616,rustme/iiIIlllliI.class,1903,1647
51c3911460a5b8cfd59a67111707511b,rustme/IiIIlllliI.class,6098,5842
0345b32328a60d2bff1a0857ae33c43b,rustme/liIIlllliI.class,2383,2127
80e17c09f7b00d4e050677ee4aa67185,rustme/iIIIlllliI.class,1922,1666
335c79046cd85673b98b300f3e6aafc7,rustme/IIIIlllliI.class,2331,2075
648f2edbe49e7d4a9425fe611ea6c943,rustme/lIIIlllliI.class,1903,1647
750c5e3b8b33dee8254135b37e23a66d,rustme/ilIIlllliI.class,3759,3503
5c96396c87a047f49c31a34d6bcfb337,rustme/IlIIlllliI.class,1964,1708
cb8f174aceda66521c88cd285b6c43cf,rustme/llIIlllliI.class,1922,1666
3fe70264cb84daadbe891986b4eb0df1,rustme/iilIlllliI.class,1903,1647
bbd5f078b08426358c3322caa649b9cb,rustme/IilIlllliI.class,4982,4726
0c9997cc0bf7864792700d4d64cb17b4,rustme/lilIlllliI.class,1964,1708
58bc0ccc0affe9acd0562ab2a69c161a,rustme/iIlIlllliI.class,1883,1627
0878c8dd2a3ba8b2ea7dc1030803371e,rustme/IIlIlllliI.class,1903,1647
ea06bbfe1e8ba10636c7b5cdcb6bcfd0,rustme/lIlIlllliI.class,4970,4714
784ccfc5d6430e038352f507e1407e69,rustme/illIlllliI.class,1964,1708
62ede29df532332f7288225f1c6f80b0,rustme/IllIlllliI.class,1883,1627
d0b5afac8187478de093571c097e280c,rustme/lllIlllliI.class,1903,1647
6436226483d1e31a3832944de8fd4573,rustme/iiillllliI.class,4850,4594
1f392b9c6bd618df2d9658b68fa2fc4a,rustme/IiillllliI.class,1964,1708
56de225b3b915ef48ab60ee66f8bb9d4,rustme/liillllliI.class,1922,1666
6218f78857ed7fef579db9694795300f,rustme/iIillllliI.class,2331,2075
df338f5c10833c2058ee0bae4d0c4afb,rustme/IIillllliI.class,1903,1647
91502ab2a2a530c52ee809b2b53d2b51,rustme/lIillllliI.class,5875,5619
8440306f9737112990af2bfabca7a63a,rustme/ilillllliI.class,3176,2920
23c9522762484a670614c7cd8c99be08,rustme/IlillllliI.class,1921,1665
878b2bb149fc4c18004d46d11264f432,rustme/llillllliI.class,1957,1701
2d61735a5839958f841243620bccdcaa,rustme/iiIllllliI.class,2369,2113
6260af03052c38cc1fa95ebd3d9e3c88,rustme/IiIllllliI.class,1903,1647
ab1e1d47c42036e9c28e0d987a8db9c5,rustme/liIllllliI.class,4930,4674
f20449967bf8c5c1d5882007cf05d5b7,rustme/iIIllllliI.class,1964,1708
7d10673157095a63c0fb8a63136c2efa,rustme/IIIllllliI.class,1923,1667
b3d6d7f396e161f6294a09486203b655,rustme/lIIllllliI.class,2329,2073
920eab2aadd49398dd763b0d34dd44d4,rustme/ilIllllliI.class,1903,1647
27abf1432f57d83a0ae080542e9f8d24,rustme/IlIllllliI.class,6124,5868
aaac457f2f61e45f175d5731adc3a292,rustme/llIllllliI.class,1921,1665
a82c6e484c5673071310d7d1597f362f,rustme/iilllllliI.class,1957,1701
14a16523be0ad2c6f193cd47aba0e313,rustme/IilllllliI.class,2368,2112
4310cedef4be8c16d2098d11a79b4a96,rustme/lilllllliI.class,1903,1647
f1ed1d8d4def1e0b8d8e22cc6f9e6352,rustme/iIlllllliI.class,4967,4711
006aa3c326f5097bb566ec0d0aa0793f,rustme/IIlllllliI.class,2311,2055
df2ea87b72ad632a211385a9c53818ab,rustme/lIlllllliI.class,1922,1666
a957e4c8f6dce876cf4e4bd903a8f5ed,rustme/illllllliI.class,2405,2149
9b106ac5ecb2914ff89186be189246b5,rustme/IllllllliI.class,1903,1647
3f411cd45ccc415beffa72f7c5a6a8c1,rustme/lllllllliI.class,4095,3839
60da8c17dfea4f57a4ec449a846d14b4,rustme/iiiiiiiiII.class,1964,1708
e63ea4d407ddc113b76a8dcf9c9704c9,rustme/IiiiiiiiII.class,1883,1627
461dcbe7aa9c74ee8c8bd874883a3cb2,rustme/liiiiiiiII.class,2331,2075
4a415f14a1f69581bc9b2d520c3a6113,rustme/iIiiiiiiII.class,1903,1647
6d8bf9979952a6b30e478330ece2f540,rustme/IIiiiiiiII.class,5862,5606
a04da598a9af88d4d0ab0703a6533b27,rustme/lIiiiiiiII.class,2311,2055
c264e9bb14758f1fde13d478e0e4ed77,rustme/iliiiiiiII.class,1921,1665
2ddd1b1237f692a957abe1c33fe381c8,rustme/IliiiiiiII.class,1923,1667
03249a151d8e08bb0f24bdb6ed630f3b,rustme/lliiiiiiII.class,2370,2114
59f6037733e7a7eb93c8b89d33d3b5a5,rustme/iiIiiiiiII.class,3024,2768
66652ec04f04c81e9afa28fd932171fe,rustme/IiIiiiiiII.class,1964,1708
909ae7ccee250a2f3149e74754828936,rustme/liIiiiiiII.class,1923,1667
a63ccdc0bd5b7bb92babbb0180bf5dd5,rustme/iIIiiiiiII.class,1921,1665
1dcadd07314e10b6aedd2be3dc67d1a5,rustme/IIIiiiiiII.class,2443,2187
0711079f8ad4cfaac8d7b3cc25624acb,rustme/lIIiiiiiII.class,1903,1647
bd13aa638b8b765ce2af2624a82019c5,rustme/ilIiiiiiII.class,6074,5818
d9854c5e2c140ab589ee11404256f73d,rustme/IlIiiiiiII.class,1964,1708
6fab41a487ed3c8e60b2bd3d1fc9e963,rustme/llIiiiiiII.class,1921,1665
6d9c34fb224808f1c20c0ca51854438b,rustme/iiliiiiiII.class,1957,1701
da7849a503fa1f0d361815f75dfdd5ce,rustme/IiliiiiiII.class,2368,2112
3aafb452990f4831c523cc7379d53f6a,rustme/liliiiiiII.class,1903,1647
58f9378d5f63dbdb693c7d13a3ed478b,rustme/iIliiiiiII.class,5916,5660
a00d004d742a7600ecaa940f681cdbd1,rustme/IIliiiiiII.class,1964,1708
4c72585faf65f95d6ac79ae1da26a458,rustme/lIliiiiiII.class,1922,1666
7a1668844c309afa8e1681c3479049bd,rustme/illiiiiiII.class,1903,1647
c6b79031658848245401f6bd5a33f141,rustme/IlliiiiiII.class,4950,4694
a0c16eeccfc6c55700510d1e28aab25a,rustme/llliiiiiII.class,2311,2055
218fcb262a1b2a5cd28943304ed73299,rustme/iiiIiiiiII.class,1922,1666
3b2bbd8057f728046bccf2056943cc7f,rustme/IiiIiiiiII.class,2331,2075
2507cb86d651c72f48a043332f5f993b,rustme/liiIiiiiII.class,1903,1647
89ee89d97ac5382cdf347e37f5f66cec,rustme/iIiIiiiiII.class,3758,3502
18c3b583ddd701d000612b22fca73f38,rustme/IIiIiiiiII.class,1964,1708
23725238a105a9e20c4c2c9550d9d469,rustme/lIiIiiiiII.class,1922,1666
58975453004779409b3498c7088122e7,rustme/iliIiiiiII.class,2331,2075
8664eec6b9c2b0968fb7b596cea3905e,rustme/IliIiiiiII.class,1903,1647
261589d46aaa8e8e62cd9a7d1aeef0db,rustme/lliIiiiiII.class,5838,5582
0902c54a6d5c8653ab48f215d41dfbcb,rustme/iiIIiiiiII.class,2311,2055
d711f54ff78c4b6420863c0f4037c1a1,rustme/IiIIiiiiII.class,1921,1665
a9cc9c3c3086e5940da66abe48e9679c,rustme/liIIiiiiII.class,1957,1701
6e12f3a85fca29c8cf9f290411c23eb8,rustme/iIIIiiiiII.class,2445,2189
ab54bed463488850e0dde87d384ac3c7,rustme/IIIIiiiiII.class,1903,1647
e2223bc3a6618b3e21615c85d613f0b0,rustme/lIIIiiiiII.class,3954,3698
f3561708f65580106f19bfd134e939c0,rustme/ilIIiiiiII.class,2311,2055
abccc15368f0a5a493af435aec40e582,rustme/IlIIiiiiII.class,1923,1667
02bf28f0705ee389fc64beab6d9ba3c1,rustme/llIIiiiiII.class,1954,1698
a26ddeaf352c824f1a523320dc0d6535,rustme/iilIiiiiII.class,2406,2150
97df71e3259481d22a7613ff1678b08f,rustme/IilIiiiiII.class,1903,1647
fdb6bbaadf51d7e2d57021f989e32552,rustme/lilIiiiiII.class,4229,3973
92191c7718ad75107ec3bd6b0be1cf94,rustme/iIlIiiiiII.class,1964,1708
a736a2d99e8f6fc8951b4a86fa4eeff0,rustme/IIlIiiiiII.class,1924,1668
08070bb14470ad1a2c0d776760166284,rustme/lIlIiiiiII.class,2455,2199
4c35f556bfec3df1bdba800d139f0ee0,rustme/illIiiiiII.class,1903,1647
3ffdf6184079cad0d46ef5f6e55d6600,rustme/IllIiiiiII.class,6147,5891
c46abaa7a4320a0f2c2a6603bcab48e1,rustme/lllIiiiiII.class,3229,2973
ba46969a064ebb3f54d56b24bc7a35ee,rustme/iiiliiiiII.class,27463,27207
be76eb2239266cb462022b05d4314e52,rustme/IiiliiiiII.class,2256,2000
bd20cc3991e67d55f2da002b60183d98,rustme/liiliiiiII.class,7075,6819
31c2fa65265ceaba9863407ead7effdd,rustme/iIiliiiiII.class,2142,1886
11b4ad2bea03b73fcf63d2fa85b6d338,rustme/IIiliiiiII.class,1895,1639
6b22b7955490b3fd9ebcb03413bec83e,rustme/lIiliiiiII.class,2189,1933
308daef69ee554db8838a48b9208826e,rustme/ililiiiiII.class,2102,1846
ee16ad7c68aa14e1a03c61949a768096,rustme/IliliiiiII.class,1960,1704
7dfc5626a4f06ce11958f274acc354cb,rustme/lliliiiiII.class,2189,1933
a021f9eb1f5a33ec0c347f67139257bf,rustme/iiIliiiiII.class,2142,1886
d29026e93248d812ed898a2ed8b2111a,rustme/IiIliiiiII.class,1895,1639
7c41a08a4f28741081adda1ea5020eb5,rustme/liIliiiiII.class,2189,1933
76ee3442bfa5907d91a5ce516c316907,rustme/iIIliiiiII.class,2142,1886
d4bb260026038fb722e65968620296fb,rustme/IIIliiiiII.class,1895,1639
48e1c6e1956035ef04ad7d8c2b5ac691,rustme/lIIliiiiII.class,2189,1933
ab704dc9129a492052d14431814d1622,rustme/ilIliiiiII.class,2143,1887
dd36d986ca5f302fbc9a2d474fa8d81e,rustme/IlIliiiiII.class,1895,1639
01d8735a6a5caf4f0ff45ae29bf2eda1,rustme/llIliiiiII.class,2189,1933
759abbc279e93cc298f323309a676a23,rustme/iilliiiiII.class,2142,1886
bade22c76efd0e4329c248583340831c,rustme/IilliiiiII.class,1895,1639
b7ddda76a4c363ce678aabe9622dfde8,rustme/lilliiiiII.class,2189,1933
0820c08b870d32c111745e341f337456,rustme/iIlliiiiII.class,2142,1886
1dfd860819cc9033088a277f2a88316a,rustme/IIlliiiiII.class,1895,1639
e4fa444ec928c545c6ad69b9f9a14f5e,rustme/lIlliiiiII.class,2189,1933
6ac3ef1ec3da36004941159a3602612f,rustme/illliiiiII.class,2102,1846
c621cf92c082663e8954970394118d03,rustme/IllliiiiII.class,1928,1672
f2a9108c133911c1a2f4b39b657a4915,rustme/lllliiiiII.class,2189,1933
2af43910272f2063efdec40ca8d493d4,rustme/iiiiIiiiII.class,2142,1886
4b7444bc8419f89a8d18defa97c2f30b,rustme/IiiiIiiiII.class,1895,1639
77b56667ba36327191e707a7e1a416f6,rustme/liiiIiiiII.class,2189,1933
bf27894a68b00be0d2c87459b3aeb584,rustme/iIiiIiiiII.class,2142,1886
8a212c65177b7f93a87f0d9ee16843af,rustme/IIiiIiiiII.class,1895,1639
13b2b61fca1ae74bc7e034714ca11c05,rustme/lIiiIiiiII.class,2189,1933
45e52ac6f9b4335294e348189ff4b667,rustme/iliiIiiiII.class,2142,1886
c81ad8e9fcedc4ceb5fe29962f146e84,rustme/IliiIiiiII.class,1895,1639
9a27a9bf2f20fda312bf97bcd70a654b,rustme/lliiIiiiII.class,2189,1933
ad578beac535cd7f59ef23e96224abb7,rustme/iiIiIiiiII.class,2142,1886
7930165718db0d1e9c50a79285d9964a,rustme/IiIiIiiiII.class,1895,1639
7dcd365dd36ab2a97ae4d6b533ce56c4,rustme/liIiIiiiII.class,2189,1933
a64f70deba9e3083e7fc86ba2f52129e,rustme/iIIiIiiiII.class,2027,1771
bae5aa4bf752860c3eafb74483f400a1,rustme/IIIiIiiiII.class,2061,1805
16c485ec9c8f36261e7b08af7cbed2f9,rustme/lIIiIiiiII.class,2027,1771
3dabace5fbae06180ae612efc6a43e17,rustme/ilIiIiiiII.class,2061,1805
b7dc3b0fe70152168a00653ad2297f5c,rustme/IlIiIiiiII.class,1941,1685
960eedf61eb4645942399a75dc819a23,rustme/llIiIiiiII.class,3204,2948
e0181039a1ced1f17647ecf3092c0e05,rustme/iiliIiiiII.class,1959,1703
40eac4a2e642dea38abe6506fedd33e0,rustme/IiliIiiiII.class,1936,1680
62a84243a853d97cae8f9133074b32a9,rustme/liliIiiiII.class,2189,1933
6b09ae702e0d78ee6d237a3a14a5d25c,rustme/iIliIiiiII.class,1960,1704
146e4651af5068330fdd528776ecf79f,rustme/IIliIiiiII.class,2061,1805
4912986e9534c70c2c110cedf817af5a,rustme/lIliIiiiII.class,1960,1704
c69e2a9abc6e35b1d79f58f764b8a525,rustme/illiIiiiII.class,2061,1805
581c054032d45a45202f3c1bf980d295,rustme/IlliIiiiII.class,1959,1703
8d7668f285602d30db5136056ab4bfb6,rustme/llliIiiiII.class,1936,1680
b78d217fd403db076a7a6f1ca1a2fcb5,rustme/iiiIIiiiII.class,2189,1933
59e948134e6375d8c83e2524dcfb3b8b,rustme/IiiIIiiiII.class,1960,1704
ae6f1e65afd2bff0aa29b7831e88deb0,rustme/liiIIiiiII.class,1936,1680
62892eb29352cd02949ee62c72c38977,rustme/iIiIIiiiII.class,2189,1933
6a0b45ad64a6b22e67671a4a739fa6ae,rustme/IIiIIiiiII.class,1960,1704
37d82d6badfc4084165d004502f04706,rustme/lIiIIiiiII.class,1936,1680
2a932a063199c9573058233175456560,rustme/iliIIiiiII.class,2189,1933
26462ac8aed36fd44e66da2be0952ca3,rustme/IliIIiiiII.class,1960,1704
8f89a8c0fbee7c1551d0db88282bfe1c,rustme/lliIIiiiII.class,1936,1680
31502c66eb4df01ba833297c573c9c71,rustme/iiIIIiiiII.class,2189,1933
212cf25f45734c3cc30d603da5f0fc46,rustme/IiIIIiiiII.class,1991,1735
18b4f54b122601d37715c6c3e2c39634,rustme/liIIIiiiII.class,1936,1680
8933bda80c95e1323bec535414709a3c,rustme/iIIIIiiiII.class,2189,1933
386859a730db555860cbe6aff351a690,rustme/IIIIIiiiII.class,1961,1705
657c7a26710de61d21c0544843161359,rustme/lIIIIiiiII.class,1936,1680
fca2ca361a1161fb72269fd3f6da5668,rustme/ilIIIiiiII.class,2189,1933
7309292bbb92e607526865b4ed3817cc,rustme/IlIIIiiiII.class,2027,1771
657e081ad3a1f9d033a7b5b5c029838a,rustme/llIIIiiiII.class,2061,1805
2c57c052cc8ac641a56a4f81e94dbac5,rustme/iilIIiiiII.class,1927,1671
56a4928c684e64d18e6f2151e45dfb80,rustme/IilIIiiiII.class,2061,1805
e95ab2bdcc291a4626408a7f1058b46e,rustme/lilIIiiiII.class,1992,1736
b12209633f8d2f8e7d1ba537f384a3a3,rustme/iIlIIiiiII.class,1936,1680
45e998831c1ffb01e0aad59ef4687d6a,rustme/IIlIIiiiII.class,2189,1933
ed5d0c3bdeb96dcc6a6635a8afddd732,rustme/lIlIIiiiII.class,1960,1704
6e41c7bdf6176faa76724b20b38a80a8,rustme/illIIiiiII.class,1937,1681
56e8d3119b224708e97f39f751c2de72,rustme/IllIIiiiII.class,2189,1933
1523d55eb7be12132d3e088bdd5ddb36,rustme/lllIIiiiII.class,1960,1704
0d7d0d5841fffd7664a9bbf9a7981e12,rustme/iiilIiiiII.class,1937,1681
9608d8776b02d4d16e9ffd54884595a0,rustme/IiilIiiiII.class,2189,1933
46bee9930fb0d13ab7e2006ba30c43c7,rustme/liilIiiiII.class,1961,1705
79f0a28787c9ba1eede5f04a24d7e557,rustme/iIilIiiiII.class,1937,1681
2ba65132e5d23a4f42bc5f067b086e45,rustme/IIilIiiiII.class,2189,1933
d157153dee3b0e3293fccf45c7fc30c8,rustme/lIilIiiiII.class,2142,1886
ccebdd28c9ee00911e33f31fd14543dc,rustme/ililIiiiII.class,1895,1639
6ca47d1048b4b1a245a4f8439f6157bb,rustme/IlilIiiiII.class,2189,1933
9af7f2ac6209bc1a34214fd7bc653296,rustme/llilIiiiII.class,2102,1846
18cde5e80fc8cdb42faa8782d9d26297,rustme/iiIlIiiiII.class,1961,1705
b8ba9af081b22eb9cd0a345c93feb476,rustme/IiIlIiiiII.class,2189,1933
484d5e0fad04220dbbe29d9cabc94a0b,rustme/liIlIiiiII.class,2142,1886
1847aec2f6f67bc36d28b6ad94ccb437,rustme/iIIlIiiiII.class,1895,1639
0fc7a461ce7f365cf3a77d1314204041,rustme/IIIlIiiiII.class,2189,1933
9ce050377955c87cef224d659f884235,rustme/lIIlIiiiII.class,2142,1886
5777ce23226bf9f5903fe032f34cf09c,rustme/ilIlIiiiII.class,1895,1639
880d6f7ab31ce87d1ba37669d96b141d,rustme/IlIlIiiiII.class,2189,1933
7cbcee73cdc8036c291edf3d2d4ba5ad,rustme/llIlIiiiII.class,2143,1887
3c091ea8a20ea26ce4def5ab42fc4fa3,rustme/iillIiiiII.class,1895,1639
fef76e56867a6de310038b527ccaf897,rustme/IillIiiiII.class,2189,1933
84e281b62880468b003c04f0a4f04753,rustme/lillIiiiII.class,2143,1887
6a5b0609f2ce01ad260d760f9e0cba12,rustme/iIllIiiiII.class,1895,1639
083022400412915251aab07556dce500,rustme/IIllIiiiII.class,2189,1933
7bce4e7fcf25f03f5774364acb78b700,rustme/lIllIiiiII.class,1959,1703
fd151e9832a81219cf992a4c18ceec84,rustme/illlIiiiII.class,1936,1680
8dfda36cb78809019083dd5d8e6eac82,rustme/IlllIiiiII.class,2235,1979
9937e94e1b86c8a59969670db9103844,rustme/llllIiiiII.class,1926,1670
a0e1ac6360db000b6aa402d992c09345,rustme/iiiiliiiII.class,1936,1680
282e1ca87665c63f6e1a39d9687ea35f,rustme/IiiiliiiII.class,2189,1933
1b6cd461c3eddc3494dcc9f5a7d0681a,rustme/liiiliiiII.class,1928,1672
b2be1364011b094bd7d83be0498e6f0d,rustme/iIiiliiiII.class,1936,1680
5abf0f0569d016c003ca44293038cfb6,rustme/IIiiliiiII.class,2235,1979
44c5e87a6ba953900b7435292bb190e2,rustme/lIiiliiiII.class,1959,1703
8868ebeb0c0e99acf66036631b80ad20,rustme/iliiliiiII.class,1936,1680
11aa7cafd1774d65595d128146e9b8f2,rustme/IliiliiiII.class,2235,1979
8092c58f29a3ea9e7f4c60acae495cd1,rustme/lliiliiiII.class,1928,1672
b3d8a9a0e9116b3ab8e69809c4c035a3,rustme/iiIiliiiII.class,1936,1680
75420252315262b800cea14d2d8ad31f,rustme/IiIiliiiII.class,2235,1979
0c80ba44076049fa4f5f84a06c60e43c,rustme/liIiliiiII.class,2027,1771
6d2fe51987c97b409962f758c3f46c1d,rustme/iIIiliiiII.class,2061,1805
2bcc57aff322b0742346ce439c6a700a,rustme/IIIiliiiII.class,1974,1718
2937cff361bf95ad914fdc4cc850b616,rustme/lIIiliiiII.class,2061,1805
ce6fbfa36fef13465b4abeced742cc5a,rustme/ilIiliiiII.class,1976,1720
a300dea3b59d2eb7bb80ef489e425766,rustme/IlIiliiiII.class,2640,2384
46897af617158d9344ffa6365288d024,rustme/llIiliiiII.class,2027,1771
bf62066561763777e8922015c68e888b,rustme/iililiiiII.class,2061,1805
e48614bac75a11078906322791192868,rustme/IililiiiII.class,2027,1771
b9d9d224ada047be9c8d2a4d3f27a30e,rustme/lililiiiII.class,2061,1805
b62fa44500b21f6a201c6f74306e076d,rustme/iIliliiiII.class,80913,80657
a0a29d987ffb925a1c6ddc34c9036caf,rustme/IIliliiiII.class,3482,3226
68646d520c184d6a7c1c999e017c8ca3,rustme/lIliliiiII.class,3486,3230
5cebc8538628d65f1c435ca39dc588c3,rustme/illiliiiII.class,3490,3234
9af9ba438082b63106f18068ff8e2b6c,rustme/IlliliiiII.class,3476,3220
0f0d6c97194b4eece6454b5b546b0e68,rustme/llliliiiII.class,2182,1926
2efba7b4e89f45c4034c88ee9a3b74d7,rustme/iiiIliiiII.class,1898,1642
d5142586ce1c7344ae1ea485f80ba58a,rustme/IiiIliiiII.class,3034,2778
a68f04329d3bdabffea6a2c86fc40995,rustme/liiIliiiII.class,3514,3258
c312650e6a47a0a4558ea9f3275f3e25,rustme/iIiIliiiII.class,2182,1926
ce1f0f0334615bd4e6ca0ec7a56ca635,rustme/IIiIliiiII.class,1889,1633
afe8469a4c6a050b50e03569edb273e8,rustme/lIiIliiiII.class,2331,2075
35562ebf4e84f7bd36260fa210c02cd8,rustme/iliIliiiII.class,3597,3341
7193e1f3302ac855f41fb3930336018b,rustme/IliIliiiII.class,3518,3262
9537dc92cd56a1130017fe3a23b67d12,rustme/lliIliiiII.class,1994,1738
42a0f400d4df4eb6ce061e33a9015419,rustme/iiIIliiiII.class,1939,1683
d6fa060270f098a9d79c6bed1180381b,rustme/IiIIliiiII.class,1897,1641
e95f7600f5c9f39adc888faf286c5b59,rustme/liIIliiiII.class,2978,2722
2b6637014b555c7bca83eefd47f0b461,rustme/iIIIliiiII.class,2182,1926
59cc7887fc011f3eb37d6dc4266f7ef8,rustme/IIIIliiiII.class,1898,1642
46d6b2aed0c3b47f88a477ae85826e39,rustme/lIIIliiiII.class,3115,2859
37bb8f2b206693d14f3d04dfd2207d49,rustme/ilIIliiiII.class,3526,3270
284b562ccd1c3a5391ab561923e71543,rustme/IlIIliiiII.class,3522,3266
cefd9a6e5ea0382dd2f2d395ab6b5fe1,rustme/llIIliiiII.class,14972,14716
e1b09b4b57740fa304908be0d4b0b079,rustme/iilIliiiII.class,2384,2128
41fe21a9ada02a5d6fc69bc5c11c3d05,rustme/IilIliiiII.class,3474,3218
77002db38e134b179b2cc8395e79ea79,rustme/lilIliiiII.class,1921,1665
8167dc10cf7860d5397ef7014985e5ce,rustme/iIlIliiiII.class,2445,2189
80e2e9097f6a8177e0bbcdcf0e81d10c,rustme/IIlIliiiII.class,3746,3490
16ecca1518fdaee0848184afc73002de,rustme/lIlIliiiII.class,2311,2055
c685ef6310aa18af67578fbf0464c20a,rustme/illIliiiII.class,2047,1791
be677569f534732952b6e825cb124767,rustme/IllIliiiII.class,2405,2149
f4bc56ff58e81ba8fc84f7c0ce1ba271,rustme/lllIliiiII.class,1903,1647
cd4b4c2dfc63a72df6faf3ffecc266dd,rustme/iiilliiiII.class,4039,3783
dd66213812a2f1d8e8b3f422212a5bd8,rustme/IiilliiiII.class,2384,2128
eb55ef5fe1676435b433dc94eefbd24e,rustme/liilliiiII.class,3406,3150
852ada7cfb2da2419099cb0db88d1137,rustme/iIilliiiII.class,1898,1642
f66c08ab49b68ff488f98e96c11f8e01,rustme/IIilliiiII.class,3485,3229
3695b9ce4b6e92d8e313b9c0ff716f54,rustme/lIilliiiII.class,2311,2055
ff35180897d7885bba246bbecf2fd720,rustme/ililliiiII.class,2405,2149
7aaa8d6239a151f26d6b7b03943852ba,rustme/IlilliiiII.class,1903,1647
9b5b37243baa9b65b3dd78b073d87cc8,rustme/llilliiiII.class,3786,3530
7e5495202946e1ed0447bc6a5d750f8d,rustme/iiIlliiiII.class,1921,1665
96ffb318efcbecc0978e78fa5f5509c8,rustme/IiIlliiiII.class,1899,1643
5fa7f9ac1995fcba12bb0459ceba113a,rustme/liIlliiiII.class,2371,2115
c6701a4d3a09ab2dd509463784233664,rustme/iIIlliiiII.class,3822,3566
2731ce8b94bbe43d2f2c94db83a3cd60,rustme/IIIlliiiII.class,2311,2055
076bffb908aebc41ee86e0b7e278b112,rustme/lIIlliiiII.class,1921,1665
f9b6d3df754bb373f3ba32e5f31a0eaf,rustme/ilIlliiiII.class,2445,2189
bf8a26c207cb09563e962edba3e25aa2,rustme/IlIlliiiII.class,3673,3417
5f5c2352a33784a816ff93da386b46c8,rustme/llIlliiiII.class,2383,2127
48e13e23777b2487f36ad53cb76b381b,rustme/iillliiiII.class,3162,2906
9f56c0efcbe6ab35ae654d29a6e9eff6,rustme/IillliiiII.class,1921,1665
a5dc685d5887ee815e27240db28787c7,rustme/lillliiiII.class,2493,2237
10e18210253277f62faf1bcf472b6a50,rustme/iIllliiiII.class,3854,3598
d222edd4beff7c159c611ddaa3bf128b,rustme/IIllliiiII.class,2311,2055
4ef96abc5c499101353b7a562e7abdf3,rustme/lIllliiiII.class,1921,1665
53668d92fc278d5e6a032e0cc60ebdd6,rustme/illlliiiII.class,1889,1633
b74849a61bb41ab8477d18b2c2da0be7,rustme/IlllliiiII.class,2370,2114
8063d88b3accedb44181b9267166b826,rustme/llllliiiII.class,3515,3259
3e6bb6dbba40d1a7c1318d4534227f45,rustme/iiiiiIiiII.class,2311,2055
0146773e643f96822bfe80b2a9fad9b7,rustme/IiiiiIiiII.class,1921,1665
3f40f8c4e3dd5bb11f112aa24a42d794,rustme/liiiiIiiII.class,1889,1633
7367387597f973e906019b45dd5cb1d6,rustme/iIiiiIiiII.class,2370,2114
31ca275bf9f49aa1b0e50166d23d3e2f,rustme/IIiiiIiiII.class,3515,3259
0784f2e5420e2092322c1d3f3e35ea84,rustme/lIiiiIiiII.class,2311,2055
891a753e5ebde973a3b9414389b3f039,rustme/iliiiIiiII.class,1921,1665
4b818ef2191a3a266fcb936d903fba67,rustme/IliiiIiiII.class,2370,2114
5881a2d0f2ce0d6a0572b3232e1063c2,rustme/lliiiIiiII.class,3439,3183
bf483d3f4cf8dc44212a41d36a31f51a,rustme/iiIiiIiiII.class,1874,1618
77104fde289fb80dd6e75c2522c85e58,rustme/IiIiiIiiII.class,4620,4364
12c9846aebe0bbc9bb9c6e5a91d791be,rustme/liIiiIiiII.class,2311,2055
e6f2972e0e421fdbec5503a1c4119383,rustme/iIIiiIiiII.class,2405,2149
d2235fc05d7802cd169ee0b0347febf0,rustme/IIIiiIiiII.class,3629,3373
f70232df422e925f58a4c54706cb09a6,rustme/lIIiiIiiII.class,1899,1643
2166a7e26d73506e9c3498456318cfd3,rustme/ilIiiIiiII.class,1921,1665
0de374ff7cf79128247f885b9d4d978f,rustme/IlIiiIiiII.class,2445,2189
66a5d6b11780d74faeb8aae5730804b8,rustme/llIiiIiiII.class,4537,4281
99d487d7162811e6f62dcf9e50348a08,rustme/iiliiIiiII.class,2311,2055
0031bd7357ba53cd16ffad676892fd15,rustme/IiliiIiiII.class,3160,2904
0b55557d3bcdb7dece2743baf842ea90,rustme/liliiIiiII.class,2456,2200
be75a3b67d7a37598285f8b334c8eafa,rustme/iIliiIiiII.class,1903,1647
f98f72615e3f217a97edf427dd608ad4,rustme/IIliiIiiII.class,3887,3631
e02e1a32bf301b7ea0ae0d647b3e44de,rustme/lIliiIiiII.class,1964,1708
26cfd8a31efc517b8390929c376d2f2b,rustme/illiiIiiII.class,1924,1668
60065c9a3b67daf584119ee6ed877135,rustme/IlliiIiiII.class,2406,2150
dc3eddf762c8a7e79d0cd196b042a3ef,rustme/llliiIiiII.class,1903,1647
66b73b1b7f6c7d95a78f7141a2bc6255,rustme/iiiIiIiiII.class,5985,5729
a9d14a60fdbfdf1906283ebfed6c81de,rustme/IiiIiIiiII.class,1964,1708
191cce38c78112efa081514d31fc193c,rustme/liiIiIiiII.class,1961,1705
533b99806a5eceb3a3b947d053c153b7,rustme/iIiIiIiiII.class,2455,2199
e5107b90a549cdcebec8fbee79cdca20,rustme/IIiIiIiiII.class,1903,1647
0dc6eab13e666aa60118b309d4e6bf20,rustme/lIiIiIiiII.class,5990,5734
de15ce63331a39f3bd007775eea6ac51,rustme/iliIiIiiII.class,2311,2055
7a1a3a0365f0393b5cfa0e511ff2f5ca,rustme/IliIiIiiII.class,1921,1665
f21329ad7b23f5344eab8e8ad2e35690,rustme/lliIiIiiII.class,2445,2189
a66c372b49532829e4766de96e3bb7ef,rustme/iiIIiIiiII.class,1903,1647
a3f67789f53fbc676f3b045f64594c25,rustme/IiIIiIiiII.class,3728,3472
e7f5d1459b9123243dd0395567e6b2da,rustme/liIIiIiiII.class,2311,2055
a0c45ee3170307e51e72fac895065e25,rustme/iIIIiIiiII.class,1921,1665
be3846e95c62f950694f5bfd1af60f09,rustme/IIIIiIiiII.class,5350,5094
f183fe3a38388c41b924a379ccb4d548,rustme/lIIIiIiiII.class,2445,2189
b3e6cea871f9716f6a314692d7dd5272,rustme/ilIIiIiiII.class,1903,1647
cdef119eafce4061728f95263d2590a9,rustme/IlIIiIiiII.class,3858,3602
a742a29d7255486a28178cabe1c12888,rustme/llIIiIiiII.class,2182,1926
344ad518d3562128ade8cd3ff7809707,rustme/iilIiIiiII.class,2194,1938
9f0f178648a39ab23f9a017493165f8f,rustme/IilIiIiiII.class,2407,2151
bfd4c21fa75a492ce4ad4f4b941cf66d,rustme/lilIiIiiII.class,2456,2200
221497e5a62b0630353b5c885c098973,rustme/iIlIiIiiII.class,2311,2055
3dd08ff0db48c04e6f94a75caab5ffc6,rustme/IIlIiIiiII.class,2331,2075
7f5e5c5f3596e486cf94734b6ef33cb7,rustme/lIlIiIiiII.class,3477,3221
f791d5dd294effb4735890e27ab1b770,rustme/illIiIiiII.class,2311,2055
40bbcff0489505917659be4b0fe3d1bd,rustme/IllIiIiiII.class,2406,2150
127a5db0bb89eaf51fb8611da6a89a9e,rustme/lllIiIiiII.class,3525,3269
209ac0502352d84511b7c14fb6bcd9d9,rustme/iiiliIiiII.class,2383,2127
283f571e18ded97f51053aeb652b4c65,rustme/IiiliIiiII.class,2330,2074
741ab29373efea35187131d2b04c4910,rustme/liiliIiiII.class,1903,1647
21c501cc2b2de82c86ac4f74b2e8005b,rustme/iIiliIiiII.class,3578,3322
ee15308b260b732443b32cad6587826c,rustme/IIiliIiiII.class,2195,1939
a832e8ba843312ba8abe1682736c054e,rustme/lIiliIiiII.class,2407,2151
0a412314555891c744057f6a0ce2766d,rustme/ililiIiiII.class,3364,3108
79934bde093a531d4b17d2b87e762320,rustme/IliliIiiII.class,2311,2055
450347fd0e44b45c883dd37aae7eb69f,rustme/lliliIiiII.class,2331,2075
e4b691c75d05b04836d4856bd13a1310,rustme/iiIliIiiII.class,1903,1647
8a28555ccc84c0af95bd33ad08d59422,rustme/IiIliIiiII.class,3578,3322
22c7964a3e7b083381d6381a5becddcf,rustme/liIliIiiII.class,2311,2055
8357edd4a57a069599a9f4bd67347b93,rustme/iIIliIiiII.class,1921,1665
32a2d9cbf63aa5308d6e6e38a5a7587c,rustme/IIIliIiiII.class,2444,2188
efc67b613e2a8178d46ea70420f4ad16,rustme/lIIliIiiII.class,2953,2697
c4618edd7aa2bf440dcbdb3fb138e4f0,rustme/ilIliIiiII.class,1874,1618
69130a53033a0fe0c75be5e62377878f,rustme/IlIliIiiII.class,4618,4362
80632b4260312e41fde67ecd32ef6482,rustme/llIliIiiII.class,2311,2055
769642c1caa7e964bdf2eeef45c8daae,rustme/iilliIiiII.class,2062,1806
d32918aec96aa8309fd6484871a6ccac,rustme/IilliIiiII.class,2330,2074
782245be339a37097c84270910c7804e,rustme/lilliIiiII.class,3578,3322
5a71682f36672de9b324dc07865e6c88,rustme/iIlliIiiII.class,2311,2055
f1c450a16621d7c5607930241db41429,rustme/IIlliIiiII.class,1921,1665
b693ee9873a8d542ccf4dfa1f923e01f,rustme/lIlliIiiII.class,1899,1643
36d4a0bd53e64d2bb34f747d452c2efa,rustme/illliIiiII.class,2370,2114
c2cef99346d18590e58d3487e9a58300,rustme/IllliIiiII.class,3567,3311
33cc9a550b877e8ff5e9cee7b95ddbad,rustme/lllliIiiII.class,2311,2055
92090b840a066d1a66643e250a86674d,rustme/iiiiIIiiII.class,2937,2681
b19fb47ea495a30684fe665756c9e35d,rustme/IiiiIIiiII.class,2455,2199
4129c4bacd45d5b8825d2ef73fd46f16,rustme/liiiIIiiII.class,1903,1647
5b8cd5e75a9379fe8309c81812e6471f,rustme/iIiiIIiiII.class,3859,3603
e395785611da1e278b1d72731a89cd18,rustme/IIiiIIiiII.class,2311,2055
5549de59b52d239da3f57d55aa0de3ac,rustme/lIiiIIiiII.class,1924,1668
acbb57d213fcc3806efaa78ca0400bd5,rustme/iliiIIiiII.class,2405,2149
6bbe9300c674030023f91b7d2d348940,rustme/IliiIIiiII.class,3811,3555
f6e43f8e4526203f5503388c273c5070,rustme/lliiIIiiII.class,2311,2055
d8c13f09ee56ddfd5bd68d7f8f420164,rustme/iiIiIIiiII.class,1899,1643
5e56c956cdd7e997d37bcf08a3488f8b,rustme/IiIiIIiiII.class,3309,3053
2eca37b0473f1cae6c73378f3d1ac6f2,rustme/liIiIIiiII.class,1964,1708
df8545a1f28558b254f5f8aeeabd61ce,rustme/iIIiIIiiII.class,1957,1701
f8ef8a7583cbb1abfb8523cb61fa0772,rustme/IIIiIIiiII.class,2454,2198
dc7b122fc364eb2d8df0d3c853a06e49,rustme/lIIiIIiiII.class,1903,1647
e475619d493eb280b52e41c4155534e8,rustme/ilIiIIiiII.class,5985,5729
5bbb97b1a6bde8285bd20ef3fbf5e508,rustme/IlIiIIiiII.class,2311,2055
c7c4e5bb840ec56d36a261f83506b4f7,rustme/llIiIIiiII.class,1921,1665
44d1b515ca058c6fbfe6b587dfa2e50a,rustme/iiliIIiiII.class,1889,1633
8a1217c0d6cb1f6c61b0cae32eb49146,rustme/IiliIIiiII.class,2493,2237
d52781dac0d94a5c558f6e003c63d161,rustme/liliIIiiII.class,3754,3498
46bc6b0b81848cb09831b3284b44aa8e,rustme/iIliIIiiII.class,2311,2055
03fa408da9490e6512be14aad869b9f4,rustme/IIliIIiiII.class,2406,2150
a5e63ca1989e1f8bbe0a6b023c867d0f,rustme/lIliIIiiII.class,1903,1647
5c6e533af436c9ebfa54cef1f7ffe93e,rustme/illiIIiiII.class,3758,3502
0e95934eb1426923d52fed55e70663df,rustme/IlliIIiiII.class,2384,2128
f6fbd87b07707db9f4175f36d87cc44d,rustme/llliIIiiII.class,1921,1665
03c242e0dcf6d9cda4ce29a065cef3e7,rustme/iiiIIIiiII.class,2446,2190
6aa165483a6c2ada8a1b3edbe264df92,rustme/IiiIIIiiII.class,1903,1647
d1f65a371871cea1f300edd59f9af668,rustme/liiIIIiiII.class,4729,4473
28c102b76b2e0def5e588d5718b3973b,rustme/iIiIIIiiII.class,2311,2055
b410967fb78aa9cc86190338ad3ac842,rustme/IIiIIIiiII.class,2331,2075
5c8570c7136098da14a10a72e5bc063f,rustme/lIiIIIiiII.class,1903,1647
9633a30965fbb8c45c98a979ee881a4a,rustme/iliIIIiiII.class,3578,3322
2f3644fd13db6f915989258a9805257d,rustme/IliIIIiiII.class,2311,2055
54d6b9f379ddc1ac3dd3ad2a8ed8ce0d,rustme/lliIIIiiII.class,2519,2263
6a38ee43a7328a84d03ce2aba7f5f1c2,rustme/iiIIIIiiII.class,1903,1647
1103048540d64d2291023789a04cb7dd,rustme/IiIIIIiiII.class,3963,3707
0778b0a17761ff069c968718723ccd5c,rustme/liIIIIiiII.class,2311,2055
74c4d095f9b51071a480a9e779bb76fe,rustme/iIIIIIiiII.class,2406,2150
9310bdf24569d96d283cf719e7143cfb,rustme/IIIIIIiiII.class,2892,2636
8e959a98c499c7b24c124429e3423ced,rustme/lIIIIIiiII.class,2311,2055
de66574da813e5cf78293934b7e1fd72,rustme/ilIIIIiiII.class,1921,1665
50fc98f3bf4b3deac3a7f8b33fcdf061,rustme/IlIIIIiiII.class,1929,1673
de0e68495828c72eec3130d0c1a2b7af,rustme/llIIIIiiII.class,2457,2201
e059ef949f75073ff96a5c8baa4770a6,rustme/iilIIIiiII.class,3751,3495
147e0e82686c35ab009e69c458f775e8,rustme/IilIIIiiII.class,1964,1708
ccee427de0c77a6bbf8d06028284bda0,rustme/lilIIIiiII.class,1930,1674
0ea5c7d07dec5e3ab29eae23a08005d1,rustme/iIlIIIiiII.class,1921,1665
6828164e692b712cd99dd1242294c3f4,rustme/IIlIIIiiII.class,2457,2201
50f99c17d6c39dbb711567c2e4ecaf5d,rustme/lIlIIIiiII.class,5802,5546
871a0610496d895722a899660d4afbef,rustme/illIIIiiII.class,1964,1708
386b8156605cb9d99adfeb9796aa1cf1,rustme/IllIIIiiII.class,1930,1674
9af28a1034d9ac42431b444b8e79991e,rustme/lllIIIiiII.class,1921,1665
d51bdbbded6cf4801354189c26a94642,rustme/iiilIIiiII.class,2457,2201
0bf200cbc62778b13a93905902996e46,rustme/IiilIIiiII.class,5825,5569
18e520be91158394d4f7880eaee1fe12,rustme/liilIIiiII.class,2311,2055
4f2eb167f5b32539732dfb62de57a905,rustme/iIilIIiiII.class,1889,1633
1eb16ea155f3cb4d93867c68111f6ca8,rustme/IIilIIiiII.class,1899,1643
f0c4d24f49bf6cd9af6f3133e0bb7c52,rustme/lIilIIiiII.class,3659,3403
284b51b330db598d6b9a3f14c4c86cac,rustme/ililIIiiII.class,2383,2127
1d66af28f9737028a42cca9ce97ef80e,rustme/IlilIIiiII.class,1921,1665
f3210ca0eeb56b9a82398c9bb6a1023f,rustme/llilIIiiII.class,2445,2189
bd9f3a70e40fa760afef4429d03d5648,rustme/iiIlIIiiII.class,2954,2698
60770b1a95933ce445d39a933de3d561,rustme/IiIlIIiiII.class,46632,46376
e3f44ecf50701ff44abb7489d59533ae,rustme/liIlIIiiII.class,2260,2004
8c6289a76659e5e113e4aefa05f0028e,rustme/iIIlIIiiII.class,1941,1685
05cf2e94ec8afb1798c0b06726f6ee5d,rustme/IIIlIIiiII.class,2581,2325
5aa10a2cd2ca2ce219743dbf9b546bf4,rustme/lIIlIIiiII.class,2260,2004
38eb65fd2990ed590a2b88b67639d12c,rustme/ilIlIIiiII.class,18245,17989
89475ced131ba887a41551e2702fce72,rustme/IlIlIIiiII.class,15282,15026
743a248ba1a5bda51f9cf0c8b16c21f3,rustme/llIlIIiiII.class,1928,1672
4d49b2cf99285c8753f045adc2affb68,rustme/iillIIiiII.class,2107,1851
c7cb013e39720f3614bfe528b33b04c6,rustme/IillIIiiII.class,1927,1671
7956cf8835317d3938f93dd9e4367749,rustme/lillIIiiII.class,1905,1649
2cd2f34dfaf7cfb8c432592cfc60dc63,rustme/iIllIIiiII.class,3652,3396
fb39ae5142f87a30604036a1d7c2c960,rustme/IIllIIiiII.class,1961,1705
056ec7a049a0d867b13d1163d1ffdf9f,rustme/lIllIIiiII.class,1903,1647
e1c95bb27306d974ececcf8cf0af3080,rustme/illlIIiiII.class,1886,1630
cd6f88e9333d7c5b13fdb828ee2f91c2,rustme/IlllIIiiII.class,3710,3454
c4ed6950e3ebf94d74388a4c141ce46e,rustme/llllIIiiII.class,1961,1705
4721defaa07461d8c9fd7df7b85e15e5,rustme/iiiilIiiII.class,1903,1647
867ce9b20e08a67e2dbb91052ec6354f,rustme/IiiilIiiII.class,1905,1649
66de2f012bcdcf43981a42b2ffacbdc0,rustme/liiilIiiII.class,3963,3707
3887f481e49b0d9e36187236333c61f8,rustme/iIiilIiiII.class,6952,6696
f7fa175cd7e046bf257f2099898823b0,rustme/IIiilIiiII.class,1874,1618
2c3a8332109498c7d140259b4aed4911,rustme/lIiilIiiII.class,4617,4361
6080645a3c1faf0a0bafe2b8919b51f5,rustme/iliilIiiII.class,1889,1633
a75615785ff4ecadbfc2359e0aeafcde,rustme/IliilIiiII.class,2403,2147
ed56e160312f8783021b1eb43d833c64,rustme/lliilIiiII.class,4580,4324
58d3cdd6f2a4a4264139f8043d445e3f,rustme/iiIilIiiII.class,1905,1649
f7c992a819b1772bbe29034cc4e761c3,rustme/IiIilIiiII.class,2061,1805
3d4dc68c427c951825586dbcc8a8fbc8,rustme/liIilIiiII.class,1905,1649
e1509e14a8c46ab7c6b1e72744c5580e,rustme/iIIilIiiII.class,2061,1805
1450ea1916c967e604805d309e5565b3,rustme/IIIilIiiII.class,1905,1649
c1c208d73fbdb347cc382bd7890af889,rustme/lIIilIiiII.class,2061,1805
eb9836d328f36458ccebfd753e7c6ffc,rustme/ilIilIiiII.class,1905,1649
a7a99f6c9eb93a18640560dc393d4697,rustme/IlIilIiiII.class,2061,1805
cbee4ef1fe43d918de74b094e5c12c13,rustme/llIilIiiII.class,1905,1649
2449ee5e525254100a4ef2d00ab57d09,rustme/iililIiiII.class,2181,1925
b0021d7ebef5b1c0d07ec45a1cc11a7d,rustme/IililIiiII.class,1897,1641
f4bb118b38aeff9f4e3b89ce01f9d90f,rustme/lililIiiII.class,1905,1649
dc1b76a7245ef7f2d8da5ebc9bb5357f,rustme/iIlilIiiII.class,2309,2053
a11631c92eb0563078a1f3e04b3a8923,rustme/IIlilIiiII.class,1897,1641
5e0e94efbb0befcd52b2f541ecf216ee,rustme/lIlilIiiII.class,1905,1649
5afa388e728a3ad859e4f9d86a98ff1c,rustme/illilIiiII.class,2309,2053
8ba99a1cf62090f86e3186fda52288f0,rustme/IllilIiiII.class,1897,1641
3c990eb24421c3004c5e9f9266a13df0,rustme/lllilIiiII.class,1905,1649
c283b45f1f1319e65fc49ab8887e05af,rustme/iiiIlIiiII.class,2309,2053
3c222acd9f36f01a6ef63e56c4dc89c8,rustme/IiiIlIiiII.class,2182,1926
f89a538af0407088616af2209b883424,rustme/liiIlIiiII.class,1889,1633
ad8d0fc20c1cfa99139dab2d2ad868dd,rustme/iIiIlIiiII.class,2403,2147
03f993394b880a5665efa10f817a241a,rustme/IIiIlIiiII.class,3727,3471
31f05c1cf59b5e3e397f2fd7ef724d92,rustme/lIiIlIiiII.class,1905,1649
65a3d1b6f8e9f18b5df1184b69e8d1a4,rustme/iliIlIiiII.class,2045,1789
f1ac2df835a7780195ef191c967be535,rustme/IliIlIiiII.class,1905,1649
faa9d914ec6e0f406d20c055febebdef,rustme/lliIlIiiII.class,2045,1789
4428bfa32d6e82588c01cc11470841ca,rustme/iiIIlIiiII.class,19474,19218
e8a72d75099b91edd63255b4d46273b6,rustme/IiIIlIiiII.class,43476,43220
0414c1fdef26ffdf368a142641e7b6c1,rustme/liIIlIiiII.class,9489,9233
aa6a1851a57aeab968146fe5ee678655,rustme/iIIIlIiiII.class,1904,1648
2eb19e2f849edf36f89d772af32d924e,rustme/IIIIlIiiII.class,3550,3294
54b67e7a4de7d51dcc6b8c0e39669289,rustme/lIIIlIiiII.class,2719,2463
16f0b64bd9bb1123dbbaca3dc168ee4f,rustme/ilIIlIiiII.class,1937,1681
7718cd8be4ccc888d5683834a1f02455,rustme/IlIIlIiiII.class,2061,1805
decddb4233863ef71636b74c45b4e4ad,rustme/llIIlIiiII.class,1994,1738
43ea413df302c46e66ca78a312d9a8ea,rustme/iilIlIiiII.class,2791,2535
b70a2da27a02d91f4bed4bd078f8d565,rustme/IilIlIiiII.class,1937,1681
c276e1336d3d35881a82acd4b1176a97,rustme/lilIlIiiII.class,2061,1805
299546b9da4a793b1e5744430d36348c,rustme/iIlIlIiiII.class,23964,23708
1ae7e88f79fb9c08c8974317a76ada00,rustme/IIlIlIiiII.class,6879,6623
72265816725c01a445307d1f529c7961,rustme/lIlIlIiiII.class,5365,5109
c7523c865dda484fec1ecd1afadfc679,rustme/illIlIiiII.class,2405,2149
79d94c18a2f6d37dde183f8b66d7280d,rustme/IllIlIiiII.class,1903,1647
8ab5e7088048c125653b697ca8224b1e,rustme/lllIlIiiII.class,2049,1793
1b2101bdc115938b6bcb3b20ab13e8f2,rustme/iiillIiiII.class,1937,1681
e7c96246ffc5507140f5b03b8eadc8a6,rustme/IiillIiiII.class,4291,4035
3fe277ecff4708f92ed6c7e33c17c025,rustme/liillIiiII.class,1346,1090
efd933b5162ddc349c04af435273e642,rustme/iIillIiiII.class,2078,1822
b0613064b9f85a586e283b54a4591c7c,rustme/IIillIiiII.class,2049,1793
39c1164b165379cb5028650bd73a8c5a,rustme/lIillIiiII.class,1948,1692
147dc14f2c7d447166550d35338462f1,rustme/ilillIiiII.class,3609,3353
13bd63243c058149b459d8f96387f3bb,rustme/IlillIiiII.class,1948,1692
321c4ce319726078ff991b07d243f593,rustme/llillIiiII.class,3325,3069
3e2d0e7db0a5e385e5773e87da85daf1,rustme/iiIllIiiII.class,2406,2150
b6aafa0f59c2ae9079764378852eb092,rustme/IiIllIiiII.class,1903,1647
a81b9488b3c246726ceb98168ebf79c3,rustme/liIllIiiII.class,2049,1793
18f2d1fef67c837e2a7bd6d50a99820c,rustme/iIIllIiiII.class,1937,1681
d8b283465b7082fa8129320a3706f22b,rustme/IIIllIiiII.class,3871,3615
c5ef57af30a6c821ebf62ca4fe79e400,rustme/lIIllIiiII.class,2406,2150
fc23566463af34d67a293396464d5f44,rustme/ilIllIiiII.class,1903,1647
a25cf20f0241fa23d881ddac95e1d308,rustme/IlIllIiiII.class,2049,1793
11235ca46cf6af0d281815fa0d389b3a,rustme/llIllIiiII.class,1937,1681
037f6c782b843db9464ab716c0c5be88,rustme/iilllIiiII.class,4123,3867
0ddc5e64ef1c2654812c1e9a7d071b1f,rustme/IilllIiiII.class,1898,1642
afecd758fc6c6f733dbe5a5fe94ab610,rustme/lilllIiiII.class,2092,1836
fc2aecddb426db9c062d67aed2ca3735,rustme/iIlllIiiII.class,1937,1681
2bbeb0f95c7edd895c7f37e790d579a4,rustme/IIlllIiiII.class,3806,3550
d888271260e57430ee1a88757a2814f2,rustme/lIlllIiiII.class,2405,2149
93ddfe6a79fb0b04b6fb7b89fed01708,rustme/illllIiiII.class,1903,1647
cb9915a5f6604a578c9f148805a567a8,rustme/IllllIiiII.class,2038,1782
0f74666ffd569138317f940a93c50ad1,rustme/lllllIiiII.class,1937,1681
f3ba853a5700dcac567b514c4d399342,rustme/iiiiiliiII.class,3900,3644
a739c84cbb7f583810d08d925723b65f,rustme/IiiiiliiII.class,2049,1793
7a6e4723f4d723566eb1af0caa170687,rustme/liiiiliiII.class,1937,1681
5195e9c50420db70cdeaa53dba9a5c64,rustme/iIiiiliiII.class,3701,3445
6b6d85fd98e8e02d8f7c13880201bc9f,rustme/IIiiiliiII.class,1903,1647
14c176b7c2642d3e01f024185e80ba0c,rustme/lIiiiliiII.class,1937,1681
6e9ae5a384359b26b30a7a4330cddd38,rustme/iliiiliiII.class,3969,3713
ce18c4098faa129cb3eb52ad9c9d1e72,rustme/IliiiliiII.class,2406,2150
8fb81bc786bbd37efeeca40d53d53e67,rustme/lliiiliiII.class,2051,1795
8bf0ff27db1928eff830b853dee70d23,rustme/iiIiiliiII.class,1937,1681
435b62028036552c91beea51051c302a,rustme/IiIiiliiII.class,3715,3459
40c1bd6ce50cd50b67ba01246d6cf280,rustme/liIiiliiII.class,2060,1804
1948442094cac1737bbcf02aa55de9c6,rustme/iIIiiliiII.class,3556,3300
6408ab2f25af914c9485a48e6a477617,rustme/IIIiiliiII.class,1937,1681
7f3ac0df134ef6c8eec734d812d0aa13,rustme/lIIiiliiII.class,2264,2008
160182b01b7f9e7dd54757391f63c6a0,rustme/ilIiiliiII.class,1904,1648
69d5adffcdce0121e93b14dcf82f5c24,rustme/IlIiiliiII.class,1937,1681
89ee0030c12d52c85871c432c6d1f29c,rustme/llIiiliiII.class,3939,3683
427d295d2a04e913134f4421a2275e79,rustme/iiliiliiII.class,15516,15260
802a869b1d1c3b6345d9a9abefe6748c,rustme/IiliiliiII.class,2311,2055
0c01bf64b3f0f8608edb0db1d88e9cbf,rustme/liliiliiII.class,1921,1665
7d83dba934a3a6c6845e81f6b99972f7,rustme/iIliiliiII.class,2456,2200
0e4f29caf77cab46236e8b33a6f391bf,rustme/IIliiliiII.class,1903,1647
7ccbb6598c3fab286f0cb7b38780df46,rustme/lIliiliiII.class,4077,3821
9c6a3aa3c22c50fd47983cfb090eb859,rustme/illiiliiII.class,2311,2055
bdf3c4e01d58da7579df0200424cddf0,rustme/IlliiliiII.class,1898,1642
9ddd1473869c53f5a716d726385ec2eb,rustme/llliiliiII.class,1903,1647
66269c04096907c82d69cad8b410a7af,rustme/iiiIiliiII.class,3669,3413
39b4c1cba86105b8a5a98f4458404089,rustme/IiiIiliiII.class,2311,2055
6b86bed6f1d980cb61da1295359b3885,rustme/liiIiliiII.class,1921,1665
a7001a0a3595f7b1363306a759b71c4e,rustme/iIiIiliiII.class,2331,2075
8f1977052b9c36e348c46ed9a46ce2f0,rustme/IIiIiliiII.class,1903,1647
1c9a70ab9742003dfcff4ef1cb8690dd,rustme/lIiIiliiII.class,3898,3642
9c9c4b61502723ec5636d5000e65cf6f,rustme/iliIiliiII.class,2311,2055
7f84c4aca86cba11189406c8d2701722,rustme/IliIiliiII.class,2330,2074
f0ec98f9818878b15bb1fae26951b0ec,rustme/lliIiliiII.class,1903,1647
bbe12f99b36ea05f45dab38d855b6ef5,rustme/iiIIiliiII.class,3509,3253
b30383ad178a411542af8063e2170685,rustme/IiIIiliiII.class,6769,6513
0e42ee7eedfd97a82927199224c39d82,rustme/liIIiliiII.class,16767,16511
0b2d3f6f7ddecfed97b8f1e4cc3eca1f,rustme/iIIIiliiII.class,2213,1957
5359f2dd769daf309e873cda4357d62b,rustme/IIIIiliiII.class,2061,1805
659425be81f9c84faebc7b8ae7059e41,rustme/lIIIiliiII.class,2213,1957
6ace5d59f26c242330d5d1ea5c724c20,rustme/ilIIiliiII.class,2061,1805
c307d626ac4330f7c12464cf2e65a4fc,rustme/IlIIiliiII.class,2213,1957
9896f743d6742c9b8700b87d6306fc25,rustme/llIIiliiII.class,2061,1805
546074c439e6783869ca1022f723eb28,rustme/iilIiliiII.class,2964,2708
83b7219614e32e7c549898cb7cee1788,rustme/IilIiliiII.class,2332,2076
736e0fe7bc40fb696a24336c9396371c,rustme/lilIiliiII.class,2189,1933
0b94e8f973d27f0ef4ec48ca1dc3bb8d,rustme/iIlIiliiII.class,2435,2179
17fec20fb987373db0e7b261f7399a73,rustme/IIlIiliiII.class,2406,2150
e955603b8acc9b6c419af5ecc02af710,rustme/lIlIiliiII.class,2189,1933
0b1b5306b015b199bd474fbc5121ef4c,rustme/illIiliiII.class,2435,2179
29536df2cfc3f4a69ad9f58aab201c12,rustme/IllIiliiII.class,2331,2075
e430c901367418d1c338d30681b12286,rustme/lllIiliiII.class,2189,1933
9c16f74f0d8adf9aa0dc3c434839c62a,rustme/iiililiiII.class,2964,2708
157a982ef0002a96270967bb41ff3173,rustme/IiililiiII.class,2332,2076
46de15398d24931a21adc8ebbd70db54,rustme/liililiiII.class,2189,1933
0d21ec761af68dfb7c1632931e896187,rustme/iIililiiII.class,2392,2136
3897b0d746db0f8064511a6e10b5e6b2,rustme/IIililiiII.class,2331,2075
7bb98e4ac5b390ff21c031d4a069afa0,rustme/lIililiiII.class,2189,1933
6aab693d58e8a011bbcdd01a9b19b659,rustme/ilililiiII.class,2531,2275
99cc94ac5557feea17bc9de1fef9efc2,rustme/IlililiiII.class,2331,2075
35d4b5b9cf450476c21d44da3a94a554,rustme/llililiiII.class,2189,1933
4f55ddd96f077e7bcb0930eb14a8f99c,rustme/iiIliliiII.class,8833,8577
bd7f5370f8746375f4ad402bdc1d62da,rustme/IiIliliiII.class,5448,5192
19e1417b14c1b76ca3b5f2c206fcca30,rustme/liIliliiII.class,1926,1670
e5e9981fe85ab43a052a3056215c6fac,rustme/iIIliliiII.class,2406,2150
15bd868cfd2608e5f7ec78d00da6abae,rustme/IIIliliiII.class,1904,1648
07a364414d3e09e5f757a7274017ca1b,rustme/lIIliliiII.class,1346,1090
d9023bff77527bbc3fe65c208db8568b,rustme/ilIliliiII.class,3306,3050
67e4b2aca15dc9507bca90878e87d2c0,rustme/IlIliliiII.class,4061,3805
688d011931a7c02b65b27b84138f3f60,rustme/llIliliiII.class,2147,1891
1f38d78dd83ef0b7b4f84abccac3ce18,rustme/iilliliiII.class,4613,4357
cddb8ad2611a5df777d892524b35707f,rustme/IilliliiII.class,1889,1633
87c11a9ad02a93a0d0adbfffb494adcd,rustme/lilliliiII.class,4273,4017
cbb2a14f2c974ec61c6acc3e1d2fed01,rustme/iIlliliiII.class,1903,1647
7dfb6cefce578a6a13e190c2cd181c70,rustme/IIlliliiII.class,1937,1681
63fd3d65c52b18cdec53131bbc04a083,rustme/lIlliliiII.class,3772,3516
f60b35d2f80f97fde8be74b688fdca64,rustme/illliliiII.class,1926,1670
429a560ce0c237430610feb2ba9ff7da,rustme/IllliliiII.class,2330,2074
d8cd0f268451c4dc5e05013f94b9fb21,rustme/lllliliiII.class,1904,1648
a5c34d9ca0e6a31cfcf9da0ed46f307e,rustme/iiiiIliiII.class,1346,1090
b9d6bdc05052d34480112e3c58be5854,rustme/IiiiIliiII.class,3284,3028
a92f4a92cac01090f10e98f77d248c83,rustme/liiiIliiII.class,4055,3799
75e1f58ae08ad0f0aa702a397a30cb86,rustme/iIiiIliiII.class,1898,1642
0197deb21acc63e56efa5467e1f0fdfc,rustme/IIiiIliiII.class,2062,1806
5244e6bac1ee836a6991ee7716bfd2c3,rustme/lIiiIliiII.class,1937,1681
609394138111ad5252a998c3da77d125,rustme/iliiIliiII.class,3581,3325
31025c058cb377b9ff35f210793ccfdf,rustme/IliiIliiII.class,2331,2075
3f98cce84ab5fd2b946ad7c24bf51556,rustme/lliiIliiII.class,2038,1782
ac30135a633aac86a5147999af37714a,rustme/iiIiIliiII.class,1937,1681
11e572dae7bf96182edb73beda2949a6,rustme/IiIiIliiII.class,3581,3325
de13e0789fd5fee0abc39cbe1eb2098b,rustme/liIiIliiII.class,2405,2149
8c9a414f48fe8c3acb0794a0a9f0b37a,rustme/iIIiIliiII.class,1926,1670
b2e386b3fdf8b7f23e0efe0221842f6b,rustme/IIIiIliiII.class,1346,1090
6546bab1876617f0945aff18af1003f2,rustme/lIIiIliiII.class,3179,2923
6650a1ed8166593155405f4a8267e825,rustme/ilIiIliiII.class,3595,3339
3313fa60a3f4d18abb971af5f867c65a,rustme/IlIiIliiII.class,2331,2075
06be87bc6653ca2b81e9194c650d96bb,rustme/llIiIliiII.class,2038,1782
12bb6f6cc0952547c3c0bcc27c1b39b9,rustme/iiliIliiII.class,1937,1681
4cede90275eb8857e2c8b3aab68484f4,rustme/IiliIliiII.class,3020,2764
fba47d6d5aafff8d463fc1c1e7494a16,rustme/liliIliiII.class,1899,1643
cc1ddd11735986e4f4f37261f17f8a87,rustme/iIliIliiII.class,2038,1782
27f7a2ddffc4aa2fa41292d0f0e0c116,rustme/IIliIliiII.class,1937,1681
46c42214ea9cc370228444b07d1103cd,rustme/lIliIliiII.class,2437,2181
c3fec365b8ea62485771d0586bbdd962,rustme/illiIliiII.class,2405,2149
65c4854e06232a0636fbd54b89ad2b9f,rustme/IlliIliiII.class,1903,1647
c1ad7d2201e75b539b3928a5224ec8dc,rustme/llliIliiII.class,2049,1793
e6115e04a4153e9bc2774401ff5cd334,rustme/iiiIIliiII.class,1937,1681
75d838cfbac50beff26c11d0f7a63fa9,rustme/IiiIIliiII.class,3971,3715
040ca479f9d679a7aa3198b4a4aa1d9c,rustme/liiIIliiII.class,2405,2149
7bad63bb0a8d1408a31c5b3351f79cf1,rustme/iIiIIliiII.class,1903,1647
ba0aaf74cdcf88f264ed7dec9c21597c,rustme/IIiIIliiII.class,2038,1782
b1b66801cbf741fc019972579a94e49f,rustme/lIiIIliiII.class,1937,1681
2cf6853bfd85caf650f6859913f8997d,rustme/iliIIliiII.class,3903,3647
d4c59e470f93d289aeb62d8ab587b42a,rustme/IliIIliiII.class,2453,2197
fde00cf56b508d051e01cbaf34477770,rustme/lliIIliiII.class,1926,1670
e9fdbd1c43bac805e43b60cbe951f906,rustme/iiIIIliiII.class,1903,1647
f37bc0c951ff3d974649764759cd63a1,rustme/IiIIIliiII.class,1346,1090
04d4389eaf1b329565f6d6e177aebbb6,rustme/liIIIliiII.class,3249,2993
aa91900c8c977815c43b7deb686fa84e,rustme/iIIIIliiII.class,3922,3666
0b70f3de8ce0213ed486adc5932bead8,rustme/IIIIIliiII.class,2454,2198
8cc9465c108ba8d720e8414bd86d9e92,rustme/lIIIIliiII.class,1937,1681
9c521fad3771437c3b66590df5dbf34c,rustme/ilIIIliiII.class,1346,1090
45b734b4d939fd8c5663840dbb63fc9f,rustme/IlIIIliiII.class,3273,3017
3ae2d92ec12b500e444aa0a41ab779ff,rustme/llIIIliiII.class,3794,3538
c1d688719b5fb23ad4704ca0aea38c7f,rustme/iilIIliiII.class,2405,2149
85c2d729c820124aa5f2f50817689687,rustme/IilIIliiII.class,1937,1681
1fb755eccc987e1d60981719d9be0390,rustme/lilIIliiII.class,1903,1647
5478a6869f35c2a5bd4e60a6aef847f3,rustme/iIlIIliiII.class,1346,1090
62e4977c2bd2d303e191a1cd4be87fbe,rustme/IIlIIliiII.class,3329,3073
c7a61a11ee97a8f3f36b75f38a7a4e71,rustme/lIlIIliiII.class,3817,3561
23b8eb2a416a103d1022539f7e2cd54d,rustme/illIIliiII.class,2405,2149
84a1a42bb6612921c3185bf4dc7b2352,rustme/IllIIliiII.class,1937,1681
5c8c9136d1e443acc1915b57cbea40d4,rustme/lllIIliiII.class,1346,1090
3c658a5c9b7b4df1980b37e1cd172c0c,rustme/iiilIliiII.class,3303,3047
a7ccbed03df4c8f9e1993ec0621f1cda,rustme/IiilIliiII.class,3594,3338
e1c5e50387568bb33da571b2c83647a5,rustme/liilIliiII.class,2454,2198
348afecc2c1633ea2a633552f292caf0,rustme/iIilIliiII.class,1937,1681
560eb245f158f9e3efe6866b021be195,rustme/IIilIliiII.class,1903,1647
fc711a8dd0d9e852cb3176afe26ed2ae,rustme/lIilIliiII.class,1494,1238
363409fcfa133437b2d950272441d204,rustme/ililIliiII.class,3028,2772
16a5d5cbe896c47729fdded70475ace9,rustme/IlilIliiII.class,4026,3770
badab5a537a9085c9727a43f0e3fbe38,rustme/llilIliiII.class,1903,1647
c736fdabb45592c6b8d8b167ea13f097,rustme/iiIlIliiII.class,1937,1681
823ef4d65650f26d825c565d95c65d58,rustme/IiIlIliiII.class,3771,3515
4fd10a5a3f56bbfb8bee2091223c8010,rustme/liIlIliiII.class,2331,2075
f31cbf48904797b532ca3dfedfb43482,rustme/iIIlIliiII.class,1926,1670
a103791aea881e534305340d66342872,rustme/IIIlIliiII.class,1346,1090
f0034f4e6c4989a1cdfbd058676e05c4,rustme/lIIlIliiII.class,3198,2942
8a49f589839c559541d6c3efc6255d69,rustme/ilIlIliiII.class,3047,2791
ceb274a8ce27d9d4884cfb6539ea0032,rustme/IlIlIliiII.class,2405,2149
a5fb738c1421ef175f698ca4b8ea7e9d,rustme/llIlIliiII.class,1926,1670
94fa1cf386811971acc5fb00e027ed30,rustme/iillIliiII.class,1903,1647
a7f1c972a278181291e3d1734f99ddaa,rustme/IillIliiII.class,1346,1090
9cea644c4dbb34e0f5a039541ccb67f1,rustme/lillIliiII.class,3258,3002
a759cd849e3332669b79a2a4785fc57c,rustme/iIllIliiII.class,3955,3699
3348fb31acd989a7d3885ef53b10d164,rustme/IIllIliiII.class,2404,2148
eebada4190cf71be1fb38b0f38f7e2c6,rustme/lIllIliiII.class,1937,1681
f20ef8f8894f322fff77fa84d347ac09,rustme/illlIliiII.class,1903,1647
c42cc4cc6dd2eda737d9950c571137d0,rustme/IlllIliiII.class,1346,1090
5be34b71689c1a26999856e3904bbcea,rustme/llllIliiII.class,3296,3040
a5bf4b5a6dee2a3f459e9592e90af003,rustme/iiiilliiII.class,4053,3797
0c75f50435734d924617b4c89a728515,rustme/IiiilliiII.class,2406,2150
3cd22fb40bea2600c989b81d0e77c032,rustme/liiilliiII.class,1937,1681
2e9a19fb8cbee2977e18e4c649bbd880,rustme/iIiilliiII.class,1904,1648
726777edbecb4e952a95a2f7b240066e,rustme/IIiilliiII.class,1346,1090
fdae404fb52ec90a0c0414e67c943570,rustme/lIiilliiII.class,3313,3057
bc0a593bf62204866ca198268687dadc,rustme/iliilliiII.class,4057,3801
df080754160558712db2e058033519b4,rustme/IliilliiII.class,2331,2075
36852f5cbd1f1fb067ac8bf99fbc3514,rustme/lliilliiII.class,1926,1670
bae342b97cd0f751058a0cd098a56c96,rustme/iiIilliiII.class,1346,1090
4edeccfb96c8a8dd25dd489cec69e84e,rustme/IiIilliiII.class,3295,3039
9a61c792e768d369e4bb912e5b636125,rustme/liIilliiII.class,3240,2984
d10dc41c80d2951e097c6144b798db0f,rustme/iIIilliiII.class,2331,2075
13ccf1520390ade593eb2d9b430344fe,rustme/IIIilliiII.class,1903,1647
13c1e05dd2af05e6b575a0841fce37b5,rustme/lIIilliiII.class,2049,1793
02262fe70bc2c449adb3b4bef39443bc,rustme/ilIilliiII.class,1937,1681
1643fd66b812a14fc18e3fe3268596c6,rustme/IlIilliiII.class,3936,3680
655099d0f4c06504d5f6ba46c9c5ace8,rustme/llIilliiII.class,2331,2075
8bde2c63f9ca73a011607aa068360391,rustme/iililliiII.class,1937,1681
8da6f35281ea5df7ad1c58ddaee09321,rustme/IililliiII.class,1346,1090
0ef433e14b989ecf70c33a14c783ab98,rustme/lililliiII.class,3306,3050
d6d00d641d09e29151c4c10a40ba36a3,rustme/iIlilliiII.class,3161,2905
e98c12f87a5f108712509b71add54b85,rustme/IIlilliiII.class,2406,2150
90f5cf0e611c8505a6a3feb454d5b554,rustme/lIlilliiII.class,1937,1681
4d006d102411b4c16a804335beb261e2,rustme/illilliiII.class,1346,1090
109cb1344fcc7a9c36fdd8f4895cc36a,rustme/IllilliiII.class,3307,3051
dce0a2e4f756dec083c2645f5b347410,rustme/lllilliiII.class,3240,2984
f55473bd01e7e02e124e7c55eeead099,rustme/iiiIlliiII.class,2331,2075
c14c8b67f12086589f5570a533f8a699,rustme/IiiIlliiII.class,1926,1670
44d1a95c0c70f2682a5ab64214c51445,rustme/liiIlliiII.class,1346,1090
6efe0a6ab55ce8e65a307f58636f1857,rustme/iIiIlliiII.class,3289,3033
bd98ff86f3da4525e3e6b695ed1f0dda,rustme/IIiIlliiII.class,3161,2905
52003daa92a8e2ae108fc9b4e0febd4b,rustme/lIiIlliiII.class,2331,2075
44111ebeede4ecdbdd226af87468366f,rustme/iliIlliiII.class,1937,1681
026c44f272f9ee57903f88a8994392b8,rustme/IliIlliiII.class,1346,1090
b498d4946a10bb1041ab1a199b0bf48c,rustme/lliIlliiII.class,3301,3045
51156cda66a05708dd11b23c88cef361,rustme/iiIIlliiII.class,3126,2870
00a708c852a78cce3fd0de85c4c4bbf5,rustme/IiIIlliiII.class,2331,2075
474816812ebd9d14c2b0fe52c998f9bd,rustme/liIIlliiII.class,1937,1681
833f09cec6e283c4948df217c93e835a,rustme/iIIIlliiII.class,1346,1090
1704d23d0c0f3f5082eae90c3cf3d565,rustme/IIIIlliiII.class,3239,2983
2337e34f8dbee471b2343d148b0e04e3,rustme/lIIIlliiII.class,3236,2980
e4526c1079da4a5f269b963a45c7eada,rustme/ilIIlliiII.class,2406,2150
527ec28c4fb25bdecb7b643373dfe4da,rustme/IlIIlliiII.class,1903,1647
1b1e55b4df2344f84f300d4618e911a9,rustme/llIIlliiII.class,2049,1793
e712f7e49cf9be8865bf4974ed8cb890,rustme/iilIlliiII.class,1937,1681
2ffa9108d682310a8b1ed12559b4be68,rustme/IilIlliiII.class,3871,3615
ae51af7ddf0390861d231ac4b62776a2,rustme/lilIlliiII.class,2406,2150
68c2dce0829b02845a8830200ba56558,rustme/iIlIlliiII.class,2049,1793
2bb4b4dcb831c4e4062eb28dd481564d,rustme/IIlIlliiII.class,1937,1681
5957ad6aed9f48c4fadca83dfab6e8c3,rustme/lIlIlliiII.class,3714,3458
a41d91311687f67b639050d3285026a1,rustme/illIlliiII.class,2453,2197
06ed7ccef31e89d8a6dc750e6ee8fd2d,rustme/IllIlliiII.class,1937,1681
739ea1060a7b54708eb9b0b8fc0d01f8,rustme/lllIlliiII.class,1903,1647
9cf778919f805b68bc9987e1ba036a89,rustme/iiillliiII.class,1346,1090
4c44cca46ac0d4733567c12e7f9c0b0c,rustme/IiillliiII.class,3278,3022
dedd1fd006bf37b6431176bebf849073,rustme/liillliiII.class,4060,3804
6862885a192f9a255777c648ab1fddfc,rustme/iIillliiII.class,1903,1647
a9a5bdaa7aa075260e3ff12521e2bcfd,rustme/IIillliiII.class,1937,1681
c3940c258e0d12b54c494932e72becfe,rustme/lIillliiII.class,3686,3430
09c9ea9a21b6914bb1f5c530496a0857,rustme/ilillliiII.class,2330,2074
4873b2109aa9e045a399e1e7b172d637,rustme/IlillliiII.class,1937,1681
87e77c1e4d07e2a29e7ba4ebdff322a1,rustme/llillliiII.class,1904,1648
be9178a6a82b75662f2222f1b14bfff9,rustme/iiIllliiII.class,1346,1090
65851c5d25ed6f03f2fe32d70ae0725f,rustme/IiIllliiII.class,3252,2996
086f276b650a9a963068c3b91906b757,rustme/liIllliiII.class,3954,3698
e20bb446137ee675da85fa80d1e8c652,rustme/iIIllliiII.class,2405,2149
81a0d39ca691ba094f06659c7444b1c2,rustme/IIIllliiII.class,1937,1681
edceb50f9656463c383acb4676d3d31d,rustme/lIIllliiII.class,1346,1090
a54c23031637439a99359c3cd6d279fb,rustme/ilIllliiII.class,3138,2882
a4adf9a6735c59dd16395dcdc752421f,rustme/IlIllliiII.class,3622,3366
6bd4cb43b3755be190aa4e5d23480f98,rustme/llIllliiII.class,2405,2149
4469e6871e7ca89a0c144c3c99ae4b1a,rustme/iilllliiII.class,1937,1681
e595f7cd0bb07758973095f11fed0bd4,rustme/IilllliiII.class,1903,1647
61191585e35a6c7a23f99a33d62ce94b,rustme/lilllliiII.class,1346,1090
91f84daa0347d6f5d244403eb29e6acf,rustme/iIlllliiII.class,3318,3062
437278b25e1c2a8c8f94a25e1965db6f,rustme/IIlllliiII.class,3752,3496
80c154a32e7168d2ff7959f52fe82a2b,rustme/lIlllliiII.class,2406,2150
0583e3923a7d9ec20bd877044252989a,rustme/illllliiII.class,2049,1793
5857f655beb9bd71c964810d5372bc8f,rustme/IllllliiII.class,1937,1681
a7eae3d2fd65099ea6d7b803a37d70f7,rustme/lllllliiII.class,4002,3746
814e2f9f234ff47eb1c0c0acf1203108,rustme/iiiiiiIiII.class,2331,2075
1d108651cab898be691695336f082faf,rustme/IiiiiiIiII.class,1937,1681
1f8ffc09f368727984babfaf30dbbd8f,rustme/liiiiiIiII.class,1346,1090
9b25ec73106b32442feac9a0aed8b0fa,rustme/iIiiiiIiII.class,3257,3001
0166520dc9b23905a2f7e24f5def5407,rustme/IIiiiiIiII.class,3157,2901
c330aba8575f402c3f7cd789a2d2be68,rustme/lIiiiiIiII.class,2330,2074
13a63934087c254a7a0e04b77adc66a5,rustme/iliiiiIiII.class,1937,1681
ad27029c23d9b6f3368f7cd272430ba5,rustme/IliiiiIiII.class,1903,1647
8484e06cccc57148deb982f391e9ba14,rustme/lliiiiIiII.class,1346,1090
e11321ced51a2c505cfffff65af43c7a,rustme/iiIiiiIiII.class,3308,3052
3a336276a6ece4d16e3d174a1998f24b,rustme/IiIiiiIiII.class,3954,3698
e13a17675853c6503f606592bef18d75,rustme/liIiiiIiII.class,2330,2074
05117107a42d53858d4679d82595152f,rustme/iIIiiiIiII.class,1937,1681
76508d8f8b88d4f8a2210b9162a04d79,rustme/IIIiiiIiII.class,1903,1647
88e4a786e5d3072e822e15201d1fac28,rustme/lIIiiiIiII.class,1346,1090
8b1f2e9a0a002db9f472e19be4447530,rustme/ilIiiiIiII.class,3237,2981
c9ac29343325d7bc93f2822acca0dc0c,rustme/IlIiiiIiII.class,3953,3697
257e8bddd7748e1a1f5ece13d85d909f,rustme/llIiiiIiII.class,2452,2196
1e1efac19858abb9997dc1aa8ea98ab6,rustme/iiliiiIiII.class,1937,1681
ddf38e2e6970372373f825274abc25d4,rustme/IiliiiIiII.class,1903,1647
005c3ef97a19ef58873ba4ded5996d2c,rustme/liliiiIiII.class,1346,1090
9a66ea30092dde752b1047e7550f6900,rustme/iIliiiIiII.class,3236,2980
dc4cddac687880522e7cdbd97685fde9,rustme/IIliiiIiII.class,3957,3701
e96f2b6167ab0cc84b07d8420443e2f0,rustme/lIliiiIiII.class,2330,2074
c2fb42d430038b4cfcfe6cd296c2160d,rustme/illiiiIiII.class,1937,1681
f38d9ef777b27c8374b46de75abcf5ec,rustme/IlliiiIiII.class,1904,1648
53e42e9fcaf997f7eb1bacf630b73614,rustme/llliiiIiII.class,1346,1090
d8354e5d8c60ab197103b30fe3d08903,rustme/iiiIiiIiII.class,3218,2962
6743b1536711281dc740f67589b16d97,rustme/IiiIiiIiII.class,3816,3560
3353d51e276c6cec651a21e7d8aa27c6,rustme/liiIiiIiII.class,2405,2149
75234b1c78b25f10c20902f5c93c2648,rustme/iIiIiiIiII.class,1903,1647
0d8a5890ca5380a829bb64d4a21bac99,rustme/IIiIiiIiII.class,2053,1797
92eec8d35e52d269ebfc2eda0b44687f,rustme/lIiIiiIiII.class,1937,1681
0597ede6defbb085bcacae2bc1616d4c,rustme/iliIiiIiII.class,3971,3715
9d853639ac33b1129d189d13ea01af1d,rustme/IliIiiIiII.class,2331,2075
f4b4b941f9985868f4777666496988c1,rustme/lliIiiIiII.class,1903,1647
9340fb2f9e4ee0b9f210df2eb7232a84,rustme/iiIIiiIiII.class,2049,1793
82a1a568e8b6de5605f9e9882f537ec0,rustme/IiIIiiIiII.class,1937,1681
b2c46b7100f4382f36630ac8b9ba0603,rustme/liIIiiIiII.class,3971,3715
b6fb853aa7056639202394eec794bd13,rustme/iIIIiiIiII.class,1346,1090
e83d09a30ffece3897bf33d303b95e58,rustme/IIIIiiIiII.class,3032,2776
ef2e90aa520206940510a30e627d2fcb,rustme/lIIIiiIiII.class,2061,1805
b16411e92004678865e0ea74ee62fe04,rustme/ilIIiiIiII.class,1937,1681
38de8cccc3d795d8e17c4fdb7dab16a6,rustme/IlIIiiIiII.class,2330,2074
67458e278b9a3430c1266673a539743a,rustme/llIIiiIiII.class,1903,1647
d760fe6703c95aa7b7c068c479d2742d,rustme/iilIiiIiII.class,1346,1090
0e0acf318fcbef94809aaef874d61afb,rustme/IilIiiIiII.class,3236,2980
219319e21b6aad3351d1d44e31ed3d81,rustme/lilIiiIiII.class,3949,3693
874dd17278e844206c1b900ef79d439c,rustme/iIlIiiIiII.class,2405,2149
bb55ff39cb09e3c66227a95f38d90fb7,rustme/IIlIiiIiII.class,1937,1681
700460164a77ee76e7bcb9c18a31c76a,rustme/lIlIiiIiII.class,1903,1647
b42c796515203f09a9fe81a257622877,rustme/illIiiIiII.class,1346,1090
50e4ebbec53d5ead91a89bad4421856c,rustme/IllIiiIiII.class,3290,3034
fa6d415077497e5965ff0bd4aa5030df,rustme/lllIiiIiII.class,4058,3802
a1805c2818b1b2f49ab6a96bf4909e89,rustme/iiiliiIiII.class,2331,2075
5fa864d5fd7305933eea6aa6906a3db3,rustme/IiiliiIiII.class,2049,1793
62e2a944561f08e05e24b28a4ce424b6,rustme/liiliiIiII.class,1937,1681
8d6d5ca118a2d92260decbf6d49eacba,rustme/iIiliiIiII.class,3020,2764
6e5ddd0a5fad79a4140aa7eaa8ecd0cb,rustme/IIiliiIiII.class,2405,2149
2ab60a064d93535625540fc266c07756,rustme/lIiliiIiII.class,1937,1681
9413db51a1ecd5d170e3f9c5111823ac,rustme/ililiiIiII.class,1904,1648
de69ded46c3e4589ed5680dcbb66258b,rustme/IliliiIiII.class,1346,1090
fd691b11d118459c3c612f4924a02647,rustme/lliliiIiII.class,3296,3040
2f2fbb6c0aeaeca588b007432f2944e1,rustme/iiIliiIiII.class,4005,3749
6d89137cb9fa49aa0379b1a16451765b,rustme/IiIliiIiII.class,2330,2074
06abf05d08a6649918b28591cb81d7bc,rustme/liIliiIiII.class,1926,1670
e5cacd0a89440cd99542c12b3c0c9b7d,rustme/iIIliiIiII.class,1903,1647
98d8679cbe048008a0843919d5972480,rustme/IIIliiIiII.class,1346,1090
0fd02875f13a8efb7fc696739eb8ef09,rustme/lIIliiIiII.class,3258,3002
2561b5929e27012c8269c31869544842,rustme/ilIliiIiII.class,3950,3694
2845741e570a570aeb354f6637560fd6,rustme/IlIliiIiII.class,1346,1090
629400476ddda169ef324cfa33f5738f,rustme/llIliiIiII.class,3117,2861
0d1dcf46536ca54f47f6b799c78413e9,rustme/iilliiIiII.class,3477,3221
a42727f7b91037e97925995a31702c47,rustme/IilliiIiII.class,2331,2075
94c71bc06a094f9de76106593cdf6282,rustme/lilliiIiII.class,1937,1681
df96889a83883dc4160bd1b0d0b761ca,rustme/iIlliiIiII.class,1346,1090
9ed3816018c974506417ff106b300190,rustme/IIlliiIiII.class,3306,3050
00b38e89d58fd92a0c2a4ea25854a94e,rustme/lIlliiIiII.class,3126,2870
af95eac9f81124f702a2926e20c07600,rustme/illliiIiII.class,2330,2074
2c756c5fe9646a5fb7ddceaceefe67a7,rustme/IllliiIiII.class,1937,1681
f19ea72f87095a8805d2fd52b6482d96,rustme/lllliiIiII.class,1903,1647
05f95eedec9206072ded1fe68e23ce3e,rustme/iiiiIiIiII.class,1346,1090
45f7532b3109f360b1aa3b29768ba517,rustme/IiiiIiIiII.class,3109,2853
97ef2d9b597b53cb64d655a0ce76988b,rustme/liiiIiIiII.class,3851,3595
176ff604414589e02bd186b474c236ae,rustme/iIiiIiIiII.class,2147,1891
1d8dbdac5669b63bace293e925a71ca3,rustme/IIiiIiIiII.class,4625,4369
f33636928c97e009d8306e23ee3bad1b,rustme/lIiiIiIiII.class,2472,2216
ac0c59e3486dd0733877f34f998d13b6,rustme/iliiIiIiII.class,2049,1793
4936cda64d960c53df52902b51d909b0,rustme/IliiIiIiII.class,4619,4363
92042d8e0221247a7687224a8297ad1a,rustme/lliiIiIiII.class,2405,2149
9d19ecc0ed45c8d8ba0c15a70d416577,rustme/iiIiIiIiII.class,1926,1670
678f439fc01f917b9e167be07bf956c5,rustme/IiIiIiIiII.class,1903,1647
f2e58609f5f6dd5ac9999e47c7be1c9f,rustme/liIiIiIiII.class,1346,1090
a55af4db1542d70b130845eb965d4ba7,rustme/iIIiIiIiII.class,3252,2996
bea242649e2e261048d9af61186ef32d,rustme/IIIiIiIiII.class,4080,3824
934e837ada2c715feab3c0d0afa0b967,rustme/lIIiIiIiII.class,1897,1641
8860126f5cb69e1c0025c12ec6c8846c,rustme/ilIiIiIiII.class,1937,1681
803ef8c7caa7f0c401f7a5424831a6bc,rustme/IlIiIiIiII.class,2131,1875
fc27972bd292bcbdfdb74e1d917de323,rustme/llIiIiIiII.class,4245,3989
d6073698e26dfa3a02a38416e5ca1c5b,rustme/iiliIiIiII.class,2331,2075
7873100ae6ad78d1f6f1e22a643bd3ed,rustme/IiliIiIiII.class,2049,1793
9eff06acea109b31be8a712e5e90a752,rustme/liliIiIiII.class,1937,1681
5598abcd43b109528b45972344bf882b,rustme/iIliIiIiII.class,3835,3579
f3f5a7d35b21ecd64684e19be6d69d9b,rustme/IIliIiIiII.class,61695,61439
13440238a386fef3b3377634e056f62c,rustme/lIliIiIiII.class,1480,1224
95a17e0f4b1b81d42ebfe1fb3298e3d5,rustme/illiIiIiII.class,3070,2814
4f20778a1a657aada1ad45f217182514,rustme/IlliIiIiII.class,1478,1222
b2e14b0f226ee00b66ba7c856b394263,rustme/llliIiIiII.class,1721,1465
6bd41001bcd1cd6c8553ee45953bff31,rustme/iiiIIiIiII.class,1896,1640
77f49118591a4dc4fb3651096d74b774,rustme/IiiIIiIiII.class,1896,1640
0e83515728c1133dd3e8bd8995269f7a,rustme/liiIIiIiII.class,1896,1640
fb2af23d1c4cd4cd3c141293fc8c6f2c,rustme/iIiIIiIiII.class,1915,1659
00eb1099597316f5bd3371773af8e0f6,rustme/IIiIIiIiII.class,1896,1640
31197276b011f4978ba0235b5ce7a27c,rustme/lIiIIiIiII.class,1926,1670
14d9509bfe7e65ba326625410cc2cb80,rustme/iliIIiIiII.class,1937,1681
8f66246859f29597ad366f42c54369bb,rustme/IliIIiIiII.class,2281,2025
fdd9f4880b4d4119bdbf927b0fb60431,rustme/lliIIiIiII.class,1896,1640
edc57d9b7f3dcd129f3dd05e8fe6739e,rustme/iiIIIiIiII.class,1896,1640
8d214dbe05ac48debb79361479563e79,rustme/IiIIIiIiII.class,1896,1640
36c45fee1ffab1c6cd17cbc1a4bf221a,rustme/liIIIiIiII.class,1896,1640
550642aa8d7779597237ae864f19876c,rustme/iIIIIiIiII.class,1896,1640
0535f76b7990cfb87a04e88a5d90bb3b,rustme/IIIIIiIiII.class,2016,1760
eeae22e25c62630f9f42d572fb1d650f,rustme/lIIIIiIiII.class,1896,1640
d7e01ca928966c033d6ed1a022cfa70e,rustme/ilIIIiIiII.class,1886,1630
87fd5abc4948ab99de4a54a1638a2bb4,rustme/IlIIIiIiII.class,2137,1881
bb134092394af8152bd7fc31495a1407,rustme/llIIIiIiII.class,1896,1640
2468e93ef432c817fa36d10fc38c618b,rustme/iilIIiIiII.class,1896,1640
1ce8934d8a08ba3426d4dcadd8c9b8b9,rustme/IilIIiIiII.class,1997,1741
66b4be60c09636fc0a5e93598dee6baa,rustme/lilIIiIiII.class,1896,1640
b3f14468474913bd358cf4feb5a8e8ef,rustme/iIlIIiIiII.class,1894,1638
4b14dd702f76e3a27cd8a917bdf23286,rustme/IIlIIiIiII.class,2137,1881
d65534fd15c6b9584378540a4c0a4bf4,rustme/lIlIIiIiII.class,1896,1640
bc5925ed782f0b8721e0e0af81db23c0,rustme/illIIiIiII.class,1896,1640
361c01848827a634e6e787c71773ce37,rustme/IllIIiIiII.class,2028,1772
4205b8b6b702cc69a32e406973f6ed98,rustme/lllIIiIiII.class,1896,1640
26094fa29c9cfd04c40023fcd1f10a6a,rustme/iiilIiIiII.class,2028,1772
03dd0fe22000f49e40614ca41ccaa4f2,rustme/IiilIiIiII.class,1897,1641
ed76a03cd273c223adb57ed93dc35802,rustme/liilIiIiII.class,1901,1645
8d81e005e081a130c4f180e7190b59d5,rustme/iIilIiIiII.class,2122,1866
545d88d9b94c79032c3faaa950be2dff,rustme/IIilIiIiII.class,1896,1640
2e9dee99052665b07ba3bd8eed71edac,rustme/lIilIiIiII.class,1896,1640
86f41e96516b495b04e4ad03f0a0ceb8,rustme/ililIiIiII.class,1896,1640
d058913e92b5a86eff43321059aaaa82,rustme/IlilIiIiII.class,1896,1640
fb2aa4a9203382aa766d5ee431492e93,rustme/llilIiIiII.class,1948,1692
446ef56322b65a00632c24c8b2c00c68,rustme/iiIlIiIiII.class,1928,1672
88e3f3dec331039b6f073ad4ec4c2dd3,rustme/IiIlIiIiII.class,3646,3390
f44d19496b064aea9fe9651650e20e0f,rustme/liIlIiIiII.class,1896,1640
b3d97a052e45737ec202ab5260c6aebf,rustme/iIIlIiIiII.class,34840,34584
8694c51129cce0f0d69b5810dcca6e67,rustme/IIIlIiIiII.class,1584,1328
a36cb40ee99f2bed9caaafc819f58f10,rustme/lIIlIiIiII.class,1698,1442
461fa74a842157c1716d388cee16675b,rustme/ilIlIiIiII.class,2766,2510
39057a4e0400b0a135b4222345b51480,rustme/IlIlIiIiII.class,1850,1594
fc8ddff58b00a296d31f1736333c9067,rustme/llIlIiIiII.class,4739,4483
73ce710d1db751aed79bede19c03e835,rustme/iillIiIiII.class,1474,1218
8fe4e79419db624f7f2c2663d091eeaf,rustme/IillIiIiII.class,5784,5528
e39935edde30d3b3a219a87aaaddd2b1,rustme/lillIiIiII.class,1043,787
fbead50ee1d7597390db05eb5413936f,rustme/iIllIiIiII.class,5371,5115
c7a7ee8c06b02b15b39412e41334d5e8,rustme/IIllIiIiII.class,11722,11466
2b823dc8b349fbcd50882158564e7691,rustme/lIllIiIiII.class,1885,1629
d359b0ae9532d393ebd2d2ee6f75c9c3,rustme/illlIiIiII.class,2825,2569
1c4591de25cf6cef2308949c3bbf3875,rustme/IlllIiIiII.class,2500,2244
8377b4908f4b03f98cd94a5d3da29af0,rustme/llllIiIiII.class,1889,1633
965689107751459413d94484abfebd74,rustme/iiiiliIiII.class,6012,5756
757965184c055db7f9f85e1ed18a474f,rustme/IiiiliIiII.class,2245,1989
fbb504c96a9848aed7d139d1d090c47d,rustme/liiiliIiII.class,2810,2554
5ef2731eb8fe406b7e6e9d42dbed57ad,rustme/iIiiliIiII.class,3628,3372
43bbdeeb9a263e95f1f602f2466d0a95,rustme/IIiiliIiII.class,6107,5851
29f3af8d8f9829db926649e3b9595bd2,rustme/lIiiliIiII.class,2677,2421
7457d170073440e60e951af0428d7188,rustme/iliiliIiII.class,1080,824
bfe40b30d517ca2d6ea67972564fd8d4,rustme/IliiliIiII.class,4085,3829
24063f2a6b8b87324c463a93917be0b5,rustme/lliiliIiII.class,4765,4509
b773c4387ac361f5803f7f0a46ddbbc6,rustme/iiIiliIiII.class,7993,7737
d7c1d38b202dc3cf91efa674cf6bdf5c,rustme/IiIiliIiII.class,4969,4713
bb39bfa36b1c0ab0c0c67dbf224942f5,rustme/liIiliIiII.class,6323,6067
7f6a9dbd163e80b012c4875310210b27,rustme/iIIiliIiII.class,5214,4958
cde4b42598668f1ac8339e02e6e5dbef,rustme/IIIiliIiII.class,905,649
9ee17fb8834d5a36944d0c14827e99ca,rustme/lIIiliIiII.class,2992,2736
397461b523d2194654bbda855b3f54fd,rustme/ilIiliIiII.class,3937,3681
0e4ffbbc0867ef54dc34c74f93f9299e,rustme/IlIiliIiII.class,3103,2847
430f811e88c971381e91dad84e1962c5,rustme/llIiliIiII.class,3539,3283
e577c884c287bb944939bc242adcc9a1,rustme/iililiIiII.class,2974,2718
e3cdfdfa88affb3797934fe5817469e3,rustme/IililiIiII.class,8386,8130
3ec611148f6901659c9069f9e7d1799c,rustme/lililiIiII.class,3383,3127
a4303eb0544e18b82701fd9c097538d1,rustme/iIliliIiII.class,895,639
d3463d887d15351888ba24b9fece3929,rustme/IIliliIiII.class,2766,2510
ef0f891ca496f263e397fba9bdf26634,rustme/lIliliIiII.class,3712,3456
2cb9ae9f4139dc37d34aeff1257f0c29,rustme/illiliIiII.class,899,643
db283b32016fd4cc2f6eb64fdd536321,rustme/IlliliIiII.class,1884,1628
4dd8b05dfc328f24c62ee59db2cbb936,rustme/llliliIiII.class,5662,5406
5495d7c05054c1f369e358052008f4cb,rustme/iiiIliIiII.class,4431,4175
70ed62fa91389507793f836b2bde4e99,rustme/IiiIliIiII.class,1886,1630
0edcaed7788c71ada186d966d09863ae,rustme/liiIliIiII.class,901,645
7aae5eeb4f9c176f204261443fcc7291,rustme/iIiIliIiII.class,2807,2551
189ee5c2027a2bb2b1f8cd908f4fb7e6,rustme/IIiIliIiII.class,2807,2551
3cb048d74f7f02f208ae72af1a585adf,rustme/lIiIliIiII.class,11256,11000
9db7752d3bcd00da2dd313ca17750ce6,rustme/iliIliIiII.class,3786,3530
1e241b5908a6569eeaea7c4297eef1d6,rustme/IliIliIiII.class,900,644
259d9e048a7ef35485de9b802ad2e933,rustme/lliIliIiII.class,3691,3435
c86499fa042839ddc7a839ea24f2b7a7,rustme/iiIIliIiII.class,1953,1697
2de3594ec6c8768e00a3d6c985e275b0,rustme/IiIIliIiII.class,7600,7344
b12bbb84c6067fae48233d8f2baee7d5,rustme/liIIliIiII.class,5417,5161
8e3bb33a123cf4783b46335a7ddc491f,rustme/iIIIliIiII.class,907,651
fc1f5a206c5325a2280ca03fe20b945d,rustme/IIIIliIiII.class,898,642
6db04c16be05f5c252fea79d309e7f3f,rustme/lIIIliIiII.class,6911,6655
943178ab6e3c57045146df2a0da411b4,rustme/ilIIliIiII.class,2242,1986
0905165e8da263ba5c8a40eb5357fa25,rustme/IlIIliIiII.class,3169,2913
4059b04cf96c1eb0eab069772e5e39f0,rustme/llIIliIiII.class,1885,1629
9c42838ac62628218f059369ee14ea8c,rustme/iilIliIiII.class,934,678
caa0499e22ad1f064e6190e72a05e619,rustme/IilIliIiII.class,1886,1630
4e2550fb24671e2554ec864a3ea7a0f4,rustme/lilIliIiII.class,1887,1631
eb349bde2309778391a39de8e14de14b,rustme/iIlIliIiII.class,3221,2965
adb6ea2a2bd9aa8fb6eeac0a95870cb0,rustme/IIlIliIiII.class,3019,2763
cbd7b4a361e89b57dc80379f21e315d9,rustme/lIlIliIiII.class,3982,3726
6436302d85a5d693d9fb6948f9be652c,rustme/illIliIiII.class,1390,1134
533161f8a16f318b05fc10f905b75911,rustme/IllIliIiII.class,3973,3717
a938e00163853c87fb80abbb46d181aa,rustme/lllIliIiII.class,4210,3954
11d09dd7d82da446d9f03e9cb39ef7b0,rustme/iiilliIiII.class,935,679
5acc09aadc2d0f35fdcff907f4863db5,rustme/IiilliIiII.class,913,657
88c18c8f8dab13d6e3cee1ebe9be9149,rustme/liilliIiII.class,919,663
9abccfbb9fb14ac5b2ad52f684f9fdd9,rustme/iIilliIiII.class,906,650
fc9d199418aa4ea44b1607a0f3121d6e,rustme/IIilliIiII.class,922,666
08f3125cc5dc4bee4266090ee0347373,rustme/lIilliIiII.class,8997,8741
b5f3fc506aebd90f7c8dcb2ef5a69544,rustme/ililliIiII.class,909,653
a9336af117fd40f7f8ec197ebdacfc4b,rustme/IlilliIiII.class,905,649
1c89e1ccb05fea2483302ad459a2258c,rustme/llilliIiII.class,915,659
a6f19c64d001b8e17fab9c2a4aa774ef,rustme/iiIlliIiII.class,904,648
bd3395cf327360a722ddce3fb1df752d,rustme/IiIlliIiII.class,3530,3274
d9098f4a8746519c8763909641b30965,rustme/liIlliIiII.class,912,656
628bc8711c0851aa5c59c082f3ee304c,rustme/iIIlliIiII.class,908,652
f75d4f660692def048a58907f065a213,rustme/IIIlliIiII.class,1685,1429
7317202ea112619a5c04b3e6a164b8b9,rustme/lIIlliIiII.class,2677,2421
8366ee68c9bef445b0a01f25f2634009,rustme/ilIlliIiII.class,2658,2402
8f7ac3096dd428c31e22cf8fbd999d14,rustme/IlIlliIiII.class,2321,2065
c5e967ca10db0609cd9eb12571a60990,rustme/llIlliIiII.class,922,666
c82aa9c1ea9145c7f9e1b5d1f0a95f83,rustme/iillliIiII.class,3484,3228
dbc92cc498c9d741c61d2631ea7a45cd,rustme/IillliIiII.class,904,648
15c00264f24c72067066c1422156fee7,rustme/lillliIiII.class,920,664
8a9589ad90af2105f0641a4bee6b9e38,rustme/iIllliIiII.class,6562,6306
e92e13e56ed748cae269a93928cd3915,rustme/IIllliIiII.class,2090,1834
8a7ffe9c95a262ffdab42500a0e68523,rustme/lIllliIiII.class,6827,6571
bdf9210774e3479c827b16e866793a8d,rustme/illlliIiII.class,3165,2909
70c51d62c9130868a543c402943c8bb8,rustme/IlllliIiII.class,911,655
c3e7665142b822583bc65ef30707f6d9,rustme/llllliIiII.class,2831,2575
5ec6ed8843ead58790f9fe6d7a91f2a1,rustme/iiiiiIIiII.class,2897,2641
c35807ea23cf89c6ef9c9a4b35763836,rustme/IiiiiIIiII.class,911,655
4471d5022bc5e825ce7ca63fd02cac44,rustme/liiiiIIiII.class,905,649
0f598a93caa09beae8e095516633a9e7,rustme/iIiiiIIiII.class,3039,2783
2ae16b8729703988f7f6eeeb6dcbe5fe,rustme/IIiiiIIiII.class,9745,9489
4994dffe2126ef2c47db2d89a7a935e5,rustme/lIiiiIIiII.class,2212,1956
ed038543af5d6ff503b7bc141b2cc93b,rustme/iliiiIIiII.class,904,648
2d31fbece66e33d80751feceb993bf79,rustme/IliiiIIiII.class,906,650
ea558c2a69c1ea9a1d533811bd9c6576,rustme/lliiiIIiII.class,2577,2321
34c8219b74acb1dea416e19fab91e50c,rustme/iiIiiIIiII.class,2820,2564
6fb74ddfd6155e725d1414e672dfe5ce,rustme/IiIiiIIiII.class,3165,2909
15c4d9c9f8eca58099cffab5c71f4093,rustme/liIiiIIiII.class,906,650
8439c6cfe68c1d94a7982d9a6f8cc967,rustme/iIIiiIIiII.class,3432,3176
cc4cfb3c86d4117a3d29f8b9f05dc8b0,rustme/IIIiiIIiII.class,2736,2480
9385e04e9a3d58e9a78c4b8106c79dd0,rustme/lIIiiIIiII.class,7039,6783
60a94621965ee1f85f0fc7a4cfd96880,rustme/ilIiiIIiII.class,10145,9889
59e8065519496f6d1337907b9724f14c,rustme/IlIiiIIiII.class,2498,2242
c95556d9885893362d1b2f3058fc8be6,rustme/llIiiIIiII.class,2487,2231
8eb8f022b22c93c5fe17d0388f3b8f62,rustme/iiliiIIiII.class,3253,2997
3139dda4d1634dad54c303b5699f81b9,rustme/IiliiIIiII.class,2526,2270
95f38e5492e539a17b6d0f6aca2807fd,rustme/liliiIIiII.class,2674,2418
af368ae4092f02691aa4e5f7765aaac8,rustme/iIliiIIiII.class,15022,14766
a31169a0210ea06a0e20b7b7650575f6,rustme/IIliiIIiII.class,2949,2693
1cf023c5b1d73d0f7b69732d2746e1eb,rustme/lIliiIIiII.class,4624,4368
3294cd9d69830eba8e6d54fbbd4d430e,rustme/illiiIIiII.class,3074,2818
d45b74ab422dab8ac786f7de701ba09e,rustme/IlliiIIiII.class,3691,3435
79aefc15432bed3645d6bf0b5673ea4d,rustme/llliiIIiII.class,6667,6411
6b4c374c7e6118eb28a8d86178d10fd9,rustme/iiiIiIIiII.class,1583,1327
070cafac62e6fd04df5aea4e56b3b9ef,rustme/IiiIiIIiII.class,6930,6674
b8e196bb7e44b82bdc408707d5917cf2,rustme/liiIiIIiII.class,977,721
33b1bbe35f9a8490f4b5d2a1acefd7bf,rustme/iIiIiIIiII.class,3472,3216
928a14b338dca6cafd279b5acc123d85,rustme/IIiIiIIiII.class,1713,1457
576ff6a841c2ee659bbfb790005a4d37,rustme/lIiIiIIiII.class,4159,3903
f42299cd5bb1649134fc095e16803209,rustme/iliIiIIiII.class,877,621
ba36f4aff6276e00ac62476c4d93ee33,rustme/IliIiIIiII.class,23748,23492
c52502551a7abf00602b1dcb81baca5f,rustme/lliIiIIiII.class,5900,5644
ec1bba7fcd22596bdcbde937a1b6d257,rustme/iiIIiIIiII.class,1537,1281
e5ef01092bb1c8f0ff7a5c575fd0169f,rustme/IiIIiIIiII.class,1947,1691
0f01a8b137453339f608344cad6f19d8,rustme/liIIiIIiII.class,3555,3299
287e130fe5b30d4b436df414f8348c39,rustme/iIIIiIIiII.class,6240,5984
84f4760f1994393f5babd3031ab6b3ae,rustme/IIIIiIIiII.class,9891,9635
394212813f3177aa3c133de97fc829e3,rustme/lIIIiIIiII.class,5773,5517
c504151e48827bd457430b0c9b918a8a,rustme/ilIIiIIiII.class,28978,28722
172d20b36fe86c14b7a0ac565fb32da3,rustme/IlIIiIIiII.class,7005,6749
20f67d0e28cc5e820975540dba2ceb80,rustme/llIIiIIiII.class,4230,3974
c89cb928513ded5d705452dda9c3917e,rustme/iilIiIIiII.class,2584,2328
29af2b759636e5a4c956daa95425b104,rustme/IilIiIIiII.class,2806,2550
dfdb205f9a582e4234d1c2536edd65f8,rustme/lilIiIIiII.class,6962,6706
b40895d7edf5bd1d32db4687b363f5cf,rustme/iIlIiIIiII.class,4606,4350
e20e257b20874b529a809f7559e8b4c8,rustme/IIlIiIIiII.class,2417,2161
b159f67121b3d68862179fd4bb4daf72,rustme/lIlIiIIiII.class,2416,2160
81d05b70e1c61a04f29df29b2708814f,rustme/illIiIIiII.class,1991,1735
5550b2dee87fe8c8cd05d9959d2adc31,rustme/IllIiIIiII.class,5028,4772
779f278ef20ce4e7f419309392f527bc,rustme/lllIiIIiII.class,41390,41134
91cc833aa114314ebec8acbb2666f1b5,rustme/iiiliIIiII.class,19788,19532
c1e60505b816367b9ccf8bd552c3cb7e,rustme/IiiliIIiII.class,6379,6123
8e29491adf531483c9495af233beb8c1,rustme/liiliIIiII.class,3800,3544
6ec313f5ce765b73078cad4361e2651a,rustme/iIiliIIiII.class,1682,1426
f2068d265fe1eb197e2aaf78b248699c,rustme/IIiliIIiII.class,3155,2899
a052a92082517ff5b8dc081313473b76,rustme/lIiliIIiII.class,35299,35043
97f2cd0015a98343ba5958e09b6ebc23,rustme/ililiIIiII.class,4203,3947
5898a123e57a33748444c9befbf0d328,rustme/IliliIIiII.class,3869,3613
94423078eca0d5a4e90fa688961ab8d5,rustme/lliliIIiII.class,768,512
dcacfb8f337f50a6763f5369747446a2,rustme/iiIliIIiII.class,4195,3939
ee2d23b61518d13fe16f1e7a794b6b5a,rustme/IiIliIIiII.class,4187,3931
a5659bedcb41b1b0d57d39e2794720c0,rustme/liIliIIiII.class,796,540
b8c2e41670adf8527490127a2d56a020,rustme/iIIliIIiII.class,4193,3937
c1b434b3e61e01d8291e589752f0a75f,rustme/IIIliIIiII.class,800,544
21f2e290c32e7dc1f740cf5682b7d44e,rustme/lIIliIIiII.class,3932,3676
2d0fd1e9252c1f1914a344142da29962,rustme/ilIliIIiII.class,760,504
dc19d30120d78295cf65dbd39484bd23,rustme/IlIliIIiII.class,4042,3786
f385e0553d38e0aea20adf0263773799,rustme/llIliIIiII.class,1979,1723
9e69821ca2fc831d18166111cb613b02,rustme/iilliIIiII.class,927,671
1cd97aab93379f0f8287d398f47c79d1,rustme/IilliIIiII.class,5830,5574
f0a7987fc2268327dd8e587051d410be,rustme/lilliIIiII.class,7174,6918
d96c445d298c624422464c8255b61da8,rustme/iIlliIIiII.class,918,662
7d24e56286f6dbda4e63e671d79d272b,rustme/IIlliIIiII.class,2021,1765
64b8f71b5c42789fef64dd04afe34401,rustme/lIlliIIiII.class,10776,10520
48f28d6593fff8dcf14f9fc650916509,rustme/illliIIiII.class,1981,1725
308864fb1f4a18ffd7aa811e7c17d581,rustme/IllliIIiII.class,705,449
0f950527c4fea5fe3d9d757ee7068a63,rustme/lllliIIiII.class,1022,766
920c26bebf9f2e4df869e81b532b4dfe,rustme/iiiiIIIiII.class,3217,2961
62ff9c9edae48b000b95a4818fe083df,rustme/liiiIIIiII.class,1681,1425
c2e86df69138308169c27fc0d3063d48,rustme/IIiiIIIiII.class,599,343
26a43e00451fe0c07f4e49e54cd5c810,rustme/iliiIIIiII.class,26145,25889
d28afa21e739c4e743df9f77fa36a429,rustme/lliiIIIiII.class,546,290
828d9ac622ab1225a0af7911953d87ba,rustme/IiIiIIIiII.class,599,343
0ae917f01e0a90057c5370f6a06dcf38,rustme/iIIiIIIiII.class,546,290
7e49775e63edfe515cb77ceb67d0fb43,rustme/lIIiIIIiII.class,652,396
cf2d54b6b59b06a3a00017505e671c88,rustme/IlIiIIIiII.class,758,502
f357fbf6451147c66cd6332927d2d7bd,rustme/iiliIIIiII.class,493,237
c4b16dfb6e1710c37fde99293b68a702,rustme/liliIIIiII.class,652,396
79a5d2e34de10910e7d33bb1e236d06e,rustme/IIliIIIiII.class,493,237
b9488b3eed0a1522c72b53e2560cf408,rustme/illiIIIiII.class,493,237
d51b7c6140dccc2bf0027feffc6ddebf,rustme/llliIIIiII.class,493,237
b3f755cfd11de9710db7be0f12523a05,rustme/IiiIIIIiII.class,493,237
dcff7c76cc4577ef7ad61086c0d440bd,rustme/iIiIIIIiII.class,493,237
a98febf05478d383324ad676750b036d,rustme/lIiIIIIiII.class,546,290
8b2abf908a9b033ed08390feb2020d86,rustme/IliIIIIiII.class,546,290
4804a73b1b7e9cbd1ea7b070ea4cf820,rustme/iiIIIIIiII.class,493,237
3c945db73ca801d78d37f297588b96dc,rustme/liIIIIIiII.class,758,502
e040f6168a3623fe183ec083817344b9,rustme/IIIIIIIiII.class,493,237
2de92e3796ee344b487c855d9a5ae802,rustme/ilIIIIIiII.class,493,237
8d8b8e1397587956afa199f8777cc4a7,rustme/llIIIIIiII.class,705,449
138573363eca3610ddaffbabb8d21c70,rustme/IilIIIIiII.class,493,237
190bf2e770db6aaad4eef3a907f3983c,rustme/iIlIIIIiII.class,493,237
e4b15ea882bd1f1e3193c4e6dc07d88a,rustme/lIlIIIIiII.class,546,290
e2162400d4cce47e3c5cf33a088b7f5e,rustme/IllIIIIiII.class,493,237
51f0752b1abbf73d3eaafd983b8899ca,rustme/iiilIIIiII.class,864,608
6244a16dd7efd7b5594224f8d79d7b2c,rustme/liilIIIiII.class,546,290
720d7567ab948915ebe6f75605111ff0,rustme/IIilIIIiII.class,493,237
de987aadb329ccbca6f5c5533f94d260,rustme/ililIIIiII.class,652,396
8cba0758645afa167524cb6bca9d842c,rustme/llilIIIiII.class,652,396
4c7d1366d99178e30e492a92c245e12e,rustme/IiIlIIIiII.class,758,502
4b642318915b3d33916599b592300425,rustme/iIIlIIIiII.class,652,396
61c2c2d9461c3ab8554783bd57403319,rustme/lIIlIIIiII.class,1235,979
c9a0736c55c087150433fb3e794940bc,rustme/IlIlIIIiII.class,599,343
7a7a130cf49e2d79cd8bf9bbb45080aa,rustme/iillIIIiII.class,758,502
ef67e5ce58d60af15de90a1ea9e5277d,rustme/lillIIIiII.class,546,290
8d8afbd8f3f32383c6aaf4f1bedee50e,rustme/IIllIIIiII.class,652,396
7bea4cfe1b8e22830b0d7df995a1ee40,rustme/illlIIIiII.class,599,343
dda1eb7daa23ae4996984a612e0a516f,rustme/llllIIIiII.class,811,555
3698bcd235fe082bdaa37cfc77d0bbe0,rustme/IiiilIIiII.class,546,290
c5dd19a8da4ff1da67db0c41458e33ad,rustme/iIiilIIiII.class,1818,1562
78bd7a7efae0a1b9ecc6fd8c11e12c31,rustme/lIiilIIiII.class,493,237
a92c9f6b094b2b5aaedd106332ae3f3c,rustme/IliilIIiII.class,2772,2516
4e755a91193165443bfe5266d1610abe,rustme/iiIilIIiII.class,599,343
a98e395dd4e072827ce7c70e5aae698e,rustme/liIilIIiII.class,493,237
bbbce71bb6a0e53ceb1de2b1128f4243,rustme/IIIilIIiII.class,493,237
25c74813ac408c6737c55c9e3f5893f7,rustme/ilIilIIiII.class,546,290
d7004719ac1bbbcd81ec764a1002a268,rustme/llIilIIiII.class,493,237
06a3458a95c758dea76f52cd0136c491,rustme/IililIIiII.class,1818,1562
e70122b503124a515bafc855b104370e,rustme/iIlilIIiII.class,493,237
bb809e18b5723606c05bc70c513ae081,rustme/lIlilIIiII.class,705,449
22ce2305468ab7abfe8f6b74b5707310,rustme/IllilIIiII.class,546,290
bacb19c470a9df00b78feb8eba828520,rustme/iiiIlIIiII.class,546,290
d044f4ae53e3c6cf406a1a3a494bae9a,rustme/liiIlIIiII.class,1288,1032
39f897f18f84e24f1159e63a03612229,rustme/IIiIlIIiII.class,546,290
56beda21133f50a21740c1c521539875,rustme/iliIlIIiII.class,599,343
2027996f8cc10fa3647a7639cfccb789,rustme/lliIlIIiII.class,546,290
8eec08f97c3b1a17232dc93cc9413038,rustme/IiIIlIIiII.class,493,237
8c06570fa29c2ced742d0a4cfec97689,rustme/iIIIlIIiII.class,493,237
4511216c3522670c9f4b3314555d6a5f,rustme/lIIIlIIiII.class,493,237
995adee3899056e9d3f968c596e4cf44,rustme/IlIIlIIiII.class,493,237
9a0e38b3cc0099aff1ec00a2109a68a3,rustme/iilIlIIiII.class,493,237
5555dc40a848c428512e910746453f21,rustme/lilIlIIiII.class,493,237
390b550af2f403bdb1cbb0a1400f9c21,rustme/IIlIlIIiII.class,493,237
e78d9252c9d3e6bdcbfedd5b12df9eca,rustme/illIlIIiII.class,493,237
4f70115a02311fe1fedcd5c84b34726d,rustme/lllIlIIiII.class,652,396
d807e7506be2d7ef658f90bfe64d6a67,rustme/IiillIIiII.class,493,237
856d653f75d8360d06e09dc3ac6194ca,rustme/iIillIIiII.class,652,396
45f0180e27f7ea9544a2d58479fdbc00,rustme/lIillIIiII.class,546,290
1e00e8443ba325cf9becc3b3f6fd93d9,rustme/IlillIIiII.class,1129,873
5fb7badce708bce2347864afe958b959,rustme/iiIllIIiII.class,493,237
5710a04f8c192f494d491b3710a2cad3,rustme/liIllIIiII.class,546,290
2bf12bcdeca0cda8fe7c3cf23c65938f,rustme/IIIllIIiII.class,546,290
99a08a694f0498edd685a5462586e217,rustme/ilIllIIiII.class,493,237
e3a64655e086bed0cf8e5acc099616b6,rustme/llIllIIiII.class,493,237
5f5f973c193980a351bf36b82af6ef32,rustme/IilllIIiII.class,917,661
2525637ac5c6ac0b4ee3211c20a7ccc8,rustme/iIlllIIiII.class,493,237
e169fe018c149490fd9577219357dbc9,rustme/lIlllIIiII.class,758,502
97bdae52cac28684674d52c9fb033ad4,rustme/IllllIIiII.class,546,290
cf87c301f772a6a08d9ac90757c45e3d,rustme/iiiiilIiII.class,493,237
a33cf2008524ffec7f3193bd432fcf24,rustme/liiiilIiII.class,1235,979
b6059f6fe192c6ce6fd6ba5afc5de2ca,rustme/IIiiilIiII.class,493,237
d050a2fd0054a3a722da40275c7db4a7,rustme/iliiilIiII.class,493,237
5a570590b974b022a8550230402ef103,rustme/lliiilIiII.class,1500,1244
816451e7230b0dbbdbfedc537488b3aa,rustme/IiIiilIiII.class,546,290
66f3bf0e980516cf8d4584d7254fe26e,rustme/iIIiilIiII.class,546,290
3d14bd8549758183a466056ff37294b5,rustme/lIIiilIiII.class,917,661
78d524d0dcc2bda80c3a7dd1ea837af0,rustme/IlIiilIiII.class,493,237
bf6de984920d2ca1789111651ac68571,rustme/iiliilIiII.class,652,396
0bb81df4c9afc4a719705e0c46faa191,rustme/liliilIiII.class,599,343
30e4a52d6f1b29cccf277728015e7d2f,rustme/IIliilIiII.class,599,343
0e8a0259569cc4e4f10299916d5ca4d2,rustme/illiilIiII.class,758,502
d7135109b51a28217cd1e62fb4540a36,rustme/llliilIiII.class,705,449
dc3b6a8e68b7ee8f52c0e36f22adf98e,rustme/IiiIilIiII.class,493,237
52ad732ef96acd831118f44c017efbcd,rustme/iIiIilIiII.class,493,237
3778dc5aa29b4f626002720360909661,rustme/lIiIilIiII.class,758,502
d5772547d07964f17409b3017e6d856d,rustme/IliIilIiII.class,493,237
164464655f09ccc4c7a487bf4165bef0,rustme/iiIIilIiII.class,917,661
7a2a73be85b472c33b021304118c2780,rustme/liIIilIiII.class,493,237
d9adc65e171d9b3093a3143ac9472557,rustme/IIIIilIiII.class,546,290
4380bbdc2eb345f0a0b6037bded2a1aa,rustme/ilIIilIiII.class,970,714
b4997b2bd59ac60b1296462393c0742a,rustme/llIIilIiII.class,1341,1085
38b90c56b89a5be8494b3b708e5e638b,rustme/IilIilIiII.class,546,290
d46bd13bf8c1a767e151932a7c66c399,rustme/iIlIilIiII.class,917,661
c4632270a927d84ab76aee0712df9d01,rustme/lIlIilIiII.class,652,396
4d8e9a9d04309c14e0b154e263918493,rustme/IllIilIiII.class,493,237
5a5076b9e13507811f3de5b42d9cb4a1,rustme/iiililIiII.class,493,237
cb35393bab0a7d3ab9473501d0c9045a,rustme/liililIiII.class,493,237
026053ff49d1e74e4d61f894b52712c5,rustme/IIililIiII.class,493,237
a9064006682ee6cd8027cd9af8585295,rustme/ilililIiII.class,493,237
1fda5a3f0e8865b2813d3686bd9d70d2,rustme/llililIiII.class,652,396
1fd3f6c1eb72c80eda982885cb5f48db,rustme/IiIlilIiII.class,970,714
f4501bce1a3399f7cb9128d16d24274f,rustme/iIIlilIiII.class,546,290
3bf342f1677f2e57fca491ed1107b1cc,rustme/lIIlilIiII.class,493,237
b6c91b416ec85aad8b25247484877fd4,rustme/IlIlilIiII.class,493,237
e6e5caf31851aebcac364b7987259047,rustme/iillilIiII.class,493,237
7d8a94b87c93b5f5375089de7dde2725,rustme/lillilIiII.class,1341,1085
ef1e7046cd34879fc2d495abae7a4523,rustme/IIllilIiII.class,493,237
6c2d29c446ee2dd720cdd07619923a13,rustme/illlilIiII.class,1076,820
85d86442f1347ab851b4b9ca3b9fcf86,rustme/llllilIiII.class,493,237
ae88109586405175e7ce976bd6dece82,rustme/IiiiIlIiII.class,1553,1297
f8e7a7ea5ad461a5e5f61fbed795be71,rustme/iIiiIlIiII.class,546,290
b14056b5bdbb19f09b059ec41e5b79f4,rustme/lIiiIlIiII.class,546,290
07a719175e13e82ec9787dd9cf322061,rustme/IliiIlIiII.class,546,290
b786a0202d3a9bbee5ffb4db383355f3,rustme/iiIiIlIiII.class,758,502
bf7350a7a718c5d8b4de517747c7c578,rustme/liIiIlIiII.class,493,237
b29e7cf1d975fe2b719c7c85d1761363,rustme/IIIiIlIiII.class,493,237
de90303e51af09ff221fd626eeeb09bd,rustme/ilIiIlIiII.class,493,237
88a70be67b30e439efd3b7747d90c6bc,rustme/llIiIlIiII.class,652,396
5876ddf33a62d992a91ad84f4ed560d5,rustme/IiliIlIiII.class,546,290
749bde4f8950d2c675a0a63d1152e85e,rustme/iIliIlIiII.class,811,555
e6576fadb663153568cd394699a7219d,rustme/lIliIlIiII.class,546,290
bffa8dd20c4f5bc029d2ac2d79a1a41b,rustme/IlliIlIiII.class,705,449
6247fcb3f67a562241af81133ce1b705,rustme/iiiIIlIiII.class,758,502
8b4e4ec38d8a0775e8c6cc90deda5c52,rustme/liiIIlIiII.class,758,502
36f2cae26f1e2d9f5ce37aa757374876,rustme/IIiIIlIiII.class,493,237
99ca1f29b399ba7f01eb3b5cdf75cfba,rustme/iliIIlIiII.class,546,290
931d95eb574dfafefc29a44a37016a1f,rustme/lliIIlIiII.class,705,449
5365f27fe0d1831221e2e1f3417d04ac,rustme/IiIIIlIiII.class,493,237
24c97e3ca82290360191b71ca4dd666f,rustme/iIIIIlIiII.class,546,290
9e9a38fd85865fd5769a14a2efbc2456,rustme/lIIIIlIiII.class,599,343
d9591ca8108520604f34beb43adf51dc,rustme/IlIIIlIiII.class,917,661
35f3531a5348e0c5fadb1b603f0a3551,rustme/iilIIlIiII.class,493,237
1134a9cf96d8401a865610deec1fc06f,rustme/lilIIlIiII.class,493,237
b4b8d1b6b004fbd34d33d5473abd8efe,rustme/IIlIIlIiII.class,599,343
41cd94bbd14fcddfe69d3d7b0abc5af1,rustme/illIIlIiII.class,599,343
651b7fe7bee0e3fe625eaa39ecc97495,rustme/lllIIlIiII.class,493,237
68c79f93bcbbb7df0f773c3e28a5afca,rustme/IiilIlIiII.class,493,237
615369f7ca624bed84ff92723252c7c9,rustme/iIilIlIiII.class,546,290
3dd12abc49437ca75be73d72d73cfcef,rustme/lIilIlIiII.class,811,555
41474533a30fa8fa58f50c6005d03144,rustme/IlilIlIiII.class,652,396
99b68aeb13833597bb31537835bd0706,rustme/iiIlIlIiII.class,811,555
93e9b64d496a43b1e515f69b1099d2d9,rustme/liIlIlIiII.class,1341,1085
7be94f0d2b3b8ddae89b157096a97ed1,rustme/IIIlIlIiII.class,493,237
8b2191c76a38350d4543cb4bfa731954,rustme/ilIlIlIiII.class,546,290
362d299b35113ad0dcd15851d13c3b1b,rustme/llIlIlIiII.class,493,237
9c3db59556ebf0b0bd36951344c9f934,rustme/IillIlIiII.class,1871,1615
bb16bf19701cb35fda5766adfc82e341,rustme/iIllIlIiII.class,1023,767
7e33e32601303c3115a284ce193718d3,rustme/lIllIlIiII.class,599,343
77b8232a205cef6690571f7d21fbd1e4,rustme/IlllIlIiII.class,493,237
cd4a32fa73b621ee6cc7eac202f66178,rustme/iiiillIiII.class,493,237
2378842f0a58f9d41145d30a3c2e461f,rustme/liiillIiII.class,493,237
b3e080bb6090b113d21c922d9f54657b,rustme/IIiillIiII.class,1553,1297
0880ee239a2127a32fc22d912ff24d7e,rustme/iliillIiII.class,864,608
73057b73b064854069b160df006cf08e,rustme/lliillIiII.class,3991,3735
56918ed4d266bebbfd47bdf504df18a9,rustme/IiIillIiII.class,493,237
186e90fe147f87040a724be7ba4dab5e,rustme/iIIillIiII.class,493,237
68c210df0878fbaa25c13da990cfe2bd,rustme/lIIillIiII.class,864,608
84bb560b3845c557ee5216515d7e7434,rustme/IlIillIiII.class,493,237
dd25b036a550f12a494b6cb0277adac8,rustme/iilillIiII.class,493,237
46258a583a53a3d685b26984cb634da2,rustme/lilillIiII.class,1447,1191
efb7bb94092c83dcde6ea90b77ffa88c,rustme/IIlillIiII.class,546,290
acb1e42f02e9d46016eb323944106bd2,rustme/illillIiII.class,546,290
b362bf6cb112f37197d171d4a1a96e45,rustme/lllillIiII.class,1765,1509
2f18a66862ab3ec96711a0d165e1ce7c,rustme/IiiIllIiII.class,1023,767
33512c17d9aebb15d83d06ab3d903341,rustme/iIiIllIiII.class,652,396
b08c59246a29c399a352858ee2f6e244,rustme/lIiIllIiII.class,1235,979
93224f4fe25e1b4fddb4bab0bbfa3016,rustme/IliIllIiII.class,599,343
8f9c6c084d960341a2cdfe933ea013e3,rustme/iiIIllIiII.class,546,290
cfa59f8075208e3f40239555148a9965,rustme/liIIllIiII.class,705,449
7ecd3485aa5c2c871cdd22f6946cff45,rustme/IIIIllIiII.class,493,237
cf2fc3e9fbbf663b47b86460a83833ae,rustme/ilIIllIiII.class,493,237
c1e31af0477e4a122ce3512166bf1ac0,rustme/llIIllIiII.class,1182,926
3707dfc49e32a17fb6d7504894a77470,rustme/IilIllIiII.class,811,555
7c8df4b5db1eccb9766681bdbb1aaf90,rustme/iIlIllIiII.class,1341,1085
c0f8f0783f4fa5fd1040df66ff1c0df8,rustme/lIlIllIiII.class,917,661
ad188217c0888ea4bf8cff4a2ae7eaff,rustme/IllIllIiII.class,652,396
e63419b37bc37d2aa783a9fd82b19709,rustme/iiilllIiII.class,652,396
6c267191381486b1bf72b1b9d0dfdc26,rustme/liilllIiII.class,546,290
df9d2538403b436d1c94fba0110a41c0,rustme/IIilllIiII.class,493,237
1c6ffa191b3a1d0668c21f94ada0e54f,rustme/ililllIiII.class,1500,1244
413fe1e61f7b91b11bf75b9ffaaa95c5,rustme/llilllIiII.class,546,290
2b109393529629d54b7b7de4ecf17c5a,rustme/IiIlllIiII.class,546,290
9151b5df1182dc81ae7399c5071a94d1,rustme/iIIlllIiII.class,917,661
38f4e4c5e6efe2b5bafa957537374572,rustme/lIIlllIiII.class,864,608
85fa723fc7e1a16e59fe77ae59171701,rustme/IlIlllIiII.class,546,290
32a8b23388ae2e04af5acf57139fb9ec,rustme/iillllIiII.class,493,237
ace10e549999cde2a3190aa1e4f38728,rustme/lillllIiII.class,493,237
7b2e03083b15c77b98ffa6316782e4b3,rustme/IIllllIiII.class,705,449
fda3914d04f023d70e44351a05237594,rustme/illlllIiII.class,493,237
3b260392620d90020288c9489603cbc9,rustme/llllllIiII.class,493,237
e782ec6a9b4ebc699702941a345a765d,rustme/IiiiiiliII.class,493,237
955251bb55bce3e4243e181ab2ae7a54,rustme/iIiiiiliII.class,493,237
68c1ec103f9c2578e02d37e6c491a288,rustme/lIiiiiliII.class,758,502
524bb4392c050ddd8f76ab1e06a8c195,rustme/IliiiiliII.class,599,343
972f7dff131ab78c0aefb828a8a721d9,rustme/iiIiiiliII.class,493,237
12098b47a22461c80e924b0827ec0552,rustme/liIiiiliII.class,1023,767
01bc96676280a2aaaa77fb2a968ea323,rustme/IIIiiiliII.class,546,290
71295bf5adfd19264450c01faa003b10,rustme/ilIiiiliII.class,493,237
fcdf656fd3364e9a21de35e55914ff05,rustme/llIiiiliII.class,493,237
03e9f7e194758cce4029c64a73071fb5,rustme/IiliiiliII.class,493,237
8d27b89c2f52c8ec9c8d01b8ee525dd4,rustme/iIliiiliII.class,493,237
224cbc425e012cc4d1dc5a341189c8f8,rustme/lIliiiliII.class,493,237
c30e52d90431aa9a9b67c7304f84f9c7,rustme/IlliiiliII.class,493,237
2d3c3120df7e124d4bc0c71117c87503,rustme/iiiIiiliII.class,705,449
e2d17ce6d14e8ed0985423817e7be546,rustme/liiIiiliII.class,546,290
9f095d1165e18e0cf210b199e430374a,rustme/IIiIiiliII.class,970,714
48759f5e96522020e6cd543ebb3bb9a6,rustme/iliIiiliII.class,493,237
b7da8b052b8c4a96df5a8d6e434dc794,rustme/lliIiiliII.class,546,290
b68cd7e1e81e7f554d05db8912f35ccb,rustme/IiIIiiliII.class,546,290
129c0955a7010da099ec80a3a29aec6b,rustme/iIIIiiliII.class,493,237
27839040d4e48bb64c5ed1e8d465725f,rustme/lIIIiiliII.class,546,290
88f41f0637c5ef64d5fac01617a9eae6,net/minecraft/client/main/Main$s.class,2363,2107
c500e83ea803f367e7fcf8e68fbbf9b9,rustme/IlIIiiliII.class,15386,15130
c87784c18a9ccbf56b2fd57d5491a5ee,rustme/iilIiiliII.class,3302,3046
1040560757861cd66676daa0b630bbfd,rustme/lilIiiliII.class,1924,1668
6e60b3c0ea31d57844bd3dfdc7c7758a,rustme/IIlIiiliII.class,599,343
d605ae2daf05dcbdbdbbce8e50741e75,rustme/illIiiliII.class,917,661
49d9b294a75289f24ddbc4e3177d1def,rustme/lllIiiliII.class,652,396
d7f956fd754d78d879f9e3f4ef5355d9,rustme/IiiliiliII.class,652,396
c732894a8f23649b798cdfa2f44dab1d,rustme/iIiliiliII.class,493,237
929346be8c1b63b0c1d4fce807f53f6f,rustme/lIiliiliII.class,1023,767
1b5d403cf0fef5cce12de9e50049d206,rustme/IliliiliII.class,917,661
24fc8f8471f63b7b57af10bc330b2d20,rustme/iiIliiliII.class,493,237
4245bb9d00c0cdb81229fa92a878ec97,rustme/liIliiliII.class,917,661
e4ef99bcf28a9850e4acf6363105e155,rustme/IIIliiliII.class,758,502
415964fd3d628b5bc0852a1c493f9c2d,rustme/ilIliiliII.class,1076,820
47ba3717f74873f40bcf245883009bad,rustme/llIliiliII.class,758,502
108344ad6e42042dac07465f2dd1d2f1,rustme/IilliiliII.class,1288,1032
7d65518946d15ba8cffe0178d2f76768,rustme/iIlliiliII.class,546,290
27a59256a880b3ea29a535cba9b9379f,rustme/lIlliiliII.class,1288,1032
04029021704cc3706445fd3e71dbada8,rustme/IllliiliII.class,599,343
363cd55b1fa55ded1a2b63ada79790c2,rustme/iiiiIiliII.class,811,555
9257f164e283ff2d6db79f8b55cde835,rustme/liiiIiliII.class,546,290
856183676c4918ec89be6bc263b21665,rustme/IIiiIiliII.class,2613,2357
1cd2a1f10686b8de67ca5990031b7226,rustme/iliiIiliII.class,546,290
f2a3a00818fbfb3b9ded471b9d35ce3d,rustme/lliiIiliII.class,970,714
c249e5dc9fcb4716248847d288a2d24b,rustme/IiIiIiliII.class,546,290
f00c0c7f95c56a01f8b74b0a3c39e164,rustme/iIIiIiliII.class,546,290
155d33da9577a2b4fc3a7d160ae11ccd,rustme/lIIiIiliII.class,546,290
44e223a96de9c31f4b2219793ef31399,rustme/IlIiIiliII.class,493,237
d1c0ca2cb55a141805ab9a52cfb14427,rustme/iiliIiliII.class,864,608
b8768cfefa2d7a1efaf5e15b725ace5e,rustme/liliIiliII.class,493,237
09db5e4ad57abf351197b3088289eb6a,rustme/IIliIiliII.class,599,343
75da3f3813993b5e0eab7bbe31c5bc7b,rustme/illiIiliII.class,599,343
ee82ee701795c04d111c2cd7386679ba,rustme/llliIiliII.class,917,661
250e5d855e35875b121e636c524e5dbc,rustme/IiiIIiliII.class,493,237
7443858aa2f976f3b23f35c483f39f0a,rustme/iIiIIiliII.class,758,502
3e3747bbb9d6d441fc326dca0ba9936b,rustme/lIiIIiliII.class,599,343
afa57eae4344b54bcf0f9fe53f38f334,rustme/IliIIiliII.class,546,290
edb2b58a620d3cfb43142d203b30d716,rustme/iiIIIiliII.class,1182,926
f4d140b77c7b99576cdd8c737dc44102,rustme/liIIIiliII.class,599,343
ed1ecbd09c7ce46af13caa4c085d2c2b,rustme/IIIIIiliII.class,864,608
c27399fee8eb056295f961a4f2d5754a,rustme/ilIIIiliII.class,917,661
17d16f1f2482533fb62c4e328219374d,rustme/llIIIiliII.class,652,396
d3949871cb653553aaca5184292f9a59,rustme/IilIIiliII.class,917,661
539fa88e26c99b57f0e94b40d59bcc72,rustme/iIlIIiliII.class,546,290
68f891b39f43dbaa62d3d29482cf69c2,rustme/lIlIIiliII.class,599,343
2b97a47d1a9de2b41b596f2869c7b8bb,rustme/IllIIiliII.class,599,343
73a19213124ba663b05df62a0f98c4b0,rustme/iiilIiliII.class,17612,17356
db270249c161c69e8380f41d58e9d829,rustme/liilIiliII.class,1076,820
f97ed6cbfa51f840981128705d83891e,rustme/IIilIiliII.class,652,396
15f738e62f20af86ca77a600ce485fc9,rustme/ililIiliII.class,705,449
fc8e85e9da71e2818e42c0f34e951e9e,rustme/llilIiliII.class,546,290
a603da15a4b8407eecf05539c3f61012,rustme/IiIlIiliII.class,1288,1032
7097f7adf36d35fe7326a86d632f51ff,rustme/iIIlIiliII.class,546,290
ca1f8361bbcfba0999e9aca93142d46f,rustme/lIIlIiliII.class,864,608
595dee4cc893deb862c62bb4e6ed8ebe,rustme/IlIlIiliII.class,546,290
4b89f594093a32452bcddc4368b8ab63,rustme/iillIiliII.class,546,290
9304f6f86048957a18734b8dbf21e80a,rustme/lillIiliII.class,493,237
37553078520a561eedac2e1a76e9b2d3,rustme/IIllIiliII.class,599,343
6e0c9a5816db7f7d1df77b0e44b8d9f3,rustme/illlIiliII.class,493,237
c75f5af28b88801bca695edfda79d1e8,rustme/llllIiliII.class,493,237
7c99ddd862ddc8b5425f8268176fc3be,rustme/IiiililiII.class,705,449
50ea8be962377ddaf2a134aeadcbe3f6,rustme/iIiililiII.class,758,502
c1daf99f7f0739e2f3e18f393b38ce6f,rustme/lIiililiII.class,1076,820
ce60cad79d4c616d21f08dc6f94efc57,rustme/IliililiII.class,758,502
437d82e56d4dc35d438f6070c217d9b7,rustme/iiIililiII.class,599,343
7166cfb2f63e4cd5eda1a5d8d93cb672,rustme/liIililiII.class,970,714
39d0e2fb8e27acbb25c99ef5d1f4b794,rustme/IIIililiII.class,546,290
60e96fa4dcddc33acba7d8a3335f59a0,rustme/ilIililiII.class,546,290
f7d26a248d1479543fdfd9a6628cf36b,rustme/llIililiII.class,546,290
e354186ef5e9278a9e3a10b541054aaa,rustme/IilililiII.class,2613,2357
8e46e147344187483be9a0a2fb91cf54,rustme/iIlililiII.class,546,290
236a9e7bd85dd4aa41f7b7700494a882,rustme/lIlililiII.class,599,343
64d41eb4ea60bb6ad3612f43bf3a0caf,rustme/IllililiII.class,652,396
fbd3a732d3b8cb2740703a3089851931,rustme/iiiIliliII.class,546,290
f7b9d007952b7be9228dd150732206b0,rustme/liiIliliII.class,705,449
a953b043e89c7429171d535aa33e8b45,rustme/IIiIliliII.class,546,290
7f9f8af256fddda23f3457b07caffcc3,rustme/iliIliliII.class,652,396
97799dcca758bc5afc8441436d3b46e3,rustme/lliIliliII.class,493,237
3fea6598125cc0178d68cfb5c79b2989,rustme/IiIIliliII.class,493,237
133d68b0ec7ef03d6fb83fc5d4e59e8f,rustme/iIIIliliII.class,758,502
9023f269d97058d5a307d93628ff1578,rustme/lIIIliliII.class,864,608
5d9486587d173cb1370ae7c8aa7cd666,rustme/IlIIliliII.class,493,237
8572e9bd7df44c9416b40bba19dc28e1,rustme/iilIliliII.class,705,449
1cb309353be011fbf5b995e2eb23e02d,rustme/lilIliliII.class,493,237
b0a31c7e7b704ffbad5306f0375a8d29,rustme/IIlIliliII.class,493,237
272580c1a6b0465a0f84ded6b0571f81,rustme/illIliliII.class,493,237
074c477231e3b895310d15697fd5fb26,rustme/lllIliliII.class,493,237
c000533b5fd1be4cc1e9e3ceeedd53eb,rustme/IiilliliII.class,652,396
aef2bc5993bd66771020e3b206c66aaf,rustme/iIilliliII.class,1288,1032
e2a0dd477c97d60c72e26117e1fa93b4,rustme/lIilliliII.class,493,237
9906986e1c466cc83e7d5c9a3061cf73,rustme/IlilliliII.class,493,237
28e830b1b1662570b126c112cb897750,rustme/iiIlliliII.class,546,290
cd6fcd4fdf45f088a9bc521dfba1af96,rustme/liIlliliII.class,493,237
dd48ae107fa82636eb982b3516adf734,rustme/IIIlliliII.class,493,237
f299cdbb43cc8eddda6c9d4b554ba38b,rustme/ilIlliliII.class,493,237
879b43ea359e19b4970245e8d090b80f,rustme/llIlliliII.class,493,237
7095f2b72edd67c1be02edd7de6f5916,rustme/IillliliII.class,599,343
c811390ef3446cf728eabb2894e772e6,rustme/iIllliliII.class,652,396
ea07ac50945b77ec166742f26b915f93,rustme/lIllliliII.class,493,237
95bd19e21cbfeb1cb8995e2684070a1e,rustme/IlllliliII.class,493,237
70adc3fe2fbed9b184044a0fd8066f3e,rustme/iiiiiIliII.class,493,237
036fa071c78806f6e4738fffaa241b6c,rustme/liiiiIliII.class,493,237
63db4314d8794e1b45cdab142175ec45,rustme/IIiiiIliII.class,758,502
362f001185153ceed3c9348512611c47,rustme/iliiiIliII.class,493,237
961759bfea035f1f2e4eff13575f0603,rustme/lliiiIliII.class,493,237
4cdb41449e70f1a1107e316911b1a021,rustme/IiIiiIliII.class,493,237
499f05a5eac99f92ac4fae654a412488,rustme/iIIiiIliII.class,493,237
221dddb35f468ab5a975eff879f18ed0,rustme/lIIiiIliII.class,599,343
0ed7f636c69818290ab30aefb8ca58ce,rustme/IlIiiIliII.class,493,237
543c27028f6ef48c402d77421d69e1d7,rustme/iiliiIliII.class,493,237
05ceb5fc0b743556f86e2d93d0a5a313,rustme/liliiIliII.class,493,237
0f7a97c78f23bfbb73d469c4defc306f,rustme/IIliiIliII.class,493,237
8505294edd05892b06259377abcff533,rustme/illiiIliII.class,493,237
58d4bf3ce9b2d514b0570ff4f3d0f1f0,rustme/llliiIliII.class,493,237
8a891521e19b591f0d77e8d63b2dd6bb,rustme/IiiIiIliII.class,493,237
0a9cf11d816f7d602fff1ca17235a848,rustme/iIiIiIliII.class,493,237
604220831be975938e5f8483927f7773,rustme/lIiIiIliII.class,546,290
04f1fc75b4390d3bec121f7e0252e83a,rustme/IliIiIliII.class,493,237
d17cfa6ba50419dfdad4f4fdb24244be,rustme/iiIIiIliII.class,546,290
39bcb988f3dfda6fcd1b503c0a0bfebc,rustme/liIIiIliII.class,493,237
80d96e1a8814dda5f29e7d9dc278dfcb,rustme/IIIIiIliII.class,493,237
0ccde205af7f36f08fed38d1380958dd,rustme/ilIIiIliII.class,493,237
e96e3ba37b92935f19f9905205f535f2,rustme/llIIiIliII.class,705,449
d40574e24d09adca1cd465be40fe4215,rustme/IilIiIliII.class,493,237
c1cb0c4f74d0e8043709b1308be4ecf8,rustme/iIlIiIliII.class,652,396
27bfa3d585a2ce7f2fc6ff96de9a6a36,rustme/lIlIiIliII.class,652,396
3d8755f42d750b2b636c804b23e7e815,rustme/IllIiIliII.class,493,237
bafcd18ab572323d845f25859a6aebba,rustme/iiiliIliII.class,493,237
734aaa385bfa2a543b4cc304e3603bc3,rustme/liiliIliII.class,1076,820
e86d173752e89a2aabcaeb5721662fba,rustme/IIiliIliII.class,493,237
01476633b9f315e7e9cae0bc3a0e773e,rustme/ililiIliII.class,493,237
875d7e1552e5c4ad512be6e534adf1b0,rustme/lliliIliII.class,652,396
73cdc198ca7b7253c74ff46d9a8a50d1,rustme/IiIliIliII.class,493,237
879bb1f29c4040a3869f7389118ecd6a,rustme/iIIliIliII.class,705,449
d335186af7fb26422092763af4203472,rustme/lIIliIliII.class,493,237
f0767de1620e18a19b103abbc153314d,rustme/IlIliIliII.class,493,237
23c974ba7811182dfdf8de2a43b61c06,rustme/iilliIliII.class,493,237
5580cc12e505bfdcc9c2b1bb8e708443,rustme/lilliIliII.class,917,661
cfbee86be848e107d5f93e4d887b8d1b,rustme/IIlliIliII.class,493,237
ea077c0fb23822195da27344a40599b3,rustme/illliIliII.class,1288,1032
31cf4e04c1b43d3f60a793dd6f662dda,rustme/lllliIliII.class,493,237
823a2bfd00ba15f6890535b15d6efa37,rustme/IiiiIIliII.class,493,237
0a6965562623ee7bb95de862878b1f92,rustme/iIiiIIliII.class,493,237
ca1a51c2eeadda6409ecae7d81587534,rustme/lIiiIIliII.class,493,237
34604c68665ba2b9db88848fa3f65538,rustme/IliiIIliII.class,493,237
edf94cbc363fd1431ea23e836b7811b7,rustme/iiIiIIliII.class,493,237
52c7a890ad2c0880d0952fd346fb82af,rustme/liIiIIliII.class,493,237
cba32d29027d9fcb6ace3dbd745165b5,rustme/IIIiIIliII.class,493,237
45413747842530985dc3a5292c2c9c83,rustme/ilIiIIliII.class,493,237
97b36537e910d9388abbc05280881d2d,rustme/llIiIIliII.class,546,290
3c965dcb2aa094635d049d8e500cdc9e,rustme/IiliIIliII.class,546,290
9474713e917cb924ab3982263471760b,rustme/iIliIIliII.class,758,502
f3f793d156900f7d9185d3a5806402b6,rustme/lIliIIliII.class,493,237
99c98f2938d0061345602e39a8dbaf94,rustme/IlliIIliII.class,493,237
ba9bc03a1d58ada32717a306200d12cc,rustme/iiiIIIliII.class,546,290
8bda9d9149697c0a0f500f4607d56cc8,rustme/liiIIIliII.class,493,237
380a24fd46128ac89920d54910584e59,rustme/IIiIIIliII.class,546,290
43350c2ea139b0234d31ac2bd130a4b0,rustme/iliIIIliII.class,599,343
c90e023373a5eaa52af8b7188f12e5ea,rustme/lliIIIliII.class,493,237
a88d2cb10c41099de15f3c6d3c8866d0,rustme/IiIIIIliII.class,493,237
29459ff8a0adee2a4aa1bfa70b5e2c0a,rustme/iIIIIIliII.class,758,502
0c1e510509fcbe1ca3cc432804806ec0,rustme/lIIIIIliII.class,493,237
8349bb7551e33c2de619869ece9dee38,rustme/IlIIIIliII.class,493,237
bede2ceea6aa80696c3d11a4cf696ccf,rustme/iilIIIliII.class,4468,4212
253fd17729f347fa9bde765482e7a441,rustme/lilIIIliII.class,758,502
f86cb28be9af63233bb35b066a0766ec,rustme/IIlIIIliII.class,493,237
fff5cd936a9afd1fe580df2221c4b6b8,rustme/illIIIliII.class,599,343
2125e20649e5a9608784c49e3ba30bd3,rustme/lllIIIliII.class,1182,926
c9ee95848dc125d5a3c74b1eaa01c8ad,rustme/IiilIIliII.class,599,343
e84f5c0d90153a616648733ef8d0dfbf,rustme/iIilIIliII.class,1288,1032
bebf12686a85e4e16a44c45810f393de,rustme/lIilIIliII.class,599,343
3107ad3b9b73c81a1cf12bb0ea5dbc70,rustme/IlilIIliII.class,1235,979
4b93e2f5f87e0078e3c282a7f6188310,rustme/iiIlIIliII.class,599,343
b97829392cafa5effb6dbf5adca32c27,rustme/liIlIIliII.class,599,343
f61a63043ca979fe19002a62f0109a4f,rustme/IIIlIIliII.class,599,343
567fdb12ec8fa2fea66ad0a6f10e3824,rustme/ilIlIIliII.class,1871,1615
84d842d83a063d5bfb86d8aaefa2f0a9,rustme/llIlIIliII.class,2560,2304
351be062c88b458eb62fb33c9d4bf2e0,rustme/IillIIliII.class,546,290
472ce106c0e1ba346f3b760b0fa91b36,rustme/iIllIIliII.class,546,290
712ce7e8d3e0ecc6fc31090e7b28d346,rustme/lIllIIliII.class,546,290
96976088f244f8a6d70a7ee82dad51bf,rustme/IlllIIliII.class,546,290
c6bf2536b7b4cc0a50e577ebaa97d133,rustme/iiiilIliII.class,546,290
9bc432894caaae63b2175398636fc41d,rustme/liiilIliII.class,546,290
570ced0d9db603493de69c1352ba2363,rustme/IIiilIliII.class,31498,31242
87176f97a6aeca8847f3b66ef1f79eef,rustme/iliilIliII.class,493,237
4826c15bfba8f0cc1b724cb207452824,rustme/lliilIliII.class,493,237
49c84bb35c6ac43eb4d08c08cc92567e,rustme/IiIilIliII.class,599,343
92735b7f202cc4b9adb531f603f78878,rustme/iIIilIliII.class,546,290
60097cd05593ee7db88999f1de740936,rustme/lIIilIliII.class,493,237
ddde5c7facd262a8195f901135e14875,rustme/IlIilIliII.class,546,290
0109b62c8718b8cf85dd6a7bccafb303,rustme/iililIliII.class,811,555
7aa1721c08a5710cddbd504deef8808b,rustme/lililIliII.class,917,661
d4841b9552ffb246bc80e35bf6364af6,rustme/IIlilIliII.class,2030,1774
37585f7fd28f6c0c9809ab8f7ea5d6e1,rustme/illilIliII.class,546,290
979591799ce965175fe50f3f28732bff,rustme/lllilIliII.class,599,343
832f4062690c441db87c7e84a186b006,rustme/IiiIlIliII.class,493,237
9118462fa9b289fcf50e00a29e1a2df6,rustme/iIiIlIliII.class,758,502
1861fe79e29460046fc3af75a2a9a4d7,rustme/lIiIlIliII.class,493,237
fca1b8ec9471e921936422ff4b46e520,rustme/IliIlIliII.class,493,237
5cfb2eeb3e2804112e350bc786f81c26,rustme/iiIIlIliII.class,493,237
2fe2d29061983869208aa3fc7e093a2f,rustme/liIIlIliII.class,546,290
4d73e616ac30556e5344138e2b2d3875,rustme/IIIIlIliII.class,864,608
72eeec034512080020bcfbbdb8b049f1,rustme/ilIIlIliII.class,546,290
baa3e5475b6d896f119d2a19dfc0bc2d,rustme/llIIlIliII.class,493,237
b4944cc113cc39358342d3d3a3e57bc0,rustme/IilIlIliII.class,705,449
ed4e0ad99e1a7d2e9eeb05f8d29aff71,rustme/iIlIlIliII.class,970,714
035b56cb0a7722f4b0afa82d6db08494,rustme/lIlIlIliII.class,493,237
db427ca1a50a543f659b378f63aa0838,rustme/IllIlIliII.class,1182,926
96946069156eebc3dcf8f9bddbfe953b,rustme/iiillIliII.class,1182,926
ec41ca2501777863eda82afc6481d080,rustme/liillIliII.class,493,237
26516959e808ef94ec4186cabd1e5f60,rustme/IIillIliII.class,705,449
8c9658df4a366e9ce8acfcc3d5f7efe6,rustme/ilillIliII.class,1659,1403
503fb66b579c959b422a04cb20219171,rustme/llillIliII.class,1553,1297
4cc3989177cb297ee636477ce0a000c4,rustme/IiIllIliII.class,705,449
75d51372ba1facfb73a1b11c2ea49c8f,rustme/iIIllIliII.class,493,237
b86635adb73631929b028e080e9e39a8,rustme/lIIllIliII.class,758,502
d2e7de88ee76a523ae031db16566f33e,rustme/IlIllIliII.class,599,343
ff0b87624d1719d2ec5c98cb44835d78,rustme/iilllIliII.class,652,396
fc2883dfd2a7db5cfe36cca6e32d261d,rustme/lilllIliII.class,652,396
31ccefdafbc3828771a6388c690c49f2,rustme/IIlllIliII.class,493,237
755945d3c016f26157155be4740a277d,rustme/illllIliII.class,493,237
162dfb2a37abf87753e5e8c13ec1a4f9,rustme/lllllIliII.class,493,237
07b163c92c6e750eb155c67b13a9b76b,rustme/IiiiilliII.class,493,237
95049207cbdf6bc9416eb33191483134,rustme/iIiiilliII.class,493,237
a8b60edb903e96aa1b5d9d97c6d1944a,rustme/lIiiilliII.class,493,237
d473f84fc175df5f65fb5d2311003b9e,rustme/IliiilliII.class,493,237
0f5238fce83b8d45ed19682123d5294d,rustme/iiIiilliII.class,758,502
cec4df9451b29684c0af2b9a3462feea,rustme/liIiilliII.class,599,343
c840aa5f2efe10bbe9f157bf273337a6,rustme/IIIiilliII.class,599,343
b2a1e638afb22fce2aef794a681c6083,rustme/ilIiilliII.class,758,502
2d36a791621813d1694ff5c18628084e,rustme/llIiilliII.class,493,237
249b0038397fe38da5ca02588f21397c,rustme/IiliilliII.class,493,237
28d405410f72fa7aa3a747bed9bd27c1,rustme/iIliilliII.class,864,608
c7ceb9a20d4a97b8df6f5aca5ce3f492,rustme/lIliilliII.class,493,237
83081b754f7b3484e73cd2ba455839a2,rustme/IlliilliII.class,705,449
2813e115d3c851c57cfebd08740968dd,rustme/iiiIilliII.class,546,290
d8b7eff7e5c059b7c7f157e77e2db4b1,rustme/liiIilliII.class,493,237
a014a5f96e53497ee82dd8825b633eea,rustme/IIiIilliII.class,758,502
146f5c6d51c9048bcbc7aca3de598fde,rustme/iliIilliII.class,1447,1191
84e5c352b1752c8fe46d628d5b66b2c9,rustme/lliIilliII.class,493,237
402c7b822f5168a30198feed4a239ad9,rustme/IiIIilliII.class,546,290
383dcfc9051dfe573216defb3ef96558,rustme/iIIIilliII.class,493,237
d30559807afc1d656e4813a2ccf99c68,rustme/lIIIilliII.class,599,343
67111d9e21e39282d028c1aa5e3b77e6,rustme/IlIIilliII.class,652,396
cf9e94ebb3d485b61aff52f23bb35e03,rustme/iilIilliII.class,864,608
696ede642dca14c48d9eeadb4ce88c16,rustme/lilIilliII.class,652,396
95e9c15b4190bc2b4f1fe46000354eb0,rustme/IIlIilliII.class,758,502
b2182d5f8872bf5162a1fc4cc0cc9b3a,rustme/illIilliII.class,493,237
372456a6a56972bcdeafbf01ccb22fba,rustme/lllIilliII.class,1765,1509
b36e09bf6a5a02c19048cea93a8707f8,rustme/IiililliII.class,493,237
55b3a79e148389b35a80203e502e3c91,rustme/iIililliII.class,758,502
b0118ea03a0db52b8611f5009000f259,rustme/lIililliII.class,1447,1191
c7f69dd79da4884240131a8b53c9a9ae,rustme/IlililliII.class,970,714
3d54b994509d1868699e3c6689250d86,rustme/iiIlilliII.class,546,290
d4bc70337cd97d5b8cb681c90a68f74f,rustme/liIlilliII.class,1871,1615
aa26d1727f6f3f1913e7b50596c7e300,rustme/IIIlilliII.class,546,290
6f3e837cfe273fc4dd9f7cd7ce81db08,rustme/ilIlilliII.class,493,237
6d9700f13eba1483b819429f279fa4f3,rustme/llIlilliII.class,811,555
8a51a1565a93c078a42a0d69d1251df4,rustme/IillilliII.class,2931,2675
bd29a39fca272e1645bc5e4991f0015b,rustme/iIllilliII.class,864,608
3e9a2b57115fed654b5e6363a41c6680,rustme/lIllilliII.class,811,555
b7afbaee410f894d38c5cf58fe51fdaa,rustme/IlllilliII.class,1606,1350
18a5cc022cd326928f02358afaac8087,rustme/iiiiIlliII.class,1023,767
e280fe8f5311676a13f745ad973fcfcc,rustme/liiiIlliII.class,3408,3152
4de40969a7d90ed30a1d59bf8f69294f,rustme/IIiiIlliII.class,652,396
50df8627993575e8c6fe3be8b2e720dc,rustme/iliiIlliII.class,1076,820
ec25ad00247687995cca4f7834727c54,rustme/lliiIlliII.class,1129,873
17b9cd23f3a4ea2c247b15e7c45d7bf5,rustme/IiIiIlliII.class,970,714
541cacc734d44502f1c614b4dc48ae65,rustme/iIIiIlliII.class,811,555
e06d37ebd8ec8219f87fed54a88a9b84,rustme/lIIiIlliII.class,1235,979
25700995e82c3ea39f0470211acdcd3b,rustme/IlIiIlliII.class,1606,1350
035e0810e38a61635d187c0f9e0493f5,rustme/iiliIlliII.class,1023,767
1494d584ec723f6744c8ddb7c139b948,rustme/liliIlliII.class,1023,767
77c9d89c8283bd085aedcc2eac0ef928,rustme/IIliIlliII.class,705,449
73686714054d263dc58f697d81ecf86c,rustme/illiIlliII.class,705,449
31678c13c77e1c00df07405e4f2c8d52,rustme/llliIlliII.class,1288,1032
5dc18e7ffdb156a0c958f6848486121f,rustme/IiiIIlliII.class,652,396
cae480441afc0559f9ded64bb9853cec,rustme/iIiIIlliII.class,493,237
92d3a56142f2c60368f076b9dfc10224,rustme/lIiIIlliII.class,917,661
7c7c153f7b5190ededdb9515321299be,rustme/IliIIlliII.class,705,449
b022760ecfa71b424bfb402953f4ab03,rustme/iiIIIlliII.class,652,396
7984ccda659267b75cba6aaf21c54ac9,rustme/liIIIlliII.class,2242,1986
8931e0fd1df9de99adb6ca2a2b90574f,rustme/IIIIIlliII.class,970,714
553988ea65b00c05f28aa96bc77444d5,rustme/ilIIIlliII.class,599,343
e79fcda06b889c0ab97a19d38c1cf319,rustme/llIIIlliII.class,811,555
bb6abec028794f7fff01b1d4320343bd,rustme/IilIIlliII.class,652,396
375d8689de103ab0b50414840b196ced,rustme/iIlIIlliII.class,652,396
ea0cfbc866e03df5d7a5b83030add46c,rustme/lIlIIlliII.class,599,343
7861f80bf6ef892ea746b6483b49e606,rustme/IllIIlliII.class,1288,1032
b9a000d3ff2d73144def5ae18c97daea,rustme/iiilIlliII.class,2348,2092
e8a5add8cb685c72e5571763165d11b7,rustme/liilIlliII.class,811,555
6d45456a682667ac45838560bfcf780c,rustme/IIilIlliII.class,1818,1562
82c8fd28b6b6f58f309ce8abf9883a92,rustme/ililIlliII.class,1235,979
07a470541188b62b43be2c12ccc46da9,rustme/llilIlliII.class,599,343
1bf98f9246d3a2566c5cc7de30d3ef3c,rustme/IiIlIlliII.class,811,555
e067c3ee1376a9964c74acff54728ef8,rustme/iIIlIlliII.class,1129,873
bbe516e7cfcba873f500a1783ee138df,rustme/lIIlIlliII.class,1129,873
1f39651e2e9efc73d2db133f8b7867e6,rustme/IlIlIlliII.class,3885,3629
718cdd9d150f7f088eff683b71eccd56,rustme/iillIlliII.class,811,555
8598956240fbac93214443bf0464d63f,rustme/lillIlliII.class,493,237
361da37dd7a70be6187ce98e91dfb7d0,rustme/IIllIlliII.class,546,290
6b9b2ebaebdf16661db927ffeb1819e0,rustme/illlIlliII.class,493,237
072de3bc04be1574092ec471fed76b88,rustme/llllIlliII.class,1447,1191
ea976ac289eaa5ef8bfedcb0da75ea1b,rustme/IiiillliII.class,493,237
046b360e6b832cacc2418139866e9fd0,rustme/iIiillliII.class,493,237
5da8b918ab810905a91e3a1436efbbd1,rustme/lIiillliII.class,864,608
b811261a0a76bba5ea182dd7c6182b09,rustme/IliillliII.class,758,502
cde1dd4f9217f23e47f40a9368f45a58,rustme/iiIillliII.class,652,396
656ddc148b0938d699ff99956b29159d,rustme/liIillliII.class,705,449
8a741ad6f508f379efc4b71cbba2648d,rustme/IIIillliII.class,652,396
cf9934e47e158e8581401997e2bb8c04,rustme/ilIillliII.class,811,555
79b478b7b37972ebc9ef20d42c4f2b80,rustme/llIillliII.class,652,396
3923520006f65767645135e0b9b7830a,rustme/IilillliII.class,811,555
7d078d2872bd5fc983796cd3df203065,rustme/iIlillliII.class,599,343
e8890cc220bfed52aa86dc8cbcdb6975,rustme/lIlillliII.class,705,449
74b9a0169fc10e653fa0c23d1f42082f,rustme/IllillliII.class,705,449
c6935539eb73a1b84c212078443681bb,rustme/iiiIllliII.class,705,449
e0d6795081e9511b1bd13e1f6bbeaef8,rustme/liiIllliII.class,652,396
a5dd5f0e0a7846394da88582e7cc3283,rustme/IIiIllliII.class,917,661
2d35e48482bf0bebf21185c5c6cdfb5e,rustme/iliIllliII.class,652,396
03c9f7da932360878d8ae1fe3a99d081,rustme/lliIllliII.class,652,396
aa635ebc3c70f1621b53b97aba589bf0,rustme/IiIIllliII.class,13425,13169
a9b4e92917dd2f4213d11aae3302bf05,rustme/iIIIllliII.class,1182,926
344e1f41c54f4620113ef58d7c020e3b,rustme/lIIIllliII.class,652,396
5493391c35aa95d0def7328f03410a81,rustme/IlIIllliII.class,599,343
ac86b52f6a3aa70e9206f6b295d7a982,rustme/iilIllliII.class,917,661
f3ff030f983db5f558b041216cce4b16,rustme/lilIllliII.class,652,396
4463d4b5bea806ca58f1c95783b6f310,rustme/IIlIllliII.class,758,502
79a109f7b0ce016d6596b4e5a7a4a3d2,rustme/illIllliII.class,1076,820
93bd6749e7c2885f8c7111e836bfe14b,rustme/lllIllliII.class,1871,1615
a08147ba643aca5c8599b6a577d893d7,rustme/IiilllliII.class,599,343
9e32901a4379cff36fcfdcf4dd977060,rustme/iIilllliII.class,493,237
97170a6a013fa8c5a72d93049fd72d12,rustme/lIilllliII.class,493,237
a48c5a76555b350ad59274f2d5d48659,rustme/IlilllliII.class,599,343
477e927c0df2fe826c21e0576c09c632,rustme/iiIlllliII.class,546,290
b6d5260c3217475a2965f67d49eeadbc,rustme/liIlllliII.class,599,343
de74a1db5f013be3cf8faed5543bca46,rustme/IIIlllliII.class,546,290
fe1ac5f0bca6603edf6b03d86def266c,rustme/ilIlllliII.class,3567,3311
f0c566261c31e7ba3ff8f2802df5b926,rustme/llIlllliII.class,493,237
1230d95247606ee5efad7132fc9443be,rustme/IillllliII.class,546,290
35c401a7e6b842bae3b2705a278585d4,rustme/iIllllliII.class,493,237
40db159436dfc56da42c775f3a8df4a1,rustme/lIllllliII.class,1553,1297
cbcf637846588c5dcb96cad07df33547,rustme/IlllllliII.class,493,237
53bcceb49560087e82874980a903249f,rustme/iiiiiiiIII.class,1235,979
bbb602eb2cbbfd6af34ec0a593083079,rustme/liiiiiiIII.class,652,396
d98439cce717c1804e296e4de243f361,rustme/IIiiiiiIII.class,2030,1774
83a30dc7be04dcd74a36a299411b13fc,rustme/iliiiiiIII.class,493,237
4b7a96582d7d026077c8b06b1ac76d12,rustme/lliiiiiIII.class,493,237
1d159f2641c8b0fff181b09c80b89e43,rustme/IiIiiiiIII.class,493,237
62665a703870d940af898a16547020ea,rustme/iIIiiiiIII.class,493,237
41500b35140cd13e97b7d1c05100dfd2,rustme/lIIiiiiIII.class,493,237
94a9774f81f3b84c5890ae73e55f5166,rustme/IlIiiiiIII.class,599,343
1c3631ca66c8f1dc59cf087d8cc0fe1a,rustme/iiliiiiIII.class,493,237
6cb14c57567add20caa5a7f3b8580233,rustme/liliiiiIII.class,493,237
6375233ad0a721c8ea5c0bf322791d04,rustme/IIliiiiIII.class,493,237
13798fd65c00b1b9e769191b8e54995b,rustme/illiiiiIII.class,493,237
8f18ca9bf03b47a0ebb73cf4eb7e9ea8,rustme/llliiiiIII.class,493,237
54f973fe59a7f032099e39b9b2df4b59,rustme/IiiIiiiIII.class,970,714
2139a71f8b051431cb54320d0f96ac03,rustme/iIiIiiiIII.class,493,237
43a1e822d34e6f98d0b6c39c3b86790b,rustme/lIiIiiiIII.class,599,343
a931fdf842f412c12332958ef89d77ce,rustme/IliIiiiIII.class,493,237
187c0305334083b66a7a72094de07736,rustme/iiIIiiiIII.class,493,237
a96a341309387ae28c7dd57c7b754434,rustme/liIIiiiIII.class,970,714
9c862466d6a482f68e7d57c642dbf168,rustme/IIIIiiiIII.class,493,237
c86c2c0fc956c2562784cd0f9345c647,rustme/ilIIiiiIII.class,493,237
2df3845ec50535ee970b1046fad59ad0,rustme/llIIiiiIII.class,493,237
d896e4416d7cf9bb8490d4f1eb89d305,rustme/IilIiiiIII.class,493,237
2cbfef02dd5bc1d26ba87c45e175aa9f,rustme/iIlIiiiIII.class,493,237
4eed32da483b89d2df54827948bc14dd,rustme/lIlIiiiIII.class,493,237
adeb904994205aa717236b225e1c6fef,rustme/IllIiiiIII.class,1076,820
da55eef99f2e4a8165b8a72676e8378c,rustme/iiiliiiIII.class,493,237
68771cc0ec8ba779973fecdf07740f7b,rustme/liiliiiIII.class,546,290
e2d32106967012e93bddec6f817a3742,rustme/IIiliiiIII.class,493,237
653fbf9bddc60936fff07765d12e2309,rustme/ililiiiIII.class,493,237
c6d2eb94cc8c9a7ce76d06cae677826a,rustme/lliliiiIII.class,599,343
7cb1171abf53a1027b330f13d0899197,rustme/IiIliiiIII.class,493,237
cd54cd1eb407fd7a54349542ef55f262,rustme/iIIliiiIII.class,493,237
58a4c8371676616cd1349400930474b0,rustme/lIIliiiIII.class,493,237
92a31854596b67b72f032b7ce4bba30b,rustme/IlIliiiIII.class,546,290
241577a0adcf72eaa9bb03e973ffa649,rustme/iilliiiIII.class,493,237
65b9d4ae481c424d01b98d71b1aab0c4,rustme/lilliiiIII.class,493,237
b11013c507407556e563b00b030d6b13,rustme/IIlliiiIII.class,493,237
d1ff455687408b336249c7038e18900c,rustme/illliiiIII.class,493,237
a1f2e9abd911cc0d106d5e2583f08c66,rustme/lllliiiIII.class,493,237
43c85715bb3cb20a2504417bbc02308f,rustme/IiiiIiiIII.class,493,237
7a0d637dfbc98b0d208367af4bdd4425,rustme/iIiiIiiIII.class,546,290
90d129ffe3f16917294c2816331b0d7d,rustme/lIiiIiiIII.class,493,237
fef6925947732029f3e2c66002f003e3,rustme/IliiIiiIII.class,652,396
617ef700baf76fa083d48c9ee2d73caf,rustme/iiIiIiiIII.class,493,237
8652ebeb7744594e33746d3355ad8450,rustme/liIiIiiIII.class,493,237
bda01ed352b93ae5b2053cec368f7ce3,rustme/IIIiIiiIII.class,1023,767
08c5b76307d925425e5b45b83598ee64,rustme/ilIiIiiIII.class,599,343
bfc0d1a69a9822a9a983d11e04180831,rustme/llIiIiiIII.class,493,237
a6fea189e2af6217befb8e44fca506d7,rustme/IiliIiiIII.class,1182,926
4aaca1943c234c1c984ea1a929e36007,rustme/iIliIiiIII.class,652,396
81e77479a43409bd8ab66018540c2e76,rustme/lIliIiiIII.class,546,290
1cc4a1133344be0553cb597596115279,rustme/IlliIiiIII.class,546,290
4a3a5847b19316af2740e897cd57bb58,rustme/iiiIIiiIII.class,4415,4159
18737800e8bab9ffb28729e3917ee957,rustme/liiIIiiIII.class,652,396
acf8ecbdd78b2d51ad0c392d39b099eb,rustme/IIiIIiiIII.class,2189,1933
62053d87032c5fe6e27b47553273f73a,rustme/iliIIiiIII.class,546,290
e95a674878bb867759b42321042fd587,rustme/lliIIiiIII.class,864,608
b2e70951524805b729eb6e18b9a2de47,rustme/IiIIIiiIII.class,11411,11155
77d65449f0d67e625e20c0b1fb587ce7,rustme/iIIIIiiIII.class,599,343
91a620b50e8f127db3b912f0f8290874,rustme/lIIIIiiIII.class,3090,2834
b409382eced054401f9066c6a2a8eaa3,rustme/IlIIIiiIII.class,2242,1986
aa7356bdd3412121b6300f8daa288545,rustme/iilIIiiIII.class,811,555
3be9de2779ab54ec7d2d22ab9adba5a7,rustme/lilIIiiIII.class,493,237
414ae94378fd2e2ccc320b0d227ff6ef,rustme/IIlIIiiIII.class,652,396
98bfadf270dcce6aab47230a4d015186,rustme/illIIiiIII.class,652,396
ca3c0bce269b21be3f5574bf1ef99ee3,rustme/lllIIiiIII.class,2348,2092
a06a87a727772c2edfc0349b1fe62221,rustme/IiilIiiIII.class,705,449
fd0150a7234f23fd1e1292ca4ddb9890,rustme/iIilIiiIII.class,1076,820
cc74eb792348c46bdd388493d3342d88,rustme/lIilIiiIII.class,705,449
18c8f589ce5c21ad61df2de0957387dc,rustme/IlilIiiIII.class,758,502
e21fcb304d890f281f6c8badada5ed1f,rustme/iiIlIiiIII.class,546,290
6a35407215163ce054329a1fa28ae23b,rustme/liIlIiiIII.class,493,237
2480b4fd8f7f5fba3aa7030a53cd23ff,rustme/IIIlIiiIII.class,1871,1615
f6102ef124d82c8f69024f48a503e1af,rustme/ilIlIiiIII.class,1076,820
cd445a5cd6615a487ee31098d08d6d3e,rustme/llIlIiiIII.class,1288,1032
2d1e7e2b3868378dcd77dd582a7273e9,rustme/IillIiiIII.class,917,661
373a55b2e493a85e7cef54dd0c1ef8d3,rustme/iIllIiiIII.class,1182,926
70232ff7b9875aa27e7830a6cdc3115e,rustme/lIllIiiIII.class,1076,820
898c199771e61ee055d938130b19ce35,rustme/IlllIiiIII.class,546,290
40b45b7583533b2b4f763d1486c90d39,rustme/iiiiliiIII.class,705,449
981aa6d3c4a41a47a4d98aebbae17e95,rustme/liiiliiIII.class,811,555
c3f3b7c3ef56bc666d1816ba8fd67d83,rustme/IIiiliiIII.class,811,555
cffb40b264d67091913042421474b994,rustme/iliiliiIII.class,811,555
0d63c31a4f8bfbdcb6798ebd1ad0764d,rustme/lliiliiIII.class,599,343
1aec579fcb13586c17ecf16d4f5f1cde,rustme/IiIiliiIII.class,652,396
bad0b566163f7a295f9b7d651e6a18c0,rustme/iIIiliiIII.class,3249,2993
690e4c09371737e3ad09f1947988f436,rustme/lIIiliiIII.class,599,343
fe044fb18473fa90f2361230a5c2afcd,rustme/IlIiliiIII.class,546,290
5ce20af3ce404a278ac89dc7aca1b1f4,rustme/iililiiIII.class,758,502
45048745ccd1f323c82f3cae19b2ea8c,rustme/lililiiIII.class,652,396
1e607e107355bdf38178a7f9b37fb7f7,rustme/IIliliiIII.class,1129,873
3c207fbc7a4ebbc5f851b043ec39bfe7,rustme/illiliiIII.class,493,237
c5a077f81c55312c59ad3e15b1417171,rustme/llliliiIII.class,493,237
65e739cb08cc541ed7b49da8f31b9447,rustme/IiiIliiIII.class,917,661
33208a4eaa2605b3a5cce3a1dad5902b,rustme/iIiIliiIII.class,652,396
b832f8b9a7ab9f96951f9b841c7deb96,rustme/lIiIliiIII.class,493,237
e8ef4b2e50cfbea195a0a0a34c213231,rustme/IliIliiIII.class,599,343
bfae489dd0af3617a4d758b2b515ebe1,rustme/iiIIliiIII.class,546,290
6475bfe5f19cf237651326d50a0f3647,rustme/liIIliiIII.class,811,555
91312bb7f5e6b9e7deaabd9114f00413,rustme/IIIIliiIII.class,1235,979
f21758aa1629268f1ecb0fde72a9e538,rustme/ilIIliiIII.class,493,237
e6099c3c882ca35cbbbb95bba04824c5,rustme/llIIliiIII.class,493,237
563eee41a1831cf4afb57a99b13e9e28,rustme/IilIliiIII.class,652,396
244ab6de57145fb3f47a606e7d499b1d,rustme/iIlIliiIII.class,652,396
f8c5bca8a52050dd193bc3c3cf282492,rustme/lIlIliiIII.class,758,502
f8b2b65731412db009d18c8bdd04d91d,rustme/IllIliiIII.class,546,290
0496a1d9fd9590d67b488ece5914973f,rustme/iiilliiIII.class,970,714
80372ca62b726b8a1fc4a96fd2610459,rustme/liilliiIII.class,652,396
269211a23165014f120c4ae31b10863f,rustme/IIilliiIII.class,546,290
950651ec4059f6eaed94baebc3e90f9d,rustme/ililliiIII.class,1235,979
55286e228c867f8e1e27739bdbb0fca5,rustme/llilliiIII.class,917,661
9c73de56ca99093e117fc0420f7dcb83,rustme/IiIlliiIII.class,705,449
d6e044cc1c8adb0742969480c18af90d,rustme/iIIlliiIII.class,493,237
3dfdc3d430c464650c2c5c3b34b37e10,rustme/lIIlliiIII.class,811,555
a1a5838f6549326e0ad68d494432a42f,rustme/IlIlliiIII.class,1500,1244
0801b21b76d81fb45b94c5e92738a55b,rustme/iillliiIII.class,705,449
b9de2e96886162d603d075f2f7088d74,rustme/lillliiIII.class,546,290
d05a34d38cd86571814366aad468f66f,rustme/IIllliiIII.class,705,449
89e86f969b71b08faa98a181427597a7,rustme/illlliiIII.class,2030,1774
f0e7362ffa05af1d1d0663f1382de4a2,rustme/llllliiIII.class,811,555
2dbd3ce9d9ab3d1e526e0c32f73072d0,rustme/IiiiiIiIII.class,599,343
4bc2d45e3067a7b8cd0a68841c871239,rustme/iIiiiIiIII.class,546,290
498e1c844827da2109d10cda27f18f0c,rustme/lIiiiIiIII.class,546,290
8675e37adb1ee73534cb6fea0801a8ae,rustme/IliiiIiIII.class,493,237
bea0678150861203e59334319d287c4f,rustme/iiIiiIiIII.class,705,449
a16de7da3a8b3fdd4eef190043c538e0,rustme/liIiiIiIII.class,652,396
1a4c9e5476fa40b44e86fea10031d8cd,rustme/IIIiiIiIII.class,493,237
0c0fbeeccaee5db4111d246553619b3d,rustme/ilIiiIiIII.class,652,396
d6a030720314ba7a1d05e25fc16239a0,rustme/llIiiIiIII.class,917,661
ab3f3bbe6f15ae5eb7fb7aedd0e3027a,rustme/IiliiIiIII.class,864,608
517027f92cf1e951504ca56e58344e33,rustme/iIliiIiIII.class,493,237
84e1784c84bf47c1a3f18f62549205e2,rustme/lIliiIiIII.class,2030,1774
3867acc22b09e221c209fc6f0ae32a99,rustme/IlliiIiIII.class,705,449
694416c1eb7ef5399ba251b815c3dfce,rustme/iiiIiIiIII.class,970,714
8e7385c6cc2c9dd9f9357cb06cae60cc,rustme/liiIiIiIII.class,864,608
41d717633d80f0c280c4ba96412f5054,rustme/IIiIiIiIII.class,599,343
29ffdbcb18d16b34964ab6445ffc4df3,rustme/iliIiIiIII.class,758,502
cab841310fb6a368b6e69f0d8e48a367,rustme/lliIiIiIII.class,2931,2675
73d3044ac29d9f180b223e34fcbcbe01,rustme/IiIIiIiIII.class,705,449
604c33a7cd4e69acd70ecf5430eb382c,rustme/iIIIiIiIII.class,2083,1827
f7a1dd0470161d989e6d32864db3110d,rustme/lIIIiIiIII.class,1182,926
e122cd05c2f7ed479cd00fb8e7031d44,rustme/IlIIiIiIII.class,970,714
47feb678ebf0f0534f0ba412086ad695,rustme/iilIiIiIII.class,1447,1191
38d177166bfda1071a98b5beac529347,rustme/lilIiIiIII.class,599,343
16fc8f9ad112799a61937a88d626285d,rustme/IIlIiIiIII.class,1977,1721
2c8e3207a9b4517254ba27dc576f2883,rustme/illIiIiIII.class,493,237
5654fe1e75c8a1e7808571fdd2fd81ec,rustme/lllIiIiIII.class,493,237
e278c1a1f0e4d3efbbb90179357d8983,rustme/IiiliIiIII.class,652,396
e12a1bbadd7cf9a0d7c362d4c989e51d,rustme/iIiliIiIII.class,917,661
980788126568b722da04427b7d0e33d7,rustme/lIiliIiIII.class,599,343
3bd912a12dd73bb561d8642f10894d9d,rustme/IliliIiIII.class,705,449
f84046f8dce101ac701e8702206f7556,rustme/iiIliIiIII.class,758,502
e186ed9ac164150178402472b5c48c3d,rustme/liIliIiIII.class,811,555
13d66acd01113328ef2487838d271793,rustme/IIIliIiIII.class,1341,1085
74b94a5b5e0baddb6a5195b6b25e6aad,rustme/ilIliIiIII.class,546,290
4a9b8cd9ea783f1938f2317d72f025f9,rustme/llIliIiIII.class,493,237
90037fb3d33d6ed92f4b409a4a40ccc1,rustme/IilliIiIII.class,652,396
e0be9d594cfa1f31b3a32f2d2b93d4f2,rustme/iIlliIiIII.class,1288,1032
9047c0b2943ca22f325bc1a6705797f4,rustme/lIlliIiIII.class,970,714
7bd5ce308b4cbf6020137778b0877707,rustme/IllliIiIII.class,546,290
b4a476aa49cb9b2b3881a4651ca73e07,rustme/iiiiIIiIII.class,2189,1933
5ad859987b7793c52bd9738ed5e8b5ab,rustme/liiiIIiIII.class,3779,3523
eac9c7739193a7d7cc4bbee0ddc839d4,rustme/IIiiIIiIII.class,13849,13593
ee7d938bad37d97ba62362e726e1ac11,rustme/iliiIIiIII.class,652,396
2e4557485750b857a6ee7a6f9b7334ec,rustme/lliiIIiIII.class,493,237
6ba1e9204d62286c89131b63192f69b4,rustme/IiIiIIiIII.class,546,290
f2f6f59aaf8a6d8554285a7c7176dea7,rustme/iIIiIIiIII.class,2083,1827
f102f9efb2b5e5cbaeaa5a8603a8cc59,rustme/lIIiIIiIII.class,11623,11367
0dc0e619b25af6c36e1bb4549a94d52f,rustme/IlIiIIiIII.class,1924,1668
3026b0e9d40683b858c137fcfffac8f4,rustme/iiliIIiIII.class,2401,2145
b4c93c29550e48d0ef98a9b415306c61,rustme/liliIIiIII.class,29802,29546
ee290c0145b9dfa99ca59b4afb20efda,rustme/IIliIIiIII.class,546,290
3d74ea10aa8782abcf0c301853797e6b,rustme/illiIIiIII.class,493,237
5c41fd8c63ef27007d5cfec60e46ca72,rustme/llliIIiIII.class,493,237
48e487423c9bbf40dc92c4178d0bbbd6,rustme/IiiIIIiIII.class,493,237
cc6177cb002f711def9173ebafd583e3,rustme/iIiIIIiIII.class,493,237
3b32694e7ff94f4f231d237ee70c9e05,rustme/lIiIIIiIII.class,599,343
2ac3d4f6efbfc053130ceab66728e6a0,rustme/IliIIIiIII.class,493,237
34e9a228de2d607f1f990bcd2032e1e3,rustme/iiIIIIiIII.class,652,396
155702b43c99c1ef9aa0be721ec53a82,rustme/liIIIIiIII.class,1659,1403
4ab44ce2a4d21d8f31eb4faca4f0dca5,rustme/IIIIIIiIII.class,493,237
4376e81af8f37a186d6401466be1c127,rustme/ilIIIIiIII.class,1076,820
8a26fcef19a5e5a0551c5dfdf82d75cb,rustme/llIIIIiIII.class,758,502
ecd3a05c7003017b83da4398fd4a3ae3,rustme/IilIIIiIII.class,493,237
595089c035a40bc500a5d266e633713d,rustme/iIlIIIiIII.class,1341,1085
a31570f407e871561afcfc6668773469,rustme/lIlIIIiIII.class,705,449
b2b73b8cbee35d66f27e188911b19308,rustme/IllIIIiIII.class,652,396
7127bafd6c01cc8372ac8d3bd873e8ff,rustme/iiilIIiIII.class,705,449
2bba4795bd2a73a5c5c83522870cbd10,rustme/liilIIiIII.class,2984,2728
13a1f3a8cdd28481fd1affcf0509a676,rustme/IIilIIiIII.class,864,608
5ee3e8fdc41a8fe96ccd131bab2a8429,rustme/ililIIiIII.class,546,290
ce2a60f8fa049b2592ed5864d6cdce46,rustme/llilIIiIII.class,705,449
348b55d51affee7db3bcebcca3f67a9e,rustme/IiIlIIiIII.class,25191,24935
28e3ba76270f10c311b72368cd42151b,rustme/iIIlIIiIII.class,599,343
883b8dc353a8d28d30a74e0c910f05d3,rustme/lIIlIIiIII.class,970,714
cd2f11c9461f992d0890b0d5e6f38846,rustme/IlIlIIiIII.class,1712,1456
7f81a2cf52159c8d704847776d695e62,rustme/iillIIiIII.class,864,608
63bf640a244b6af67e620ddccee55aeb,rustme/lillIIiIII.class,493,237
6ae55b7ccbfc76ff9bff7ee968c57851,rustme/IIllIIiIII.class,546,290
8c63a8f3bf2cbfb89ec93502b05c1aaf,rustme/illlIIiIII.class,493,237
5fad9bd903f6585f45ad9e4d34e3cac4,rustme/llllIIiIII.class,546,290
9f1bc0e8897df7c2c202bb89b61cc94b,rustme/IiiilIiIII.class,493,237
9c1ac9eb34b0510a6efdcc2321e2c18a,rustme/iIiilIiIII.class,493,237
420293c88f85876b40e8f374bdb5a520,rustme/lIiilIiIII.class,917,661
834ec5cd3f86b568f1fcba5edb5e598f,rustme/IliilIiIII.class,493,237
b219e7f440aa33b1579c4de9c7d141e5,rustme/iiIilIiIII.class,705,449
f398a5dfd1d09576b2662fc91b23b70f,rustme/liIilIiIII.class,1129,873
4eddbdb8b263c846556815d4505c70c8,rustme/IIIilIiIII.class,864,608
d88cd93c9c9b75bdf62854ea69e88f28,rustme/ilIilIiIII.class,546,290
0b1b099f3068e9e80e0af605f98bc94f,rustme/llIilIiIII.class,493,237
c1f0d9a95fb04cc7e129527510d6f966,rustme/IililIiIII.class,546,290
afc8b7abac9572e16e787db618bc9b56,rustme/iIlilIiIII.class,546,290
98ac79c74f0ea9efc18e404010976945,rustme/lIlilIiIII.class,493,237
b9f3949b1f7a1dec6c787cd341813cff,rustme/IllilIiIII.class,1235,979
e45d0e800c25108d8917bd76bb05bd5d,rustme/iiiIlIiIII.class,917,661
8bd52fe9005b1a917d182fd355cdeb5c,rustme/liiIlIiIII.class,546,290
79b1db9fee4203244d8d8d8104bd776c,rustme/IIiIlIiIII.class,493,237
4b2dba43bdee271991e7d8c0d6f83fe3,rustme/iliIlIiIII.class,599,343
081ae7f37593b082589ce1b4fe73903c,rustme/lliIlIiIII.class,1659,1403
fed15d687c296a4e86804fe8cc37d9cb,rustme/IiIIlIiIII.class,493,237
7f1ab783dfaa699c1b8d8767f6864e82,rustme/iIIIlIiIII.class,4256,4000
42a6790ba34330c9c3d648b7f234b25c,rustme/lIIIlIiIII.class,546,290
8433653adf79d42379ddf9edc4731d26,rustme/IlIIlIiIII.class,493,237
6206197669a6898a90cb5e85033c2723,rustme/iilIlIiIII.class,546,290
8dac769067e59f496b978422bb349290,rustme/lilIlIiIII.class,546,290
b2fb214379780a8ed8b1037c57fd5104,rustme/IIlIlIiIII.class,1076,820
bc4e6d883b0e938eaa54deebf576e5df,rustme/illIlIiIII.class,652,396
283f840d818428a46ef46d4c4c565f52,rustme/lllIlIiIII.class,1553,1297
2e8406ca151be5b0677aedcf2886ad55,rustme/IiillIiIII.class,1924,1668
061c097c4f26da01c89f0f0274a33bf5,rustme/iIillIiIII.class,546,290
d2692b2139ab49475bbceff9fec648af,rustme/lIillIiIII.class,493,237
d58a1a57df71a77f2a5c453b738ce05d,rustme/IlillIiIII.class,1023,767
91ad632c9ca8be765cce69a82a47811c,rustme/iiIllIiIII.class,493,237
eae8906a6b2b6acae5263b728117246e,rustme/liIllIiIII.class,493,237
f8d3673751e3c9697b531b839e521869,rustme/IIIllIiIII.class,811,555
8e0d04f7b3c243f460065f85d39f7ac7,rustme/ilIllIiIII.class,493,237
c41716b53a67017f31fd694e9b5edab8,rustme/llIllIiIII.class,493,237
f50e0cc3a4bd0895f9574d460e124c59,rustme/IilllIiIII.class,1553,1297
6c4c809f270db8c1799593cfe550cbe0,rustme/iIlllIiIII.class,652,396
d795e5aa7f0efbb44be7ea3f04b2555f,rustme/lIlllIiIII.class,652,396
a43854890b3b84340f95953cc2a2f5d0,rustme/IllllIiIII.class,546,290
a62e9a60c86140a835c0897ca0d264ac,rustme/iiiiiliIII.class,1129,873
51e563dfcc17510a00da801aef94f0be,rustme/liiiiliIII.class,3938,3682
abcd33462aab2383b767b21013a6b909,rustme/IIiiiliIII.class,546,290
fce38eb8719ca027cb4c3f6112ac50e3,rustme/iliiiliIII.class,599,343
3ac3f6bbaa265f862536938b578cf1da,rustme/lliiiliIII.class,493,237
2ce2d13cf713c91066aa112c639d010c,rustme/IiIiiliIII.class,493,237
1f59b1f7e9c8ede278c43b201561697f,rustme/iIIiiliIII.class,493,237
61ca42a247bc756a70144ecd1428a3de,rustme/lIIiiliIII.class,493,237
d01c53fcd3743872ff7e152c12db9728,rustme/IlIiiliIII.class,758,502
ee4815b9721518a606b1eeb6d36ca3f8,rustme/iiliiliIII.class,493,237
63d63e5bdc1ad534311039d44a2230d9,rustme/liliiliIII.class,1924,1668
029d76632a84d7df8844fe3b36540d5c,rustme/IIliiliIII.class,493,237
28117b6297cfbd3747f4c2507e2eeb77,rustme/illiiliIII.class,493,237
de3a15c7151aa90c27f76618ff8a3848,rustme/llliiliIII.class,493,237
c9c9da2c1281706719d72bbfabb55be6,rustme/IiiIiliIII.class,811,555
95cdd385983b7e8c1b93e0ebd9b05b02,rustme/iIiIiliIII.class,493,237
c2546bb95adb013a40551f6e74118c59,rustme/lIiIiliIII.class,864,608
2238d949a4bb966bf5b9a7d2f6b386c2,rustme/IliIiliIII.class,599,343
8757b0909ab67bf1936ff344b80874ec,rustme/iiIIiliIII.class,546,290
eda6e9f445e1d569b44367eee11d1f36,rustme/liIIiliIII.class,546,290
9cf0e3612096245c023b432e330c188c,rustme/IIIIiliIII.class,917,661
a9b97e4c8d56602a92245ec20103ca9b,rustme/ilIIiliIII.class,811,555
a9143785f62711877e1a3cb1d9b09fe4,rustme/llIIiliIII.class,652,396
13c24038bf33189ff7df2e905563bf1f,rustme/IilIiliIII.class,599,343
94b6f2f1a1422cf61c95bd2d828f6250,rustme/iIlIiliIII.class,493,237
3a1b0f817f664fb3e084a5179226370c,rustme/lIlIiliIII.class,493,237
0aa36842cb5ecde39a54dd7621ed6dc7,rustme/IllIiliIII.class,599,343
32dba507195bf5cb280834795ffdf9cb,rustme/iiililiIII.class,546,290
0d73fea086cf1079b0568640f81d50a2,rustme/liililiIII.class,493,237
b64d7354494d8e49791d307f761ca09b,rustme/IIililiIII.class,493,237
02c7ca708debf0b1ba0e1674ede98189,rustme/ilililiIII.class,546,290
77468339b891edaf0603e1f869078915,rustme/llililiIII.class,705,449
64041ba0eaf11113aab2efc83c9880e3,rustme/IiIliliIII.class,652,396
823f0d384dd4cab2ed8af28b5603ab66,rustme/iIIliliIII.class,546,290
c061f043aa81ed703e8e76151bf2222c,rustme/lIIliliIII.class,546,290
0c1469232e0de82b7737544bb4cf84f5,rustme/IlIliliIII.class,493,237
c80c1d3c02f4d02665a341f71948fd84,rustme/iilliliIII.class,546,290
59ae4a07104035946682de4c5d361601,rustme/lilliliIII.class,758,502
7060db587c9483a312017fcc7c52bb36,rustme/IIlliliIII.class,758,502
13d65037ef1841df3dcaf0fdb381d730,rustme/illliliIII.class,546,290
5947dfc3b280843175f21b4f906ac2e2,rustme/lllliliIII.class,758,502
b576e894bb16a1c73410e957e8a2a280,rustme/IiiiIliIII.class,493,237
199238aed55b5145257cd7c07905eb30,rustme/iIiiIliIII.class,1076,820
07d0789c5a4440446b4dc87d4870d5aa,rustme/lIiiIliIII.class,1129,873
05223a3222293d11a9c8110482d4de80,rustme/IliiIliIII.class,705,449
036616a6e355b33d80d6ba5e76d998e1,rustme/iiIiIliIII.class,493,237
6493c7b3db792526cbe940497b8a8fd2,rustme/liIiIliIII.class,546,290
668e5a1c3e8c32fb2ecf44f35119d524,rustme/IIIiIliIII.class,1341,1085
faaafb751cbc0193cdd4e928379eb89b,rustme/ilIiIliIII.class,3832,3576
69b1406c22216a7ea421d0be52ea66fe,rustme/llIiIliIII.class,1076,820
55adbd431bcdf7a280ecb88ca10aac61,rustme/IiliIliIII.class,3461,3205
d09a9e06729e346e880fdf0ed61a953c,rustme/iIliIliIII.class,1023,767
60b7935f2072428190358cd54531e03f,rustme/lIliIliIII.class,1235,979
9e7ba1038a7b9a1375ecb67acf433827,rustme/IlliIliIII.class,652,396
ad7aead99b18e3d2b49c94448cc844fc,rustme/iiiIIliIII.class,1394,1138
5f862fa79fd8312a6d5ea5918c732577,rustme/liiIIliIII.class,652,396
98e6b97802b76caace53bc9b132922b2,rustme/IIiIIliIII.class,599,343
dac3a373cddaede4ecc6496c27e88f57,rustme/iliIIliIII.class,864,608
400aab928d6699ebff2b9ea831e416a4,rustme/lliIIliIII.class,3461,3205
791070aafbb11e3985dcbfe98de5a83d,rustme/IiIIIliIII.class,546,290
fa356d61e23af9760019bdd9e95178d9,rustme/iIIIIliIII.class,864,608
e8ed6c2d781525c9b1d2ea229fd10cb5,rustme/lIIIIliIII.class,864,608
6ad92faf3ed674a9bcd4b264725130b2,rustme/IlIIIliIII.class,493,237
7fc3eee44c9380a0b637f0ad50058f56,rustme/iilIIliIII.class,493,237
25c5f7a9f9325bdf4a8f42a08d9723c4,rustme/lilIIliIII.class,493,237
b30eeb640f738e7839780fa30275a373,rustme/IIlIIliIII.class,652,396
2258b0ae69585c722271ff15e142fc05,rustme/illIIliIII.class,1076,820
b763efa1292e66402efc50e337fab793,rustme/lllIIliIII.class,546,290
5e55cd43961f2cd63bf315f25568238a,rustme/IiilIliIII.class,493,237
3d5efcb33bbc73bc822f4af6d0ff4aa4,rustme/iIilIliIII.class,493,237
1e68a7c8c9cbd34393d751842a1b02e2,rustme/lIilIliIII.class,1765,1509
cfb7fb29de2c484f28fccaa4b6889c6b,rustme/IlilIliIII.class,758,502
4f72733464e63757d33fe8d94857697d,rustme/iiIlIliIII.class,493,237
a2ee235224dfc86959d9bd982ffe465e,rustme/liIlIliIII.class,493,237
7a8fe80b02cdb795aa62927415c5c79b,rustme/IIIlIliIII.class,652,396
6be6aafcfffa1ce31e502f02d74b81ff,rustme/ilIlIliIII.class,546,290
eacb88d38113e4f6e123f14fb29fd7b0,rustme/llIlIliIII.class,758,502
9abb90157208367e8da2c7659b304312,rustme/IillIliIII.class,1394,1138
53f0db6f51b4ee0c22233f256859b5c0,rustme/iIllIliIII.class,599,343
6ff156a714d8226654467cba8122b7d3,rustme/lIllIliIII.class,1076,820
89f115638f8b1e23e6e690bc749f4a97,rustme/IlllIliIII.class,758,502
8f1edb38d6edee6ebf3a92adf05d8bb4,rustme/iiiilliIII.class,493,237
e43f8e39e8290cd97ac9a09a27260941,rustme/liiilliIII.class,493,237
5f630a186a7518388502f1914e1f1383,rustme/IIiilliIII.class,3408,3152
1d61330d69aa15f6cdec524d14a97962,rustme/iliilliIII.class,652,396
be6d4d54a8aa07069b31240edcbe7413,rustme/lliilliIII.class,811,555
dba16cb57f9601daa499a48c89c5a84e,rustme/IiIilliIII.class,758,502
e31c24ec3aef2ac966c7411a1c80e018,rustme/iIIilliIII.class,811,555
59de355f48ffbdf026ad88fc6528bdf7,rustme/lIIilliIII.class,493,237
b9493e04b25bf7440db33d942446be6e,rustme/IlIilliIII.class,11676,11420
da5698cd8757918029af44331c423ec0,rustme/iililliIII.class,1871,1615
1bfaf8d16e52c4b4e20adc303a53310a,rustme/lililliIII.class,1924,1668
057cea7a1913be88f2a180ae9541785b,rustme/IIlilliIII.class,493,237
ef3c8a67552c09e274b5a3d761b8a743,rustme/illilliIII.class,546,290
396ffc6823fcc54e8181c5388a6a73b5,rustme/lllilliIII.class,2136,1880
991acc14ffd34ba0ee5658f269d89a36,rustme/IiiIlliIII.class,1659,1403
ee404d574d7af29604d744c610920870,rustme/iIiIlliIII.class,864,608
8dfedbbeecb103b7cc55250bdfa3f381,rustme/lIiIlliIII.class,599,343
d4d632d5e90efe232888b861168a434d,rustme/IliIlliIII.class,970,714
6ca747afd141ef4475511401d163e81b,rustme/iiIIlliIII.class,811,555
eb00d30b6f0f3f2354c9ccb638f45230,rustme/liIIlliIII.class,599,343
b53a50ea652b11b1fd3cd6e22fc992cb,rustme/IIIIlliIII.class,758,502
0826b133998b7beda97521e515284610,rustme/ilIIlliIII.class,546,290
ccba0f0e11782f387abb30472a6fae2d,rustme/llIIlliIII.class,758,502
6880f9f45c4c7c9e4bba9a9c480d68ae,rustme/IilIlliIII.class,599,343
94d1ba374736bbba90bf9de8253f0a1b,rustme/iIlIlliIII.class,705,449
b7fec40631845dcbc68d541a145c2310,rustme/lIlIlliIII.class,1235,979
8f60f3149be538964d204f46f45c8b7f,rustme/IllIlliIII.class,758,502
dc2e9ac331e8c9fb1a4935c2726614d1,rustme/iiillliIII.class,1235,979
8f9601556b5542aa3775bec75cf15253,rustme/liillliIII.class,864,608
7499cdc62453f431b00623f6e821d78e,rustme/IIillliIII.class,705,449
8bf123917b3bb900c843f66232e2969d,rustme/ilillliIII.class,811,555
27f42295f9ac81f12b49a083eb3a1307,rustme/llillliIII.class,493,237
165e3314517de21818cec7fd2c61f00d,rustme/IiIllliIII.class,652,396
8c70f000e0408f1ac963a701d831c5f7,rustme/iIIllliIII.class,1076,820
93aa56665482d8089320a2d43c948b44,rustme/lIIllliIII.class,652,396
6c16b69963dc17f8c4fa5c11eea70f8f,rustme/IlIllliIII.class,864,608
dcd1f9e1e5a232d2174130fbeeb8d2bb,rustme/iilllliIII.class,493,237
951e675800b34da092cf71fe38835804,rustme/lilllliIII.class,1023,767
fe864878fb25de24a746653e31edbf14,rustme/IIlllliIII.class,864,608
db7a2bce60c87deb3a228d8ad7d0674a,rustme/illllliIII.class,970,714
5f82d705494d5aa920c1dadfc8e20f65,rustme/lllllliIII.class,1023,767
3a5754674263984afdb1c37d98c04da2,rustme/IiiiiiIIII.class,2189,1933
03ecaad874f8561b25c3c710f176d00e,rustme/iIiiiiIIII.class,599,343
b5faee4ff0fe50110ce7f0c4ad0cf46b,rustme/lIiiiiIIII.class,917,661
96e99e69d8d88e00da291f83922489fe,rustme/IliiiiIIII.class,705,449
21d44f0cd566d1baaed42e7e8c571c21,rustme/iiIiiiIIII.class,1341,1085
0a3137a6ff6a8cad973692803fe0d6df,rustme/liIiiiIIII.class,652,396
860acc126a2cd0d7e3c05cba8c56d73a,rustme/IIIiiiIIII.class,811,555
2ae5e50b028edb2a9a1d93df73c1b7c2,rustme/ilIiiiIIII.class,705,449
aa1bb497ffe9b8ff30d96a24c23100a7,rustme/llIiiiIIII.class,758,502
2aae10afb3dd66c0c77521348f34be34,rustme/IiliiiIIII.class,1129,873
d643a881ef5d07e2aaadd14d6038708a,rustme/iIliiiIIII.class,2613,2357
833b8021b85a75f7c05ec19ea1f6f27a,rustme/lIliiiIIII.class,8496,8240
205281114ee8867e74ea2dd7c1b4c8ef,rustme/IlliiiIIII.class,546,290
22cc583de6b131effc7579de00c6df3f,rustme/iiiIiiIIII.class,970,714
eb0e757cb821c5b918fff230a5ceff10,rustme/liiIiiIIII.class,1182,926
b27629059d250003a1f21f92771859f8,rustme/IIiIiiIIII.class,17294,17038
971095119e3cc0e6ad3eca5e36da17ed,rustme/iliIiiIIII.class,1129,873
d343ab0220ffafad5b592665d766e134,rustme/lliIiiIIII.class,599,343
25897e2bfd59e00298716d3fdfce3e91,rustme/IiIIiiIIII.class,1447,1191
dd91ca867c694cd4bbd028f9f3fecf92,rustme/iIIIiiIIII.class,6853,6597
204911b55c1d399de837cd6af9e7f4ca,rustme/lIIIiiIIII.class,1023,767
eb999cd83531a439434c337b528c8a4f,rustme/IlIIiiIIII.class,758,502
71778db5474fb27ba9c9ec0d7afb7c26,rustme/iilIiiIIII.class,652,396
94fb751e708f6c59e5ef0261fbeb34a3,rustme/lilIiiIIII.class,652,396
497102af39dc2c54eae4925f14fabfb1,rustme/IIlIiiIIII.class,1977,1721
b106744b8684f1438967b5b20f43a05f,rustme/illIiiIIII.class,599,343
6277ded1d5c7397baf0dba4318795aac,rustme/lllIiiIIII.class,811,555
b3dda4561c0ddbd2137c7ecc08ced742,rustme/IiiliiIIII.class,864,608
ef38fd0b54fe2b492cbe02ff25ea7401,rustme/iIiliiIIII.class,4521,4265
19e3f8aa16a991dff8c9191ff0abc1f0,rustme/lIiliiIIII.class,1394,1138
2af62e05a8855bcc673b03a08a0d900a,rustme/IliliiIIII.class,599,343
bfcfe49544e45d71dd2a269daabad67d,rustme/iiIliiIIII.class,2984,2728
d856d976d102429566680ab1e553875c,rustme/liIliiIIII.class,652,396
346e1b57986528c74a3637d1fe4e95e5,rustme/IIIliiIIII.class,864,608
49106375549a531d29de8eccd6b6aa18,rustme/ilIliiIIII.class,917,661
decd9b325d56530213c152073843782d,rustme/llIliiIIII.class,864,608
f5629e931abf7407db0a9d6ed2044efc,rustme/IilliiIIII.class,10033,9777
8a8237b94efac9b636936af429518ab5,rustme/iIlliiIIII.class,1129,873
7a5a6789da73f7d5838215592f93e7df,rustme/lIlliiIIII.class,493,237
4592813ca7e4a7b52988d38f03e7071f,rustme/IllliiIIII.class,493,237
b74841421387709d78e0a7fed1c344ad,rustme/iiiiIiIIII.class,599,343
513d4fcc61a749d0fd7aeaf734040b82,rustme/liiiIiIIII.class,652,396
4f2a533b996bce91f6be0c7d86deb3fe,rustme/IIiiIiIIII.class,652,396
1af2d38c29b1fc02176fb151ecfea431,rustme/iliiIiIIII.class,599,343
32bc7d63ed987ec6da7b66096b9f277f,rustme/lliiIiIIII.class,1076,820
7cc98f5fd0ccc387d642addd611534e6,rustme/IiIiIiIIII.class,546,290
0c0a53efa59aba1451d6966d847298d0,rustme/iIIiIiIIII.class,652,396
9d6e402f50c2db02d1fddd174c0e9920,rustme/lIIiIiIIII.class,5634,5378
231d3dc9d069c172137c05cbbbfdbde6,rustme/IlIiIiIIII.class,970,714
fbb592d436ba126270d79fbe8f35e23b,rustme/iiliIiIIII.class,758,502
3889f9522c121bd868942b207d073139,rustme/liliIiIIII.class,864,608
5a6bf7a4cc59e44272e574c294f137d5,rustme/IIliIiIIII.class,493,237
777146e456e9456080a7c13b727b5a3f,rustme/illiIiIIII.class,599,343
e0897a2e78073831d72889991073a7d9,rustme/llliIiIIII.class,493,237
35e2f00138da89cc945d409439d50333,rustme/IiiIIiIIII.class,493,237
63d112f427dd16042adeaa5039ee7bcd,rustme/iIiIIiIIII.class,599,343
121030b70c0a613bf0b7932cc7efeae9,rustme/lIiIIiIIII.class,758,502
2af6acb75c506999790d6ed2145a7c84,rustme/IliIIiIIII.class,493,237
98140171aeccb05c6c999a558b61e4e7,rustme/iiIIIiIIII.class,493,237
441acdd0525f5d468ed4ad805bd294bf,rustme/liIIIiIIII.class,546,290
4e9c0f753c66835b17ed34055260fb97,rustme/IIIIIiIIII.class,864,608
65f045b13c2faae7e52ac3eb18a7b7dc,rustme/ilIIIiIIII.class,758,502
89e19d018a9af43520146b7e0e2cd276,rustme/llIIIiIIII.class,652,396
488ba3f9c8eb36028447c23b221334e1,rustme/IilIIiIIII.class,1606,1350
6c39a2c96b9b5b5226122fa5642a3c12,rustme/iIlIIiIIII.class,29749,29493
4d4d1892c798a72151cf61422e2cd42b,rustme/lIlIIiIIII.class,493,237
94b77f9d448be4fa672686e6525ab2c5,rustme/IllIIiIIII.class,599,343
6a5132fcf9e062be5da3f714aa7267da,rustme/iiilIiIIII.class,970,714
aa7e89faf43a8c5561c1f98b31dd1705,rustme/liilIiIIII.class,758,502
ac1b495dd776a89a621db33cefa9787c,rustme/IIilIiIIII.class,2136,1880
c141b197af2bdb7071ccca0a24ace03c,rustme/ililIiIIII.class,493,237
b5125e503a133027b09c1e9e805433b2,rustme/llilIiIIII.class,2507,2251
689e2d1c6e8bc21ce60c327d3d1b1e77,rustme/IiIlIiIIII.class,493,237
529b8728117a5ec78a07fdde6243b026,rustme/iIIlIiIIII.class,652,396
1f78cd5bb7d36e46070e354f43dc9ce4,rustme/lIIlIiIIII.class,599,343
a1a5fcc1dcba0406cf296e03918d9610,rustme/IlIlIiIIII.class,493,237
cfdbfde77f2632d3dd4ed0e47ac745a9,rustme/iillIiIIII.class,2878,2622
be818cb721c18ba56136fe6bee4bfa2f,rustme/lillIiIIII.class,705,449
77750de107d3fe20ab7733d2f111ced9,rustme/IIllIiIIII.class,917,661
d1e50181f4882b5de6025e3d94591556,rustme/illlIiIIII.class,1129,873
e5bb9aa149ab59c75aa843e05a23a703,rustme/llllIiIIII.class,1288,1032
497062473e07234a9b7679aade09e38a,rustme/IiiiliIIII.class,546,290
319c31416caf8448b36af5f6c0eb329f,rustme/iIiiliIIII.class,493,237
fdf3f2271dbce4c5b3fd86e2432f8a53,rustme/lIiiliIIII.class,652,396
b253a3ca0291a5a2b91f11c2aa7cf559,rustme/IliiliIIII.class,8125,7869
64787dbc604478a2368523b012206eb8,rustme/iiIiliIIII.class,652,396
01c26185e29315b3c837d0aa51683143,rustme/liIiliIIII.class,599,343
052b9e502cd5e1569e06aba04088ef8b,rustme/IIIiliIIII.class,864,608
0213636be765581673f2ebf6b2f4820c,rustme/ilIiliIIII.class,599,343
bafa18d773ff55bfb30e2c735d2bb3a7,rustme/llIiliIIII.class,599,343
8d5e0e881b8ef6e19ccb3a1ae79277b9,rustme/IililiIIII.class,811,555
f2c13114f1b2093bd84a7347b5ee29df,rustme/iIliliIIII.class,705,449
024a119a20385cf13a381524356bc854,rustme/lIliliIIII.class,599,343
8e0d7c9446cee33e79d4d7db84600dae,rustme/IlliliIIII.class,864,608
c63268b5160ed2b5961b907ccb2b77f1,rustme/iiiIliIIII.class,758,502
5bb0dcda30332bf71804bc5914440f72,rustme/liiIliIIII.class,3408,3152
fc0ce0f0c2fd1bcecb7e55d5cc04bed7,rustme/IIiIliIIII.class,493,237
c5514db3302b9f32a2ac6b0df8662891,rustme/iliIliIIII.class,1447,1191
fcc6715fee29fe62fc8e5b6c07e400e4,rustme/lliIliIIII.class,546,290
e9fdf14de23a0c88b30c8c911ea72148,rustme/IiIIliIIII.class,1871,1615
27a56976ab81e967dba0fdf12a88115d,rustme/iIIIliIIII.class,493,237
4ba7bbf15fda9e855ea29b62897f714e,rustme/lIIIliIIII.class,546,290
cedd90ab1aba481359ee10d857347a76,rustme/IlIIliIIII.class,1076,820
f708ff480273d9d2f76db355a97ab780,rustme/iilIliIIII.class,3885,3629
637306faaa5ec758a4ea0b1a0ef2d22c,rustme/lilIliIIII.class,705,449
84b25f19f38cb697df8374f7da2fed7a,rustme/IIlIliIIII.class,864,608
46de5f1c324659187879a2cf234a94d1,rustme/illIliIIII.class,546,290
3b1df6ca09d3fb194ec77016fff25aff,rustme/lllIliIIII.class,546,290
ccea1e6c1cd738357e29ba383523aa56,rustme/IiilliIIII.class,652,396
bff21a23c36d3ef66850bacb913dd9c2,rustme/iIilliIIII.class,2772,2516
7d63e9fb7b1e48323892e787f49e0a01,rustme/lIilliIIII.class,970,714
b76ff4faaa621b4a9205097c31f96388,rustme/IlilliIIII.class,652,396
8ebaf1c690f6b5b3768aa653bc82a143,rustme/iiIlliIIII.class,493,237
81aaee95b163bcc63af7d266f7975a60,rustme/liIlliIIII.class,599,343
a0b5ccf964aab5d48c4583af2e6502ac,rustme/IIIlliIIII.class,493,237
f7706ae348fcb76e0a2448beb5a0e220,rustme/ilIlliIIII.class,758,502
0c2fdc75f0cae3c2589b529db600c791,rustme/llIlliIIII.class,599,343
d74d487b00b8578a939c0c03dd65e986,rustme/IillliIIII.class,705,449
6118affbb297959fb24a8d3336a3782c,rustme/iIllliIIII.class,758,502
16ad125873bcbe830b828d8979003183,rustme/lIllliIIII.class,599,343
193871fc9dd9bc3e7c689f826d872b55,rustme/IlllliIIII.class,599,343
c9ab3c1a0ff7b924839d862ce6a223b5,rustme/iiiiiIIIII.class,599,343
2dc24411db9f440f19870a916625e2e1,rustme/liiiiIIIII.class,705,449
96bbaefa26925239b78ff2b67c6c1bdc,rustme/IIiiiIIIII.class,705,449
952dbfcae020d9e501d6cba605c278ab,rustme/iliiiIIIII.class,493,237
7d0fcfa1cd4c777d0efc5b9573b2f3ad,rustme/lliiiIIIII.class,705,449
cfd03b9f073bb289d9bd8a4a677af097,rustme/IiIiiIIIII.class,705,449
166831f4540bf94b55df4e3638eba0b5,rustme/iIIiiIIIII.class,705,449
246c0bd0cb8628d161e4dbcf6042ffe0,rustme/lIIiiIIIII.class,1818,1562
2b7c967b8f8d69b622058ce6fe61d10b,rustme/IlIiiIIIII.class,705,449
485949f9e74af5ca1012dd23b525ff04,rustme/iiliiIIIII.class,599,343
36f3a24a4c165f6ac92aec219455af7e,rustme/liliiIIIII.class,599,343
5888d6f94b885204b8083f88a2e2d133,rustme/IIliiIIIII.class,493,237
53e6b8e3a0f9835088161c888c011ed9,rustme/illiiIIIII.class,599,343
9a93679545ac34bf2aeba68ed297f0ef,rustme/llliiIIIII.class,493,237
12799f640b860d396d5b3667dca9c8f3,rustme/IiiIiIIIII.class,599,343
6c4681bca02f1dbd7fe710f635746896,rustme/iIiIiIIIII.class,493,237
20f6932cef247f5b53bab7b3343cc953,rustme/lIiIiIIIII.class,493,237
c032d19b46533c3fae086f1959a53cc2,rustme/IliIiIIIII.class,758,502
d10bd38ae9bd7a3469d27468ceaeb821,rustme/iiIIiIIIII.class,1394,1138
5adc967323fe8eb0c7246c0bbe3d5004,rustme/liIIiIIIII.class,705,449
49897604100705fd799bf326f53934bd,rustme/IIIIiIIIII.class,546,290
f91e8217f990e9f619d2decd8a8981a3,rustme/ilIIiIIIII.class,917,661
b54302203395640a472702d87fa2d7f1,rustme/llIIiIIIII.class,599,343
8a1d9e82246414701d3dbfe78f0be77d,rustme/IilIiIIIII.class,546,290
7358bcf7567e1543796a7117c6dda335,rustme/iIlIiIIIII.class,4097,3841
3acd566ee6edd4c26a531ba130ebb91f,rustme/lIlIiIIIII.class,811,555
d9f1e91630532c52b1c57cb76ac20703,rustme/IllIiIIIII.class,546,290
b63dd190fbfc2a991dfd7fa5e091970f,rustme/iiiliIIIII.class,758,502
14e08c34459d16be2f301f07c3e98bcd,rustme/liiliIIIII.class,2242,1986
d69e369834bcc672b40bc558960c4c1e,rustme/IIiliIIIII.class,970,714
f6b6023fc63fb9de7d2a9bbc61e41670,rustme/ililiIIIII.class,652,396
24edcf81465663af35a8eef0234d738e,rustme/lliliIIIII.class,1235,979
1d2e8f24805e7ceba3208d655eb8654e,rustme/IiIliIIIII.class,1341,1085
a4bcd3d1b9ade71f94bdd3b2e1e0fdd1,rustme/iIIliIIIII.class,493,237
2e807c44cc9328df47da42012a55f780,rustme/lIIliIIIII.class,599,343
16b1fc9e871d77ad6fbf01aa6cc45d82,rustme/IlIliIIIII.class,493,237
b0ce1f7b5fe03d32970156bad8103fb2,rustme/iilliIIIII.class,493,237
8b071e41ed9d97d64fd55b8ee6abcff3,rustme/lilliIIIII.class,493,237
78bcd63eb88ec8b1cdc4599a793ba53d,rustme/IIlliIIIII.class,652,396
e5fa9e62f9cc75031d64d2a4a813a929,rustme/illliIIIII.class,493,237
2ce8e3e5be7f328cbf7402de7152d8ab,rustme/lllliIIIII.class,6588,6332
f1f2655ac894bc6b8ae1fcd68f25003d,rustme/IiiiIIIIII.class,493,237
1cd1e472a20edee6a3ed2dd3718ca464,rustme/iIiiIIIIII.class,493,237
4994a1f7381007d354a8ad42d9a38c75,rustme/lIiiIIIIII.class,493,237
fbeb1bc193e812edccc85777ffb66b06,rustme/IliiIIIIII.class,2719,2463
d811923750976fb4601256dbbd3e2d5a,rustme/iiIiIIIIII.class,546,290
d0d122b05d4c68571e38f8487e60e759,rustme/liIiIIIIII.class,2825,2569
a954e1b2fb0f6b4b99b28d11979487a6,rustme/IIIiIIIIII.class,493,237
8dcd6d89e37362cd83fc92c3326e6669,rustme/ilIiIIIIII.class,811,555
f7a0276497237190c49e65360df70995,rustme/llIiIIIIII.class,652,396
1eeea285cdf903d16efa12bc3a66ce84,rustme/IiliIIIIII.class,2083,1827
e9da11164366731dbd3a29870918b831,rustme/iIliIIIIII.class,1394,1138
a919666bbf204e11ae45add81bdada83,rustme/lIliIIIIII.class,546,290
e4c3e2d41b8e45df18270c39e13f30f7,rustme/IlliIIIIII.class,2507,2251
c621fe822c7cc59f83053a676f954643,rustme/iiiIIIIIII.class,1023,767
0a855b74c6bd41e91f5400f767475721,rustme/liiIIIIIII.class,493,237
a31579f2b26f4f882da960cc642e63e3,rustme/IIiIIIIIII.class,599,343
11d1b777c5f72ae9e00ee5b2158673e9,rustme/iliIIIIIII.class,3726,3470
6dc9e1d33b986801982debdc4b1871b3,rustme/lliIIIIIII.class,4627,4371
2576ca18197917fe08b367c6b9b2e5f4,rustme/IiIIIIIIII.class,1712,1456
1e6902911e2df6ee4ed30e43ad57f9da,rustme/iIIIIIIIII.class,864,608
d59b069b9d6e64aedcf839fcbbd49426,rustme/lIIIIIIIII.class,1076,820
9f568182b3b5a96a92f8000f16c8aa3b,rustme/IlIIIIIIII.class,811,555
4a90eef83ad4550ea50e26e735506f13,rustme/iilIIIIIII.class,1500,1244
aeeeb78ab31acf3a39a38efb6e8cc292,rustme/lilIIIIIII.class,6376,6120
fa932c4112a9f8aebe61e6dbdf3454b1,rustme/IIlIIIIIII.class,1182,926
a78fdb3a530defff483d0ce61b37cb04,rustme/illIIIIIII.class,758,502
800285b91814bd441ed939e5939fd11d,rustme/lllIIIIIII.class,2189,1933
470d68d21c9c5225be4fa051d64a0f72,rustme/IiilIIIIII.class,652,396
59cf809c8ba3fb41a15ba4ae2d225503,rustme/iIilIIIIII.class,4415,4159
7e366930e15efa51063483d2dd58fd56,rustme/lIilIIIIII.class,5210,4954
e603452e5b1aee8d44e9524dbfdc17a2,rustme/IlilIIIIII.class,758,502
f3ebbdee2bda5e28ccf3bc0d28fba1eb,rustme/iiIlIIIIII.class,652,396
c62b4b9a5346b59c28db2fa751667992,rustme/liIlIIIIII.class,599,343
b4e475c0a1379ae7415ace58e0f898cc,rustme/IIIlIIIIII.class,917,661
b1213297957cd6d017371ad6372b16ea,rustme/ilIlIIIIII.class,493,237
5ca4f323a2c1575ae80c1a06dbcb3591,rustme/llIlIIIIII.class,1818,1562
183aa20501b7f956602ae1aa16fde46b,rustme/IillIIIIII.class,652,396
70f942f7e7b8372f75f84ae9ba3e6fa2,rustme/iIllIIIIII.class,705,449
9bf1332108f5dc24cc43032da4d4a9af,rustme/lIllIIIIII.class,546,290
6de76eb0d8d1b5a0c4b8a89c2f79e02c,rustme/IlllIIIIII.class,1712,1456
4e96feadb8af3ded06996e72d235da1b,rustme/iiiilIIIII.class,1924,1668
a4d930facbf927f3a8a7ddde6ef19388,rustme/liiilIIIII.class,2348,2092
a9e135dd91b663c675a760f00ae796b3,rustme/IIiilIIIII.class,1447,1191
a9a4c76a8fab38f0ab78bf1fdaec982c,rustme/iliilIIIII.class,652,396
e15607705af6c78950641679b9f0401a,rustme/lliilIIIII.class,917,661
dc722de221575a24f03cf27e16444541,rustme/IiIilIIIII.class,811,555
b127d93fb41d4a2a0fc389d9e0d345d3,rustme/iIIilIIIII.class,1129,873
6a3971d1f6e476800b2eaf6a3550396d,rustme/lIIilIIIII.class,1129,873
cbcd57e72b50173cdd534f6ca80f89fe,rustme/IlIilIIIII.class,1182,926
bff90a0d0cd77e0770bcced16f54f901,rustme/iililIIIII.class,1288,1032
f4b20b10595c0ce92f85d34fdf1ab904,rustme/lililIIIII.class,1341,1085
8b54d9098a1ab849e3dd892976c5660a,rustme/IIlilIIIII.class,1235,979
55c2a8487247ae4ed45c086f43f02b70,rustme/illilIIIII.class,493,237
d5e3aa4064eb31489d00f62e61d6fce6,rustme/lllilIIIII.class,811,555
9c8c8d3d9dd6456814204a923c26c77e,rustme/IiiIlIIIII.class,811,555
7ca4d6a0f3a55aec4072fb5700bced84,rustme/iIiIlIIIII.class,1341,1085
eb706b56769a3248fd1f9dbd63bbeebf,rustme/lIiIlIIIII.class,493,237
8309201d2c464cd48a560264f30a5f1b,rustme/IliIlIIIII.class,1235,979
f352cccd926beb74c2a69a0ac0bae3bf,rustme/iiIIlIIIII.class,493,237
ac1de7d0718e14efb0d9aa258a374439,rustme/liIIlIIIII.class,1765,1509
b1587e0cd529b5b817d1c613c876fa7f,rustme/IIIIlIIIII.class,811,555
ede3564bc7844e6758cc2f050acb9205,rustme/ilIIlIIIII.class,811,555
73cc1447939cae7d3fcff5c772b80688,rustme/llIIlIIIII.class,546,290
13ab623849c6e76833444978cee08e28,rustme/IilIlIIIII.class,493,237
b43e0ba57b4089af76e407ab3466e9e1,rustme/iIlIlIIIII.class,758,502
e64c107ae65cfb798f1b19c902607aad,rustme/lIlIlIIIII.class,493,237
07757204fcb906d238dc64560c5bd2d9,rustme/IllIlIIIII.class,811,555
0a21b21c715ff12f4e46b3f765596a29,rustme/iiillIIIII.class,1129,873
a3ba1b2d1cabe9823b36eae8f504e998,rustme/liillIIIII.class,1606,1350
32e91470bc3c6ff5fb95e7779685e011,rustme/IIillIIIII.class,705,449
5ea842daa2922c8c2e4e12cf191695fd,rustme/ilillIIIII.class,652,396
e8d76cd6c9ac82027a54233fd3d3ea31,rustme/llillIIIII.class,599,343
698ae4c62769fba3bcac1f9f708319a5,rustme/IiIllIIIII.class,6694,6438
b06e96d11ea1b769c3d00739503f07a7,rustme/iIIllIIIII.class,493,237
2243f2ade037f6ecf33ebe7881d067eb,rustme/lIIllIIIII.class,1288,1032
a1f405f45751dd1f7f54445604ebe394,rustme/IlIllIIIII.class,1129,873
4edfdcd8608948ec4ba7620e5f4ad6d1,rustme/iilllIIIII.class,599,343
0b746bb9dde14c48b2f087003bd5a8ca,rustme/lilllIIIII.class,493,237
3aefcdded8adccb347a29a33552734a9,rustme/IIlllIIIII.class,1076,820
872dcf7350b977a301bb3af4fe1ddaaa,rustme/illllIIIII.class,1129,873
cbf8d0d57a91b64c352ef53581558326,rustme/lllllIIIII.class,493,237
cc80e5b2299c22dd09ac4faeb1c9ebd1,rustme/IiiiilIIII.class,493,237
9b32842958036d85fa380d9a77e5819d,rustme/iIiiilIIII.class,493,237
f1236f40efff7d58d89cd60905ef81cc,rustme/lIiiilIIII.class,493,237
e39ce4d22e14849a4b31cbd760b42bd8,rustme/IliiilIIII.class,1765,1509
aa4641d2605db64b9353123376766ac7,rustme/iiIiilIIII.class,1235,979
71c6034b29923f1fa98276f234154a51,rustme/liIiilIIII.class,493,237
d46396057a1898c3941e55576e358154,rustme/IIIiilIIII.class,493,237
fbd0befac13009a7f521b27e251973f0,rustme/ilIiilIIII.class,493,237
8d89e4fe9b50c30d1fc391c40c76804a,rustme/llIiilIIII.class,1076,820
af718c6b76487978ad86c41b70d2ee28,rustme/IiliilIIII.class,2401,2145
f270e3ce49f8962f4845060acc93f7af,rustme/iIliilIIII.class,493,237
0406cc257ae602954c636b41442459e0,rustme/lIliilIIII.class,493,237
250fbd2d9ab9c3e731067e6a2e5c4754,rustme/IlliilIIII.class,811,555
02793192090f74e637f1400607db7f88,rustme/iiiIilIIII.class,811,555
68266bbf06f1812923fe4fac6bad9c50,rustme/liiIilIIII.class,599,343
4206cb9d6f36e4ee5b9b4ad305069bec,rustme/IIiIilIIII.class,705,449
821d2aa257a34db2cf18ca52df4f1054,rustme/iliIilIIII.class,1129,873
f6c878e8efa970435e1664bcc954ae9a,rustme/lliIilIIII.class,493,237
6a71b664818c00d78ff57821aabe9be7,rustme/IiIIilIIII.class,493,237
352138e95c0e98e236e035bef4507d61,rustme/iIIIilIIII.class,917,661
13450bd361951dc461f3ac63841a3c1d,rustme/lIIIilIIII.class,1023,767
39f895a72923ac881b5192f2e53df2e0,rustme/IlIIilIIII.class,1659,1403
3a735709f7908b60433ff7c3b3c7f682,rustme/iilIilIIII.class,1076,820
e236125e3e326f93b19d6643473cf8b4,rustme/lilIilIIII.class,493,237
a0b58bf0fca9e045e7531c1f3af6ce7a,rustme/IIlIilIIII.class,705,449
423783324da45d4bb187276538e75190,rustme/illIilIIII.class,1129,873
26a0ba9516bb2f57cb9d811568324fda,rustme/lllIilIIII.class,493,237
64169882a9e8c4428f8761a7229f007e,rustme/IiililIIII.class,1288,1032
057d88e4aef9c81369598b127b230986,rustme/iIililIIII.class,917,661
79fbf287c49584157d4000448b21ef7f,rustme/lIililIIII.class,493,237
ba19dc2a40438da39441d2008109727d,rustme/IlililIIII.class,599,343
2e5d24cd7d4ec5a5016aad79d46db5dd,rustme/iiIlilIIII.class,1341,1085
6573e13e745e9822cdd1a419141eb400,rustme/liIlilIIII.class,493,237
41a6e3a32d7ab9f2b625fe7c12dfe62e,rustme/IIIlilIIII.class,493,237
c2ebe05eb86231033b28296bafd0bea7,rustme/ilIlilIIII.class,493,237
04a9f7797ea6e9022e5c2ff132629525,rustme/llIlilIIII.class,599,343
74897b872d8b655df22b772edf7e0700,rustme/IillilIIII.class,599,343
a18e5fe64cd06782fabc0fe3d4fec162,rustme/iIllilIIII.class,5422,5166
3c1f80b8d399bdb013ff90f6e76e24be,rustme/lIllilIIII.class,1076,820
f25e0b6adda5cab29b9dec251920d00d,rustme/IlllilIIII.class,599,343
6cf0a34fe12ab5fcc483f4cb0dc9495b,rustme/iiiiIlIIII.class,493,237
90fd6510094fade752d1c60021eebdff,rustme/liiiIlIIII.class,546,290
189dfb14d1fdfe75f9e602851596fd9a,rustme/IIiiIlIIII.class,1341,1085
932c039a7d2e2d8666f770dcacdbe1e9,rustme/iliiIlIIII.class,1023,767
a7bb40a96c888c18854be0918a2a80a7,rustme/lliiIlIIII.class,758,502
318b920f97b68e773870a5901e076a25,rustme/IiIiIlIIII.class,599,343
9bfb38a400b47282192b0d53673faa82,rustme/iIIiIlIIII.class,970,714
03c00b66703daee79c72a497ba24003a,rustme/lIIiIlIIII.class,493,237
2babe6b8aaac9aa6966af8bdef4a4c06,rustme/IlIiIlIIII.class,970,714
0e4a4bed19f1c350f474b516c5a2ae59,rustme/iiliIlIIII.class,599,343
30bd567d3921b445b23b36fac765c79d,rustme/liliIlIIII.class,493,237
b486bd6a94389a5acfc0e90980b5cf03,rustme/IIliIlIIII.class,599,343
b97da85ccf4474dd8278b5d6b452c04d,rustme/illiIlIIII.class,546,290
a45e878318ae1da60071b4751ad74e6c,rustme/llliIlIIII.class,599,343
da5c90cecc7bbf2234882f15783a6d70,rustme/IiiIIlIIII.class,493,237
e866af98b527d1e2f647921d217c7e70,rustme/iIiIIlIIII.class,3196,2940
a98b38818f8a6c4d7b4746e74083833b,rustme/lIiIIlIIII.class,493,237
a621d01743c2a89a6e58b95338fe5cc8,rustme/IliIIlIIII.class,2242,1986
28733304d7c8604a3a6b68fba44f4edb,rustme/iiIIIlIIII.class,546,290
1aee49a5bb3bdb42163bba40daf9ab79,rustme/liIIIlIIII.class,599,343
13a7d1ca8a9f0e52ee112b9b409e3b92,rustme/IIIIIlIIII.class,917,661
6847850d8ea5f2ba843feb81360ef9b3,rustme/ilIIIlIIII.class,546,290
da00c91fd3ba9937566bb5cec3f35b72,rustme/llIIIlIIII.class,811,555
5db1e5b5c228d15a916939a9dd086132,rustme/IilIIlIIII.class,2401,2145
af098ef2c5685f1499860f22e125e388,rustme/iIlIIlIIII.class,1076,820
d4ef2a8e4b16249854b1239d9ad318c3,rustme/lIlIIlIIII.class,1500,1244
4c4456be1f72ac9b57ffc90018c3e8ac,rustme/IllIIlIIII.class,652,396
d04930520060595a5160d86dabd3f15f,rustme/iiilIlIIII.class,652,396
e9bb93fb64b4eb64eb2f808f5dddf588,rustme/liilIlIIII.class,758,502
a8112e93bcaef8f0bc23f2573b3f5b33,rustme/IIilIlIIII.class,493,237
8de09fc713b709acf7a6faaa0b9546a0,rustme/ililIlIIII.class,811,555
c505b855acc7a58881b6426dc60eb696,rustme/llilIlIIII.class,864,608
adbbe59ead44711f79535819dcc2786b,rustme/IiIlIlIIII.class,493,237
fbfe39aef1400f601e0e16b572973918,rustme/iIIlIlIIII.class,493,237
da06c53cb4c9392d23fd6ea691c15548,rustme/lIIlIlIIII.class,652,396
df4c36e237bc2690b504a3b7803ae435,rustme/IlIlIlIIII.class,546,290
ba2001fc209d8995ce65e84037b989d9,rustme/iillIlIIII.class,1129,873
17630f74d7fda92e7db2656f2f146e27,rustme/lillIlIIII.class,599,343
8fcc9b7f29eca9e694037d335105bbcb,ru/rustme/mods/discord/api/DiscordEventHandlers$s.class,910,654
4b71b19d7bdfb924edba1ffea54b1343,ru/rustme/mods/discord/api/DiscordReply$s.class,683,427
622169950f74da6ecfda1ea24bdffb16,ru/rustme/mods/discord/api/DiscordRichPresence$Builder$s.class,625,369
70abc545b031f976ab5649851a15d1cb,ru/rustme/mods/discord/api/DiscordRichPresence$s.class,1566,1310
abc74fa31d0070ae8f623fcc4dfc389c,ru/rustme/mods/discord/api/DiscordRPC$s.class,827,571
2c8018518f9eb5d998e6ab6a3bdff153,ru/rustme/mods/discord/api/DiscordUser$s.class,755,499
c8c1647559913acdeea849a9e57cbd66,rustme/IIllIlIIII.class,1129,873
0f4f5843a0a2b2dc853b32a7331f7df9,rustme/illlIlIIII.class,652,396
213ca00dd8e7948cf6f748cab2b8ed08,rustme/llllIlIIII.class,917,661
478677ff8b05df13203506030868d742,rustme/IiiillIIII.class,705,449
1d983a25fbcc8675c188abd74e110b67,rustme/iIiillIIII.class,758,502
419313a2dd3818f16d368bb7a453af5a,rustme/lIiillIIII.class,1235,979
526267844d0f36f2b403c2ccbd416cda,rustme/IliillIIII.class,864,608
7a8e3c988a80237f890754235e276b52,rustme/iiIillIIII.class,652,396
08b8cb2a64eed3d4def008e8a71552ba,rustme/liIillIIII.class,2030,1774
2f945fd0cc42b6c8ee13ba5e00533379,rustme/IIIillIIII.class,758,502
1190e32545bfe15eeeb4e0c42a197a3f,rustme/ilIillIIII.class,1500,1244
ebbaddc1ffd6bf14460ed8958c1cdb9c,rustme/llIillIIII.class,652,396
3748df2436569c8512bf86a6875c3c71,rustme/IilillIIII.class,970,714
deddc990f1982c085f371056db6f9c48,rustme/iIlillIIII.class,652,396
0602c8338946ddfc4a29d4c0a42806bc,rustme/lIlillIIII.class,652,396
2069d365a3074f08a5b7885b36b9dc5f,rustme/IllillIIII.class,652,396
5f21062b976a6f8980778dbc6bf1f46b,rustme/iiiIllIIII.class,599,343
fd04b6e4f8145c65a334e872d21368ec,rustme/liiIllIIII.class,652,396
41bc43d5ce5050ecf06bc450519284c5,rustme/IIiIllIIII.class,652,396
76178fbe6bf58c631bebd53e5f0e9c21,rustme/iliIllIIII.class,652,396
1b19103def566f0e69778a5e5da4296d,rustme/lliIllIIII.class,599,343
0ca9f1b45a9caf1aabc9988c8fc69112,rustme/IiIIllIIII.class,546,290
c009b479531b00d3a736a9cf1d1b4d9d,rustme/iIIIllIIII.class,546,290
62586aff68343584d02698480bd78594,rustme/lIIIllIIII.class,652,396
171833734692f24a99740f3756634854,rustme/IlIIllIIII.class,652,396
81845fc4aad02372ea6bf48af0544433,rustme/iilIllIIII.class,811,555
0e18079c4037c86fd1774cbeb6dcd510,rustme/lilIllIIII.class,652,396
70fead5387fa090ee0842d2c8c8b62a2,rustme/IIlIllIIII.class,652,396
a76579174c0bc6380df83e115a1f8461,rustme/illIllIIII.class,546,290
23fab6c6652f0f554ebf43cd35b126c9,rustme/lllIllIIII.class,546,290
a2b60c6b5595021b7fcd218f8506a5d2,rustme/IiilllIIII.class,493,237
0a2d060e6cd88361c1eca43b694055a4,rustme/iIilllIIII.class,493,237
eebbba46611ae9ad5b3bd3bc5b601e0c,rustme/lIilllIIII.class,546,290
f437b4834434670986cbb9ac4d28d2c5,rustme/IlilllIIII.class,546,290
c0f09e336c92f51df55d41d93342c319,rustme/iiIlllIIII.class,493,237
217a011ad0a929efc96759f7dc9402bb,rustme/liIlllIIII.class,546,290
182c33dcda8dd673ad5b24a288c629f1,rustme/IIIlllIIII.class,546,290
2903450a20f9d990ef03828e7bad38f9,rustme/ilIlllIIII.class,493,237
c985c6954929fbb59894cabd01b861ec,rustme/llIlllIIII.class,493,237
33f50879d3c52471830cdf85afe92d48,rustme/IillllIIII.class,493,237
57b0c47a613a5d4ce3287086bc3e8525,rustme/iIllllIIII.class,493,237
68b1267317c50fb0b8fa82c14c618bc3,rustme/lIllllIIII.class,493,237
8370ab2a7cf819abc10b1a2c808c4189,rustme/IlllllIIII.class,493,237
f65fb6241fc4df2a4b6a536e31a02fbd,rustme/iiiiiilIII.class,493,237
198d79dacb76cdba52b8c57dfd7c1268,rustme/liiiiilIII.class,546,290
5735d29040e85ee4b0aa3aed3ff8d011,rustme/IIiiiilIII.class,546,290
8e81467b03ebca592109bdefbdbe99c1,rustme/iliiiilIII.class,599,343
80fce4aee21a792bc73168a043490a7a,rustme/lliiiilIII.class,546,290
01db3fb7b9d0a94b07296dc6ff660a5a,rustme/IiIiiilIII.class,652,396
31fb17756da9bbe6c3775c9e59112d24,rustme/iIIiiilIII.class,493,237
9618b691b08cb837cc653c1ab7a9da4a,rustme/lIIiiilIII.class,493,237
f4b1de804218f29016a1f33e2c1427d9,rustme/IlIiiilIII.class,493,237
016cb3989c7ee302669e57e3a5bb05dd,rustme/iiliiilIII.class,493,237
df7a5e167e1faf80be0a4b8804edc235,rustme/liliiilIII.class,546,290
da73bff2c9247a7194ba5af2e643eccd,rustme/IIliiilIII.class,546,290
29a4717572b4e8ae06884fe43aa60442,rustme/illiiilIII.class,546,290
baa6515697ca50a2b2af4ee39807ee3f,rustme/llliiilIII.class,546,290
05394a7282efb567e1eef71fb7a759cf,rustme/IiiIiilIII.class,493,237
1a53cb00132b0efdcb790da9f30009bc,rustme/iIiIiilIII.class,705,449
3c11769261246ec334e7297836e98145,rustme/lIiIiilIII.class,705,449
f4071f2984b4edae8f18f55a23862563,rustme/IliIiilIII.class,599,343
2f4479964f47890f8fd7ebf2694f054f,rustme/iiIIiilIII.class,652,396
602f0d916f13f4c3dfe480a73affb3e2,rustme/liIIiilIII.class,758,502
0833c11e356ca922b0a13144b1c0cb43,rustme/IIIIiilIII.class,758,502
7a1baaffc7900e5bf140116e45fe50ef,rustme/ilIIiilIII.class,811,555
f6ff5b324f6b623d9c19dd3d55ca3e9e,rustme/llIIiilIII.class,493,237
521b134fc0d3de5d6044b69bd7ee0eb1,rustme/IilIiilIII.class,599,343
07fb6d15d385bd7a7a4d939459644486,rustme/iIlIiilIII.class,652,396
bb1815732f9c8605f41e896b36646734,rustme/lIlIiilIII.class,1182,926
859529c992f6e5d185f8625ce4aa07de,rustme/IllIiilIII.class,758,502
2e404d061a8e02cd1ed58308e11ec205,rustme/iiiliilIII.class,599,343
0c29ab2484075cf2d1655fc92dbc9c4a,rustme/liiliilIII.class,705,449
89943c22614e9c8bf84f5b5a1419999c,rustme/IIiliilIII.class,599,343
3d146acbf44470be114395dd394101bf,rustme/ililiilIII.class,652,396
6ed99315e1ee3aa886c787462bee13f8,rustme/lliliilIII.class,599,343
2ff24571f956a64ec8115455c59d36a9,rustme/IiIliilIII.class,546,290
c1b30a0d8f21eeb51d2723ae2153a868,rustme/iIIliilIII.class,546,290
e974b61a24e81a09a1498101e9e669ef,rustme/lIIliilIII.class,493,237
ab43cb1d58905fa873a4b4e480ef4e2f,rustme/IlIliilIII.class,493,237
87ffdd03b683a0dadf5a8dcf565f4c24,rustme/iilliilIII.class,493,237
70c7da827e9db032d5ee5b485a696bcc,rustme/lilliilIII.class,493,237
087b0a18d4f9f41779e9eea97d6c9b29,rustme/IIlliilIII.class,493,237
a3fdb25e0afa91c2dbb6cd7da33e71fa,rustme/illliilIII.class,493,237
259b837f8f828b55ecae5ada79ee5530,rustme/lllliilIII.class,493,237
5cd99e7150c341349ba4fb7b71e32a52,rustme/IiiiIilIII.class,652,396
7916b444f9adb99deca4d51e8234f69c,rustme/iIiiIilIII.class,493,237
c0fd10a8c97a740af73427da5269f7b5,rustme/lIiiIilIII.class,493,237
a0bc0dcef7f25b8c235eb8c538150a38,rustme/IliiIilIII.class,546,290
873d8db9846584b8607a9e70a23c5426,rustme/iiIiIilIII.class,705,449
a78a2a3c4167167fba6ccc5d5963cccc,rustme/liIiIilIII.class,970,714
3cf5ace6f3e6f8f17761b947dd2e1fcd,rustme/IIIiIilIII.class,758,502
b1747a2e04456f75f0c6ca270e6bfb41,rustme/ilIiIilIII.class,705,449
289c96fe7b6bc1584da282383e6270ba,rustme/llIiIilIII.class,811,555
5cdd7e34b63474a31ceee986edfa45af,rustme/IiliIilIII.class,493,237
a1026bce5272be5eb8ce3969d864206e,rustme/iIliIilIII.class,493,237
d63b40dc7c9c69fa2a07cb17c2d0ae88,rustme/lIliIilIII.class,546,290
7bae03d17a5475bcbf3c2817bab7cc0e,rustme/IlliIilIII.class,493,237
4459e8170b78262d8fbe2b48e8d224be,rustme/iiiIIilIII.class,546,290
d38e3167d5de2e557ac0d05f3941f140,rustme/liiIIilIII.class,705,449
11b04de2695ec14ef825418ed139905a,rustme/IIiIIilIII.class,705,449
1837d031fb9875c3466dbb18f15d8282,rustme/iliIIilIII.class,1182,926
a85de304d8b606d10f3e252cde2f5e7f,rustme/lliIIilIII.class,546,290
5831bc38c07b7df5e0e938cf78c8abff,rustme/IiIIIilIII.class,2878,2622
3e64e6c800a94b3768eaf04401148885,rustme/iIIIIilIII.class,2984,2728
939413db4eb329054eb407de1d5ae4d8,rustme/lIIIIilIII.class,864,608
54818bfba709be0722d62d83b061a21c,rustme/IlIIIilIII.class,652,396
d8f33139748ab3f0d3fa9651a7a755af,rustme/iilIIilIII.class,3567,3311
c22462b979b392132d91890a4cdc2f14,rustme/lilIIilIII.class,811,555
aee3f166ee1c8ce42d2864332fbf825b,rustme/IIlIIilIII.class,493,237
d5ac9f5b7dffafe0b9bd276d80bd0f23,rustme/illIIilIII.class,493,237
40ca5539eb377ece4d13b56db80d6017,rustme/lllIIilIII.class,599,343
01b94f16c26f3041e5616978e55b5d66,rustme/IiilIilIII.class,1076,820
beca411b08881f1be4c3c8b827146661,rustme/iIilIilIII.class,546,290
2d6d23bfa72772e892e5d64b3cbfeb69,rustme/lIilIilIII.class,917,661
95ca481d5a6d600f4f071f908c5cbfcf,rustme/IlilIilIII.class,652,396
0c70772f95e63ee964c98c2325b6e8c2,rustme/iiIlIilIII.class,1235,979
2d3e219ea0d7e00b512b3c20c481d335,rustme/liIlIilIII.class,1129,873
46d74fde16468ad432651adcb2921511,rustme/IIIlIilIII.class,1023,767
1872dc1991f2305959c17b9b5902dca9,rustme/ilIlIilIII.class,652,396
2363cf36b7e87202e6046b6c2beeb715,rustme/llIlIilIII.class,493,237
a9cb7ac2e6707c5704518d5c840d1630,rustme/IillIilIII.class,1023,767
a994c196d3851c72f5b388bb5277c29e,rustme/iIllIilIII.class,546,290
7301544dc5e61a72a2c33c48765d5273,rustme/lIllIilIII.class,970,714
036492a6a05589b12c14b364493c8eb7,rustme/IlllIilIII.class,599,343
03c3110c79bb87f0fdeeb24265ecafba,rustme/iiiililIII.class,546,290
a9adec04101e4c6b5bc49194b00327c3,rustme/liiililIII.class,917,661
e1b61a427d7fa1bed0b4b0af99683096,rustme/IIiililIII.class,1182,926
bf35fa79203f8236153ea95092909a5e,rustme/iliililIII.class,1871,1615
aae6a51417b684c80c2a9ae3d2251c1e,rustme/lliililIII.class,1606,1350
ca6107c38ab5aff1145f864cc5f4c061,rustme/IiIililIII.class,2295,2039
ba1def4cba2fb07270ad41ef6aac7970,rustme/iIIililIII.class,599,343
2caa8e82adf5097fbe2a4615eb21d51b,rustme/lIIililIII.class,599,343
677ae69d66002be901b20da76c423c2d,rustme/IlIililIII.class,546,290
9eda946db22c7408ac99109beca46f30,rustme/iilililIII.class,758,502
a4148e9b21c58e694b63df51f8139754,rustme/lilililIII.class,652,396
3f0d68ad1f722d62104375f4a9572ba8,rustme/IIlililIII.class,864,608
b9d51d8d42553d9fe1e2b994d924ff4d,rustme/illililIII.class,864,608
df703ece2123eecc79a5faf8851ae11d,rustme/lllililIII.class,811,555
55d3b8c044ac8e1a43fedf8e0d2686d4,rustme/IiiIlilIII.class,546,290
7ff4dd54a1a84f58f8131fce456d300b,rustme/iIiIlilIII.class,599,343
9ac509ea66c4c333e0788697e8eadf70,rustme/lIiIlilIII.class,811,555
aebc566d50ddabe69c805ccf81a1773d,rustme/IliIlilIII.class,652,396
36d59e739f153e098476fbfccd302a5a,rustme/iiIIlilIII.class,1394,1138
04bfd91d5bc005b55fdf5cc0db0024a1,rustme/liIIlilIII.class,2560,2304
f3e3ee2f9dd4d36b35d14b1c92a3f6a2,rustme/IIIIlilIII.class,652,396
d96593c1f1fa5b78d57dd6319fcfbd9b,rustme/ilIIlilIII.class,705,449
23d252fc5fd21e98d8120295d63a0f93,rustme/llIIlilIII.class,599,343
cfc0cf96ecd4b7c89ae796e4c917d398,rustme/IilIlilIII.class,705,449
52f71b5984a8951ce1cd06ca28f31bfd,rustme/iIlIlilIII.class,546,290
bcfa6b64bd627a9befc31d38a788acd3,rustme/lIlIlilIII.class,864,608
fd2e84b5e9c6d25e43bcdc88d1718546,rustme/IllIlilIII.class,652,396
ccecc01aeafdb7da0e9c05d8601dc4d8,rustme/iiillilIII.class,493,237
044b6d5fac422dd548c43322f40e1d52,rustme/liillilIII.class,493,237
80da26134254b65d54512f5ef99358bf,rustme/IIillilIII.class,917,661
cd8debe1fb63b7958b7f43310a3026f6,rustme/ilillilIII.class,546,290
3ce0f0b8ccea00ec9065803bb7e52441,rustme/llillilIII.class,970,714
fbe7934f048cacf9271af44b61c01ee1,rustme/IiIllilIII.class,546,290
c4ee6da2eb00debc1cff45d8980278b3,rustme/iIIllilIII.class,493,237
d2ecf2272bb364b48b102d5ddf1db8c0,rustme/lIIllilIII.class,811,555
b162da205eed3e1cd64facd003a6fe75,rustme/IlIllilIII.class,705,449
f80a9eeb795519da032661cb47931398,rustme/iilllilIII.class,864,608
e3510b41b026ad17cfea19fb93f7e8d3,rustme/lilllilIII.class,705,449
4f1bee1e0abcb4704812ab1d39b2deb7,rustme/IIlllilIII.class,652,396
f7da9cc8fb073f24781f3252997424db,rustme/illllilIII.class,652,396
a2473535e2cad758b77e1bf509047b18,rustme/lllllilIII.class,546,290
f8ef47b6fab35876d21278effd91e3a9,rustme/IiiiiIlIII.class,917,661
8b3ec77d89bd9d860962988dd1985dbb,rustme/iIiiiIlIII.class,970,714
653320feb3bc15e5b47894c19313672a,rustme/lIiiiIlIII.class,864,608
a7cd2bd799d6f15e0d680c6916a5f17a,rustme/IliiiIlIII.class,546,290
384c1b10dea9574840cce3b2a4418ed5,rustme/iiIiiIlIII.class,1023,767
ac6e2a4f3475bce2fb4db50b78e08412,rustme/liIiiIlIII.class,1447,1191
063871d3d959db1037a2fd20caa15461,rustme/IIIiiIlIII.class,493,237
b2038ede04b480b5fe5f189976439d23,rustme/ilIiiIlIII.class,546,290
4fe7fee3eeda35d76ca293b60a2e696b,rustme/llIiiIlIII.class,652,396
f67e0731c159492bc7a5bf005f39547b,rustme/IiliiIlIII.class,493,237
508aa7073269dca6a69469c74cf6c491,rustme/iIliiIlIII.class,652,396
7d5c01a093fe96ad322ebb153772cced,rustme/lIliiIlIII.class,1129,873
e0c8d8b13ce449c8997bed93f410e0d0,rustme/IlliiIlIII.class,3620,3364
e80402591adb6fe62fdbd09477b5aea6,rustme/iiiIiIlIII.class,493,237
ccdb0a708aba1b452d9d0f763f2e5ce3,rustme/liiIiIlIII.class,493,237
58cf2fe6e6315dc277e8febf20917657,rustme/IIiIiIlIII.class,1818,1562
ffa006063723938704776cbbbb76ef09,rustme/iliIiIlIII.class,493,237
896ff14377045074fb9cdbb43315c125,rustme/lliIiIlIII.class,1341,1085
33725cdfa011d540b62a4b79ad0bcd8c,rustme/IiIIiIlIII.class,493,237
50008ff8f002352f85d7ffefdf2d59e7,rustme/iIIIiIlIII.class,546,290
666ac020a80260eb5f7c6a35450f2b10,rustme/lIIIiIlIII.class,546,290
b3cced3ebc8cdf16ef90e28dc3184857,rustme/IlIIiIlIII.class,493,237
5131c69d7e1b123c59b59056fa55eecf,rustme/iilIiIlIII.class,1023,767
0c1364c1d31002ca05eea20eaca25251,rustme/lilIiIlIII.class,1182,926
fdf83460c1548d2409648a6d48bd7ff6,rustme/IIlIiIlIII.class,652,396
b84d113cdf3df0221c52fe2e6fcc0269,rustme/illIiIlIII.class,758,502
c5af156f8329b63bd0ccec22e085dbf3,rustme/lllIiIlIII.class,1447,1191
2e27ef4108f10fc498f8f31eeec41137,rustme/IiiliIlIII.class,493,237
ea5f96404966557b2bb9cbc1d0001790,rustme/iIiliIlIII.class,599,343
921e870861551a81ed12cb14d1752939,rustme/lIiliIlIII.class,493,237
c037011e97dfe9a1712a3a899017b9bd,rustme/IliliIlIII.class,493,237
cc4c780a4fd11125b3db0395fcc68cc7,rustme/iiIliIlIII.class,493,237
1ef29562d7b6af0ad1bd4be76662153d,rustme/liIliIlIII.class,599,343
dc2acfa3525e6ea99e9496d01f6e584e,rustme/IIIliIlIII.class,493,237
1d41365135d4ca6e0235c59eee73d6be,rustme/ilIliIlIII.class,705,449
3d3e11736cb108d9da0847b37fc069a8,rustme/llIliIlIII.class,1924,1668
62b0b9fc333a31931f41d809fdefb3ba,rustme/IilliIlIII.class,493,237
cf1ac73fe7cbc47788e9398ff54a683d,rustme/iIlliIlIII.class,546,290
c90a6fa42b8a0247f41fc0139b129b40,rustme/lIlliIlIII.class,546,290
d2d7fa9155c1bbeab0cb4f30ce7d980d,rustme/IllliIlIII.class,546,290
c11118dfc00492eb7b568492e6cca348,rustme/iiiiIIlIII.class,546,290
bae76f46b2c74256d908c50e64c163f5,rustme/liiiIIlIII.class,2507,2251
8b19793a30995dae4043a9a1efc63a9e,rustme/IIiiIIlIII.class,546,290
48622e4d59453aceaa810208a6c17812,rustme/iliiIIlIII.class,493,237
5c5738cb67a3b5a5612141eb6420a3e2,rustme/lliiIIlIII.class,546,290
95ea92b814b684728a919bd4467d089c,rustme/IiIiIIlIII.class,493,237
8de5c65593e01c42668e8dcc13ab4360,rustme/iIIiIIlIII.class,546,290
b462cab41bb762105bef49b601f53dd2,rustme/lIIiIIlIII.class,493,237
26c5cf95596f438141d0c812a9423f1a,rustme/IlIiIIlIII.class,652,396
0c6e53e69c180af11f8b96910cfde4c5,rustme/iiliIIlIII.class,652,396
cec31de3559697744e2fe07428c54263,rustme/liliIIlIII.class,546,290
ba46f928a85c88fc08b582fc71470243,rustme/IIliIIlIII.class,546,290
1367c122a9e3941c575592defcdb9a9d,rustme/illiIIlIII.class,599,343
b290307763cca90d54847dd2750742ee,rustme/llliIIlIII.class,599,343
659586b79e4a4eef59a8d33ef6417cd6,rustme/IiiIIIlIII.class,546,290
487c0cf45de6ad79cb69ba8f44ebe927,rustme/iIiIIIlIII.class,1023,767
eaa7c3b6820e3892921faffbf37b3351,rustme/lIiIIIlIII.class,546,290
6c2e5dcafa369466edd35ec75760c0e2,rustme/IliIIIlIII.class,546,290
f2864af04b4622fd597ab18d11129f80,rustme/iiIIIIlIII.class,705,449
24fbc596f5fb11986965e706614736a5,rustme/liIIIIlIII.class,546,290
83269c9a6fb6bfe448f7253b0d4d42f8,rustme/IIIIIIlIII.class,493,237
b4981cda0a60401239e928f07c22051a,rustme/ilIIIIlIII.class,493,237
803d2c5fc2294d76e04753287a2cf0e8,rustme/llIIIIlIII.class,493,237
3c53d12829040bcd1896345ef072d67e,rustme/IilIIIlIII.class,493,237
5f1b79977320dbb3d43801f7337bb27a,rustme/iIlIIIlIII.class,493,237
20a4b8729dc1d57c6e42c8c41b772be2,rustme/lIlIIIlIII.class,493,237
816a02a500a5f975756b20943af82db8,rustme/IllIIIlIII.class,493,237
50a8b4e352839be452d01a78c37caf1c,rustme/iiilIIlIII.class,1235,979
9f20b867af902009cb793b81e70e25a1,rustme/liilIIlIII.class,599,343
6cf4ef240e0c6f1e1110593dffe9c3d1,rustme/IIilIIlIII.class,970,714
2888232a59e61457f7c69bfee3e56fb1,rustme/ililIIlIII.class,493,237
0f0dc892cd0a544bc0fcb0926f69669a,rustme/llilIIlIII.class,546,290
14a365c389e53f998068ff111d74c101,rustme/IiIlIIlIII.class,546,290
6f6b40f7e5d7966b9ac064dd14c8faef,rustme/iIIlIIlIII.class,493,237
97490c424a7f1b9d675a571e3afc471a,rustme/lIIlIIlIII.class,3620,3364
228e7f376324916e84f3239115ac477a,rustme/IlIlIIlIII.class,811,555
79b2eaba84cd4324f8eefe03f0dd0743,rustme/iillIIlIII.class,493,237
51c0cf5ee487042403fca40a64f8c0ad,rustme/lillIIlIII.class,493,237
148f2ecf61cc9c6e7ba044bd1a31edca,rustme/IIllIIlIII.class,493,237
e9afe5a89fd3c7aec232fe9bcd5bf4c9,rustme/illlIIlIII.class,493,237
d034d7637f464abd400416ce8b3b69fe,rustme/llllIIlIII.class,546,290
40370540a9805365d85fb7ba78274312,rustme/IiiilIlIII.class,493,237
1e1da17e4403583f85be1cf153b22f17,rustme/iIiilIlIII.class,546,290
11a910381612826db53b2c2627fe386b,rustme/lIiilIlIII.class,599,343
6180ce5e7522135acf52736842993485,rustme/IliilIlIII.class,493,237
ceabaaaf1d3ce3d665e9b7c776d18788,rustme/iiIilIlIII.class,493,237
0c76f13c17a5a267174a73ac8a99c9a2,rustme/liIilIlIII.class,493,237
d8e95d235b61d39b30c9fe00d6cd5c5d,rustme/IIIilIlIII.class,493,237
50bad0b616f9dda5490a1ee8b7a86d4a,rustme/ilIilIlIII.class,652,396
c2764e13160bf2e29da854747821194f,rustme/llIilIlIII.class,1235,979
8fe70e7d3942b1c1e674b310df2c945d,rustme/IililIlIII.class,1023,767
3f85581361401df9bff91353962d9841,rustme/iIlilIlIII.class,493,237
be4e8774d42de180e2e04d640b9e0e86,rustme/lIlilIlIII.class,493,237
7b19b4c459240e6b4cdda41b7e9e2ab9,rustme/IllilIlIII.class,493,237
0c820f62a1819d4760ffe1b707ed96b7,rustme/iiiIlIlIII.class,493,237
16450b8e0dbd9c3062cf17fb2a994cff,rustme/liiIlIlIII.class,546,290
13235841aaf5c2db36b5cc21f6b09c5b,rustme/IIiIlIlIII.class,493,237
86cd165e59f34577e5a7b0c1753139a1,rustme/iliIlIlIII.class,546,290
3fb520d06860f1e6ab6ba3ea65d7d390,rustme/lliIlIlIII.class,599,343
b4dd43283aae11c69649fe0d9dc50127,rustme/IiIIlIlIII.class,493,237
72dcc656946574a5dc559016642bed14,rustme/iIIIlIlIII.class,493,237
b213c97eec014f755e38efecc5b3b297,rustme/lIIIlIlIII.class,599,343
8e514a8522f7096b03fdc13e55853b49,rustme/IlIIlIlIII.class,652,396
e6b67dd2cebc0f690de94288fab66271,rustme/iilIlIlIII.class,599,343
cdef70b2d742ef3de273334ed8fb8dc3,rustme/lilIlIlIII.class,758,502
1428ce49b7d440f0a13caea6c4db1dda,rustme/IIlIlIlIII.class,599,343
1217579ca5597e772973179fcc7f324b,rustme/illIlIlIII.class,599,343
f31e8db6fbdba6cf7774a0edf25f4586,rustme/lllIlIlIII.class,599,343
dce76854a55aafbeb4648244cd8a6e95,rustme/IiillIlIII.class,599,343
2cf88a3fcd300854218321b20651c63c,rustme/iIillIlIII.class,546,290
fa3c4b331d492dce29172e22fd975ba6,rustme/lIillIlIII.class,599,343
45f5ec60d6513d1e07a76f32ed6d183f,rustme/IlillIlIII.class,546,290
c8c375832b03843241e4dae1d6f02ee5,rustme/iiIllIlIII.class,493,237
123b1d8dd93dc32a2089f9c3d70c5d20,rustme/liIllIlIII.class,1235,979
1562495ab589efbcf91aa33de5d11c06,rustme/IIIllIlIII.class,493,237
a96db47ef70eefb8de4ebda93bd10a6d,rustme/ilIllIlIII.class,493,237
6ecf05c3f891347a1bd323ac284d935d,rustme/llIllIlIII.class,493,237
fe702740ab7d7c1db0a956a178bf04e7,rustme/IilllIlIII.class,493,237
1ffb6c4bf014c0b5ee73c1c7059a1ca0,rustme/iIlllIlIII.class,493,237
02ad8fc59aca7fcbcbcf161a50110983,rustme/lIlllIlIII.class,1288,1032
a7b49c9e604b90be61bd563644143bf1,rustme/IllllIlIII.class,599,343
24f77e6e58cd87428b378af95ff2a5c0,rustme/iiiiillIII.class,599,343
bbcfdbc038beed19898817518bf872f4,rustme/liiiillIII.class,1023,767
0f5dfe1b8c6b6102e86960a0340b3ec0,rustme/IIiiillIII.class,970,714
177b31808fa2cd930d3fa00394f1e340,rustme/iliiillIII.class,1182,926
21321688dad0125a3b29417431ffd475,rustme/lliiillIII.class,599,343
95ab751d379b0a0ce82e2a211b6fb5a7,rustme/IiIiillIII.class,705,449
b7e7f423a4d5e36e40dae1bf4565eccd,rustme/iIIiillIII.class,599,343
fbd60e72f6bdbe6c74c4af72298ee9da,rustme/lIIiillIII.class,9927,9671
95a081b36cbd5b27f4f51b3bebcdcde8,rustme/IlIiillIII.class,2136,1880
fdf99aafd768b40d53efb911278bb3a0,rustme/iiliillIII.class,811,555
ed3501235d8389a2e624d1d8200db68a,rustme/liliillIII.class,493,237
11adcac4d1e1d557987afa7b87a76c8e,rustme/IIliillIII.class,652,396
7bef237ffbc5aca38b4d4fb28075582b,rustme/illiillIII.class,1288,1032
a615670f90a92576f22d0f945881e96a,rustme/llliillIII.class,1447,1191
64aaa8f89a76d8a8b9f746c86d937785,rustme/IiiIillIII.class,493,237
92ab4e74765a2f056ecb727d340150dc,rustme/iIiIillIII.class,1235,979
9bfc0b3a20ab9996bc63b1e8b9186f57,rustme/lIiIillIII.class,1076,820
034a22e04301411643b24faeec2c1ff2,rustme/IliIillIII.class,546,290
fbcddc3ff8766ecca556b00c04b6ce85,rustme/iiIIillIII.class,1341,1085
8e2358b7d98af6af2d27d23436716805,rustme/liIIillIII.class,1023,767
d02702a550e904748b486c348e2ec6f1,rustme/IIIIillIII.class,599,343
0fa58cf62bd472e4f8013d18e5544136,rustme/ilIIillIII.class,2136,1880
c4ee20ef84e2558825338abb77641b1c,rustme/llIIillIII.class,758,502
736a5b2fa44ca81ba74fd7d8be43a18b,rustme/IilIillIII.class,546,290
7f8e41d2c9c4089777378441f7fad69e,rustme/iIlIillIII.class,546,290
57755aea9c9578e8c0a81f297b781518,rustme/lIlIillIII.class,546,290
d067ab4711b54e5c3f1aad361038ed08,rustme/IllIillIII.class,546,290
54fe0b4ca5b72b008c789e67fc9bb155,rustme/iiilillIII.class,546,290
95f029bf04eb4d8190f75ec9ecd5b225,rustme/liilillIII.class,546,290
e107fb7c3e6f5b34059db48188a6634b,rustme/IIilillIII.class,1288,1032
8412c1c3698c1363661491343c994f3e,rustme/ililillIII.class,546,290
ce888dbb3a38331ba3d0f5950daf3593,rustme/llilillIII.class,705,449
2fb256ce2d58118df84cee83a24d2205,rustme/IiIlillIII.class,493,237
481df0e6452716899d430b1ef0bbc338,rustme/iIIlillIII.class,546,290
fe8359675d2d1587d63453d7b83d4d3c,rustme/lIIlillIII.class,864,608
e94f292a159bfb7316107b62d6f439c5,rustme/IlIlillIII.class,546,290
c92853ceb29e25a66a4e825b79ab58df,rustme/iillillIII.class,1235,979
b0acae6557231484c644add666dc9bb2,rustme/lillillIII.class,546,290
c6bf7544baec20ac86ad247c1de173df,rustme/IIllillIII.class,546,290
ad4f4f593bc85ac39ea5f0857c6bc3b1,rustme/illlillIII.class,546,290
85713f5f7e72c32d8970ea69a7863320,rustme/llllillIII.class,599,343
62a7ce57c1f34dd90af09b025c009dda,rustme/IiiiIllIII.class,546,290
5c6859ac5a8dab7aed1d0085b960b6fb,rustme/iIiiIllIII.class,652,396
a7e48bc0b257f4c19dfbf77f2efd07b4,rustme/lIiiIllIII.class,493,237
bd7341e0d2e6964234d214eb1906ee96,rustme/IliiIllIII.class,546,290
6392bc3177fd1ee1db4423af37029c52,rustme/iiIiIllIII.class,599,343
8f3e7c59add7c4a3839405f55fa65d27,rustme/liIiIllIII.class,2507,2251
3eac896e46c865f41f4624d54e5ef40d,rustme/IIIiIllIII.class,652,396
1d61c7f8972ebdf1550d733f83dbd86d,rustme/ilIiIllIII.class,1288,1032
bc9d3f2636ffc7b08f56e5567c7f142b,rustme/llIiIllIII.class,546,290
9351a1ddb9d0c364e2c97ad15ad5756c,rustme/IiliIllIII.class,758,502
7c7f8461994f9dcfc67321623186a77f,rustme/iIliIllIII.class,1235,979
aae3dafeb8079632c4f2a35dbc2f8334,rustme/lIliIllIII.class,1129,873
df65e5260e0672317ef1eb9efe6cfa4a,rustme/IlliIllIII.class,1871,1615
e224024dd80eec65d617bbebacd8381c,rustme/iiiIIllIII.class,1076,820
eaefca15e0d6c78b6ea5a15919622847,rustme/liiIIllIII.class,970,714
a858117671b5375ce02db1fa6143025f,rustme/IIiIIllIII.class,1924,1668
cfb9c0389d9eefc66ff2d7b51c000ce6,rustme/iliIIllIII.class,493,237
55318ad976c0963b06efcab19c05b324,rustme/lliIIllIII.class,493,237
01652d79c67324c7e09a3ff76cd0c907,rustme/IiIIIllIII.class,917,661
0cf2dd94c45247b3270a993cc6b4469c,rustme/iIIIIllIII.class,1076,820
63f10cc2a015e187979053ad255d4b6e,rustme/lIIIIllIII.class,493,237
4367f5f3fa5c2193693395ba4a3ad7ee,rustme/IlIIIllIII.class,1394,1138
e816f1e2e94c2f78ce8455a9c7e072d8,rustme/iilIIllIII.class,970,714
8efff7aa6f763997b293c7963b736dc5,rustme/lilIIllIII.class,1394,1138
e6a22a7b1005f6d9419bf7deb6b41ecd,rustme/IIlIIllIII.class,758,502
1cdc826f252f5275b5fdbd3ef1fec015,rustme/illIIllIII.class,1606,1350
653a5bb3993a1bdad9b48a8515981b4f,rustme/lllIIllIII.class,917,661
3d5b1a7352f5ab9fc1a056e4d5c58ee7,rustme/IiilIllIII.class,818,562
f99e6f4c25f09211220628b19cc68022,rustme/iIilIllIII.class,494,238
1f0c253e0fc2c73a21beb9f25adbe9b9,rustme/lIilIllIII.class,2276,2020
1ed250de74967e6a5a25f1cf969b4bbb,rustme/IlilIllIII.class,1088,832
ca8af17fa7fb9ecf79a2fbf0cfd1e7f6,rustme/iiIlIllIII.class,494,238
f16e0da8bdde1aae049730ff2711b7b7,rustme/liIlIllIII.class,494,238
02fc8e79cd2bb5254d87f8e90cb5f0df,rustme/IIIlIllIII.class,602,346
2ca9d0b6f5cec4f955ce5465d006fe27,rustme/ilIlIllIII.class,494,238
4812095e5194f65854e678db34ffa485,rustme/llIlIllIII.class,1034,778
752beb795ce534a20fbf709b15e22c94,rustme/IillIllIII.class,494,238
b49447749c924adb74c0fff7b9e29538,rustme/iIllIllIII.class,494,238
5b54bcf4203eb62308ef60c470463798,rustme/lIllIllIII.class,548,292
b62ed59fa0ebb77c55519693f51df0fd,rustme/IlllIllIII.class,494,238
39309dfd59a8af39033bdcc9ccc34537,rustme/iiiilllIII.class,602,346
210290b1fd22798451de9762c95632e0,rustme/liiilllIII.class,494,238
8833f9f537dd80bdec7eaa1d51e272cf,rustme/IIiilllIII.class,548,292
784a0c0cf41fafbaa8962f5780607c95,rustme/iliilllIII.class,494,238
dbff4580212c5be838df15f44bfd4777,rustme/lliilllIII.class,494,238
4b039914ef10294b6c0ef39fc52fa985,rustme/IiIilllIII.class,494,238
1dd562f36025482562326097a9ec36c8,rustme/iIIilllIII.class,494,238
826b61f6299aa0fad7af289276eda3d7,rustme/lIIilllIII.class,548,292
7171740a95d8198d6fb839fdc25cfcec,rustme/IlIilllIII.class,494,238
ffb3fa6f624d605fb8a34a1500ad496a,rustme/iililllIII.class,494,238
2703fa898a99fb15d9aea1b45c59f93c,rustme/lililllIII.class,494,238
61c163f5e88fa6b8abbd837198ae7043,rustme/IIlilllIII.class,1682,1426
e075b7682bf2c8fcd363c420679236e1,rustme/illilllIII.class,1088,832
d0bbe78d30273a1e079e5bf226cb2dfe,rustme/lllilllIII.class,656,400
be766c0d54aa5ed434a8a0ff468cff9a,rustme/IiiIlllIII.class,710,454
17647b69951b4a68eadbaeb09c15f1a6,rustme/iIiIlllIII.class,548,292
29245d81068deee8f954dec94dc33078,rustme/lIiIlllIII.class,1034,778
7a9e0e3b93c087ff376008e789c920e8,rustme/IliIlllIII.class,602,346
4fc8441d35463dff992372ff8185d45f,rustme/iiIIlllIII.class,602,346
33c6cf3401841671aba63a861f6954c0,rustme/liIIlllIII.class,602,346
c6663c89f63e8061b039e7978a1d112a,rustme/IIIIlllIII.class,494,238
7df821393dced9c8e6af1433f7ec7bcd,rustme/ilIIlllIII.class,494,238
1a82743a4f906d10aeaff342e21edabd,rustme/llIIlllIII.class,494,238
58ab5687c63f1349eb8b7f3b76793ea9,rustme/IilIlllIII.class,764,508
3106c472d4deb96a6478140c9c06d02a,rustme/iIlIlllIII.class,548,292
79a26aa47aa5829eed5df6ac2a918362,rustme/lIlIlllIII.class,494,238
1c321e5ecafc65f7b39fa66cdb7028dc,rustme/IllIlllIII.class,548,292
2896f5c850212a55f05af138aa6bf6af,rustme/iiillllIII.class,1304,1048
fa943949c8d20021dbef37066570ac1f,rustme/liillllIII.class,1898,1642
e62754461b5ad5921d6bbf695f05266c,rustme/IIillllIII.class,494,238
f87ff045633ff239aaf191c26844d99e,rustme/ilillllIII.class,494,238
792fa3d756bc5ff131256a2c4eb0a7e4,rustme/llillllIII.class,494,238
2588dfaa5b285b5a4a18c6ab3d9eec50,rustme/IiIllllIII.class,494,238
0d831748fd9e0867345bdb1f99854191,rustme/iIIllllIII.class,1034,778
570ce28938fb966a099856beaba7eb1c,rustme/lIIllllIII.class,494,238
41ab1f2ff7f5bc1eb7798fd329912be0,rustme/IlIllllIII.class,602,346
42a73afb35769c5cacd9328b8c2c081e,rustme/iilllllIII.class,494,238
9bfd1be56169ac23c696ab95d657a09c,rustme/lilllllIII.class,494,238
ab82bd610600737260d84f41ba873c62,rustme/IIlllllIII.class,656,400
40826c8b5dfabdcb1f8d71bed08e9ea2,rustme/illllllIII.class,494,238
072260bf5d22df8bdd40179e8ddbef47,rustme/lllllllIII.class,656,400
978baccb5f65b5ceb19cbdbd78bab44e,rustme/IiiiiiilII.class,494,238
a77b5a73f5e8814a6058a37c120cd973,rustme/iIiiiiilII.class,494,238
c41aa187216b1eb41c12751ade016933,rustme/lIiiiiilII.class,494,238
8ab7048dc79121558d1dc7ed1e107b8f,rustme/IliiiiilII.class,494,238
d0e168e18cc0e839971c0b51281d3cbe,rustme/iiIiiiilII.class,980,724
a15c6d24cc490b78d41017dddb287adc,rustme/liIiiiilII.class,548,292
7033363a7e37400a97706cdea0e89342,rustme/IIIiiiilII.class,548,292
fbcb13686807bb3467c5be425701ec6f,rustme/ilIiiiilII.class,1412,1156
0ae5cb6148218c906367804b3e9c83f1,rustme/llIiiiilII.class,602,346
536bea5144af7df4efbafcfa9bbb121b,rustme/IiliiiilII.class,764,508
f636d27c0a29fb8c17eeebd067a88b3e,rustme/iIliiiilII.class,494,238
694a8d363d89670bd8d1c7be5130c538,rustme/lIliiiilII.class,548,292
05a05de6b57f2a229417920691cdae9b,rustme/IlliiiilII.class,548,292
2d46cc0ab6d762e93db059de27ffb14e,rustme/iiiIiiilII.class,656,400
c6f29a3ba8861601e97e7bbea12a210e,rustme/liiIiiilII.class,656,400
181fd30bed51a1356f04036306b76b50,rustme/IIiIiiilII.class,602,346
516c792c40938557e1b21fc3c0098130,rustme/iliIiiilII.class,764,508
0262dcc7c4b13debec6ab6641771ad17,rustme/lliIiiilII.class,710,454
0097dcfa73af53d336b93b62d46311fd,rustme/IiIIiiilII.class,548,292
20c37c46fcac45ce83433dd39a7d5871,rustme/iIIIiiilII.class,494,238
11d479d1d76bbf7ddabf678dae34ca2c,rustme/lIIIiiilII.class,494,238
56e62d69e611d407a882c24dc4fc0240,rustme/IlIIiiilII.class,494,238
b7c025eacc13d0225bc70d219e44c1eb,rustme/iilIiiilII.class,494,238
3b531776f5c6f7e8ddf4493e3de4a300,rustme/lilIiiilII.class,1466,1210
bdafd9c9649083d872a50a17513ea3d7,rustme/IIlIiiilII.class,494,238
56a5df25de9967c44b532785086a17f1,rustme/illIiiilII.class,494,238
5156cd39fca0644b693c8df8906dcc74,rustme/lllIiiilII.class,1412,1156
f17a51e24a6e1f30f327b57f061f6cfe,rustme/IiiliiilII.class,494,238
41bd6fe6ec812c3da0651022d069dfff,rustme/iIiliiilII.class,602,346
54d6553dfdc59d020f2d51b3ef25110a,rustme/lIiliiilII.class,494,238
516b2d0d5725fb79012478b5218dd607,rustme/IliliiilII.class,548,292
0f49769d2db972ee3a3d701cacf31c06,rustme/iiIliiilII.class,548,292
9a26a9e2a47a4579707447f6ac3d8c31,rustme/liIliiilII.class,548,292
960be955efea4c0db867f5e16ab46547,rustme/IIIliiilII.class,494,238
da2b8f63eceba96dd129250fdeff70d9,rustme/ilIliiilII.class,872,616
51f30ea1a1c900a512e05124a7132f14,rustme/llIliiilII.class,494,238
6ef3a906b8343628026fb975288e9a37,rustme/IilliiilII.class,656,400
3c74dae3faf2f6ce35abe9e4153312a1,rustme/iIlliiilII.class,494,238
e7bc4d21ec8623b28b0f4befe56b394e,rustme/lIlliiilII.class,494,238
eebf53b60de28677a8a1598d2bdf6d26,rustme/IllliiilII.class,494,238
8c2be62547531eddab3234d0e055504e,rustme/iiiiIiilII.class,494,238
d57a8eef45c794e65af3b34201e75589,rustme/liiiIiilII.class,1466,1210
483e9a6f58f2ab5f8ca891c4d2ba464f,rustme/IIiiIiilII.class,494,238
c287fe752944ec11f3a9751712533335,rustme/iliiIiilII.class,494,238
886dff637d35bcfa66d1e8a88f354e8d,rustme/lliiIiilII.class,494,238
7c127afbefc3f955f4aae57882ad4767,rustme/IiIiIiilII.class,764,508
3119f088ba90cca780231db0962f8eec,rustme/iIIiIiilII.class,1250,994
a2e79f4b1e73c084cb5cb62e24dc1428,rustme/lIIiIiilII.class,818,562
08c5eea7bee9f67a517d143a0e19c8d1,rustme/IlIiIiilII.class,818,562
19a9d2a214924e033421fd3b19a57c6c,rustme/iiliIiilII.class,656,400
6abaa98de50ee03f14c3b2cfb064debc,rustme/liliIiilII.class,602,346
23fd58cf6bbd17a68add63c664b6ed23,rustme/IIliIiilII.class,710,454
4caa87af23f919753ba0d22eb82410d6,rustme/illiIiilII.class,494,238
c493a288459449eca6266b7980db9d64,rustme/llliIiilII.class,710,454
ffd234ecd3ceb8276ee64928bf107bcc,rustme/IiiIIiilII.class,656,400
8324d25aeed834446e50059cb504a118,rustme/iIiIIiilII.class,764,508
66625bb4baee4e7541906b1a9e764a6b,rustme/lIiIIiilII.class,494,238
e67a44daed1276c63f57f99b378e556f,rustme/IliIIiilII.class,602,346
055d22defcc3d2b6a0e785e4f1233773,rustme/iiIIIiilII.class,494,238
db51a24b7ede7b84b88bbfa43da347e0,rustme/liIIIiilII.class,494,238
6dbcc842bc8ab450816c76da76fdfe0a,rustme/IIIIIiilII.class,494,238
1a4a162496924877188c70a427827d4c,rustme/ilIIIiilII.class,494,238
962226093b968b718ef6b6b544dd5bcb,rustme/llIIIiilII.class,494,238
24057b5e29520aeecba00a13b72c4242,rustme/IilIIiilII.class,1196,940
01071c0fe718c966f10dd871ca3bfb72,rustme/iIlIIiilII.class,602,346
d939cde97e233a6cca8c75516c125ce0,rustme/lIlIIiilII.class,494,238
e504773b381f3442b5f87476edae5ef4,rustme/IllIIiilII.class,710,454
163367c92ca2fddc55f0c6504a8ef72e,rustme/iiilIiilII.class,494,238
a31356be945e47fba6440cc904cc22e6,rustme/liilIiilII.class,1088,832
aceeaf73205959c8772d8b80182f56fd,rustme/IIilIiilII.class,602,346
9979404ee6dfe58d5025a0aaef6bcdc9,rustme/ililIiilII.class,710,454
383f615a86710c3af0bc43d3998b134d,rustme/llilIiilII.class,764,508
a65a808cd7ae0f1cfe1727d2dc5b4ed8,rustme/IiIlIiilII.class,494,238
55abe925639d8947eb11c894fe1af994,rustme/iIIlIiilII.class,872,616
6c33bba692a0dd9b70018844c4373756,rustme/lIIlIiilII.class,1142,886
0a518f80e70f225bc59fb516b59b12ad,rustme/IlIlIiilII.class,602,346
bfefbbfe61aa3f9dcede296dc469f4e3,rustme/iillIiilII.class,494,238
3b9546a3f98ea24637a8f36635d3b0a4,rustme/lillIiilII.class,548,292
03125f6f75f06ac89f9e617c556902ba,rustme/IIllIiilII.class,494,238
570f9b163c46d2fa6b04956080373c41,rustme/illlIiilII.class,494,238
98c3bda9e1b680f9771b0d353d9f52bd,rustme/llllIiilII.class,494,238
003230ddf5ebac1bc42f2a7d24bac6a6,rustme/IiiiliilII.class,548,292
684f3d7e5fe555b337ce553f3122e9e9,rustme/iIiiliilII.class,1088,832
ab1a2e123bc5a17f254b97bcea39d52a,rustme/lIiiliilII.class,980,724
379d0ab79fc2ced2a35207511e3a68ad,rustme/IliiliilII.class,494,238
f1de55021e84bfc9efac57834dca5565,rustme/iiIiliilII.class,656,400
b7d979220b26e42c396f76d90592a389,rustme/liIiliilII.class,494,238
58941ccc1c958a0a0197e1a4f80b9fad,rustme/IIIiliilII.class,1466,1210
893473baba8e11b47850f1bd06a20dea,rustme/ilIiliilII.class,656,400
e403bb29db3b54c77835f1ca4d384e44,rustme/llIiliilII.class,494,238
c8e9bdc8c4e5b1a34da5c76bf17118f7,rustme/IililiilII.class,872,616
09ccaa1c202f007186ae4b459c1404f5,rustme/iIliliilII.class,548,292
ee083fafd45082c28424e3ed97eba39a,rustme/lIliliilII.class,764,508
cdeac81189d77b42187e116e9b169dd3,rustme/IlliliilII.class,494,238
629e0c47e6b5839a2295130fa4198164,rustme/iiiIliilII.class,602,346
1b312c8e53df8c569eeff0a57d7c08a3,rustme/liiIliilII.class,602,346
e0115ce0baf428421c327903751d71fe,rustme/IIiIliilII.class,2600,2344
1484a9c8065bd16dd6dd6462ad8f2bb6,rustme/iliIliilII.class,602,346
88cbfffcbabbf34ee94a6b25fd836e0f,rustme/lliIliilII.class,602,346
ac6efa753d0908fcb7bce1ab5aceb22f,rustme/IiIIliilII.class,710,454
5e364ba8110a0e7a8f990c73150c0b55,rustme/iIIIliilII.class,710,454
83b117c904501e0e1a6aa3a9b73671f2,rustme/lIIIliilII.class,548,292
db982da70b4eb07201dc80e1f24744f5,rustme/IlIIliilII.class,764,508
ba3d5e3a891fab22a6a7a1f9284494c6,rustme/iilIliilII.class,494,238
ef02485df242da96bd08f04557661ea9,rustme/lilIliilII.class,548,292
1654b0c89c0efda18a934d8706537cd2,rustme/IIlIliilII.class,656,400
a10fc7ad7e0d62dde6b79c04bf02415b,rustme/illIliilII.class,548,292
060d5f136248099104f9d7001687c140,rustme/lllIliilII.class,1466,1210
916324e4a54adab56ca1497eaf9bd91a,rustme/IiilliilII.class,656,400
e260d8c164c7a262157833e28832bfe8,rustme/iIilliilII.class,656,400
83311634f4936fa87c2bf21100b0563c,rustme/lIilliilII.class,764,508
6112506cc0582d239b16dd5ace46f50f,rustme/IlilliilII.class,764,508
5ba4c81734e0049a5222c3feac61fa35,rustme/iiIlliilII.class,764,508
df0ed5861aa2dcbb62e6fc4dafa024d3,rustme/liIlliilII.class,548,292
a32395f51c21facead0d807dc169e249,rustme/IIIlliilII.class,494,238
03106dd475e3fbea56bc7c172cffb3b1,rustme/ilIlliilII.class,494,238
c1ca133f8f5c81bbc9d67d516c1ca177,rustme/llIlliilII.class,764,508
bccd3404e53bbd3a443b1665410d92fa,rustme/IillliilII.class,656,400
e08b3eecd9fa57ad08c7b47194bf7011,rustme/iIllliilII.class,494,238
e2326250c5ad4b61895bc61246cdf57f,rustme/lIllliilII.class,710,454
ee8ae9fb1803ad863eb157ac9b8106ee,rustme/IlllliilII.class,764,508
1e9d8fb28260a3892e06d584b9f77364,rustme/iiiiiIilII.class,494,238
f465bae0aa0706c9cb5ca39b026a9abc,rustme/liiiiIilII.class,494,238
5dc89899fc1599246a14373e13bcf150,rustme/IIiiiIilII.class,872,616
51a4c77063777208694a900d124465f2,rustme/iliiiIilII.class,602,346
f7950a98c232db182b86fd55e3c8b34b,rustme/lliiiIilII.class,602,346
38a1876541ab01e13e72084000de1346,rustme/IiIiiIilII.class,1088,832
fe1bb1e08bb714d2042966908274ccd3,rustme/iIIiiIilII.class,1466,1210
ff6b308900b9d7b78e07b8141a19c018,rustme/lIIiiIilII.class,764,508
b94d22c2a699fca3bcad62dd5715a5d5,rustme/IlIiiIilII.class,1088,832
d98ca64c2821f5caf2e049d5c37f50b9,rustme/iiliiIilII.class,1088,832
3ede37478d843ee6b5cf86f88a219da4,rustme/liliiIilII.class,602,346
321d5aeb5ac9b6a15505a65cd4846d4a,rustme/IIliiIilII.class,1304,1048
2cd5ede81685be1f268495c551a21dc2,rustme/illiiIilII.class,494,238
41f0f05588afc7c91f5f1ee5752131f4,rustme/llliiIilII.class,818,562
e8f6b8348b52d5955489c48ad414cc65,rustme/IiiIiIilII.class,548,292
eddc0caa58a304d413da5a7c1f1a689c,rustme/iIiIiIilII.class,2276,2020
99e7f928460062c364fc039b122b7380,rustme/lIiIiIilII.class,494,238
a230a84cce3523e2ac85857448bcb573,rustme/IliIiIilII.class,710,454
845affe32a164fce93dc399c7547ecda,rustme/iiIIiIilII.class,494,238
5ff608c333810016e70ae9333b802446,rustme/liIIiIilII.class,818,562
f356e0ca88ffe5712197b472484c8f0d,rustme/IIIIiIilII.class,656,400
f8d9fc655d33a5d1920c7bf05d72c9a3,rustme/ilIIiIilII.class,548,292
59dd80390bf8f6cd90417061e53e4a6f,rustme/llIIiIilII.class,656,400
5d23260c25c4e13e5b76fd3eefe18101,rustme/IilIiIilII.class,872,616
ba3fe779abd21c985402fcb2aab1819a,rustme/iIlIiIilII.class,656,400
57f0d60a1149f562cce3e5d18cdc76af,rustme/lIlIiIilII.class,494,238
dce26e84e115db0a35af04a8d97166f0,rustme/IllIiIilII.class,494,238
62fa655c1d74c0e541de7801b01c9b09,rustme/iiiliIilII.class,494,238
f187bab8020d92872b42189d59128758,rustme/liiliIilII.class,494,238
47f031693c39ea34b7d9cf0eea915a61,rustme/IIiliIilII.class,1358,1102
ed34ffb4cf62d917fd6e9fae25faa5ca,rustme/ililiIilII.class,494,238
e43f32ea78c904ac33bd70d292280e49,rustme/lliliIilII.class,980,724
9d6b57eb3f580f44d6cecda48cac56ec,rustme/IiIliIilII.class,602,346
b778210aa6c21819888cd1fbdc681728,rustme/iIIliIilII.class,548,292
875118aa6e594dfc51f922e15464755d,rustme/lIIliIilII.class,548,292
ccab133094bfdf9a00461c1ee69f1bc4,rustme/IlIliIilII.class,656,400
2464348fd348225ddfba6d09f53e7cb8,rustme/iilliIilII.class,1196,940
7a312353ae531bf6686674a652338aff,rustme/lilliIilII.class,602,346
16783664635973ecb4a82098b83e270e,rustme/IIlliIilII.class,494,238
2e5b8571d1bb72d24e70a8fed02c9edb,rustme/illliIilII.class,494,238
bd9710418552a2e63a40c41ccba29115,rustme/lllliIilII.class,710,454
df5f932f19ea42b5b677f31ef88ebe0b,rustme/IiiiIIilII.class,602,346
7a2b93d7f99a34ebf8b3fe7783bf7baa,rustme/iIiiIIilII.class,494,238
ecf563dbb93bad446250f873040db7b0,rustme/lIiiIIilII.class,494,238
d52aab6ba467de1f488934f55afa894f,rustme/IliiIIilII.class,656,400
be5c7853ba32cc51060907072b0213d3,rustme/iiIiIIilII.class,494,238
9873d5d3806801b23f0635d14fcb414d,rustme/liIiIIilII.class,494,238
ad06a355c6eee75672901671e8b46a65,rustme/IIIiIIilII.class,548,292
1b51e790a4d97e5a4b4d6bce9856eb4d,rustme/ilIiIIilII.class,980,724
fa8a6689810883073c780e33eb24c8ec,rustme/llIiIIilII.class,764,508
56a032f4f68a962f73d2658f3fbf51dd,rustme/IiliIIilII.class,1034,778
19fde4d01b17ada0053d9d8aab7ee8f7,rustme/iIliIIilII.class,656,400
fd2e2156993c3fd331cb39c357e45a39,rustme/lIliIIilII.class,764,508
29192ffaa45691ec6b5f4ea41356a760,rustme/IlliIIilII.class,602,346
95b6de388b3cb0fafb3f6cfb138433f0,rustme/iiiIIIilII.class,818,562
5f1739c10710ea4dde616dba549cc8ee,rustme/liiIIIilII.class,494,238
43cdfb25ce94e50f89d07bd4e8c8a0bf,rustme/IIiIIIilII.class,494,238
1a9d073b21802153f846f5de6fe15c93,rustme/iliIIIilII.class,764,508
07ad8481874cfb3cf4bbfe2b2952767e,rustme/lliIIIilII.class,548,292
789a04db02dcbe79ec30641bbd261a69,rustme/IiIIIIilII.class,494,238
8ea558ab6dc74493154fdd53c3dd8206,rustme/iIIIIIilII.class,548,292
c4b8c676274f398ef47eecef50d600c6,rustme/lIIIIIilII.class,872,616
ce290b0be817f79392505a1d2bee3f1e,rustme/IlIIIIilII.class,548,292
cf287b58c9b515ed351a2a8000a7c165,rustme/iilIIIilII.class,548,292
b3e8c9c5cc3e37135447c05992d76784,rustme/lilIIIilII.class,710,454
021c7c9721775372a26448aaef2f958f,rustme/IIlIIIilII.class,548,292
1ebf96eac6c4b5ef8428ec9a40e2916a,rustme/illIIIilII.class,494,238
beba6763a225db05b56a9815a69072ca,rustme/lllIIIilII.class,548,292
0cef3a3e9bdbf348c1d19f4e7f0e550e,rustme/IiilIIilII.class,3032,2776
8be3efeee575030d0bf3980331a658fc,rustme/iIilIIilII.class,494,238
7d8987be29171cbd4eb1bc4764f17879,rustme/lIilIIilII.class,494,238
6d4276499ca859d1259b4d9295da95bb,rustme/IlilIIilII.class,494,238
00f357d5c68598267e56aaae12fb79df,rustme/iiIlIIilII.class,494,238
d32f30e92f6774113632dbb5e0168b42,rustme/liIlIIilII.class,494,238
e126abc6abe6ecffca531fd3fa9035b8,rustme/IIIlIIilII.class,494,238
4e20a0000c6c5c3f3356b858fb153fc2,rustme/ilIlIIilII.class,1088,832
566ad07a5e86826df1caf0089afae41d,rustme/llIlIIilII.class,656,400
b92314a27e314095233268e8ce4631fa,rustme/IillIIilII.class,764,508
51d98308426e5ab727366b89d383d2fe,rustme/iIllIIilII.class,1790,1534
273b8fb0e23cf88d4c3b96464906b846,rustme/lIllIIilII.class,980,724
04e76058e566733b6401eac910cd459d,rustme/IlllIIilII.class,764,508
21b50e6fcb139dc56b6a6ada6252971a,rustme/iiiilIilII.class,494,238
971f51df60828ee0d9e7c6de8953381e,rustme/liiilIilII.class,548,292
f6934cd934938c6f5001dfcdf3e14468,rustme/IIiilIilII.class,656,400
71749a86855808940055bd625deaf630,rustme/iliilIilII.class,548,292
2c6d96618dbe0dc9cec09954275a8520,rustme/lliilIilII.class,548,292
8426c4e2235246f6db59a345d05d1f42,rustme/IiIilIilII.class,602,346
8eaa2e0c3e68e656f0375767ca81214a,rustme/iIIilIilII.class,548,292
05cd495491a3683213bcce0e1adb8925,rustme/lIIilIilII.class,548,292
48b851a5134192d01859fe546b85ab31,rustme/IlIilIilII.class,548,292
3d7bf9dd0bebf27a02e463e538a3b4b4,rustme/iililIilII.class,1790,1534
76ee80b64ff75057f0f1ec2f76d1d12f,rustme/lililIilII.class,764,508
54737b6552abe166d8e1405ce14fee3c,rustme/IIlilIilII.class,656,400
5f58e9542ce855c08814a8695c1e119a,rustme/illilIilII.class,494,238
76e366c56de704119107535cdcc4dd89,rustme/lllilIilII.class,656,400
b6735506c77b7959f332272269ccd53c,rustme/IiiIlIilII.class,494,238
59fa6be5df07da02e47f20f13de1fee1,rustme/iIiIlIilII.class,926,670
262bf7543b253ba806afcdd89d65d138,rustme/lIiIlIilII.class,494,238
1ee45ab544e817b58b3bd2ce56721335,rustme/IliIlIilII.class,1196,940
ec6d8a9d1da453567a47e753b218a75e,rustme/iiIIlIilII.class,602,346
107714eb28c7bf9774f9e47b6cac10a2,rustme/liIIlIilII.class,656,400
c7734553ce6b2667b17db2e6496d8ed7,rustme/IIIIlIilII.class,494,238
fa0d48e9f21ecd663c38e7660e815450,rustme/ilIIlIilII.class,1250,994
dc7eee7261433349542f95db442ce8d9,rustme/llIIlIilII.class,656,400
0a16a90e6094a5756405153bdd3132ba,rustme/IilIlIilII.class,656,400
c5a8f57bce756b9b21cad26d7dfe9cfa,rustme/iIlIlIilII.class,548,292
f14e918eeb07b6f65bd088d8014b35bd,rustme/lIlIlIilII.class,926,670
0d88c5aee536d3e39325c3d2fb609a3a,rustme/IllIlIilII.class,764,508
acd45078f8cdaa1d0f0a54dec264b61a,rustme/iiillIilII.class,548,292
410e890eb2e67fb2999d04033b1c4c3d,rustme/liillIilII.class,548,292
ea2309bc629549e060d5d1a81cc6a665,rustme/IIillIilII.class,548,292
417b37ae1b3da7f8857ceb3ba61bb464,rustme/ilillIilII.class,548,292
3223009d58c979d710bfda00cb06cca4,rustme/llillIilII.class,548,292
0ebc46c9498ae5c726fc8bf627e8d6c8,rustme/IiIllIilII.class,548,292
9c66908e6cbc5485cddb5ae1e50a5d4e,rustme/iIIllIilII.class,548,292
bb94d53913be4f6a9fedc8167e1464a6,rustme/lIIllIilII.class,548,292
967beef7554c7fda752dd2932a723605,rustme/IlIllIilII.class,548,292
d4f6ac79dc38abf20eef038d4c261be9,rustme/iilllIilII.class,548,292
56510320fcde15f893c2f4ae1286c8c1,rustme/lilllIilII.class,548,292
e9fad72aec32d9a4769b81daf3247cc2,rustme/IIlllIilII.class,548,292
32fe41c21b9ccbcb08ac27ce78da5732,rustme/illllIilII.class,1952,1696
f9803fc5862779e08592c77b621d07c5,rustme/lllllIilII.class,548,292
58125da577b58d112c6c14284302b2eb,rustme/IiiiililII.class,548,292
0f07d3efcae2b9e7071e586f39ed2769,rustme/iIiiililII.class,548,292
dabe4eafa14b51e98052034043ae7066,rustme/lIiiililII.class,548,292
d10a64da4f0f2007a7d5174ddd9c70ad,rustme/IliiililII.class,548,292
f865a54e79b1313aa9d4b6ea8059fcfd,rustme/iiIiililII.class,548,292
0c725e28ded4fedc60461bc847d86c0f,rustme/liIiililII.class,548,292
7f4ab2b40585b68acf8a0872ccc7543b,rustme/IIIiililII.class,548,292
b5bad15dd762743fe6138ff3f2411365,rustme/ilIiililII.class,548,292
b8da351837d671433bb2466130b249e3,rustme/llIiililII.class,548,292
9fda204ac46313be69cc4a8d5723b910,rustme/IiliililII.class,548,292
40bd2477fb575f19d313559ad9914e35,rustme/iIliililII.class,548,292
d61e6f01c449720ce33396279840e730,rustme/lIliililII.class,548,292
6d09228eef5dd277e548ec7ddcea7a63,rustme/IlliililII.class,548,292
6f2c371d9305221bfbc525d6120346b0,rustme/iiiIililII.class,548,292
695c502403178d22bb733b98a2f0fd31,rustme/liiIililII.class,548,292
26b8ea2830c0c395f0b97b0fdefc3c3e,rustme/IIiIililII.class,548,292
6622a562177233eaf09c6d988d2f2728,rustme/iliIililII.class,548,292
7d2830f150f1aac5f13006610f4f7c63,rustme/lliIililII.class,548,292
58e12f32bc847f2cf3a6c071022d49a6,rustme/IiIIililII.class,548,292
96105406d7ffaaa0bc145cd9e0cef84f,rustme/iIIIililII.class,548,292
c1aeb4d0ebbababff084e0d04f27cc54,rustme/lIIIililII.class,548,292
f14d58dffabc9ad3bb02a21ed53037cc,rustme/IlIIililII.class,548,292
bad70ed0b9f142f8dcb4f974ea388128,rustme/iilIililII.class,548,292
3b06ef0baf2b8a9c360aff06fecf84a9,rustme/lilIililII.class,548,292
bf47bbd6a45a33f79d969cb8a6190689,rustme/IIlIililII.class,548,292
6410fccbef263b7f858db0d0bfde8ec8,rustme/illIililII.class,548,292
910aa21326715f1d20490f1e7f3896fd,rustme/lllIililII.class,548,292
59b5ef841975a488df0dcb73e374997e,rustme/IiilililII.class,548,292
c8a993c456a99ba5e88d356db42ca236,rustme/iIilililII.class,548,292
3164c05e6dcde70768fdf1bbc22081b3,rustme/lIilililII.class,1628,1372
f05268b3ab7f66fa081c6509c06df65d,rustme/IlilililII.class,494,238
cf549148a0d107e80aebdc08e667527c,rustme/iiIlililII.class,494,238
6633eae80e5746c80319a71dc4a6dcff,rustme/liIlililII.class,980,724
0d49c5829bfb1913c226c5459c758488,rustme/IIIlililII.class,494,238
f996147999e0c1ba24be053177ee79ec,rustme/ilIlililII.class,548,292
c03e1ef9bb1f54551e717fffa13a9071,rustme/llIlililII.class,548,292
31e1b0c6d03bbaa7c355cc20035148da,rustme/IillililII.class,548,292
e4aa2971e9bb2d06ae1482de60bebff9,rustme/iIllililII.class,548,292
12c2770051da3ee6b2bbd85431f9866f,rustme/lIllililII.class,548,292
d83258cfd2cf01879540f9ac9e7b3014,rustme/IlllililII.class,548,292
19267f3b577592f7031917496eeb2979,rustme/iiiiIlilII.class,548,292
f3b36042f83e6b1357c3b4bff89b3a56,rustme/liiiIlilII.class,548,292
99ab22b08304d68d9e0645103eb19694,rustme/IIiiIlilII.class,548,292
acac852d46e68e9d7cdb8728b4c5207a,rustme/iliiIlilII.class,548,292
fc8e8dafc750a5be33c8a200bae7bcb2,rustme/lliiIlilII.class,548,292
514d08c519ec0bcc46254a082fb65d3d,rustme/IiIiIlilII.class,548,292
6ee7ac0fb9ec49c4eecf1eaa241c207a,rustme/iIIiIlilII.class,548,292
cf88ffb6f2597eb3934a82da637a3568,rustme/lIIiIlilII.class,548,292
581ef2a0bb66c5752d47280e09d0d161,rustme/IlIiIlilII.class,548,292
f2230134374bc79eff5d7591747038ec,rustme/iiliIlilII.class,548,292
ac7381360e5b4a04e6ccdb0961e46186,rustme/liliIlilII.class,548,292
db9079738b38592ee2b06128f75e9867,rustme/IIliIlilII.class,548,292
8bdc0486cf7253d774dad196c73d8526,rustme/illiIlilII.class,548,292
ada1ec1fd5a2461d18545da71637c53a,rustme/llliIlilII.class,2546,2290
33004829507338a3bf292d39b1ec8ca1,rustme/IiiIIlilII.class,548,292
7e8282511879916ef5b4cd7e80481d68,rustme/iIiIIlilII.class,548,292
f71d2e38cbf1420076d45ace2702dac8,rustme/lIiIIlilII.class,656,400
fe50941b06f32d3aa580fb715af146de,rustme/IliIIlilII.class,548,292
e141ae96080b7718b79a67d4c42fbf5b,rustme/iiIIIlilII.class,548,292
8f3d814d3633d9afd608caf988dd1831,rustme/liIIIlilII.class,548,292
1a7023bd6012b625301f7f015834efb3,rustme/IIIIIlilII.class,548,292
cee7b7627937d49f0e91657619a344a1,rustme/ilIIIlilII.class,1088,832
86c6b27e7d317473d8d16f9963c3afdf,rustme/llIIIlilII.class,548,292
13a2de056cfadcf31c1a4cc10eabc5d8,rustme/IilIIlilII.class,656,400
9295dc96c8adea15b8b47b0720684412,rustme/iIlIIlilII.class,548,292
5906ca78b82698613b302b58056036d9,rustme/lIlIIlilII.class,764,508
31ca874c88e14aee6c8f95979dbc1418,rustme/IllIIlilII.class,602,346
20df65a334f755fbd5aea0013b85cb90,rustme/iiilIlilII.class,2060,1804
dd9950f7ef07f4790e82b62d597fb58a,rustme/liilIlilII.class,764,508
6023022f6dab3646f4d7c661d20ad88f,rustme/IIilIlilII.class,602,346
36b9b9975ac1bb99a4720155019986f4,rustme/ililIlilII.class,494,238
e2245fe4cac967ce0c8598d5cd30034c,rustme/llilIlilII.class,494,238
494582927550ea62457cfeb8ab568ee0,rustme/IiIlIlilII.class,1088,832
9dc4f3e41fca0b272faa4bf2bdc552cb,rustme/iIIlIlilII.class,548,292
84d2212cb6b2d5ca4af81f6ab6d14351,rustme/lIIlIlilII.class,494,238
dc56abd405a143a7e3f07a1ba4da25e3,rustme/IlIlIlilII.class,602,346
d814ee014e8d98f0e98eafca5facac78,rustme/iillIlilII.class,548,292
d9d3f069f4f234000f288732767e6bb1,rustme/lillIlilII.class,494,238
336276ac07500b07813bfc62a0cf064e,rustme/IIllIlilII.class,764,508
b7b4d323dd00a7343964032b168935a4,rustme/illlIlilII.class,548,292
80800849c29bdb14206ef51de46342e0,rustme/llllIlilII.class,548,292
ef1c109b3761428ad52585c8f9f959f4,rustme/IiiillilII.class,710,454
0a4506229c130f5edefcd6aa6d771cb0,rustme/iIiillilII.class,548,292
69671de05bd9961f23efc297668e0a6e,rustme/lIiillilII.class,548,292
ec79a9d74ff5f8ed75b22f451b266b83,rustme/IliillilII.class,818,562
3799e8d9483d7b7fd901aec69301fe80,rustme/iiIillilII.class,494,238
48fe55b6f6abd1a29366db9fc146df0c,rustme/liIillilII.class,926,670
d8864388a21191bcee3eb03f6fa93b11,rustme/IIIillilII.class,872,616
0019b1fc91ca435351fad0b45f36afc7,rustme/ilIillilII.class,548,292
5b2721aabcb134dcaa7cc76aa995609d,rustme/llIillilII.class,656,400
53a556edc1073523e67a322871eea8de,rustme/IilillilII.class,494,238
e7f78ed1b092b5a2d6fc1d79e3c30a12,rustme/iIlillilII.class,494,238
7c6d11f620f92c930d5b8676ba2d11b6,rustme/lIlillilII.class,548,292
79dc407cb54e461d55373f2ea8ca24bf,rustme/IllillilII.class,656,400
ff1616a073153f0552fbd3c4eceaab0f,rustme/iiiIllilII.class,710,454
77ea31e839194c7bebed66574b77d607,rustme/liiIllilII.class,602,346
7c4e8c1448555b1dce5cf8ee2e26e906,rustme/IIiIllilII.class,494,238
27b0d911ba1e05722e716640791ff0ce,rustme/iliIllilII.class,602,346
5b38129a0d3f080bb4c3564dd067966c,rustme/lliIllilII.class,494,238
45fa1c70beacb9fce32946aca6ddd62e,rustme/IiIIllilII.class,494,238
345043241332ecf6c12a873ee2bb777f,rustme/iIIIllilII.class,764,508
0a7524a137540b29f0a981a257ad418c,rustme/lIIIllilII.class,656,400
44078c4c34736b2e9e81ade10058384e,rustme/IlIIllilII.class,872,616
e9ceda01c36d48f829112095d1054a0c,rustme/iilIllilII.class,656,400
60290e4e9599014315429afa4b9c25ab,rustme/lilIllilII.class,1466,1210
e7af55c757652d1e5bd91f636244af64,rustme/IIlIllilII.class,710,454
2890e35178e2a645e560627431fc1702,rustme/illIllilII.class,548,292
cac11ca04976aa0a1852952bf34ecc99,rustme/lllIllilII.class,764,508
618537939e03840919b2c00467a3191b,rustme/IiilllilII.class,656,400
72e6d98e076a49816694a125a1593b2b,rustme/iIilllilII.class,494,238
9169728d60df14a2ac2716ff6ea65e7e,rustme/lIilllilII.class,548,292
f1362bddda56376fa09106fb6ded4421,rustme/IlilllilII.class,494,238
84bdedfdb0ccfc25cba8234d4de49ded,rustme/iiIlllilII.class,494,238
26b0083720432d0c9c3bbaa7a91eabce,rustme/liIlllilII.class,1412,1156
e7f020d4114f086874cd8e53bc55db84,rustme/IIIlllilII.class,548,292
0cec67af50e5b0191819b91a66d83c87,rustme/ilIlllilII.class,656,400
e1eda194d1f969c667017d1ef68cda9e,rustme/llIlllilII.class,548,292
0db462e2c71e28a089958eb183bb6660,rustme/IillllilII.class,710,454
9241d4a5df81be3a1bcc7f4cf8ee902d,rustme/iIllllilII.class,656,400
3f4ddbaf84d7ebd5a3c32620dc7b2f52,rustme/lIllllilII.class,872,616
7d14de23b7f697f3b1afc000c94d399a,rustme/IlllllilII.class,872,616
89b8cfecd3525c4a770fb3f7ab3f13bd,rustme/iiiiiiIlII.class,656,400
142c6166e5bda0b5b78d58fcf759af62,rustme/liiiiiIlII.class,494,238
ff92b7de8cedb10a95d345580d6972f3,rustme/IIiiiiIlII.class,494,238
409437da34e31a07c5897d9ae4710ea1,rustme/iliiiiIlII.class,494,238
d3412f88b0d69f3577d2898e751dafad,rustme/lliiiiIlII.class,548,292
3512d406e10bcbb1a6fb6249cf89244e,rustme/IiIiiiIlII.class,494,238
3400daca150c7ac1af8e7277be98858e,rustme/iIIiiiIlII.class,494,238
d175be2d60d46980e8a79497c24be86a,rustme/lIIiiiIlII.class,494,238
de03bcd5f4c6317f2e1b5e4d6a32a5e5,rustme/IlIiiiIlII.class,548,292
17dd36255cebed38e6c13b63e9a34fcc,rustme/iiliiiIlII.class,494,238
59463b21e2b50cdbe5557b70db802418,rustme/liliiiIlII.class,494,238
f481a874509f1c2cfda201fe05cf4cbb,rustme/IIliiiIlII.class,548,292
ea34b55cffeed717eb02b9f4a45acffb,rustme/illiiiIlII.class,548,292
38fecbc3308d4a17cf8a45bef1757c62,rustme/llliiiIlII.class,602,346
28c17dd5b2fe13e043155c8eb0e4dbb6,rustme/IiiIiiIlII.class,494,238
aa729904b5850dec9777291878a711e8,rustme/iIiIiiIlII.class,1898,1642
d259cf347013723e38a2eb6626b7caac,rustme/lIiIiiIlII.class,494,238
0ce6b280806a30d367b148d53c94b247,rustme/IliIiiIlII.class,494,238
51941250d3aafd1fb97541f803373fe2,rustme/iiIIiiIlII.class,548,292
b4e7026f517090d5bf05f7ffb240b577,rustme/liIIiiIlII.class,548,292
841c5740d2e8932ef7065a7722c4f5f4,rustme/IIIIiiIlII.class,494,238
7586b7b83a6e2e56ebefe8bd96e8f0a8,rustme/ilIIiiIlII.class,1790,1534
e28420ae4fae0879d831e17bac6021f2,rustme/llIIiiIlII.class,1088,832
612f743988eec7d95e76b056e97d449e,rustme/IilIiiIlII.class,494,238
8ccb78e5eff4adf5b7dde2ebfdde8dbd,rustme/iIlIiiIlII.class,548,292
7c0a9dae7bc3ee8cf8631e39ca69f680,rustme/lIlIiiIlII.class,764,508
1b4e4f78e0cd5d34e2300722dfa8db0e,rustme/IllIiiIlII.class,4112,3856
ce745d41e7dbc3b7548026470062ed61,rustme/iiiliiIlII.class,1196,940
e31cbda4aa5a6f4464fdb9812d9e4ef5,rustme/liiliiIlII.class,656,400
ad30d37f6c5f3ae02241fbf27f637aa3,rustme/IIiliiIlII.class,602,346
b63f98e5fc1ceded71efddb084757211,rustme/ililiiIlII.class,494,238
cec7bbb1d99ce581f547cec121b1d134,rustme/lliliiIlII.class,548,292
6f5c75e9639bb71a53878ea8e328445d,rustme/IiIliiIlII.class,548,292
15bb21ef5617871ea1dc2242f08897ec,rustme/iIIliiIlII.class,494,238
2a457cf557d8e6a3075f40b1e98aa94b,rustme/lIIliiIlII.class,494,238
f634f23fdc9d21110e2764141c8e177c,rustme/IlIliiIlII.class,494,238
b7cc9d01e2f05465f5807c11bcb3868d,rustme/iilliiIlII.class,818,562
aa175bc83527c0c547c01383d4782838,rustme/lilliiIlII.class,764,508
d1b2dac70aa2c6c23f99bfcb71f17330,rustme/IIlliiIlII.class,1358,1102
fa537b9c7b45ca0aff330f844d9cf3f4,rustme/illliiIlII.class,494,238
ad28872e8217e042507936796b9a8087,rustme/lllliiIlII.class,4112,3856
5901bf914262a6156b5f9a0f8bf22273,rustme/IiiiIiIlII.class,602,346
758e0dbba5be96fd10394e3919dd0784,rustme/iIiiIiIlII.class,494,238
12890aa236f195cd1961eca53fcf7f57,rustme/lIiiIiIlII.class,494,238
2bf8cd6c4adb09d2533746adc761b591,rustme/IliiIiIlII.class,494,238
a899cec40c76fdc35da6ce2a7f6d5906,rustme/iiIiIiIlII.class,494,238
e018678c6df8360e588dde66688e7eee,rustme/liIiIiIlII.class,548,292
28969cb3d8af1c433cb02e0bb80b85cf,rustme/IIIiIiIlII.class,5408,5152
d9108ae128a8a14ed87cbcd04be7acf2,rustme/ilIiIiIlII.class,4166,3910
8d853356e2bd490730628a6b82eddf1b,rustme/llIiIiIlII.class,1034,778
d77b0164f872da42642ae328ab500703,rustme/IiliIiIlII.class,602,346
236b7dec27824fc26cec9a52b67076ac,rustme/iIliIiIlII.class,710,454
4a9bf81ab8087b33cc91d751b4482587,rustme/lIliIiIlII.class,602,346
1b88cefe25c868b7dfba3d9e1d5430a3,rustme/IlliIiIlII.class,494,238
0c1b4a381dd1008105e3ade98c8663cd,rustme/iiiIIiIlII.class,764,508
78c8ad4bce37772b93a0a542a98979c1,rustme/liiIIiIlII.class,602,346
f8771db009e7cfe4ebd0847e2e0f7b30,rustme/IIiIIiIlII.class,494,238
a986b08b8c863e0a9c1aea1c70e14a08,rustme/iliIIiIlII.class,656,400
7875e9cd05978017e540dff7c8fbd616,rustme/lliIIiIlII.class,548,292
dec195d013c08cda743a4d23498cd439,rustme/IiIIIiIlII.class,710,454
229a9c6142363d2ba9d8ea945b7e103c,rustme/iIIIIiIlII.class,926,670
777874cd95e888cda522499b603bf68f,rustme/lIIIIiIlII.class,1844,1588
2db0230ae5e2c414059584e476040c17,rustme/IlIIIiIlII.class,710,454
bd7ad615a99c632e8a2716513ca2acd5,rustme/iilIIiIlII.class,548,292
4d6e401dc5e5710a4b3031dc46b0c38e,rustme/lilIIiIlII.class,872,616
c080bcf0bf8a8fa2f9e12c0b24a136a0,rustme/IIlIIiIlII.class,818,562
6b53b95b0b2faeb5735e6fceca158eea,rustme/illIIiIlII.class,494,238
490b3922472e155f2c091be41b439b23,rustme/lllIIiIlII.class,1466,1210
dc5c3c0a034dfaef22c2ecf3a9d86f51,rustme/IiilIiIlII.class,548,292
251fe58231c5013ab5cb9be8228f9ffa,rustme/iIilIiIlII.class,548,292
89f1d14531dd2ccc7eb11422d79474ce,rustme/lIilIiIlII.class,710,454
be0f73c0e6286c9fd9097480cd326339,rustme/IlilIiIlII.class,926,670
6dd31ae5c3088c9a2e34242b506c9790,rustme/iiIlIiIlII.class,656,400
0d381e8d2f381654bc6ccfe6329c0de2,rustme/liIlIiIlII.class,764,508
a291e4bbd4292a7fba3224e24fa25eff,rustme/IIIlIiIlII.class,872,616
2121a9466addc1f9c40a015bb255fe51,rustme/ilIlIiIlII.class,980,724
1c081994ec0c2a3d9818ba16a26f8ede,rustme/llIlIiIlII.class,1574,1318
792f1a65acb4daea465a88a471d7de93,rustme/IillIiIlII.class,710,454
82257e13716a8d8eada7fc26dc667533,rustme/iIllIiIlII.class,602,346
e1bce664e8a42f48f543412a5b534b8d,rustme/lIllIiIlII.class,764,508
acac60702952f7f499d03a7d71dae007,rustme/IlllIiIlII.class,872,616
25f9d7c1f0d6119fff6336def59cca85,rustme/iiiiliIlII.class,710,454
20fdb3d7a0a0754365d02f149862dd2d,rustme/liiiliIlII.class,872,616
ebb2d258e965dad1935ef357f8e30b51,rustme/IIiiliIlII.class,656,400
9eff7c2a7c16e9a249dbcbaa2c02f804,rustme/iliiliIlII.class,548,292
4b3370fdc3188ece0d98fafe399be5ab,rustme/lliiliIlII.class,548,292
788b0ae1b0f1febda3c81922bd834f63,rustme/IiIiliIlII.class,1358,1102
df8ee53e48fc25897bda448b3f10d66f,rustme/iIIiliIlII.class,656,400
a591ad139c77a12baf71615dc7dad955,rustme/lIIiliIlII.class,548,292
6360a8f238b6548e1c646f2b7dc17eee,rustme/IlIiliIlII.class,494,238
422534968bce9f30175c36409e964421,rustme/iililiIlII.class,548,292
7dba4d694055b00abae0447436cbeeae,rustme/lililiIlII.class,1574,1318
4835b6ff100fd1d3520a3d35659674b3,rustme/IIliliIlII.class,710,454
1237d7d39e18b415f45660d6bf56d828,rustme/illiliIlII.class,548,292
24c7d1b845ffcdfceb1b31486d93fe04,rustme/llliliIlII.class,1412,1156
bb71a129c010163e26cf928f1216061e,rustme/IiiIliIlII.class,12320,12064
61a8be0189047e79b2e506d0cd48806d,rustme/iIiIliIlII.class,548,292
3eed7f072428f9f0e1ef5ecca5514519,rustme/lIiIliIlII.class,980,724
3b50088e6be65f11f38b0c8044ffc313,rustme/IliIliIlII.class,818,562
6c711b8b48582c55b630286f58a54cc5,rustme/iiIIliIlII.class,2762,2506
a32dc50f86cf0da5ae26142f992ca530,rustme/liIIliIlII.class,656,400
7771031c847c89dbc29edc6398ca8124,rustme/IIIIliIlII.class,656,400
a7ec024ba29fe17702dabb36001119b9,rustme/ilIIliIlII.class,494,238
be6a7ca45d600676db430eeebd5f1031,rustme/llIIliIlII.class,548,292
6f55d5b528bf4c9b0ad844e571784457,rustme/IilIliIlII.class,1034,778
15c9d8fde205fa5d7d263124b0b124e3,rustme/iIlIliIlII.class,494,238
9a83c5ea02fd7348885d72ee0198400e,rustme/lIlIliIlII.class,494,238
22d5afbfb52b8e25706fbb21a534b759,rustme/IllIliIlII.class,548,292
c9a7ac6dbffe5a0c9293cd50eff71cd5,rustme/iiilliIlII.class,494,238
32b5f70a1b06fa4b06ac6706ea28e188,rustme/liilliIlII.class,494,238
7bdb69f90f9b665d2f839a8290d23f36,rustme/IIilliIlII.class,494,238
109a66f7759c019b3035e8baa074867b,rustme/ililliIlII.class,494,238
2d07abee6f0ed50cc18e91c4c80213ab,rustme/llilliIlII.class,548,292
e7fabd07aa7e42cfcc99d7be8619cfdf,rustme/IiIlliIlII.class,602,346
2465732cc4a8745a515db3a6986bce36,rustme/iIIlliIlII.class,602,346
11063b5926c5b74387c0227259c52fc8,rustme/lIIlliIlII.class,494,238
37368525d1926593b8959d82bc4998cf,rustme/IlIlliIlII.class,494,238
03ed2690310b8d3255649e62ad6a2dd4,rustme/iillliIlII.class,494,238
19a1d0dd57f13f0067e03a2780e37b8b,rustme/lillliIlII.class,548,292
5c2922c66afe896ab712d62cceae778a,rustme/IIllliIlII.class,494,238
b676b9f1c182c4291399e15140a3962a,rustme/illlliIlII.class,548,292
cd4d9e4b60d3800f10a0544769a98530,rustme/llllliIlII.class,548,292
b2fb31d3a856c23506e78d1908012da1,rustme/IiiiiIIlII.class,548,292
e36d8a84a21434d2782e34579b3650ef,rustme/iIiiiIIlII.class,548,292
325f56ab7fac1be1fb7ee2f3ef19ae80,rustme/lIiiiIIlII.class,764,508
b77c3bb0330e219fc9e3ab57f710b29b,rustme/IliiiIIlII.class,602,346
2da0cc4f0da43257c778a630414f2600,rustme/iiIiiIIlII.class,1250,994
19f0bca3f170c3d8cbb7f6f116f8a461,rustme/liIiiIIlII.class,494,238
9f40a4fafcadc897bdbe1d7dc5390574,rustme/IIIiiIIlII.class,1088,832
906cbd8122613e08ac5dcc08d243bdce,rustme/ilIiiIIlII.class,548,292
6ebde97eb5a4b15cb457a687c8da4f5b,rustme/llIiiIIlII.class,710,454
c4813ebc903e159c6405e33572d9dbe8,rustme/IiliiIIlII.class,548,292
83a1f76a69cdf8f3a674dfbbbde29046,rustme/iIliiIIlII.class,494,238
41662014e417e78319e6702fb5d9cfda,rustme/lIliiIIlII.class,548,292
7305910581e579266e6c35dc4533f8e7,rustme/IlliiIIlII.class,494,238
8c9413a42e10395902819dd80ad194d6,rustme/iiiIiIIlII.class,602,346
2ee95ef6ccdd6adcc0918852124beba7,rustme/liiIiIIlII.class,656,400
eecf942d7e61dc7daef54dc880c882ba,rustme/IIiIiIIlII.class,548,292
342aa0ecc94b3038da55331e3b7556f4,rustme/iliIiIIlII.class,1034,778
56912e4a925110937806f00b6b44c445,rustme/lliIiIIlII.class,548,292
bd6a103d21a7924de9bd934facb2127b,rustme/IiIIiIIlII.class,926,670
02e3094d7e8c5092d8995b7140d5a108,rustme/iIIIiIIlII.class,548,292
34016a017f6c7adac0e2dfd6b8c02aa7,rustme/lIIIiIIlII.class,710,454
41601ad2348efb55d8ec5bef941e3130,rustme/IlIIiIIlII.class,548,292
f245cdc7a217eca10a184d6c7ca95071,rustme/iilIiIIlII.class,764,508
c6b6c22cbc674c76946e11786532ee55,rustme/lilIiIIlII.class,548,292
29b33fc5e7fb5cc0ffaab7a783e18e27,rustme/IIlIiIIlII.class,49742,49486
8fc88edef45b9346de0b17ec1539dafb,rustme/illIiIIlII.class,656,400
78deaa4fda2a5881ec1580e4455a908d,rustme/lllIiIIlII.class,656,400
b3e42f3b30855483b0895152c0800c7f,rustme/IiiliIIlII.class,1088,832
ba208a59d810e37d2a32f693e7111533,rustme/iIiliIIlII.class,494,238
9c7e0fb2f9aa599afb25b6b1aabb7baf,rustme/lIiliIIlII.class,548,292
6ecdf02e196ffd527d26c44ece2830b8,rustme/IliliIIlII.class,494,238
b0be6215fdaac9c09a8c846cfe15e470,rustme/iiIliIIlII.class,494,238
61d21d70d866777754fb361e0c6196c9,rustme/liIliIIlII.class,494,238
a159e63420896c9a6322f82a756bedd6,rustme/IIIliIIlII.class,1304,1048
0366e6eb719066906deabf5eb8c03e12,rustme/ilIliIIlII.class,494,238
de2faa2dd02b9429465774b9a0313689,rustme/llIliIIlII.class,494,238
393c4a48138a1d23c08734621683249a,rustme/IilliIIlII.class,494,238
39457859869374139d61abc7ab7672a6,rustme/iIlliIIlII.class,494,238
05a3508f623e493e232ddb9445ef1916,rustme/lIlliIIlII.class,2978,2722
b77bce5aea3567aba553d0245583538c,rustme/IllliIIlII.class,7244,6988
638d319dfffa56a5654f058d4be950f4,rustme/iiiiIIIlII.class,494,238
644dc6c1af84756e49059c58ad662580,rustme/liiiIIIlII.class,494,238
4d83fd819d3c5088d75be205c262e782,rustme/IIiiIIIlII.class,494,238
4c3b5a175604ebd5dd900af30a3d5238,rustme/iliiIIIlII.class,494,238
e47e9759244f98caaf8be51757cf0b67,rustme/lliiIIIlII.class,494,238
d9ded25e631e303e27a272eae5517f3f,rustme/IiIiIIIlII.class,494,238
30eaf4de6479459bd32f6a22bd0816a4,rustme/iIIiIIIlII.class,494,238
2d701185526796f58ed8399503127aa4,rustme/lIIiIIIlII.class,494,238
cf82f9ab1bdddd3b8e1b2c75dc7dafd9,rustme/IlIiIIIlII.class,494,238
e8bcc620243a5700e42019a98c5f2b00,rustme/iiliIIIlII.class,494,238
d61f0428c9a22e49cda54cd1ddadd98d,rustme/liliIIIlII.class,494,238
5a5eaf3d545709b0a79f284df0dd24e9,rustme/IIliIIIlII.class,494,238
75ca9397fceb9b693190aa1330844abd,rustme/illiIIIlII.class,494,238
85a94fdd88f6c5bfea765b872997efb9,rustme/llliIIIlII.class,494,238
5d7d41c477cbae8eee963fc15bc4806b,rustme/IiiIIIIlII.class,494,238
b664647aee07375c338250cdf3856b9d,rustme/iIiIIIIlII.class,494,238
d7eb04844a0efaa8899b5b29107e2b9a,rustme/lIiIIIIlII.class,494,238
8bb1c502540ff4ea9ff0ed2df7b47d1b,rustme/IliIIIIlII.class,494,238
34b440c1ca69a8cf8a25b19dad3cc17f,rustme/iiIIIIIlII.class,494,238
98ac717fa3af17cb30e94e593fa0bd32,rustme/liIIIIIlII.class,494,238
e9720929e830ea052a7a3066af3937d7,rustme/IIIIIIIlII.class,494,238
054c0572ee71dd033c998704b980413c,rustme/ilIIIIIlII.class,494,238
217d981f1665ce14cefb8062f49b470f,rustme/llIIIIIlII.class,494,238
452f8c6097f3bdda4149be84f805f723,rustme/IilIIIIlII.class,494,238
9d680099849f44ff93645df7aa5ff8d2,rustme/iIlIIIIlII.class,494,238
004f492c22af2049ee13eb6081145628,rustme/lIlIIIIlII.class,494,238
dd397a6b74d77a1cfcaeda3f91850b9a,rustme/IllIIIIlII.class,494,238
86c8d76398644e541f409c73544345e8,rustme/iiilIIIlII.class,494,238
3f1a6b8728a29eb396026d21a794616d,rustme/liilIIIlII.class,494,238
458f5b518c654244c4c88e48a3ddb40f,rustme/IIilIIIlII.class,494,238
700105eb96c746c57a7c407014a0d99d,rustme/ililIIIlII.class,494,238
4230537dfd8583bd146beb7976090090,rustme/llilIIIlII.class,494,238
9040888dbbf5d5b1fc25115cd15d103b,rustme/IiIlIIIlII.class,494,238
d23fca1a50279be772b97c3c594b21a0,rustme/iIIlIIIlII.class,494,238
615e58aa96e4b8dd054a9e25cd11a9af,rustme/lIIlIIIlII.class,494,238
cfaee2c2ed1072f8269796b421088e82,rustme/IlIlIIIlII.class,494,238
ab7e2d18425caa91f7e4d4ed47cd6679,rustme/iillIIIlII.class,494,238
af80702f687798f8f6199c709b1563ba,rustme/lillIIIlII.class,494,238
853294fd60a788beb6887fd10c9cf97e,rustme/IIllIIIlII.class,494,238
338a4048bb567bd5f801181edaa18fd2,rustme/illlIIIlII.class,494,238
d8c7e71b0ef6edc675ae3a0523f2851b,rustme/llllIIIlII.class,494,238
8efd7d03ccd1ed274c4c2637b36036eb,rustme/IiiilIIlII.class,494,238
8bc3c5e48935ca376a3cf8df6ff0aa29,rustme/iIiilIIlII.class,494,238
278719419fc09dd9f6f1916b8db9b106,rustme/lIiilIIlII.class,494,238
363bcb9e1f6330f70b62766421c4698f,rustme/IliilIIlII.class,494,238
c189090f365e4f129476b9a20e4ba074,rustme/iiIilIIlII.class,494,238
2bd7f9acc67345e3c52506164ec8bb07,rustme/liIilIIlII.class,494,238
ac7254d5970f467c09a9855186fb3181,rustme/IIIilIIlII.class,494,238
2e3dcbe6f6fa0206cc3af24914132d25,rustme/ilIilIIlII.class,494,238
8653faf9a8e2a34cecf131fc781f3e10,rustme/llIilIIlII.class,494,238
996dfc72d636c06e3b64f6aa60c552c5,rustme/IililIIlII.class,494,238
614e486dd4bda93e94238788296af3f4,rustme/iIlilIIlII.class,494,238
6b3e4bb1438dfba4ef08cfe292e994d2,rustme/lIlilIIlII.class,494,238
39b97851956d7869ceec5a891063e619,rustme/IllilIIlII.class,494,238
01c07b31fe2a4c15494e2c9b3249ecb9,rustme/iiiIlIIlII.class,494,238
fcc0f02cb0a125efeb1e274f9b4eeeec,rustme/liiIlIIlII.class,494,238
eca3f8aa994322682f11b69bcd983633,rustme/IIiIlIIlII.class,494,238
3ab691f59a9c157836386bac60bc2a08,rustme/iliIlIIlII.class,494,238
e544d16c66c4885a205e71c1e39cffe6,rustme/lliIlIIlII.class,494,238
5c12c47440a3d05a102ff8a18140311f,rustme/IiIIlIIlII.class,494,238
9ad2184c36eee0702745964369283ac9,rustme/iIIIlIIlII.class,494,238
dbfc9450b7005c20e9e9854cc82c4750,rustme/lIIIlIIlII.class,494,238
f4f37f30e88af065c3db8075f9ef5d84,rustme/IlIIlIIlII.class,494,238
3bc5c2e037667f1ccf6e43d45676ac3f,rustme/iilIlIIlII.class,1736,1480
3edaf0773d0b333b9973aeaa8ebbbdf8,rustme/lilIlIIlII.class,494,238
e50ea652adfc92fa2295bccf892e9807,rustme/IIlIlIIlII.class,494,238
e2e2928a017571dd3166e5665b286284,rustme/illIlIIlII.class,494,238
483b9ea2142db10719242165adae1729,rustme/lllIlIIlII.class,494,238
e776e652eba1ad4c2343692ff5c8322e,rustme/IiillIIlII.class,494,238
d72befdcf249e485f711b309793acd72,rustme/iIillIIlII.class,494,238
38898561189472db4ee0fa97fe77ee03,rustme/lIillIIlII.class,494,238
2bc6ddd3778fa82093b5d11bafa83e6a,rustme/IlillIIlII.class,494,238
572280e22579f078ac498c18e51f368f,rustme/iiIllIIlII.class,494,238
31f4f3bca1a2bfd72d19d942ca07c672,rustme/liIllIIlII.class,494,238
5cc17352e6784491d8ebb02aecf08aa6,rustme/IIIllIIlII.class,494,238
a030d0482131f98fff6d3873950313ed,rustme/ilIllIIlII.class,494,238
8107738c72d2c9fba7827be760449d80,rustme/llIllIIlII.class,494,238
0da25eade0ad2c37c3104a600e6dc9b2,rustme/IilllIIlII.class,494,238
df7482e3452161a8f5f77970fd234ff9,rustme/iIlllIIlII.class,494,238
6662eea58336d04e1e2863672faddbc6,rustme/lIlllIIlII.class,494,238
7af6bb08ff824ccbc52b66c911c931bf,rustme/IllllIIlII.class,494,238
58a6099a2207ad1246ff74f1f8669dd9,rustme/iiiiilIlII.class,494,238
cbcace6e316c52fc1e6f1f20c9f2d451,rustme/liiiilIlII.class,494,238
810534a307d54a326fa37839d56c36b6,rustme/IIiiilIlII.class,494,238
4ef0c7f4c76c78930a80152f19816040,rustme/iliiilIlII.class,494,238
559059f0f8edb0a04898624733af341e,rustme/lliiilIlII.class,494,238
b8f3b72aceddc10aafe7025acb24d1fb,rustme/IiIiilIlII.class,494,238
c754cb07411e9b73b765cba6ddd5c622,rustme/iIIiilIlII.class,494,238
10a11d16fb8a1ba66e0b13efdcd6b069,rustme/lIIiilIlII.class,494,238
928fc604d35a3b876afebc2d89a5e912,rustme/IlIiilIlII.class,494,238
78760c4257f2d3e84869abe65dd7be08,rustme/iiliilIlII.class,494,238
863f6c9f5e553a885c99b9cfeb18e18d,rustme/liliilIlII.class,494,238
e557312c005d923d4ef8a4a2078a0a53,rustme/IIliilIlII.class,494,238
8b692dfe094264590f595e033fadfd4b,rustme/illiilIlII.class,494,238
5eb11316ea73c94e1d46b4726b505eb9,rustme/llliilIlII.class,494,238
43ea46f38bb48f05559d9bd07029303f,rustme/IiiIilIlII.class,494,238
2bf0519374520d867be95f081ddb3694,rustme/iIiIilIlII.class,494,238
cc3ae54e781409e29a911efb708637e8,rustme/lIiIilIlII.class,494,238
3ec8c2f61d617024c873044dab910dd2,rustme/IliIilIlII.class,494,238
d2906e86594008808bdf9800dc43cd09,rustme/iiIIilIlII.class,494,238
cc3847adba720ce536aad035c1851016,rustme/liIIilIlII.class,494,238
afdcd825f219a35b6528c97931817653,rustme/IIIIilIlII.class,494,238
699ba74039d5c6f441b0445a2bd37815,rustme/ilIIilIlII.class,494,238
c7e1c0021a54b0c5e01ecf536a1bd2e4,rustme/llIIilIlII.class,494,238
0c515011202cd9be4539fb19586a46f8,rustme/IilIilIlII.class,494,238
80b7daebe970fcab0affa2658abdce02,rustme/iIlIilIlII.class,494,238
90b38d4d6525c388cd278b0178c13245,rustme/lIlIilIlII.class,494,238
9b085fee9400b63a6cbefcca9cc62274,rustme/IllIilIlII.class,494,238
f8492ca7876214f87669ce25c488ba1f,rustme/iiililIlII.class,494,238
7ea724247a35d6eb465fef730c495650,rustme/liililIlII.class,494,238
fa807e0f4699a4a753c168e594623e92,rustme/IIililIlII.class,494,238
d7b3688f657c55119d58c6b3990c0f94,rustme/ilililIlII.class,494,238
184e39d00ccf4b671ec7c367debd4edb,rustme/llililIlII.class,1358,1102
ac9c430674c7fea44142f5a816d32c59,rustme/IiIlilIlII.class,494,238
056d56ab2337c5bb085607536f84486d,rustme/iIIlilIlII.class,494,238
6178f79d26a6a1f0cfa13d678c7d6780,rustme/lIIlilIlII.class,494,238
916e1e86ce2d7d2783c415233e0fc853,rustme/IlIlilIlII.class,494,238
db4b3cc77ebb303c79c8cfdd083273bf,rustme/iillilIlII.class,494,238
3511b4d65f281a947796ee032a7b5e7d,rustme/lillilIlII.class,494,238
4e711a033d92357bc36e4bcd35c56c08,rustme/IIllilIlII.class,494,238
cbca9f533f268c9faf086d8f3dc1178e,rustme/illlilIlII.class,494,238
cb46011480ff881a67ad1ea999e7566e,rustme/llllilIlII.class,494,238
5a536ec92630b51ec65ad7151e5e5b50,rustme/IiiiIlIlII.class,656,400
a635b7eee71225e9a7bdf5ddb06adf26,rustme/iIiiIlIlII.class,494,238
1f0d512ccd9ea541b5ff692f602c0009,rustme/lIiiIlIlII.class,494,238
383505e39242dc1fa2a0af013ad79315,rustme/IliiIlIlII.class,494,238
691793a6dd60adf0b998579924c284a0,rustme/iiIiIlIlII.class,494,238
72469fc1c40c201dd010dd8fd629fe59,rustme/liIiIlIlII.class,494,238
8809a6890d3dd75c1b9e5fa03190160a,rustme/IIIiIlIlII.class,494,238
47aa3b9c9e473e06093c2522cdfbe80c,rustme/ilIiIlIlII.class,494,238
5110e987eb8920cbead804ea24337d8a,rustme/llIiIlIlII.class,494,238
03e4a73f1811526b5f0c15c51dd0ea13,rustme/IiliIlIlII.class,494,238
9fee465c68cfb197f25f7e5fe8610645,rustme/iIliIlIlII.class,494,238
5e306440a6dc3c03fb912952f4d471ff,rustme/lIliIlIlII.class,494,238
af9fdec6bc97c6c66b64aa2690240fa6,rustme/IlliIlIlII.class,710,454
8e57ff8c743212ddf1c80fda093117aa,rustme/iiiIIlIlII.class,494,238
2224853f2649ccce640e87a7816c0ec8,rustme/liiIIlIlII.class,494,238
914010e6844adb00b2d2840e122b78cc,rustme/IIiIIlIlII.class,494,238
8a3111cc02747e127c2810a14fe51adb,rustme/iliIIlIlII.class,494,238
ec11844d7e1081f89f75450a65cdfeb5,rustme/lliIIlIlII.class,494,238
1d6a7fe42fb082e620fc01dba18e1753,rustme/IiIIIlIlII.class,494,238
8d7af44f55dbdea804e3db481a69c049,rustme/iIIIIlIlII.class,494,238
b894ffbd5d489938fc404fb07b38f5bb,rustme/lIIIIlIlII.class,494,238
00cfec0af7c92db2d225a2cd1bf542f6,rustme/IlIIIlIlII.class,494,238
e1a67f336fec247136bdc008c12932f1,rustme/iilIIlIlII.class,494,238
b2888a03aea37ce7556a66070b9ef995,rustme/lilIIlIlII.class,494,238
fa337ceafb4c4a1c52d446a0ec2d7493,rustme/IIlIIlIlII.class,494,238
036c28191f32f647a566ec51ede3c974,rustme/illIIlIlII.class,494,238
b05da04515c2962fc44337c89317f11a,rustme/lllIIlIlII.class,494,238
d02dbfae4f18c181ef9fdf6f72a1b19a,rustme/IiilIlIlII.class,494,238
93bb183eea7062782c1276de4cb3d48c,rustme/iIilIlIlII.class,494,238
e7622903ac71b9e24ecf04e4eb4ace94,rustme/lIilIlIlII.class,494,238
1e1cc0d2684b7f9aea461b825f11f7f9,rustme/IlilIlIlII.class,494,238
3adadb7b416336e3ed53419f10ea2fb3,rustme/iiIlIlIlII.class,494,238
d6ab5f1985b518c4f11542a33afaa459,rustme/liIlIlIlII.class,494,238
b672f5beec411b26f56080f44c21a3e7,rustme/IIIlIlIlII.class,494,238
03f4c56f45f40439a40605cacee61ffd,rustme/ilIlIlIlII.class,494,238
f2aa6ca450d9ffd05d15c2d10858953c,rustme/llIlIlIlII.class,494,238
4f3df474aa82a5cd30be9db214c1e2a3,rustme/IillIlIlII.class,494,238
765fac282d88e4c34e0e0479dbab9368,rustme/iIllIlIlII.class,494,238
d25275079494440f7fe5b3c85bb15d00,rustme/lIllIlIlII.class,494,238
06392f43b7baf8b8a72f60ba7610072f,rustme/IlllIlIlII.class,494,238
2c27d5edfb5c3c4bb7c8b2cf1d05b401,rustme/iiiillIlII.class,494,238
62489dce736287b14b64a3d0589731ba,rustme/liiillIlII.class,494,238
a71800d6157879dd131ecd0d130c71f7,rustme/IIiillIlII.class,494,238
1d2133a300f8133bce0e10f8cfe81e45,rustme/iliillIlII.class,494,238
29f2e2bf86bd70fbacb910afe8956a20,rustme/lliillIlII.class,494,238
b7f2d90a22e0ca70c8cfff1979b3a4ba,rustme/IiIillIlII.class,494,238
18ae8c6b9c46d35d09ec873fd455944d,rustme/iIIillIlII.class,494,238
c80a0a1dde20c6556145f10de152fb33,rustme/lIIillIlII.class,494,238
10fa8cdfc960648af3c1013a596d3977,rustme/IlIillIlII.class,494,238
ff4587542bad48a8529c7176c5896130,rustme/iilillIlII.class,494,238
0e3a6bc43b6124d0b0160cacdf9134a5,rustme/lilillIlII.class,494,238
afdedb05d26168ef9e880a82199845b5,rustme/IIlillIlII.class,494,238
e753f652a0b01bf27f687f80cbb121f4,rustme/illillIlII.class,494,238
ab5ac0d8e8d345471a57b28aec86d184,rustme/lllillIlII.class,494,238
80dbe27609026961d9c2d9b1a229348f,rustme/IiiIllIlII.class,494,238
0c7e58342a4edfca79baf3c2ced3d82a,rustme/iIiIllIlII.class,494,238
c03897ad229c0ab092a77a61a325a5e7,rustme/lIiIllIlII.class,494,238
f112266b42ec6afe7423dafd22313da1,rustme/IliIllIlII.class,494,238
bf23e3d8c76cb9d304644a4cf5e7222d,rustme/iiIIllIlII.class,494,238
cd9dae1d61a660daa9518ec2f435966d,rustme/liIIllIlII.class,1250,994
38afedbc214403ad96b96b64a1fa4ff6,rustme/IIIIllIlII.class,494,238
454b923c10ebb9f0cf044674026ae872,rustme/ilIIllIlII.class,494,238
b193fe5c310f4fe2c0afb0199b75b89e,rustme/llIIllIlII.class,494,238
868025246000289344a8cc646ec72dbc,rustme/IilIllIlII.class,494,238
44206f81eb13849b32fc05c356ae189e,rustme/iIlIllIlII.class,494,238
1349a52fa21051776216601f86b9093d,rustme/lIlIllIlII.class,494,238
4d478deabc47c0b4aec19a1f1b8ee158,rustme/IllIllIlII.class,494,238
f9d199328a10d7b2eb9296d3909a3e13,rustme/iiilllIlII.class,494,238
ced68e6642996a5094078cc1bab103e6,rustme/liilllIlII.class,494,238
fcd4f286b1468bea93cb22b497deba41,rustme/IIilllIlII.class,494,238
49629e7c5a2d12a110613977992e9e7d,rustme/ililllIlII.class,494,238
58e1a15470c361f6d3678f73841577e0,rustme/llilllIlII.class,494,238
13329a8d97551f403f74340a247607e1,rustme/IiIlllIlII.class,494,238
9aa0d769a5bcce4a002a18c2321d0fbf,rustme/iIIlllIlII.class,494,238
9c2909ff31a65b3b2651acef1c457a2f,rustme/lIIlllIlII.class,494,238
7d9b69849a639592d722958baa1b0024,rustme/IlIlllIlII.class,494,238
5bf57015fc84db8186e79e7f4e99b761,rustme/iillllIlII.class,494,238
1aef7f1b6b787311b2c2d1f03d65a401,rustme/lillllIlII.class,494,238
239074683eecffab193f5c3577f1582a,rustme/IIllllIlII.class,494,238
0baeabbd48aa78172f30e1b2d76d4f39,rustme/illlllIlII.class,494,238
301082c89b6a3f0bc46cbac939317d01,rustme/llllllIlII.class,494,238
98bf670d6b7ce83009ff9f5ac33078ea,rustme/IiiiiillII.class,818,562
d8ac450609b231014224fb5607850862,rustme/iIiiiillII.class,494,238
99d9c0026ef8ddd4dd4621feb8d9b3db,rustme/lIiiiillII.class,494,238
1a4a7a715bccb6d8065abb90bdeae783,rustme/IliiiillII.class,602,346
151d997f66a49ac73fc92df93132d6b0,rustme/iiIiiillII.class,494,238
df876a16276109c4b493cf6f70ad276a,rustme/liIiiillII.class,494,238
5004e8191d0cefc3a7912005fc334818,rustme/IIIiiillII.class,494,238
d7ac7db021c5becc55f1916f9e7d6394,rustme/ilIiiillII.class,494,238
8868f86a74eae289e867385791197b01,rustme/llIiiillII.class,494,238
f374fa676b528e49314cfca29e66c4a9,rustme/IiliiillII.class,494,238
90222a11cda1e479f04d93d2c2f7fa9f,rustme/iIliiillII.class,494,238
9931292b3db5aa52ed91a09002dc02fa,rustme/lIliiillII.class,494,238
c623d0a366abe9fc5b396a65ecb24ddf,rustme/IlliiillII.class,494,238
64be87833fb72e5d0e12d4b7790c99fb,rustme/iiiIiillII.class,494,238
0794fc6b202f264bcee5e1a7d3412130,rustme/liiIiillII.class,494,238
a124314da2a80883e81477cf0ae8d3a5,rustme/IIiIiillII.class,494,238
6266018905f364283fc7f3c8cacfb71f,rustme/iliIiillII.class,494,238
a63dc44c39fe47c019f91c8c971f5c96,rustme/lliIiillII.class,494,238
7c06df9a28ed8ed0e438dcb0f15153b2,rustme/IiIIiillII.class,602,346
62273d127271ffe98bf42f29e36701b9,rustme/iIIIiillII.class,494,238
dbf53173b7f1118bfd51a6f03a0630b1,rustme/lIIIiillII.class,926,670
baa41d31ef6436c6ec503557b07b4ae6,rustme/IlIIiillII.class,494,238
c47c4da41ad54e882776d09d354e3483,rustme/iilIiillII.class,494,238
ddab18111bf689a1dc29981c5cb02aaa,rustme/lilIiillII.class,494,238
9e142134441cad3196667ea9bb9ccb95,rustme/IIlIiillII.class,494,238
1e672c23ba7a87929ef1b1042f9f2c5c,rustme/illIiillII.class,494,238
733b606c1756da9dd893b37043941a3e,rustme/lllIiillII.class,602,346
0702f1517c36e45a409cf950f0dfd494,rustme/IiiliillII.class,494,238
7f8ace2d3bf4a1aaa179d9c84e4f298d,rustme/iIiliillII.class,494,238
eeb6bea2cb623e1aeee99b06fa3ddbe1,rustme/lIiliillII.class,602,346
c944711a03782b7ef67b23839c13ab0b,rustme/IliliillII.class,494,238
b53a78986a722f2d161d7e2a16f2cc6c,rustme/iiIliillII.class,494,238
989cc280812bc2e97e0533faf619b598,rustme/liIliillII.class,602,346
2bee145bf494961247a5cb6eea9b169f,rustme/IIIliillII.class,494,238
34ccdc2ab11e81913e16d1fbd061cf9d,rustme/ilIliillII.class,494,238
5766d4c252536334dfd5b416f0fc5904,rustme/llIliillII.class,602,346
7d3dd1fb0eb413c56222bd97cde8c2a4,rustme/IilliillII.class,710,454
0cb8a1ce02b6be3c08d51427ed6590ec,rustme/iIlliillII.class,1520,1264
f9b26913a89acd2b8eb4c5c3a3b69dc0,rustme/lIlliillII.class,4328,4072
a8e36d95b70db65fce66375cfdccf456,rustme/IllliillII.class,494,238
d55ff5e29ed9a8245c5ce9da1015c5e2,rustme/iiiiIillII.class,494,238
183c1af5b3b40aea1c1c2eca4a5b249a,rustme/liiiIillII.class,494,238
33f2c9569ce0fdc2be8a951a9c3fb1bc,rustme/IIiiIillII.class,494,238
859e1beff27b8bd514000caa6c36ac7d,rustme/iliiIillII.class,494,238
6468fdc3362a924ffca56a8f0e30e667,rustme/lliiIillII.class,494,238
5e86f18b20be518f6d22a7d3812cb11c,rustme/IiIiIillII.class,494,238
90339a6176c5833195bb2d53621101dc,rustme/iIIiIillII.class,494,238
58c691039d5b42a0c3f36097e13ca37d,rustme/lIIiIillII.class,494,238
41526aa7e26b904e89b037a7a4f3a3a8,rustme/IlIiIillII.class,494,238
ff377fba19250bc7c10b5a4f2b9225d8,rustme/iiliIillII.class,494,238
f8f6121088d02557c0a12569db45f4f3,rustme/liliIillII.class,494,238
6887ee341332c6fcbc8b1710eecd963f,rustme/IIliIillII.class,494,238
29146686a60996efc6f99b21390ac104,rustme/illiIillII.class,494,238
e5a301d66e9a30f871295eb90ce75f47,rustme/llliIillII.class,494,238
819ce1bd9c0b44aa2eee559f75890b73,rustme/IiiIIillII.class,494,238
70d34fbaf787946245f501681abe7bd9,rustme/iIiIIillII.class,494,238
07093c12b5a92e6c95dea56918083222,rustme/lIiIIillII.class,494,238
d31d238e7085db37ce631a8328109bed,rustme/IliIIillII.class,494,238
e21f307088671b6b76e5f4cf8f4606c2,rustme/iiIIIillII.class,494,238
c8db1a577bd36e4eba1b83ed8248ba3e,rustme/liIIIillII.class,494,238
69ea70922f682cd8e08eb422b61477ab,rustme/IIIIIillII.class,494,238
34bccc893ac3a90a828e79dc1f141a9b,rustme/ilIIIillII.class,494,238
c80bf1e537c54ad685dfb6eeaaffa739,rustme/llIIIillII.class,494,238
6c3173f940265f2d8baf3129ab8c578b,rustme/IilIIillII.class,494,238
246c9f913addc1502f90c459838ee876,rustme/iIlIIillII.class,494,238
9950b75fbeb5a2fa96e7dae0469fd02c,rustme/lIlIIillII.class,494,238
2ddbdb12ebe5f20e35d161066af1d6e8,rustme/IllIIillII.class,494,238
12ab986abd69cafa9c1c9daa5bdf47b0,rustme/iiilIillII.class,494,238
4d90104d8f82f24594422aa158ff9035,rustme/liilIillII.class,494,238
a51d3b3103a904a34bd392008c668030,rustme/IIilIillII.class,494,238
71a3cf9191d2b9f4525dfd9af02bfd10,rustme/ililIillII.class,494,238
1cb86415ab59fc016f6495020488dfad,rustme/llilIillII.class,494,238
7cdb84b5b8238fb87fe3279826aa711e,rustme/IiIlIillII.class,494,238
be0a0be209da1dbdece4f3a69b7f683e,rustme/iIIlIillII.class,494,238
630b224851fbf96e8bffc4162e61aa84,rustme/lIIlIillII.class,494,238
39b8640908a49f05d42b43a41c0f8243,rustme/IlIlIillII.class,494,238
27cdfa06c63937753a740affea007ac7,rustme/iillIillII.class,494,238
284cbbdfcc5eca080900a25bd66070be,rustme/lillIillII.class,494,238
90e011f4a4fab633645fc47091320c65,rustme/IIllIillII.class,494,238
08f0175dba91c91d088e174819cc5afe,rustme/illlIillII.class,494,238
8eda546b919bbc7eea06f959c626d21d,rustme/llllIillII.class,494,238
ea44db1bf2385c30891e46073bc3cbcd,rustme/IiiilillII.class,494,238
648af793ca23e4b3f73451e8c5d7ebc8,rustme/iIiilillII.class,494,238
cfa69fd23253e52ea021a1eeda3e453f,rustme/lIiilillII.class,494,238
7c9f84782d381ac99d5724942b7ca3fe,rustme/IliilillII.class,494,238
3a7c7a8cef10dae283b5c9b563d76aef,rustme/iiIilillII.class,494,238
1f5da07c48aa05574ea412a433275598,rustme/liIilillII.class,494,238
e2d692d5c13c8c96cfda9ec50e4e0acc,rustme/IIIilillII.class,494,238
5ab4c976c9a4e1dc592a60ea3ed720be,rustme/ilIilillII.class,494,238
21b42a5ece9d90fd6500738b83858431,rustme/llIilillII.class,494,238
329aeff0f6b8efdb431b3cf1dd191c8b,rustme/IililillII.class,494,238
3768d294e739c744cd7ff73198a6a2d8,rustme/iIlilillII.class,494,238
0126fc8eaf5d57585bb914b282662b31,rustme/lIlilillII.class,494,238
3fd64a9a455870fce747c42718995f6a,rustme/IllilillII.class,494,238
8e589d16a3f43b870d427cd95bd74038,rustme/iiiIlillII.class,494,238
be35aa5a83901892c5e9b02bad431034,rustme/liiIlillII.class,494,238
4b4fb4727e33400a1f65d3ec07a3fb25,rustme/IIiIlillII.class,494,238
7749c53a2553224137a0188f2f9ff9ac,rustme/iliIlillII.class,494,238
087eaadf5e9a4e30f2c606bf173e157a,rustme/lliIlillII.class,494,238
3642bceeb9bd53b4bb4164c1f520c6c8,rustme/IiIIlillII.class,494,238
7364c3af3d30b9911840c7f584620f2b,rustme/iIIIlillII.class,494,238
1160027ebbd70a9f4d8f2447f503aaa7,rustme/lIIIlillII.class,494,238
da81eea26d66a5510e2341a15ba2fda2,rustme/IlIIlillII.class,494,238
5fde6b16e9cc08adf1a546169bd83b28,rustme/iilIlillII.class,494,238
41ff340da129c515a7fbf91f0369ca4b,rustme/lilIlillII.class,494,238
816908b9ae6c23b501232da2be6aeb7b,rustme/IIlIlillII.class,494,238
81592c18714a4014ef1a9212882b1035,rustme/illIlillII.class,494,238
82ae723dde033f39b31e8361b1f8cc62,rustme/lllIlillII.class,494,238
d159116c3107e1d56d9c942221477463,rustme/IiillillII.class,494,238
6601046d02847b9bf1fb1f6f4514b551,rustme/iIillillII.class,494,238
e4ee9413e5bb751c45864942eb4a5bef,rustme/lIillillII.class,494,238
926b1dc4487b95f81cd503ce91d72d57,rustme/IlillillII.class,494,238
3b771f4e0457196c889e54a97197a143,rustme/iiIllillII.class,494,238
ff08af00cd44974b663a474f81abc381,rustme/liIllillII.class,494,238
88b350299ace47bb25f82b512093e34a,rustme/IIIllillII.class,494,238
869650706ca1f54acba855de8e70e0b2,rustme/ilIllillII.class,494,238
dc78fb07eb6c83a587e408cfc0855422,rustme/llIllillII.class,494,238
1364bc52ea178d9638c11f545c675bde,rustme/IilllillII.class,494,238
a69fe8167f60ad3a2cf5946970b95259,rustme/iIlllillII.class,494,238
25f5a487e19e9bc1a2058e5fb9c6a200,rustme/lIlllillII.class,494,238
745c7dc421b94efbecc99243fd82f34a,rustme/IllllillII.class,494,238
76267ebf4ddb807f13a81396361978ab,rustme/iiiiiIllII.class,494,238
a087b5a58f25f55923bbe88ebc4d507a,rustme/liiiiIllII.class,494,238
ce2e17d8046eb0db7c9b225c86a7d385,rustme/IIiiiIllII.class,494,238
a10171e5cf6b52ec7b2f356e778492ae,rustme/iliiiIllII.class,494,238
230286561f3f134939b17a6c2f7ed159,rustme/lliiiIllII.class,494,238
9b5601c683542d50eed523edcd42c71a,rustme/IiIiiIllII.class,494,238
60a36fe5766c694c87df061c563cc999,rustme/iIIiiIllII.class,494,238
123c5cc8700faf6a848f3d903e8f4fb1,rustme/lIIiiIllII.class,494,238
b8481f67e0b9f71836cc88fa361dee8e,rustme/IlIiiIllII.class,494,238
e0c16a75a1179ae4ec328805b61ebd6d,rustme/iiliiIllII.class,494,238
dadf479ca5e45d9ebaf96f50b89550ef,rustme/liliiIllII.class,494,238
ed5bad5124e2ad30a4d9477ff5f8a673,rustme/IIliiIllII.class,494,238
4386a1740b736ac726d8b08dae926d3d,rustme/illiiIllII.class,494,238
919408320def7b30667366ea78ca0b52,rustme/llliiIllII.class,2654,2398
1dacb408602b360a9fcf99b6b30de1f5,rustme/IiiIiIllII.class,494,238
b1ba073541969ad187c64a43755e85d1,rustme/iIiIiIllII.class,494,238
5f88733274216c56d8bf0e6c24a4aa16,rustme/lIiIiIllII.class,494,238
709a2474db28cf4af53d0a47aeb74691,rustme/IliIiIllII.class,494,238
315928287d09471532fa36314bddb3fe,rustme/iiIIiIllII.class,494,238
48068e97bd1017e08bdc6bc55b88fd07,rustme/liIIiIllII.class,494,238
f005c1a1a0b85ecb235296bca7ab7106,rustme/IIIIiIllII.class,494,238
cb04b60168dfb0b2d146d3dfe0111ada,rustme/ilIIiIllII.class,494,238
00fa217c6ceb48a66b38a0d1d60982ce,rustme/llIIiIllII.class,494,238
27cc3a3be8d4bac357517a173defe1d2,rustme/IilIiIllII.class,602,346
c0119418eac830dda5cef1e0208a61f0,rustme/iIlIiIllII.class,494,238
a60225040b5fe1ee1e05f1cb576588c5,rustme/lIlIiIllII.class,494,238
8228202d6b2d7fc439a66dc1d5263e84,rustme/IllIiIllII.class,494,238
15a29b850696eb9a37b082ab578bd0a2,rustme/iiiliIllII.class,494,238
0f0a32fef1f07784135a894735126c08,rustme/liiliIllII.class,494,238
aa4b05b16fb6d9413b7239e1bb3c53d6,rustme/IIiliIllII.class,494,238
f47a33d710c41cb336eeb705b0baf427,rustme/ililiIllII.class,602,346
08bb1077e95d6ee7845c514546f367de,rustme/lliliIllII.class,494,238
15d5cc1ffc965dd706fdd6ce5c6e88e5,rustme/IiIliIllII.class,494,238
3a9f9fbc4956ba0a90d497877927072c,rustme/iIIliIllII.class,602,346
eba2634b029505229a49e21da78aa70e,rustme/lIIliIllII.class,494,238
0119e6bde377e3ccbf61b4553010dd89,rustme/IlIliIllII.class,494,238
03115b0b91859ed9e5ada77b74d7bfca,rustme/iilliIllII.class,602,346
02f93b5a30d4e0e054886011b34f97f4,rustme/lilliIllII.class,494,238
9266357928296e379475a134397ace34,rustme/IIlliIllII.class,494,238
de29ba1120b290f59fb60c8b37ad2221,rustme/illliIllII.class,494,238
81e9e7ab6738fd7a8c60fb24073424c5,rustme/lllliIllII.class,602,346
1042d66b660ce73b7efc5c1ee64cc880,rustme/IiiiIIllII.class,494,238
8a5a95cf4f8c8acff17c58ee8c2c1c01,rustme/iIiiIIllII.class,494,238
f86a20f1eb07392b2d804c42d8d94dff,rustme/lIiiIIllII.class,602,346
02c3f67771b3b71f9dad65dd0470ec95,rustme/IliiIIllII.class,494,238
8b582c1ab860ea5594e2e3f0509df437,rustme/iiIiIIllII.class,602,346
9c05d0a484d78d77d2ffaba8489334e7,rustme/liIiIIllII.class,494,238
48bab0da6a7f7245b6130562dc03a55e,rustme/IIIiIIllII.class,494,238
69e8ff38c9baba7477c8228c0902ff09,rustme/ilIiIIllII.class,494,238
80a796f0674de86656c1d99c88c63d09,rustme/llIiIIllII.class,494,238
fcd2b397346d54388e1131c1bd801670,rustme/IiliIIllII.class,602,346
e04ed8683aa6e9bd5d64138ed5887f5c,rustme/iIliIIllII.class,494,238
8e9de12c2af1e130fb7d960898e4c4c7,rustme/lIliIIllII.class,494,238
b801cd5a945d9e4e4ab3f0e67c1126f7,rustme/IlliIIllII.class,494,238
99de4ab02b33544f18290f7eabd07af6,rustme/iiiIIIllII.class,602,346
3a994cc754323995fd3b83afa1e32462,rustme/liiIIIllII.class,494,238
f92b4958908dde0b61b60f3e8b46800a,rustme/IIiIIIllII.class,494,238
6c9918979f6ceee2ac9d3c8bc1bd11b0,rustme/iliIIIllII.class,494,238
e4941b867e37c2dec37b24a1ab5ea05d,rustme/lliIIIllII.class,494,238
d9d98ae95d5a4af3553520c80e910470,rustme/IiIIIIllII.class,602,346
155758a80e07ed612a12eb6b20d9a6cc,rustme/iIIIIIllII.class,494,238
19d2b2623050b031d72dc3e12fcda433,rustme/lIIIIIllII.class,494,238
58353f2c2a806cd18d7d577fb6766d15,rustme/IlIIIIllII.class,494,238
3621726277c2eda34e214bc29d6e201b,rustme/iilIIIllII.class,494,238
af420081f55ba1e1888c1923906e8d09,rustme/lilIIIllII.class,494,238
e6cd297bf7088554cf3cd763353364ab,rustme/IIlIIIllII.class,602,346
7119546206a5a7513dbdf16e3d4d9340,rustme/illIIIllII.class,494,238
6b6a68dca3b09e7695aa7d31c00e7ded,rustme/lllIIIllII.class,494,238
176190756ab24d233ccd32f7314af58d,rustme/IiilIIllII.class,494,238
75c9739441ca1009b2d31c60f8ff94f9,rustme/iIilIIllII.class,602,346
f35a262204008b198facecd1d3e37503,rustme/lIilIIllII.class,494,238
85392bcc36f43920925843a882811218,rustme/IlilIIllII.class,494,238
db95cef8091c14e54d5f678b9661bbea,rustme/iiIlIIllII.class,494,238
ccccd6662289246866ea4606970fa7b1,rustme/liIlIIllII.class,494,238
6b4175af1a0dfa74ea00320ee241a4a0,rustme/IIIlIIllII.class,494,238
16762684982d7da098e57ffde13280dc,rustme/ilIlIIllII.class,494,238
cfa081badf8982343cbc94a70a0682db,rustme/llIlIIllII.class,494,238
ca20fea60a7d66fc5e540b12eba7a485,rustme/IillIIllII.class,494,238
a92c42ee2b8748d02ff49819220605b7,rustme/iIllIIllII.class,602,346
1788ab5af0d67c521ef43de2151ca853,rustme/lIllIIllII.class,494,238
7cd9a1c598ef0b39daa609a5b869cf5c,rustme/IlllIIllII.class,494,238
e1ce7506b5309065ac526d14be4d3378,rustme/iiiilIllII.class,602,346
adb7a552dfe23a7b2c054af0c8a49892,rustme/liiilIllII.class,494,238
831143dc9a6615c204196674e7adb23a,rustme/IIiilIllII.class,494,238
c8b3cccfd2fc955213b29c52af19fb72,rustme/iliilIllII.class,494,238
a9526848dfc7c85ccde7e36c8c2696b9,rustme/lliilIllII.class,494,238
72e2041288275c246b547308ee1822f6,rustme/IiIilIllII.class,494,238
cbd489dcc6cb5a4bb9c702732cbaedcd,rustme/iIIilIllII.class,494,238
0f45f9ccbc3a2449c880684ecab2623d,rustme/lIIilIllII.class,494,238
16ba39b7b13797ad54528f22bcf0d528,rustme/IlIilIllII.class,494,238
d48e888b7cd6844abce0f0342fcca1b3,rustme/iililIllII.class,494,238
ed6e6db065a5c3a7fbcf7812a712ebe8,rustme/lililIllII.class,494,238
aca46fdbe2682777e5baca1f8d8972fd,rustme/IIlilIllII.class,494,238
20046caf3c6642e41d81b4e860f5501b,rustme/illilIllII.class,494,238
7d9d0c7993e98288b02bc543f7090dff,rustme/lllilIllII.class,494,238
c56ce700c4910ea85505194e9d774e8c,rustme/IiiIlIllII.class,494,238
3064f6de420861d180a6011d3c912f7a,rustme/iIiIlIllII.class,494,238
e7d2abe32614a9766496dd65ac3732fa,rustme/lIiIlIllII.class,494,238
ff59731adbd5c44fbf63d1b92a064c2b,rustme/IliIlIllII.class,494,238
bdfa3604232f546db016d9715d7a7ee3,rustme/iiIIlIllII.class,494,238
94fc1fb7f0bd4d2dce504b7849330fc7,rustme/liIIlIllII.class,494,238
238dcde0173ed97654578bbbc3de6920,rustme/IIIIlIllII.class,494,238
9ab6b2da5e13932112232ec930cc590d,rustme/ilIIlIllII.class,494,238
497dbfcdfca1c0a0e68f3f66b2c18687,rustme/llIIlIllII.class,494,238
183cc7c3333e3a6a69a6e6fd0978049a,rustme/IilIlIllII.class,494,238
87f5a8dbc3e096b0510aecb63ce0038b,rustme/iIlIlIllII.class,494,238
cfa621e2030f548b2e3470767748e90e,rustme/lIlIlIllII.class,494,238
56abec6182dc5dc11abd2ba1476e1f47,rustme/IllIlIllII.class,494,238
4815b72c8843999d2cb5b9916e510096,rustme/iiillIllII.class,494,238
dee01573f80b65bbcdeac45d42a19edc,rustme/liillIllII.class,494,238
95a8f2c75a479b364e0d7ba118b72913,rustme/IIillIllII.class,494,238
cf07907b12811147fe7b05502d673e4c,rustme/ilillIllII.class,602,346
5aae92a4d4acc665d0eb8d7fa4c1c669,rustme/llillIllII.class,494,238
a916466662fe259a11c6c48a4be441a5,rustme/IiIllIllII.class,494,238
2f2745a32a8da69d404055df4c2595c0,rustme/iIIllIllII.class,494,238
3c92e2071490e9690d80f900b04737af,rustme/lIIllIllII.class,494,238
6c5564cb84c3e9ee02bacfd44e72ac44,rustme/IlIllIllII.class,494,238
efb6810c6e2f6e832c59b3858edaaaef,rustme/iilllIllII.class,494,238
beba16fbff67ddc5832dc5cb9e0a054e,rustme/lilllIllII.class,494,238
da096d05353023a9ca51612fb8317a99,rustme/IIlllIllII.class,2114,1858
4b15317e3d27bff8ec40e94597b69811,rustme/illllIllII.class,494,238
5ecf8e12e812a8dd9b016d395f1fa99b,rustme/lllllIllII.class,1412,1156
aff775e5dd59513b4cd638f89fe6e5ef,rustme/IiiiilllII.class,494,238
b9f04fe2b2964c411d3aa70d4aa62908,rustme/iIiiilllII.class,494,238
4a003fdcc4ef9edc305abbee546099cd,rustme/lIiiilllII.class,494,238
8593a11b88dd53d3325e3cac74db11bd,rustme/IliiilllII.class,494,238
9ad985f125b7b152bcc9f75f6b4278f0,rustme/iiIiilllII.class,494,238
e17c34c41f3badbf8661319b150ab153,rustme/liIiilllII.class,494,238
14a849d7976b9b53ba317c836273fa03,rustme/IIIiilllII.class,494,238
51dd83b1d1c912541faa7aec62556086,rustme/ilIiilllII.class,494,238
83a06c8351258334e08e7e4f308d0cf6,rustme/llIiilllII.class,494,238
cffb2ac96f8b6337c5626a1551e33735,rustme/IiliilllII.class,494,238
4dd24805c91e14dbfe82c4e7cdfe6b6d,rustme/iIliilllII.class,494,238
adef1c7f1ece417b45cc31e4fb944767,rustme/lIliilllII.class,494,238
1eaffc6b0c74915cb185ee351b95f6fa,rustme/IlliilllII.class,494,238
e005b01299da97ab3e3d6cecf0f987fb,rustme/iiiIilllII.class,494,238
61703ffd0499448ffcb50a518d152920,rustme/liiIilllII.class,494,238
c0f86d76752e0249b7f4872ad7c9ef85,rustme/IIiIilllII.class,494,238
1e776426c947d73b290fd9db8ec66315,rustme/iliIilllII.class,494,238
f98225f0d963a6a89d92613e393b695c,rustme/lliIilllII.class,602,346
cbed0c011be4deb5b152c7ce2346951a,rustme/IiIIilllII.class,494,238
b5fa0d7304ab18ce69fdacf6a41033cb,rustme/iIIIilllII.class,494,238
c307941b52027fc08831aadb255aceb4,rustme/lIIIilllII.class,494,238
71f1c95699df2caf76b7665c18d2e9bd,rustme/IlIIilllII.class,494,238
0af1a20386e84006026ddd3692e1e4a2,rustme/iilIilllII.class,494,238
6cf84180a07d897600d44ab984eb8250,rustme/lilIilllII.class,494,238
cf00ff01c536e858bc2d2dcaf3379a09,rustme/IIlIilllII.class,494,238
8d38fe5c8cfdca1c863f4b548fc79db1,rustme/illIilllII.class,494,238
bfb195ebc775ee2b6b6ffc7d8fa3757a,rustme/lllIilllII.class,602,346
f75e8bfd47589c5f64aaca90764a0e71,rustme/IiililllII.class,494,238
474fba1a3865ac7b207aff43e12d627f,rustme/iIililllII.class,494,238
f8fb8fb260e0366a1b373dbbd566d9d9,rustme/lIililllII.class,494,238
1bcb1637683a7e100eae342c685ce7e4,rustme/IlililllII.class,602,346
d41bf5e34b3791d3e32058871fe6c796,rustme/iiIlilllII.class,494,238
49ff3a49e8c79ff65ba12cc8a3f75a1a,rustme/liIlilllII.class,494,238
da8d0ba8315cac17a839089ea1d9baaf,rustme/IIIlilllII.class,494,238
cc30e478b6b18b7a4f3cc09104c0e55a,rustme/ilIlilllII.class,602,346
9ff7c7e52999a5e0b48674600b5913e8,rustme/llIlilllII.class,494,238
bad879c9066649621f302ce198131b18,rustme/IillilllII.class,494,238
d676cdb992bd26d17d032bc44b7ef7d2,rustme/iIllilllII.class,494,238
0c41a0ceb3b6900dcf8b493b6226a0ba,rustme/lIllilllII.class,494,238
9d824138bdc4b5382ced74e59745edc6,rustme/IlllilllII.class,602,346
95167f8a4725ed44fa41ba8218a8aea0,rustme/iiiiIlllII.class,494,238
f5ebc723d52c55a5cfe8d47ab5a9d108,rustme/liiiIlllII.class,494,238
e00c74bb1fd6899fc3058e8cd5b7bd2f,rustme/IIiiIlllII.class,494,238
ef66a74925b249d45d5cc8d2706f7576,rustme/iliiIlllII.class,494,238
89e61d5a8e647a2a6d40c12ca1833f39,rustme/lliiIlllII.class,494,238
c108d67a26e2ed59b66ec7351f67fd87,rustme/IiIiIlllII.class,494,238
1d2bdb07b585e1142aea75cbdacfcb22,rustme/iIIiIlllII.class,494,238
3f2834b418458592385ebb8543bad368,rustme/lIIiIlllII.class,494,238
6af030df18b27d17323990ab4f8a5329,rustme/IlIiIlllII.class,494,238
6e546deab281364795dd6e391b096ce9,rustme/iiliIlllII.class,494,238
cf4fd22f7192d4298b66e0ca207a344e,rustme/liliIlllII.class,602,346
553a11dfee7194d3e545cf382296cff4,rustme/IIliIlllII.class,494,238
a0d03a02fa1aa56a4428906c29e81592,rustme/illiIlllII.class,494,238
4887281e0fd2c031caf62c8c4b31a449,rustme/llliIlllII.class,494,238
71822c5cbc4925ee0e6fb4fc10f69409,rustme/IiiIIlllII.class,494,238
841de12edae4765b9248956111aadea7,rustme/iIiIIlllII.class,494,238
1ef9694cc53b25a19ee7cb3a33cfc87e,rustme/lIiIIlllII.class,494,238
c4f81e4a30b7ccb0639d402bf30796f0,rustme/IliIIlllII.class,494,238
722aca3743d0780525500623690a3308,rustme/iiIIIlllII.class,494,238
d1eda2dd4aba43b8d1a3d289d6adf570,rustme/liIIIlllII.class,494,238
e88ee2eeb7e299e3f7cf7a09b23326cb,rustme/IIIIIlllII.class,494,238
0f25ba906bf295af6dbfeb13202d352e,rustme/ilIIIlllII.class,494,238
0fb71c5faf1e170a9edac36b4e3cd028,rustme/llIIIlllII.class,494,238
582a91a20e9ad0b6a1e73781c7a90ccf,rustme/IilIIlllII.class,494,238
fdf2150a1ad73e7cee80cbcd3389fa3a,rustme/iIlIIlllII.class,494,238
5eb65f0499ca9a669d0da99dd44c78dd,rustme/lIlIIlllII.class,602,346
cf1ff3ce5128ce700817b2b8d5784d3f,rustme/IllIIlllII.class,494,238
8bb9bcf6a93da0cdb91c4ce864821b52,rustme/iiilIlllII.class,494,238
4c4613d76a59734dc1c867bde19db078,rustme/liilIlllII.class,494,238
1ffef81f9607b8fb42e9544602eaacd5,rustme/IIilIlllII.class,494,238
ac88f3652750e3e5e690a47b26744c28,rustme/ililIlllII.class,494,238
5708e41c810d1d3bd296c6788c54b4d5,rustme/llilIlllII.class,494,238
3537da3fe2e2a90642cafedaf6fd320a,rustme/IiIlIlllII.class,494,238
333f85fbf562660d7e7976a8d2ffb72f,rustme/iIIlIlllII.class,494,238
3c358e7cc746c157832fd3c9b90dbd8d,rustme/lIIlIlllII.class,494,238
2a66805170a3e7188c15a510160b0200,rustme/IlIlIlllII.class,494,238
b277cbcfae02245ca07859eab2ac43ef,rustme/iillIlllII.class,602,346
d170295164d8eff7f09bbf8dc2622307,rustme/lillIlllII.class,494,238
c9db929a27e0d38a6ec0ab515570d8ff,rustme/IIllIlllII.class,494,238
fb05a335e1883f039260c86ce529e3ff,rustme/illlIlllII.class,494,238
07c1ae27a42b59dab402dbdffac4475c,rustme/llllIlllII.class,494,238
22c0cfed3c16c7e7077412aded917409,rustme/IiiillllII.class,494,238
21b9b5757c181bccb1ed2fd6d165188e,rustme/iIiillllII.class,602,346
2236c95710fe17682d9ac91c5de430db,rustme/lIiillllII.class,494,238
d461365239392534916c71a86c22c4e3,rustme/IliillllII.class,494,238
3c618383ba6d098702a10bb39ef42cc2,rustme/iiIillllII.class,494,238
9de33907f99b954490068fa6419ea365,rustme/liIillllII.class,602,346
32f4eccd4d643c56008cbf6e2c226d3d,rustme/IIIillllII.class,494,238
55ae9865713d9f4756a44d9fa113b15f,rustme/ilIillllII.class,494,238
ba41505700298a342ee3b2663ff2f2ff,rustme/llIillllII.class,494,238
43e6fc5537cb2ffda5c198171171fc03,rustme/IilillllII.class,494,238
37fdb1e6665ed9e34bef296d176ac4f0,rustme/iIlillllII.class,494,238
88ad5e9b0d33ee0abac3682a1137d779,rustme/lIlillllII.class,494,238
ec8da93ba765046038f175e5dd99b0fc,rustme/IllillllII.class,494,238
676a6fd376f0553b64b51da59b6077a1,rustme/iiiIllllII.class,494,238
5c2f86515c9fe99c8f5ac7826c60fbdc,rustme/liiIllllII.class,494,238
53d8184af1a9599d7a6546c7f8b805fb,rustme/IIiIllllII.class,602,346
fcb71605a69fc711fbb0bf8142bb8def,rustme/iliIllllII.class,494,238
9792e4b60f618a29c74becd4eff28b0e,rustme/lliIllllII.class,494,238
3f9460e8fc4ab884da1c9d9f22a8ba58,rustme/IiIIllllII.class,494,238
95378327fdb64cdb2aca29368cf2e370,rustme/iIIIllllII.class,494,238
4b0a34b30ad55ad1f6b4724824e34a54,rustme/lIIIllllII.class,494,238
f03d5695afacf9949392ee92b4cedbbe,rustme/IlIIllllII.class,494,238
08d5e2541bb2a126e8a6d8b313ac6400,rustme/iilIllllII.class,494,238
cea7c235d0265d62e26eacfddbc7c43e,rustme/lilIllllII.class,494,238
5213e5e57bb459aad4820d749f3705d2,rustme/IIlIllllII.class,494,238
96a5ea92b3c7a4aa271e8ee82d64fd81,rustme/illIllllII.class,494,238
e4ff883981684eb32954a66a025638a1,rustme/lllIllllII.class,494,238
fa9f6390bde030c08e1bc074ee114010,rustme/IiilllllII.class,494,238
a5aaa17e2ccd909f47cc368f37785d7a,rustme/iIilllllII.class,494,238
cc095c1bcb1306f50d1822f0c5bb216b,rustme/lIilllllII.class,494,238
a82e6912c527ddb3f4388dd8e5f8e2fa,rustme/IlilllllII.class,494,238
82ecf8bc968f119fa4f4a1e9c2b1e339,rustme/iiIlllllII.class,494,238
35ac2988005b4314e7d61e40fec7a2d6,rustme/liIlllllII.class,602,346
8d5032b214e068b5b3453667e7f59d83,rustme/IIIlllllII.class,494,238
8c717ab957e13e0b7ba50f1d71e13f46,rustme/ilIlllllII.class,1736,1480
f39db4f00fcbc4c947bf8d367e316970,rustme/llIlllllII.class,494,238
2bcc3f5ed29592645ac12a24e1e9686a,rustme/IillllllII.class,980,724
1d764f1bb4227b5994b183b8ac4bb44a,rustme/iIllllllII.class,494,238
b94766cc0873255becf2110861f4f189,rustme/lIllllllII.class,494,238
df60d84cb0ee4c2e64506f4f3f71c7ec,rustme/IlllllllII.class,494,238
a2dd0e3836343aff2df798c241d86ed7,rustme/iiiiiiiilI.class,494,238
0c776395c9f4974003093843068ec290,rustme/liiiiiiilI.class,494,238
af2f0336014a68d0fd1584b2a768ec52,rustme/IIiiiiiilI.class,494,238
f21f707e1e4ada361ffd0844ace9c3f4,rustme/iliiiiiilI.class,494,238
8bfbbe9fb44f5538597bef50d815d5fb,rustme/lliiiiiilI.class,494,238
fc466012c20aaa91e46b015ef7539819,rustme/IiIiiiiilI.class,494,238
b5b9a61bb864712bb446ec1d745d6f3e,rustme/iIIiiiiilI.class,494,238
70e0ff0bd262215de26313bb26a66e64,rustme/lIIiiiiilI.class,494,238
1273489cd249c12b5491b6a84f9e9d65,rustme/IlIiiiiilI.class,494,238
b5eb3b72b223bb7114e94c765f0f079a,rustme/iiliiiiilI.class,494,238
e977b4b2caa66b7fa2b935e88813ccb7,rustme/liliiiiilI.class,494,238
29d11ef710f00b70c8a01acfc7bb210f,rustme/IIliiiiilI.class,494,238
8b720ff5b53a30235993ec394a676b20,rustme/illiiiiilI.class,494,238
f77e2e4a97b7a0e769747b7bcff923b7,rustme/llliiiiilI.class,494,238
749458007ba549f396bf7ed858a82f49,rustme/IiiIiiiilI.class,494,238
27c8cfe988ffd6902cd9d24689817c51,rustme/iIiIiiiilI.class,494,238
5281be73bade7a1819a4b65771d53723,rustme/lIiIiiiilI.class,494,238
cf621e69e01cc8d4421deee315d1100f,rustme/IliIiiiilI.class,494,238
2f374627e80c8b5f671dd0ed69c114f7,rustme/iiIIiiiilI.class,494,238
e11d41f7016a6250d5704d0274d73d10,rustme/liIIiiiilI.class,494,238
b8c42676c68547c3a596787df13554c0,rustme/IIIIiiiilI.class,494,238
97f9f3d88e1f14788820c44ead710e26,rustme/ilIIiiiilI.class,494,238
5a37dbdc91f043c21dc7c70bcf9ab60a,rustme/llIIiiiilI.class,494,238
2d72ad918203314018a775e476a27001,rustme/IilIiiiilI.class,494,238
a7732fadbe752cc1d960cb516a564a35,rustme/iIlIiiiilI.class,494,238
6ca4a5bf215f043fdf42db5a1ba8602d,rustme/lIlIiiiilI.class,494,238
38a7f5ab5cfb78bf25be9e1284c78ba7,rustme/IllIiiiilI.class,494,238
3a2f0c91c4bb1f0f21ab54a8998817b8,rustme/iiiliiiilI.class,494,238
45aebdc8536461484abd096cb5f75cd1,rustme/liiliiiilI.class,494,238
24045672c0f3d16dcb3159d14f232320,rustme/IIiliiiilI.class,494,238
2038de04f1ce6d110afed86320469359,rustme/ililiiiilI.class,494,238
af151abc6082c7f36443fdbb621b2f82,rustme/lliliiiilI.class,494,238
00558b9066b0d893d7f67c27e40d228f,rustme/IiIliiiilI.class,494,238
4146d3b2cdd655424c475def03d912ea,rustme/iIIliiiilI.class,494,238
ea8a3c244dc137dea39aaee90a0247e9,rustme/lIIliiiilI.class,494,238
aad26f77815e8e02d49842e373842ba0,rustme/IlIliiiilI.class,494,238
0e4ab1d1c04c0dbf9f1bbc4d6ca38538,rustme/iilliiiilI.class,494,238
6ae52b4959725eff2883a1a5eefbf9f8,rustme/lilliiiilI.class,494,238
f310e2b830fb4622c502b4f671a5d93b,rustme/IIlliiiilI.class,494,238
f22fabbb0aa58e3b52d9a1e090f13679,rustme/illliiiilI.class,494,238
40448c8c6cd53698775f00315f535410,rustme/lllliiiilI.class,494,238
77901fe9ba8de35973f7446db8c01037,rustme/IiiiIiiilI.class,494,238
171d2ce035881f0c6ece462149fe5b1c,rustme/iIiiIiiilI.class,494,238
8e88510b5813d7403ecabce9694738c2,rustme/lIiiIiiilI.class,494,238
a2925ac053be6acb6761cae08f9c9078,rustme/IliiIiiilI.class,494,238
8f1ade9877160e8696bfe4a0d3aec0b8,rustme/iiIiIiiilI.class,494,238
187d789e9b397a763e1fcee5d629e08c,rustme/liIiIiiilI.class,494,238
4065324ce2847b20747c50b0d8fd82e8,rustme/IIIiIiiilI.class,494,238
63925cd51725377eed1489fd5968ea3a,rustme/ilIiIiiilI.class,494,238
d5384d839bf83114931ed2cd635c3402,rustme/llIiIiiilI.class,494,238
1c6729fe04d614fe38fdd32d14c47747,rustme/IiliIiiilI.class,494,238
58643435578bd9f03f0edad39c3213f2,rustme/iIliIiiilI.class,494,238
a2f4944378c7005bf6cafe834414446c,rustme/lIliIiiilI.class,494,238
702be3125ff874d25bca538e1feefa58,rustme/IlliIiiilI.class,494,238
31212fb65cf74153c36cf64c2ce32b1a,rustme/iiiIIiiilI.class,494,238
00ff0a293a5422db6270c549cee6fd10,rustme/liiIIiiilI.class,494,238
cb44df5176bb0a83d253bbfa3d66b9ba,rustme/IIiIIiiilI.class,494,238
df198b41209a9a9842cc28b777af63fb,rustme/iliIIiiilI.class,494,238
c1545308f1f3ef07d1f8a57d5863a96d,rustme/lliIIiiilI.class,494,238
ba3d0412c31c8dfcf5ee4fa919e33a0d,rustme/IiIIIiiilI.class,494,238
53d16832494e6a0206d962ec45489221,rustme/iIIIIiiilI.class,494,238
a8f1ca1d2c6de27a8c9a5076a72177b9,rustme/lIIIIiiilI.class,494,238
def77af6eb5fcb04572d67d9bb063176,rustme/IlIIIiiilI.class,494,238
adf670fcf6728a0ab0e3258b52e72067,rustme/iilIIiiilI.class,494,238
ee046db77be2b1c3935f442b5cf49a7b,rustme/lilIIiiilI.class,494,238
0c411948cffa53ded77923bda0f8f48b,rustme/IIlIIiiilI.class,494,238
daf4a8c8d6042a7d9d96902e354fdee5,rustme/illIIiiilI.class,494,238
3f10d79c5a09e37a7c6d70c1485e43b9,rustme/lllIIiiilI.class,494,238
009411abb30f50f310bd6630d4227e73,rustme/IiilIiiilI.class,494,238
cae4b0bbe4673843ab7fa355bded65f2,rustme/iIilIiiilI.class,494,238
411240615920760fa0c19407c6bfd133,rustme/lIilIiiilI.class,494,238
a4ac4b3acfdadf23e01fb2ca47248155,rustme/IlilIiiilI.class,494,238
d7fa06972c50055ae4553b9761630c21,rustme/iiIlIiiilI.class,494,238
5bedf530b65323b1bc24cf4616d29600,rustme/liIlIiiilI.class,494,238
c73f8767a457f8ca5fa26e12ce00472c,rustme/IIIlIiiilI.class,494,238
438019f90f486e8486406489dc49d67d,rustme/ilIlIiiilI.class,494,238
5d946be877617ec79dcebb57e060ffa4,rustme/llIlIiiilI.class,494,238
286667ae9e34719e8eef022bc0cf0bbb,rustme/IillIiiilI.class,494,238
37183d7ce04ed7d5a6c3beb2f27f8323,rustme/iIllIiiilI.class,494,238
97d837c930948a06eb3033d1442591c8,rustme/lIllIiiilI.class,494,238
e4456b2c459b07f7269c5f02ea64b859,rustme/IlllIiiilI.class,494,238
ea938820c23fde0d86eb1e0fe1e9f2f4,rustme/iiiiliiilI.class,494,238
33219bdc73747f834ecdf30c159b908a,rustme/liiiliiilI.class,494,238
12b75d2f235d1cc4f2c9d28c56e02742,rustme/IIiiliiilI.class,494,238
6997370f8907ea6462eac3fa275dbf96,rustme/iliiliiilI.class,494,238
a1f2c13b3d3ce7798391dc063b310d69,rustme/lliiliiilI.class,494,238
38c7b52fc8d9540a25a5f90a90666d9c,rustme/IiIiliiilI.class,494,238
72c84a3ec31b801a5956316d5ba1166e,rustme/iIIiliiilI.class,494,238
4dbf326bce81a6c50d37a016bfa1c3bd,rustme/lIIiliiilI.class,494,238
267abe297b38c3f85123ffac5b256b13,rustme/IlIiliiilI.class,494,238
13d4c66036d98ef58d720eeebbe3bd14,rustme/iililiiilI.class,494,238
46748231dafc3eafecabfd7b42326fe7,rustme/lililiiilI.class,494,238
b0ef2165e2fa43c1b0bc13195b5efffd,rustme/IIliliiilI.class,494,238
ff24afc43c3cf17b86db68728ca690d7,rustme/illiliiilI.class,494,238
a04bae3d9840a7ed061c15ee63a94582,rustme/llliliiilI.class,494,238
29c24c0cfd7f403bcd2919377ad97c3d,rustme/IiiIliiilI.class,494,238
40b5323f2a9409081f677b21a3df676a,rustme/iIiIliiilI.class,494,238
9598757e3c0e4c20ae2db6d78e439b79,rustme/lIiIliiilI.class,494,238
ebdb3614eb64e1cd79ea5a08e563e3e0,rustme/IliIliiilI.class,494,238
fb49f623485354eda08c37b05cab1de7,rustme/iiIIliiilI.class,494,238
9e40f8f2eba316e27a080e319632c6e8,rustme/liIIliiilI.class,494,238
c0f11c4200ff7f9e1c8a436be75da796,rustme/IIIIliiilI.class,494,238
9b3b2904bee6af068b84f6e2af3cff22,rustme/ilIIliiilI.class,494,238
ac867358967b557ba06173240b94da3a,rustme/llIIliiilI.class,494,238
6be91a6007d78172240fa7cc40f2e592,rustme/IilIliiilI.class,494,238
712e92aa0bc87ac4886cfb56aabd1e2b,rustme/iIlIliiilI.class,494,238
adedea437920341957494f0e8c6ce137,rustme/lIlIliiilI.class,494,238
c49d8965bbbfa0950daf864b16460d1f,rustme/IllIliiilI.class,494,238
3e93bb0c972d612c3e3dd66583a499bb,rustme/iiilliiilI.class,494,238
5fe7e8faff9df68daf7f7693a6548332,rustme/liilliiilI.class,494,238
6370a20991e11f12f7424735a72f0f8f,rustme/IIilliiilI.class,494,238
8d69bca50d87a0185ffd3971cdc0b51e,rustme/ililliiilI.class,494,238
b6c914ced5147b3c388dfa1206f6bc7b,rustme/llilliiilI.class,494,238
4b32419054905012612e82731635ad1f,rustme/IiIlliiilI.class,494,238
26e10e59779f08e17b73d2519cea66bc,rustme/iIIlliiilI.class,494,238
e6f9296e55bf78e45457da2ce34f0bf1,rustme/lIIlliiilI.class,494,238
3bbfa20425c412e567f4904ec4fa5c70,rustme/IlIlliiilI.class,494,238
c1b18ea633425a46ad50a7bef189314f,rustme/iillliiilI.class,494,238
803d46bedd46ed3d9e38da9ee76d9c15,rustme/lillliiilI.class,494,238
3afd263d5f7b352a09eb409a9c84a982,rustme/IIllliiilI.class,494,238
9df07671793f4a4d0c320ce36a7af790,rustme/illlliiilI.class,494,238
c79c391d63e8f443e1062873ae385115,rustme/llllliiilI.class,494,238
5277d0d3614624e6d8ed66ff8e7f9b34,rustme/IiiiiIiilI.class,494,238
c2500ed7d3821c8d786535dfb6be4f53,rustme/iIiiiIiilI.class,4004,3748
b4f9d19978c67dbb17b22c8a00322318,rustme/lIiiiIiilI.class,494,238
2a2bcb9b9f90d026f6341ee106f56ac1,rustme/IliiiIiilI.class,494,238
9dcf764c25b15cb742410c3ff03e5541,rustme/iiIiiIiilI.class,494,238
77c4658ad6415ec8b9de4129d50af040,rustme/liIiiIiilI.class,494,238
897be9a75f1ea560156b481603ec8829,rustme/IIIiiIiilI.class,494,238
8b305af4e8bbf03ecf01031bcd59c024,rustme/ilIiiIiilI.class,494,238
8a0d5cf5dc6eeda618368141e1d70e55,rustme/llIiiIiilI.class,494,238
f4fcd476049b53176b2f14e2543b5b01,rustme/IiliiIiilI.class,494,238
79f4b8c09df1bfa26671c94a3bff9c51,rustme/iIliiIiilI.class,494,238
33c922953c84489335a2ec994988d7cf,rustme/lIliiIiilI.class,494,238
4f6aa2ff137b903b09da7c8c0e8d2f97,rustme/IlliiIiilI.class,494,238
6654aa5dcb3d21cce3ce77fe6faa0b22,rustme/iiiIiIiilI.class,494,238
7d18bb6ff9e790f2fb69b9afb5ecbb09,rustme/liiIiIiilI.class,494,238
ac195482b74ce96ba146808db1671ecf,rustme/IIiIiIiilI.class,494,238
290af872e1e54127b9785939fc1042b9,rustme/iliIiIiilI.class,494,238
9b5c60f6a6a1eb82bf465c6ba7464459,rustme/lliIiIiilI.class,494,238
fd4a6cf4ba0aa3aff39e0fdb6c033869,rustme/IiIIiIiilI.class,494,238
dea32be72cbee6d968bbce96b1fde657,rustme/iIIIiIiilI.class,494,238
4b5769f8ddeee4cb2d79f48d89a913e4,rustme/lIIIiIiilI.class,494,238
bb24825d94df11e553681ea1b212897c,rustme/IlIIiIiilI.class,494,238
c8d345188478d1f00aa9188545efbcb6,rustme/iilIiIiilI.class,494,238
84f23e28b6a62851df2b34de2839d0fd,rustme/lilIiIiilI.class,494,238
6d8255f653a5fc942178aeb7ca63a73c,rustme/IIlIiIiilI.class,1088,832
2ee50434028182d52f9586eb52b531f8,rustme/illIiIiilI.class,494,238
dd001f2320f60e30b4f62ef7afeba07b,rustme/lllIiIiilI.class,494,238
2dbc92babf463506f5a95f195245fb93,rustme/IiiliIiilI.class,494,238
8979f3e9df336b94f74da9741cdcba72,rustme/iIiliIiilI.class,494,238
38c45f17d1b2aaf430e3b3129a9646a4,rustme/lIiliIiilI.class,494,238
93a25aa7d76c2980e3706b7697a503a9,rustme/IliliIiilI.class,494,238
f5461fceb65f1dc0fcd564df44293fd8,rustme/iiIliIiilI.class,548,292
1d5dc1b821bb8e3262f8a1af9dc9f6c7,rustme/liIliIiilI.class,494,238
e7ab17ca6bd59ece893974af99fc332f,rustme/IIIliIiilI.class,494,238
49d858eafaddcc7a2a5671c72c4e19ed,rustme/ilIliIiilI.class,494,238
9e00644dcd7f56dd3c982959642ce21c,rustme/llIliIiilI.class,494,238
27a62c891e3854f56d41192ad03f8918,rustme/IilliIiilI.class,494,238
c59ddf01b08efc1d335636faa209841e,rustme/iIlliIiilI.class,494,238
91678f117a62f14e04233c84e82d3f7c,rustme/lIlliIiilI.class,494,238
eb44603046587020f2c7373b021167ed,rustme/IllliIiilI.class,494,238
87d7f45960e15f62c669f82a9d4485f1,rustme/iiiiIIiilI.class,494,238
b3cade6b17856404af648ab0ee267ba7,rustme/liiiIIiilI.class,494,238
65e580a537e8efcbb4afa207cb3fcbc9,rustme/IIiiIIiilI.class,494,238
6235a633c55d53ed955237cb02948a39,rustme/iliiIIiilI.class,494,238
eac88f35e45273669cfcac39f88352fc,rustme/lliiIIiilI.class,494,238
1090a5565881890bef66a6b4c3d2b7fb,rustme/IiIiIIiilI.class,494,238
35a7584f3ecd6655d4871b435858043b,rustme/iIIiIIiilI.class,494,238
2bd6c19493480b5c4608befa9cfdf17f,rustme/lIIiIIiilI.class,494,238
b2548bcffec17f5bc2c77acf0bc5dce8,rustme/IlIiIIiilI.class,494,238
28284d8eb851a6a8f3c6a9c6693f3fb4,rustme/iiliIIiilI.class,494,238
0f5160c87851a7e29742e4e5f1e3aa4e,rustme/liliIIiilI.class,494,238
e350d00e88cc484121fbfc4876cceae1,rustme/IIliIIiilI.class,494,238
c3b4b71ede45be68f1d1ca4142328dee,rustme/illiIIiilI.class,494,238
bffbbadb66904e8f0a020b639037841f,rustme/llliIIiilI.class,494,238
4a7c97b2fa224e5f1c60346ae01c3ebd,rustme/IiiIIIiilI.class,494,238
68d59735ff230aec82be127ee614d699,rustme/iIiIIIiilI.class,494,238
58c0b84f305a27b0a5f42f4bda7be1c7,rustme/lIiIIIiilI.class,494,238
244f40da12f65562c9623118d17d16b6,rustme/IliIIIiilI.class,494,238
39108718ea60ee3dfce27c50a2e43e8a,rustme/iiIIIIiilI.class,494,238
196331296b53f65d65ab3ed36597cbb3,rustme/liIIIIiilI.class,494,238
2530f15317b48e293934cd69d9e36db0,rustme/IIIIIIiilI.class,494,238
226b93ede680ffc8658a351e9492aa29,rustme/ilIIIIiilI.class,494,238
9d514b9708c8d1d1eeb9fcf848ac604e,rustme/llIIIIiilI.class,494,238
faafa0ec73e28c22b56aef140d0d1e24,rustme/IilIIIiilI.class,494,238
a07a40b5fda71b197025212d04ffea82,rustme/iIlIIIiilI.class,494,238
87057b5526b95535a7965815335efec7,rustme/lIlIIIiilI.class,494,238
7d173e7d03e16333679a94b555c9d4f0,rustme/IllIIIiilI.class,494,238
848dfe9041c7f9db363f019df4eed0df,rustme/iiilIIiilI.class,494,238
dccf901de6dc429d8368d35deadaa80e,rustme/liilIIiilI.class,494,238
8156e727e163a905343c6395885a2855,rustme/IIilIIiilI.class,494,238
4768ef93c5628d8697f5c4da36c1149a,rustme/ililIIiilI.class,494,238
6fb42ac6df99026b76e59eb30864b0b9,rustme/llilIIiilI.class,602,346
8b98f2516eded46002da7742cc3dbe17,rustme/IiIlIIiilI.class,494,238
aff03dea31e90a1fc6681186e5a7fb0a,rustme/iIIlIIiilI.class,494,238
99c5b01b0af5cd8e870e2bba23497e30,rustme/lIIlIIiilI.class,494,238
56f86344a52664a4345b51f993edfc3c,rustme/IlIlIIiilI.class,494,238
a695fe377ffc04083f58237767a4f45f,rustme/iillIIiilI.class,494,238
203f0205d427028a37f8649353302979,rustme/lillIIiilI.class,494,238
8a0eb3d4ddc9eeacbdddd6ac90d682cb,rustme/IIllIIiilI.class,494,238
fcff85415444809227ad73fac436626d,rustme/illlIIiilI.class,494,238
4d873920cab43272f1e74576b168662e,rustme/llllIIiilI.class,494,238
04267354a4f5732cfdc7146feef334b2,rustme/IiiilIiilI.class,494,238
7c19b92f825a1b66226ea1d5797cb675,rustme/iIiilIiilI.class,494,238
9e88657499ab55a602f4bf7c9f1f69c0,rustme/lIiilIiilI.class,494,238
ebe2943be8ddc89d003b25caf4520de9,rustme/IliilIiilI.class,494,238
22ac0e1b6e652d93803c67a4cf3e8bd6,rustme/iiIilIiilI.class,494,238
41919443f81ec494056e2fab452ac597,rustme/liIilIiilI.class,494,238
e1df3ad2b1355aaef79d93c52eb8d469,rustme/IIIilIiilI.class,494,238
47d1fb947d0db8a7e7047c9686d389ba,rustme/ilIilIiilI.class,602,346
5ed1ff6b831598e4e4cc55d8622add1d,rustme/llIilIiilI.class,494,238
06ad1676aa19ad690f70a7254eb388e4,rustme/IililIiilI.class,494,238
5dbace8ccc05be48f041611dc97ade1f,rustme/iIlilIiilI.class,494,238
d8ce2849c37582c7d6599667345360fa,rustme/lIlilIiilI.class,494,238
668f8aca2a32d27f064dea654e860b3d,rustme/IllilIiilI.class,602,346
8750217c4b630c4d39c7c9ff9929db2c,rustme/iiiIlIiilI.class,494,238
4f34008f47d3b4b4166ea09d29dcff40,rustme/liiIlIiilI.class,494,238
6a137d786552301b3046183ead126071,rustme/IIiIlIiilI.class,494,238
d6202cb6171cbf82a50fe6dc4d508906,rustme/iliIlIiilI.class,494,238
4565412de46c8b2acdeb10aef0507306,rustme/lliIlIiilI.class,494,238
61b4754b0fe897827e5e665ae36b0bff,rustme/IiIIlIiilI.class,494,238
e33448ba73995ca11a52d774898fd6da,rustme/iIIIlIiilI.class,494,238
bc5219bd42065b9c2837e4e58c4899ab,rustme/lIIIlIiilI.class,494,238
1d49e4c0f2900d04df7541d9c578ebb3,rustme/IlIIlIiilI.class,494,238
41c5c3cd8862c51e8c0ab7b8847c2b23,rustme/iilIlIiilI.class,494,238
6bf30f8310f209e3aba49d228f365c91,rustme/lilIlIiilI.class,494,238
e0dc11b50f30bf8d76eb372f0db2b456,rustme/IIlIlIiilI.class,494,238
e428dc6f23f2a1604a91823e574d037f,rustme/illIlIiilI.class,494,238
069b588f7166890a2e37b3f1d5469c42,rustme/lllIlIiilI.class,494,238
c80a1f8cd99ed3d6d7acb603478e80e3,rustme/IiillIiilI.class,494,238
c37a3caf35ec1cf2934cc6aa8e96cac4,rustme/iIillIiilI.class,494,238
b4096ce77bd984d77920b8be178dcb23,rustme/lIillIiilI.class,494,238
c5068db6d378a4e55696736a09d6434e,rustme/IlillIiilI.class,494,238
115af6b083fa70543f5e8fab7a9ae243,rustme/iiIllIiilI.class,494,238
0dd67400c77f68ed34ae6b009ecbb33f,rustme/liIllIiilI.class,494,238
6648457abf60919bc96fabccdfe0b5d3,rustme/IIIllIiilI.class,494,238
2407f5e45bc3cbfbade09a625518b2cd,rustme/ilIllIiilI.class,494,238
22f868e893eb6cb30fea70d0c05dce16,rustme/llIllIiilI.class,494,238
f7335a31384d3c134f7eb466c8838f49,rustme/IilllIiilI.class,494,238
d9b23609dc06d77bef4434b3ec159562,rustme/iIlllIiilI.class,494,238
16ad2ac05043bea9bbe4651e9bccc3cb,rustme/lIlllIiilI.class,494,238
3669074086b44a77695d89492c90eb4d,rustme/IllllIiilI.class,494,238
cc059040e8e9caf14d648fdd90343e76,rustme/iiiiiliilI.class,494,238
58e95d7c75de2ab698e46a90987b68f3,rustme/liiiiliilI.class,494,238
6019eaedd2a7e1d7bf30a380cc253896,rustme/IIiiiliilI.class,494,238
1620d39013489b8cdb313dcfac986f5b,rustme/iliiiliilI.class,494,238
4cf69578f1974f43f4de96158cd57fb7,rustme/lliiiliilI.class,494,238
f5aac264d6bcea9299bf76c2e58a8539,rustme/IiIiiliilI.class,494,238
f8849d16d3463c0ad90e128e78693943,rustme/iIIiiliilI.class,494,238
8815eec52ca4e6ad72a41c5134b233aa,rustme/lIIiiliilI.class,494,238
86930dbb9010391d5b33473ee9d1c1ca,rustme/IlIiiliilI.class,494,238
8fd55690c1e130311408b55f4a9d1d8d,rustme/iiliiliilI.class,494,238
09a5a09d6153eb6d3bb3d597f3c2062e,rustme/liliiliilI.class,602,346
bc186567dda7fbb100fb7efd487e9901,rustme/IIliiliilI.class,494,238
050701f2771265a1ae1c36ab9a2068ec,rustme/illiiliilI.class,548,292
799fbbcd6879da489526059e6b924bb3,rustme/llliiliilI.class,494,238
396a08a31fdb2c916781b8830381b68b,rustme/IiiIiliilI.class,494,238
a2e5817b283ec26c149a4723c3018c79,rustme/iIiIiliilI.class,494,238
fc49307cbf0b04727c892af13dd1d466,rustme/lIiIiliilI.class,494,238
600a2f80d16b2367d56c3589d943b352,rustme/IliIiliilI.class,494,238
24a234041881307f6d1982fa5ba3ffd4,rustme/iiIIiliilI.class,494,238
46b1aad5c30b7f94d401cdcee3d1058d,rustme/liIIiliilI.class,494,238
625df50eb49545eeb5f4e511c3c48184,rustme/IIIIiliilI.class,494,238
ac60656901b1c29b679fca02663313bb,rustme/ilIIiliilI.class,494,238
d7e499eae8aa4809fc64440699659971,rustme/llIIiliilI.class,494,238
bb34f78102a14c1cc59a9cd68adda4f8,rustme/IilIiliilI.class,494,238
7f21f335c32c9f3933dbe400060bcfde,rustme/iIlIiliilI.class,494,238
1374fa08376535c67a6104b8fd3e3982,rustme/lIlIiliilI.class,494,238
e9fc8056b2b156fc0557e57f4210423f,rustme/IllIiliilI.class,494,238
cdb9513e5e1d911280d5fd96157bc8c9,rustme/iiililiilI.class,494,238
0ac66c9deb7661ec79d8787b80f57250,rustme/liililiilI.class,494,238
d79c7d170442e05793dc34685aa7c2f4,rustme/IIililiilI.class,494,238
0355f86119a316c2cc11df61d5ca6f83,rustme/ilililiilI.class,494,238
6c5192258b36ca021a68a03554a5691f,rustme/llililiilI.class,494,238
ccc0329dfc2eb7d40e2ee529cce5a25a,rustme/IiIliliilI.class,494,238
effae51cfbd02c7edfe7aab9ec3c4e27,rustme/iIIliliilI.class,494,238
6db93dd612d778dbf4073e0d2d9ef935,rustme/lIIliliilI.class,494,238
626f85ce12d6b1ca796317dbefb035ab,rustme/IlIliliilI.class,494,238
8ae190ebeaec5693e55b479763536aed,rustme/iilliliilI.class,602,346
a4f58b4043a84aede9cdf226ad5f6080,rustme/lilliliilI.class,494,238
e55ef9038d0f24b5d5f8c3d5dba0956b,rustme/IIlliliilI.class,494,238
63d90997f19a73b4e655be62e52e53ec,rustme/illliliilI.class,494,238
6c4e2e68d79da1df2b9f76a297beafa8,rustme/lllliliilI.class,494,238
6601940b0aa3c33913984c7bad96caff,rustme/IiiiIliilI.class,494,238
c6bec89fe20edc2661942f665967d792,rustme/iIiiIliilI.class,494,238
e1fa7dff9b3b7c5aef8c0f1a2156a904,rustme/lIiiIliilI.class,494,238
7a77aac75cb64387a43ae532becdbd45,rustme/IliiIliilI.class,494,238
803175d0343f48647cbd28d8b2a3271d,rustme/iiIiIliilI.class,494,238
0d619b59c09183ab7cd946e053cfa15f,rustme/liIiIliilI.class,494,238
5fc210efed8e0c2cfeaa70d74529a096,rustme/IIIiIliilI.class,494,238
70ffbcde135e27bbcbc708260e4f8c19,rustme/ilIiIliilI.class,494,238
7e1e352258e165ed11252738a2195753,rustme/llIiIliilI.class,494,238
266ceba0163ed4a535ceeac17e6241bd,rustme/IiliIliilI.class,494,238
d5ec53374deac6f6e29f8428e14cb68f,rustme/iIliIliilI.class,494,238
fa3ff08da12205f4d522051adddd9514,rustme/lIliIliilI.class,494,238
04038425ad62e5c92eecbe1a6bb2c8e9,rustme/IlliIliilI.class,494,238
28e5b2588a98230ee8f63710ad5026bd,rustme/iiiIIliilI.class,494,238
ab40127c532fba7162897349d3af5730,rustme/liiIIliilI.class,494,238
a91b42b126fd4f3781d7765ce9ff49bf,rustme/IIiIIliilI.class,494,238
d9d433985d0016703bdc208e551bb7a4,rustme/iliIIliilI.class,494,238
d6ea1c6d89862239bcfe9eccc93649de,rustme/lliIIliilI.class,494,238
c31bc074ecea8858995777aedf44e9e2,rustme/IiIIIliilI.class,494,238
d76f4f0a2ea2191bb825e27f189817b9,rustme/iIIIIliilI.class,494,238
e8d9421655e78b3c06829468f224bc20,rustme/lIIIIliilI.class,494,238
390c7c73289c57a67d5273e99562381f,rustme/IlIIIliilI.class,494,238
978bc7542b514bd3835dec3c836e265e,rustme/iilIIliilI.class,494,238
808aa37e231e2f5b70bfd8e7fc7683e6,rustme/lilIIliilI.class,494,238
a8b06032ca4cee4facfc298fb72f051a,rustme/IIlIIliilI.class,494,238
db8058ba5d23a7b4c71508c839ab4da6,rustme/illIIliilI.class,494,238
c022f424ec40cd3bfc15a06e3651f11c,rustme/lllIIliilI.class,494,238
9640fe42c8fd0ddba56ce1bf224e2e05,rustme/IiilIliilI.class,494,238
f77939f247bcd67701c6941a244a9383,rustme/iIilIliilI.class,494,238
6dbb1568034c69cb6de699a5e2006038,rustme/lIilIliilI.class,494,238
ba8a37236231ab9da88d6c68d8b88773,rustme/IlilIliilI.class,602,346
34b556f47d95cb602e5c5ccc0f592be4,rustme/iiIlIliilI.class,494,238
02de880611a284fc7ff21e728d577534,rustme/liIlIliilI.class,494,238
88d43b46e7f35adaa68c77fae8fe263c,rustme/IIIlIliilI.class,494,238
1bbd9a4409ec9efe71cf6405f0cc2d19,rustme/ilIlIliilI.class,494,238
4d25e4ee0ec51b3e791f9cb86af9a2e5,rustme/llIlIliilI.class,602,346
535745ff6aa188cf6b8f771725e45cbf,rustme/IillIliilI.class,494,238
1edb5d1137f3f342ed25038d9217c71a,rustme/iIllIliilI.class,494,238
085d3538497f21493a650f2cf186d9b6,rustme/lIllIliilI.class,494,238
dd5a4efcefed3b91f3c7885d0cd8d07b,rustme/IlllIliilI.class,494,238
50084e3aa5e03d323a2e719628f30675,rustme/iiiilliilI.class,494,238
ec7f2f284e9d99eb6e955523ba046433,rustme/liiilliilI.class,494,238
fb3ae30af3afd5b3a57cf4794c992732,rustme/IIiilliilI.class,494,238
209b84a45fc921ac9ccffa48335888ab,rustme/iliilliilI.class,494,238
7ce6af21c3393090a7549de95a79f736,rustme/lliilliilI.class,2762,2506
7591b11f1ad0c0e56d35ae8ce5dcbd42,rustme/IiIilliilI.class,494,238
d1f2f29cae9d1504f122c35acafccf14,rustme/iIIilliilI.class,494,238
e232fa6e6196a2ba403328779d8542d7,rustme/lIIilliilI.class,494,238
75f47fded58785853edaaadaf0679aac,rustme/IlIilliilI.class,494,238
ff469431231657ddedcd60de74ae6388,rustme/iililliilI.class,2708,2452
831c1458068eb08f95c57e0bfcfe9170,rustme/lililliilI.class,2492,2236
e143583a9552039fc2c4ed6f72dc6283,rustme/IIlilliilI.class,494,238
23d50301f2aa675d5fefd1bd13ded605,rustme/illilliilI.class,494,238
c6cc0730fe092b3e4f48ae72e45722c3,rustme/lllilliilI.class,494,238
b7d0ade8dea8fdf9fc4dd52769fa7203,rustme/IiiIlliilI.class,494,238
9b6f9c91affe039b68545b8ab3a2d7f0,rustme/iIiIlliilI.class,494,238
3864a00bab516497c6c84935348a921d,rustme/lIiIlliilI.class,494,238
d2a3e2c34170e0b03a1d26ada6af2464,rustme/IliIlliilI.class,494,238
267142cb814d18899960f37288c24ea1,rustme/iiIIlliilI.class,494,238
b046237fa3e1fa46f1203c40a43d6f54,rustme/liIIlliilI.class,494,238
70a865ad3a7af87d1837b6270c4a1a70,rustme/IIIIlliilI.class,494,238
fda1246457d390d122cde553efef8e05,rustme/ilIIlliilI.class,494,238
159df5ba9dd72dcf87cbcc07e4724460,rustme/llIIlliilI.class,494,238
912c1acb428336d8b3f84885edf00fa4,rustme/IilIlliilI.class,494,238
8a68aa40725ec7ef174f71f8d89d0afc,rustme/iIlIlliilI.class,656,400
400f47bc303fa85f123cc872705ceaf4,rustme/lIlIlliilI.class,494,238
6c75fa9aafa1855728e1f20aeb9630c4,rustme/IllIlliilI.class,602,346
708bec6f7b47e4969b38a48904a4aabd,rustme/iiillliilI.class,494,238
ef1e568f9934e46f10456a567c9314ce,rustme/liillliilI.class,494,238
3b9e298412d6e461037121bc51b6c242,rustme/IIillliilI.class,494,238
d6cf1e497b55e49132383f3100d92cd9,rustme/ilillliilI.class,494,238
fb9813bd5767b79e5e813d5c87f9eb50,rustme/llillliilI.class,494,238
35b3cbb66368adc1b4849ce2acfc27ae,rustme/IiIllliilI.class,494,238
7a697c0f69ea67a6341cbdb37f01cff8,rustme/iIIllliilI.class,494,238
afd0ba9720d88230e52462ae1bb13d6b,rustme/lIIllliilI.class,494,238
9d2dd2483e5a13270009a6fd829cabb3,rustme/IlIllliilI.class,494,238
a5472626bfc92364c60c766345e51b23,rustme/iilllliilI.class,494,238
27fdbb82754e21d778560f0020519e3e,rustme/lilllliilI.class,494,238
aeb75829e3b3940378b959bc16a8803a,rustme/IIlllliilI.class,494,238
9a1b5c6034ca1c119fc4339f4e713036,rustme/illllliilI.class,494,238
46e91c05481aead4ab220afe768cf5ce,rustme/lllllliilI.class,494,238
931839c7d433afa7da87d6b17d541cca,rustme/IiiiiiIilI.class,494,238
b09763ba6d972ad8c8e751bec9303138,rustme/iIiiiiIilI.class,494,238
e76ffd01935dbfee847c8dca87d764fd,rustme/lIiiiiIilI.class,494,238
f15b84071ca594c609f8375d18c58d79,rustme/IliiiiIilI.class,494,238
b7abe40854d4e687fd07a2d4c4e13374,rustme/iiIiiiIilI.class,494,238
fc08eb30bbcf8508b2401b2c26dd8366,rustme/liIiiiIilI.class,494,238
10871bcdb0bbe836f3115081690d80e2,rustme/IIIiiiIilI.class,494,238
aa746d16f166d842701ec9a2104566e8,rustme/ilIiiiIilI.class,494,238
964301c7bba9d3552923d7e4b9acfbaf,rustme/llIiiiIilI.class,494,238
5a69a2ed3fc1a2bfa2be477d3d672f8b,rustme/IiliiiIilI.class,494,238
fbd906297e51a48ab135557fd484ed17,rustme/iIliiiIilI.class,494,238
e520a82aee2c30100ee17bb414e25cc2,rustme/lIliiiIilI.class,494,238
c90e32a80717d7a9adee19003440c98e,rustme/IlliiiIilI.class,494,238
1823723fc8bf5d8664b0ec1334bb42db,rustme/iiiIiiIilI.class,494,238
609a585ff49a4b75c73ceb4a56c22ed4,rustme/liiIiiIilI.class,494,238
2c07ddd8d17b31b370df893d0db4627d,rustme/IIiIiiIilI.class,494,238
a0137e8d25e12480406e56147f7bb23e,rustme/iliIiiIilI.class,1466,1210
d1f99942a30041c1c898b95136f996f3,rustme/lliIiiIilI.class,8054,7798
9f5869a70c873555a56aa13095bfc465,rustme/IiIIiiIilI.class,1304,1048
f54705fbae3487c274fdfb62e348effd,rustme/iIIIiiIilI.class,494,238
6e078385b61a4ecd2f03abe9fb2b5a79,rustme/lIIIiiIilI.class,494,238
8f6e72f6a556bb8fff3f1f0675fde863,rustme/IlIIiiIilI.class,494,238
bbb24fe55782e9aaf7096c12dc73dd0f,rustme/iilIiiIilI.class,494,238
77dd577733da7e21d1f8d952052e95d9,rustme/lilIiiIilI.class,494,238
643b12188dc1bf36a97634eb13b31495,rustme/IIlIiiIilI.class,494,238
1282c40497ab11890f68208e3b2f0f92,rustme/illIiiIilI.class,494,238
39c933201ae199b6525ec1b3c2a17315,rustme/lllIiiIilI.class,494,238
a2e77554933ea80b91898de72ef9cc87,rustme/IiiliiIilI.class,494,238
123f6c83b82befb22e83fff49ea83120,rustme/iIiliiIilI.class,1628,1372
3fb328e3c1edd35a7936c40a8d601943,rustme/lIiliiIilI.class,1034,778
d21a83c194983cf45efe9907b5377983,rustme/IliliiIilI.class,926,670
b8bbc8a4038adc566ed4ff04036a3823,rustme/iiIliiIilI.class,494,238
ef52df727b3972da7ec410ab9b6a4c02,rustme/liIliiIilI.class,494,238
7b7787f15189c34fd0473a63922d6c48,rustme/IIIliiIilI.class,494,238
90e9071e6cb5cd18d2377bbb75dbefc0,rustme/ilIliiIilI.class,494,238
7eebb0568a298a5d60a47f7e8c30bc27,rustme/llIliiIilI.class,494,238
d07a7a998898950a596266589812e4b6,rustme/IilliiIilI.class,494,238
d343745da84aa58413d6fc7a84aa71ed,rustme/iIlliiIilI.class,494,238
73f451988dc2889cec2b8dc056836c72,rustme/lIlliiIilI.class,494,238
a3ca7641d66083af56a07236831f375c,rustme/IllliiIilI.class,494,238
c556d0f17963addc8718ecf40dff2915,rustme/iiiiIiIilI.class,494,238
58a02b9edd70f2556055a0f5d6eac4f3,rustme/liiiIiIilI.class,494,238
45c2f0deb433383d38dc8f5eb622b418,rustme/IIiiIiIilI.class,494,238
63cbb20204dfbf21ab0dbb863649c0e1,rustme/iliiIiIilI.class,494,238
12c805b110c845cfd17a79607371fa20,rustme/lliiIiIilI.class,494,238
b31058c070943af6422855ea20fe8553,rustme/IiIiIiIilI.class,494,238
47349472cf6c89c4e3aaa4f085e68126,rustme/iIIiIiIilI.class,494,238
e14ed7c60cab25d2bf71930791dbcbac,rustme/lIIiIiIilI.class,494,238
a6e1a6a47d5046704f28855b4fef7ce7,rustme/IlIiIiIilI.class,494,238
8f4db9d24a783851a2b333ff15d4c18c,rustme/iiliIiIilI.class,494,238
d245d8f01ea02ba78b2f1302e806e513,rustme/liliIiIilI.class,494,238
24d2d48f356b2fb58a560491e05d3aa3,rustme/IIliIiIilI.class,494,238
ececc7cf8ac846064ec7d5b38c8c039a,rustme/illiIiIilI.class,494,238
24fc896899166c97acab7588acee647c,rustme/llliIiIilI.class,494,238
b17cd6df3cca04cb9f75ec722b5f76a9,rustme/IiiIIiIilI.class,494,238
b4243ee82d0c0a7d79d3264d06a7bc6c,rustme/iIiIIiIilI.class,494,238
a6c8997af410a279af1f191c02a6a4aa,rustme/lIiIIiIilI.class,494,238
4f471c2300b6fcfe01cf99d865268b63,rustme/IliIIiIilI.class,494,238
295b4171207f476c5f48b2f542ae7dc4,rustme/iiIIIiIilI.class,494,238
1bf41840ab63a42d40df3bbcf9c6615b,rustme/liIIIiIilI.class,494,238
6ac2c8ece0567276f24577e211fb1501,rustme/IIIIIiIilI.class,494,238
e2e54da6f1b1dc2c01270951305c93aa,rustme/ilIIIiIilI.class,494,238
b905677e45c584c76192666cecf81932,rustme/llIIIiIilI.class,494,238
c03c4e540365cf6f65d6043a92427806,rustme/IilIIiIilI.class,494,238
b431f742b5194742308efb10b3333403,rustme/iIlIIiIilI.class,494,238
a2188b099295f8adefb14c8590f617c7,rustme/lIlIIiIilI.class,494,238
e4c50d9a6dd7c5ed85b0273e8132e256,rustme/IllIIiIilI.class,494,238
810ea58174f84ea164de32f39a86d45b,rustme/iiilIiIilI.class,494,238
b6f4824e7746ca1271f5ae8d9811374f,rustme/liilIiIilI.class,494,238
be6c936374dc9eebadda25a5e30140c7,rustme/IIilIiIilI.class,494,238
35f8c9bbc75ca4bf85fb9b017fe32c33,rustme/ililIiIilI.class,494,238
ee2446f3ae0be6ecee6e0d2095cd2848,rustme/llilIiIilI.class,494,238
43746da336964f71b81d07bf552a8561,rustme/IiIlIiIilI.class,494,238
bc1683dd95bb724ad2e5d2fa101f61c4,rustme/iIIlIiIilI.class,494,238
9d834f78c9c1c228511740cce0fb36d9,rustme/lIIlIiIilI.class,494,238
9da12f72287af7a5ebb3b3d05b49f497,rustme/IlIlIiIilI.class,494,238
8dcb2040cc08eead3e23cd6a44cfa93d,rustme/iillIiIilI.class,494,238
fdd69cff67d0bee853e9227c46d5f69f,rustme/lillIiIilI.class,494,238
097cb623f455fcfcca385368c5b7b1fa,rustme/IIllIiIilI.class,1142,886
3c64afd09b119abf3bda08837d747e26,rustme/illlIiIilI.class,494,238
36ce6733de5ee9deea42c58338c7cc4d,rustme/llllIiIilI.class,494,238
f1945be78661f3b7413980eb5400d8c1,rustme/IiiiliIilI.class,494,238
98e2a5271184f7ffe3c0a5bfd233d7c2,rustme/iIiiliIilI.class,494,238
0cb1b1933636ce7b02ab2f125cb254d4,rustme/lIiiliIilI.class,494,238
e17513b8f2b5a6f2d190cc8452500553,rustme/IliiliIilI.class,494,238
8ee01ee5c7954b3e3c9a83525add2f13,rustme/iiIiliIilI.class,494,238
792bd28b09eb4cb7c5859864e272797a,rustme/liIiliIilI.class,494,238
a73754461a9634b12e60e0d33ca5ba94,rustme/IIIiliIilI.class,494,238
9c386db7102c89369eff387c9054061b,rustme/ilIiliIilI.class,494,238
4f96611a7a4c20ef3af5a8a555199d7c,rustme/llIiliIilI.class,494,238
e49c65112825b575f01f6ef5f95e8487,rustme/IililiIilI.class,494,238
31f4c15efb1d530e1b58d992c09a4983,rustme/iIliliIilI.class,494,238
440cc9d7c8ed9e45e5349aeea2fa2ae9,rustme/lIliliIilI.class,494,238
9307c3ae97d0907f1f90308379644762,rustme/IlliliIilI.class,494,238
359046a79afcb5feb18c2f35e26a83a1,rustme/iiiIliIilI.class,494,238
3d24e8cb8a6e70f66b1cdbf10073cc31,rustme/liiIliIilI.class,494,238
093d1c14b0da9a4d46f0eaa03f53c6bf,rustme/IIiIliIilI.class,494,238
6f0fbd8cc3edea97b9ab3a02fa0841eb,rustme/iliIliIilI.class,656,400
2d679e43a2971baa3351046821ad11e1,rustme/lliIliIilI.class,2870,2614
37a77f46a350a42410c43f4f661e6a89,rustme/IiIIliIilI.class,494,238
33984617173dc53d835c92a4893279eb,rustme/iIIIliIilI.class,494,238
8d18827d85927119d1df50997ec5bf3a,rustme/lIIIliIilI.class,494,238
645357be8dabceeb05d37b5220bdb0b8,rustme/IlIIliIilI.class,494,238
632f546917b61150b21d4dabaabef3f2,rustme/iilIliIilI.class,494,238
e4bd2dbe675b7ca1d99d81576e6927f0,rustme/lilIliIilI.class,494,238
594498223da9843742cff44ba303e262,rustme/IIlIliIilI.class,494,238
479336993fcb1c4f5e36fdb438bd7791,rustme/illIliIilI.class,494,238
c64320339592b5d2a87542cb3a27d5c8,rustme/lllIliIilI.class,494,238
c38805ee33d18f6c2b5d852a3333de97,rustme/IiilliIilI.class,494,238
3ec47a90b65e743eedaf069d33278505,rustme/iIilliIilI.class,494,238
d54d8ef02394e7536329164785d094cf,rustme/lIilliIilI.class,494,238
e9bcd6a459a491e3311889efedf73c57,rustme/IlilliIilI.class,494,238
bd3d415dfd1e93f1a425382b39a357ae,rustme/iiIlliIilI.class,494,238
fdf2cb4ecccb9305d7e00e5f623bd520,rustme/liIlliIilI.class,494,238
6107bf0a9e124a432652cb0149bff847,rustme/IIIlliIilI.class,494,238
fd644162f41a901e885a46b16d33c36b,rustme/ilIlliIilI.class,494,238
7d1300b9988cbdf8e5216d5cfe9d6315,rustme/llIlliIilI.class,494,238
ac1d154a0cd9e58320902fb89f81b26c,rustme/IillliIilI.class,494,238
b6599685881588af37a2d1641b14f69e,rustme/iIllliIilI.class,494,238
146dcf47d0283c686e50cb1790b6da7f,rustme/lIllliIilI.class,494,238
459c050f180a2432d41e608e239e2618,rustme/IlllliIilI.class,494,238
267444e8fd0d9391271b4332a9c78f51,rustme/iiiiiIIilI.class,494,238
74746c99e5bf317f1c4b0042ba20e7ab,rustme/liiiiIIilI.class,494,238
9e1ed7a653ba590f88a6161fe6ae74d4,rustme/IIiiiIIilI.class,926,670
8c1b6eab6194ebf26b2c61a547042575,rustme/iliiiIIilI.class,764,508
3c50bb524dd5d6c5482e3176c4f47d0a,rustme/lliiiIIilI.class,494,238
c98ed355ecf1aeba0589f514e43dc1ce,rustme/IiIiiIIilI.class,494,238
b5b8d0c85dbe4c7378929ba840d029f4,rustme/iIIiiIIilI.class,494,238
5f5984c428d50c9c2265fa55303b5bf4,rustme/lIIiiIIilI.class,494,238
7fd86d7900586396bb2b8c3251f9488c,rustme/IlIiiIIilI.class,494,238
14bbfa61bf1217f1c14a313f3f28b4dd,rustme/iiliiIIilI.class,494,238
a20e6faccc3bc1e9d8400e78ddb85efb,rustme/liliiIIilI.class,602,346
35807bae0e40ec03ad5682bb70e23542,rustme/IIliiIIilI.class,494,238
6ced7c049e84cfabe3b55a028f6d5442,rustme/illiiIIilI.class,494,238
9096e196f30ed85c8e306f0b49f0e756,rustme/llliiIIilI.class,494,238
b3f3c6671365cd0656b35f92ed5a95f9,rustme/IiiIiIIilI.class,494,238
3c3fb4d875bfc7a38edbb20b26f4d762,rustme/iIiIiIIilI.class,494,238
35b2e07f59b5f73c3f461007cffa6663,rustme/lIiIiIIilI.class,494,238
9777f2cd3f031f278891d4e53a397860,rustme/IliIiIIilI.class,494,238
1f725ddf309d684b0f538abdfc988e24,rustme/iiIIiIIilI.class,494,238
e29eefb9dddbdcb5d05468d25626f1cc,rustme/liIIiIIilI.class,494,238
71e8fab8aff305d3842d7f9314a60695,rustme/IIIIiIIilI.class,494,238
130588f416ceb64d10ad443f0ee715aa,rustme/ilIIiIIilI.class,494,238
470fbbeb1f65a4cc5fca1748ea566403,rustme/llIIiIIilI.class,494,238
4d7ab6efc2b6fc95a78fb9e246f51865,rustme/IilIiIIilI.class,494,238
03c935a30b1b375229d9a31b36b9197f,rustme/iIlIiIIilI.class,494,238
4f20c6e0fdd131028e55e0ed80140ca6,rustme/lIlIiIIilI.class,494,238
2303555a1bdf261f47afd80b4cf75b90,rustme/IllIiIIilI.class,494,238
df5b4fdde0984d37d813428acd42d279,rustme/iiiliIIilI.class,494,238
818c60a480437eaf3b849e7ae61fc0c4,rustme/liiliIIilI.class,494,238
abab2b92f5cdf0280fc6679bd674364a,rustme/IIiliIIilI.class,494,238
4bc2b143c60cef18eb8134db17991f06,rustme/ililiIIilI.class,494,238
58ca53b8664e764303f4a5fcb2a6163a,rustme/lliliIIilI.class,494,238
4f27f1d0c8ed87f8097da4ed025273bb,rustme/IiIliIIilI.class,494,238
3eda4b90216c3f287d1de0bb87c23ce3,rustme/iIIliIIilI.class,494,238
305ed514ab7eccfbf3176d63096fd06e,rustme/lIIliIIilI.class,494,238
730a57ddb0aba32e57a5e897959dabd2,rustme/IlIliIIilI.class,494,238
040ae1f90d6acf654b21bd088669565b,rustme/iilliIIilI.class,494,238
6e050b6851898c0c7d074cdd901e9bcc,rustme/lilliIIilI.class,494,238
7fda1fdfe82ae7027d0a66d43ac3f4f0,rustme/IIlliIIilI.class,494,238
1112fe9327831e1bce4fcb2017687dbe,rustme/illliIIilI.class,494,238
3ab2e672322473939aab8c2b9add198a,rustme/lllliIIilI.class,494,238
767c1f6be9fe8a8e9fb06b05d2de84d1,rustme/IiiiIIIilI.class,494,238
530d79bd28ca6e28d6561edf8474c52d,rustme/iIiiIIIilI.class,494,238
01b4d4afdc013f78f57f128bea330b46,rustme/lIiiIIIilI.class,494,238
2492de3ccdc70d14539a63269fddddb3,rustme/IliiIIIilI.class,494,238
0be87130c04e9e5284e68b33148facec,rustme/iiIiIIIilI.class,494,238
dc4f25a6d4db14eadd60577324dfd9f7,rustme/liIiIIIilI.class,494,238
587362b3088be3a33519261a0bfbf135,rustme/IIIiIIIilI.class,494,238
8ca889098e2db1a513c83e2a907e15cc,rustme/ilIiIIIilI.class,494,238
b3107ecb149b708fb85bf6e66ecd577b,rustme/llIiIIIilI.class,494,238
75c7d63d5016f219fc118635edb34b2d,rustme/IiliIIIilI.class,494,238
c17423be3299d4d6f3f125f3f4037d51,rustme/iIliIIIilI.class,494,238
d495830a26752a27f255318398a11e7b,rustme/lIliIIIilI.class,494,238
3f4091d363abe2bbe718a9e394ca8722,rustme/IlliIIIilI.class,494,238
81f97096faf90af0dbd93399c9bb5603,rustme/iiiIIIIilI.class,494,238
41a0012df804f4fd4521c75caa4c966f,rustme/liiIIIIilI.class,494,238
00410358a85e31a4c9181a99b85018db,rustme/IIiIIIIilI.class,494,238
2737644c67433715f8f40540513f2203,rustme/iliIIIIilI.class,494,238
916487fff821ce592cbdb490cad676e8,rustme/lliIIIIilI.class,494,238
7fa729d3ca4ae02dddb542229415002a,rustme/IiIIIIIilI.class,494,238
a4cf8aa79126d2df917e8aa380e018b7,rustme/iIIIIIIilI.class,494,238
8b229ca105d6b03c50906d1114bf1874,rustme/lIIIIIIilI.class,494,238
f0260d5a484c1d6cade03f15466cbbba,rustme/IlIIIIIilI.class,494,238
2e71fcf1d42639f7a39c92be764e5e8b,rustme/iilIIIIilI.class,494,238
4e630c3f2ea572b1559e445ed7c9b41a,rustme/lilIIIIilI.class,494,238
1ef693c1ae39e0639d8c890453cd233d,rustme/IIlIIIIilI.class,494,238
f3b074ef000ea629f6a73da06b2ce663,rustme/illIIIIilI.class,494,238
27e5d449583303c32d43e0d5bd4a7522,rustme/lllIIIIilI.class,494,238
6f0782b9a092ddfb2d14d7aee74454bd,rustme/IiilIIIilI.class,494,238
fa7d2ab858ac8a3545218e53132f4eec,rustme/iIilIIIilI.class,494,238
4940f72d49acd61546c4fef12c51c9b3,rustme/lIilIIIilI.class,494,238
21c42faf760c0dab203c10b012f9fdd5,rustme/IlilIIIilI.class,494,238
1bbbda9c72ffa52f3d1349cd6eaf80f6,rustme/iiIlIIIilI.class,494,238
8477bf03c300b4ca3281e6e2cc35c026,rustme/liIlIIIilI.class,494,238
587a51e5113979d782c991af1ae46444,rustme/IIIlIIIilI.class,494,238
d45aa01f36849fc9079ebbb558ec9e11,rustme/ilIlIIIilI.class,494,238
bc20cdd4e33bb53b0eabf1d9c910be53,rustme/llIlIIIilI.class,494,238
9abec09d6e4d47f1ae9720d1d00962fc,rustme/IillIIIilI.class,494,238
8f4edbc84c23ef2cd6f197307f601791,rustme/iIllIIIilI.class,494,238
fa8dba2b22de6000286f23d2ab4dccfe,rustme/lIllIIIilI.class,494,238
a6012b8a234de9423a802df40c4068a2,rustme/IlllIIIilI.class,494,238
bff89a2b3e6afa5cee3bbf8fc3b9d35c,rustme/iiiilIIilI.class,494,238
df3359f8257d9cd0489f06b379898799,rustme/liiilIIilI.class,494,238
84b64cfc9d8fd5c10bc05f69907a1845,rustme/IIiilIIilI.class,494,238
f04e095d582672fdc396f00be948c5db,rustme/iliilIIilI.class,494,238
2a32fdb9174c52a393ac0ad25e8bae17,rustme/lliilIIilI.class,494,238
ba6c2396e2e8cd23ed64ecca9b8fd351,rustme/IiIilIIilI.class,494,238
66d282cb4a996ed49b8f17b0f8e3f17c,rustme/iIIilIIilI.class,494,238
c162b0437531efe076d738c81f73d4a3,rustme/lIIilIIilI.class,494,238
c192b7a0f3d3864fc265c05fb5562045,rustme/IlIilIIilI.class,494,238
a9ddffe53209d43b9b5b9d0e4033ce9d,rustme/iililIIilI.class,494,238
48e99560523106a47ba7d301eb288e76,rustme/lililIIilI.class,494,238
d8f1846f8312c8c593e775c9a642bab8,rustme/IIlilIIilI.class,494,238
8be74b47f0f4b73bc186b1c75ee46eec,rustme/illilIIilI.class,494,238
0ffd92aed2f28688d0c76de7b424df1b,rustme/lllilIIilI.class,494,238
d6a175916baec9d9ff2994ee5cdcb2da,rustme/IiiIlIIilI.class,494,238
f64871fc227be1eb4c9d7e6fc52fb186,rustme/iIiIlIIilI.class,494,238
64f2efb31b6add1730c5f1f456e0725e,rustme/lIiIlIIilI.class,494,238
ba41787694422fdbc67ae2fa74e467b1,rustme/IliIlIIilI.class,494,238
d132ffedc92e26b63bfc2b33b4ebe88a,rustme/iiIIlIIilI.class,494,238
2c493e8c70d00d8479113a408f7b59c9,rustme/liIIlIIilI.class,494,238
f8ef0ed049d43f9f09206803a7f7c6f3,rustme/IIIIlIIilI.class,494,238
cf9d7bc406555cd14b43f6ce04f15077,rustme/ilIIlIIilI.class,494,238
c996e8347a9b9349f4e69fd6724805fe,rustme/llIIlIIilI.class,494,238
2f68a0f28f2601a93f0f1074d905e5d8,rustme/IilIlIIilI.class,494,238
7d1dcb193ca68afbdf761251f7ef7b12,rustme/iIlIlIIilI.class,494,238
62667733a0fc7d7591d1564e7d7f7df0,rustme/lIlIlIIilI.class,494,238
7a268e1f55f4159b0b8c335e61e7e686,rustme/IllIlIIilI.class,494,238
f9e585da6f03766a0036774a9970717d,rustme/iiillIIilI.class,494,238
3f251d794a2382258ab6831e3ac466a1,rustme/liillIIilI.class,494,238
e1ea4dfeb4f37a1fcb90b81b9d739927,rustme/IIillIIilI.class,494,238
47d021393b96a701c4d41bc87f094f96,rustme/ilillIIilI.class,494,238
175989fb35a42a3592f093398aad4668,rustme/llillIIilI.class,494,238
c584c8cb8b511ca75d6c19604a5f18ee,rustme/IiIllIIilI.class,494,238
bb1d31c5972b0530bf3bf7a3ce4a0cf7,rustme/iIIllIIilI.class,494,238
5b749f4821e778c03ddbf6ce9ea86ace,rustme/lIIllIIilI.class,494,238
455e892ea6f7b3536854fb76804d91e2,rustme/IlIllIIilI.class,494,238
796f6974e3c3b82ab5c9e2c8f654c53c,rustme/iilllIIilI.class,494,238
b7e02d4d54b533425d1490719fae4d3a,rustme/lilllIIilI.class,494,238
4077a4c9909bade2a0164cc16f34c8e6,rustme/IIlllIIilI.class,494,238
50b57d8b8881eb3785efb6095d8d5567,rustme/illllIIilI.class,494,238
7f25b948c8ee50ac289001364c4c4a2d,rustme/lllllIIilI.class,494,238
d228fe404587eb0c81670ddda44af4cb,rustme/IiiiilIilI.class,494,238
0a9d38ada1e86160901c3205e5846ec7,rustme/iIiiilIilI.class,494,238
96dfcd0b93784cd94692e7d38a85e6ff,rustme/lIiiilIilI.class,494,238
24c602c1a68a32fc784e660fe2dcf387,rustme/IliiilIilI.class,494,238
562703689b3e33e2f2c20c10f8e1b9b6,rustme/iiIiilIilI.class,494,238
773af3de2a4219e95402436b11d0adcc,rustme/liIiilIilI.class,494,238
ddd300b3c3dd6cd3d4f524d82cca6200,rustme/IIIiilIilI.class,494,238
40624af325199d5de8313c53585354ef,rustme/ilIiilIilI.class,494,238
95aa83ac5c12ff6976efbfae76f2ba1c,rustme/llIiilIilI.class,494,238
42823febc0fecf236f1244adc0495af4,rustme/IiliilIilI.class,494,238
289c2a684b9c9d72e79e1cae9f2ba130,rustme/iIliilIilI.class,494,238
30190c189284541fc36e68a267619321,rustme/lIliilIilI.class,494,238
fb9519e3b3d86f177b033a0f62719c1a,rustme/IlliilIilI.class,494,238
dfe2f9147be74da68f1f58335f84aa51,rustme/iiiIilIilI.class,494,238
a6b0720831ee3d1f3f3593e44346a314,rustme/liiIilIilI.class,494,238
0067fc575031339b9dc3f8698976a0ce,rustme/IIiIilIilI.class,494,238
36cde0aa36aab8ca24089f3b8dc54741,rustme/iliIilIilI.class,494,238
2e213449a99341a8045a197e2d165148,rustme/lliIilIilI.class,494,238
afae6682b20067027c81b250a3b6fa6e,rustme/IiIIilIilI.class,494,238
d80984bf914f661018c3bcdad51f2fe6,rustme/iIIIilIilI.class,494,238
448ec84594b3dfe6e3defb37dd6b13f9,rustme/lIIIilIilI.class,494,238
545c213d267fb55820f9124b20e2cf09,rustme/IlIIilIilI.class,494,238
2006c4af930e8ce2e7088b141503d79d,rustme/iilIilIilI.class,494,238
56eb12145b3a99accb9b63238b69103d,rustme/lilIilIilI.class,494,238
1f894288b531efbdef959db9742e0eec,rustme/IIlIilIilI.class,494,238
f813c4241814c2524e0a8ec0d3735086,rustme/illIilIilI.class,494,238
db44a750ec64b041f581c08b0fa62e27,rustme/lllIilIilI.class,494,238
34dae27713fe4f2affbc0a33f204df4d,rustme/IiililIilI.class,494,238
c235ae6e25a480ec59d1916f56c1b4e1,rustme/iIililIilI.class,494,238
f41e37e6d80a620a9f954284b1c70ef9,rustme/lIililIilI.class,494,238
a6dcf023fe1b35c1c6bb7eb726bb653c,rustme/IlililIilI.class,494,238
0a045fec619dddcb018b58de2760a2aa,rustme/iiIlilIilI.class,494,238
8d1f4f1cf705ad98dcdc903f1c445311,rustme/liIlilIilI.class,494,238
f86265c119341375f2cb6a19dd7433cf,rustme/IIIlilIilI.class,494,238
87032448f6abd94363c3c381aca0831c,rustme/ilIlilIilI.class,494,238
1d99f40066d688da03ed98dbb1c40e13,rustme/llIlilIilI.class,494,238
8b31a056a9ec989b7658d091c0f49674,rustme/IillilIilI.class,494,238
ddfe41c1d9251f6cfb78e4083e0d3690,rustme/iIllilIilI.class,494,238
576e59602033ee105d75156d3d957ce5,rustme/lIllilIilI.class,494,238
2759d4f298d95eef8f482c161e6f00fd,rustme/IlllilIilI.class,494,238
74850f563489ada29281ce0d813cbac2,rustme/iiiiIlIilI.class,494,238
0fbd88db59437cebeb0812f67b63f470,rustme/liiiIlIilI.class,494,238
a6650b8fbfede6d583d51d7b0be146b9,rustme/IIiiIlIilI.class,494,238
86e10d01a26c38a3bfa4c46a35a4a80c,rustme/iliiIlIilI.class,494,238
d6d95715b323c7c64f295a363d824014,rustme/lliiIlIilI.class,494,238
34bd6f44a69ef4d7b477f6de4bce15b0,rustme/IiIiIlIilI.class,494,238
abcf0dddc9d9ba5849597dbbfc0629b1,rustme/iIIiIlIilI.class,494,238
27821f91140c748637050ca9c8a18297,rustme/lIIiIlIilI.class,494,238
1fdb3353e28eaec37016e8472e2cc47f,rustme/IlIiIlIilI.class,494,238
44c89c97f9f6e3ed3a3ece417c5d80a8,rustme/iiliIlIilI.class,494,238
88517a9ff4263eb774801c792bc9881f,rustme/liliIlIilI.class,494,238
08e1b0a478ef045a3315cf90e29b5f54,rustme/IIliIlIilI.class,494,238
43c8fa8868f98b1b09e12939091f6828,rustme/illiIlIilI.class,494,238
9099e6b093689c616ec173fbf0d3e16b,rustme/llliIlIilI.class,494,238
ce32e1431460e412624080e8b774c233,rustme/IiiIIlIilI.class,494,238
6eee89dc4e0baab5c148cff29d74a19e,rustme/iIiIIlIilI.class,494,238
cef3aed97c06d84f873c95b68e09a694,rustme/lIiIIlIilI.class,494,238
03de1b3ec53a38b1f036b1408b39c311,rustme/IliIIlIilI.class,494,238
0bee5f82a97754fc4ebb7ae8c01dbff4,rustme/iiIIIlIilI.class,494,238
291276687f286e97df41c666a9b857a6,rustme/liIIIlIilI.class,494,238
8babc4e0e6071bceebd81fd08f46d788,rustme/IIIIIlIilI.class,494,238
7c6ccd531c5e6095c4aad822a06d787a,rustme/ilIIIlIilI.class,494,238
61fd929c214918536b955350437be39a,rustme/llIIIlIilI.class,494,238
6fb8e8548b6a3b9b2e208615a55009d6,rustme/IilIIlIilI.class,494,238
8946eeb63c3868453a424cf18966f3ec,rustme/iIlIIlIilI.class,494,238
22e80b734b912a03814cbb167720fba6,rustme/lIlIIlIilI.class,494,238
bf316f7f394e8ef1a19f4e050d3c07cc,rustme/IllIIlIilI.class,494,238
9e48541e5ca924e318dd852970472a8d,rustme/iiilIlIilI.class,494,238
72b2dbd0157634c0216d69b71f8b3ebc,rustme/liilIlIilI.class,494,238
1bacc865c8deb141fecf57e4a7f34c8f,rustme/IIilIlIilI.class,494,238
e09034031aada74717b2086a93b0884d,rustme/ililIlIilI.class,494,238
d4a0ae95d947f3317382d99a59cf6d10,rustme/llilIlIilI.class,494,238
28b28948f3e32b4e2bd3bbb8e47099a2,rustme/IiIlIlIilI.class,494,238
7e02281e740bd8f07afd90ec7639b1f3,rustme/iIIlIlIilI.class,494,238
2c7c5ce3da596609d9e72d62e81d46d2,rustme/lIIlIlIilI.class,494,238
79ab8a467c16fe120a7c234bf260459d,rustme/IlIlIlIilI.class,494,238
23775c32c3044eef2b1c59ea81ec342a,rustme/iillIlIilI.class,494,238
8a76a50be84e10cd876ebc34033a0c55,rustme/lillIlIilI.class,494,238
2b9d71836799dca8f29ecc9778d8efbe,rustme/IIllIlIilI.class,494,238
7d12b64d6ba018f8a78f496c019d1789,rustme/illlIlIilI.class,494,238
f00eb6d39b336d81ad7c96c0aa3de30f,rustme/llllIlIilI.class,494,238
24fcca0f6bf59cc9220c005cbb218e36,rustme/IiiillIilI.class,494,238
6c0a76b17bfe8b2816fc2d51e542aba1,rustme/iIiillIilI.class,494,238
050ef0225e9b24ab26bb1488872460a6,rustme/lIiillIilI.class,494,238
0496d587b10605ccd9e19bed80efcf61,rustme/IliillIilI.class,494,238
ef9c03c742a3790324993aee4cc554c1,rustme/iiIillIilI.class,494,238
8246e9b7a03c2662e1c6b32e8c5b496b,rustme/liIillIilI.class,494,238
91862a9cdcf3451e19a735255065e997,rustme/IIIillIilI.class,494,238
48c399b6828e574ca9de71fb9e5838d8,rustme/ilIillIilI.class,494,238
57242e144c88dc9657890a0606d5549c,rustme/llIillIilI.class,494,238
20f58cf19047103e5230f66d8c31e11b,rustme/IilillIilI.class,494,238
1267b57be6f4df32f81777d50c071c85,rustme/iIlillIilI.class,494,238
8904bf0eae56be8eb2bbfda10a7272a0,rustme/lIlillIilI.class,494,238
8c11d6f7300d69ff79d6fd2a1786e081,rustme/IllillIilI.class,494,238
9b7df3110a59771e500828e1772618a0,rustme/iiiIllIilI.class,494,238
2d5e77c8bd7a305c87b45bb55f1285db,rustme/liiIllIilI.class,494,238
1ea901708109fa1251143cb10dcc3418,rustme/IIiIllIilI.class,494,238
7009a0a94ce8eee93df2eb93367442a1,rustme/iliIllIilI.class,494,238
bf455da12f80ae04fe6236697f54d9e0,rustme/lliIllIilI.class,494,238
82c4e283693e77f63a40b234b670f15d,rustme/IiIIllIilI.class,494,238
d045684d1c34640ab42c942ce5722ba2,rustme/iIIIllIilI.class,494,238
c88adc72377b08c4f7467f5f1979e470,rustme/lIIIllIilI.class,494,238
d2558b48dc46fe064a023c74be399300,rustme/IlIIllIilI.class,494,238
9ce22bc0e10a281dba675e242326f4da,rustme/iilIllIilI.class,494,238
d6040ec6a17b5a86846fa381fc91b0ae,rustme/lilIllIilI.class,494,238
1cf5fd4c54e88d642bf132cfd9c4e9e8,rustme/IIlIllIilI.class,494,238
a56439d27d549b61ef830fb13363e94b,rustme/illIllIilI.class,494,238
f249f1c03799fec3f7509670697a0077,rustme/lllIllIilI.class,494,238
ba047aebef3bd810d13cff9c85313930,rustme/IiilllIilI.class,494,238
bcbb2598780847f696f98202b6821234,rustme/iIilllIilI.class,494,238
4d601109728fe1c7dd32f5f557a73144,rustme/lIilllIilI.class,602,346
fa990f6ee2ded3a12c42460c34a51e3a,rustme/IlilllIilI.class,494,238
955fc349295282d3c6770dd1c375604f,rustme/iiIlllIilI.class,494,238
54e0b8aa0aff6f2b81e0536d2d6a2a7e,rustme/liIlllIilI.class,494,238
3882895c94cd4ea613b404f332fec4c8,rustme/IIIlllIilI.class,494,238
909f4a5ae81e3bf8e4875cde0ac67e62,rustme/ilIlllIilI.class,494,238
18366f4af214575ff555ef22613752dd,rustme/llIlllIilI.class,494,238
6ae036529dcd766e8095522af9542834,rustme/IillllIilI.class,494,238
2557d732ce162277af8198552a29fdf8,rustme/iIllllIilI.class,494,238
86b23e13272daea80b9dec9dc3862822,rustme/lIllllIilI.class,494,238
25688e5bc8e5334af5b0dd03427b2b8a,rustme/IlllllIilI.class,494,238
acaa4451be911e58aaba87f15e0171ec,rustme/iiiiiililI.class,494,238
03975613531d3588596b6373cf0e7bce,rustme/liiiiililI.class,494,238
6e8c49823438cf8090865a3ec35a9f74,rustme/IIiiiililI.class,494,238
8b24804803e16a684821e25f5e7acd7b,rustme/iliiiililI.class,494,238
35fb2e57247176878158e571c89f99e2,rustme/lliiiililI.class,494,238
a050923ebfd3fd2bbfd65296110268f6,rustme/IiIiiililI.class,494,238
11a43ef2644e56aafcb849d86271cf57,rustme/iIIiiililI.class,3572,3316
5eaadffd6397122121188ff03babc98d,rustme/lIIiiililI.class,548,292
65b6a11c635407de410926fdb2ca3e68,rustme/IlIiiililI.class,494,238
77ad317e8f49a841d7ce366438c00d01,rustme/iiliiililI.class,494,238
e82fd907f87e733d9248ebc3f34dcdd2,rustme/liliiililI.class,494,238
119faa5f7384f337bf4e49bdf969c3b0,rustme/IIliiililI.class,494,238
e114a46531e749b1d6ddc6c121a9697b,rustme/illiiililI.class,494,238
4e198f6a1feecbacdb3c0b3873529729,rustme/llliiililI.class,494,238
fd21568dba215aadc7325cc4d3a84a54,rustme/IiiIiililI.class,494,238
3be36a1109c2a8017890b04a6b5b2105,rustme/iIiIiililI.class,494,238
17c338a71afed80ee026357aeb16661c,rustme/lIiIiililI.class,494,238
7517cdab94b5d6e1ae6f94ad0951265e,rustme/IliIiililI.class,494,238
13440697b0ca7ba955a1a339c915146f,rustme/iiIIiililI.class,494,238
f1cbb7fd1ab50675d3897d49869f2db1,rustme/liIIiililI.class,494,238
0edf6cf42721fd6c48082de5243990d1,rustme/IIIIiililI.class,494,238
e821ad16a17034689c121443b6cfefdf,rustme/ilIIiililI.class,494,238
add6ab8889154b30e203a001cec4eb12,rustme/llIIiililI.class,494,238
a9987e67273f8cfbb597e196728ce24e,rustme/IilIiililI.class,494,238
8d0303bc15158d9fa228753129ba777c,rustme/iIlIiililI.class,494,238
703fa0d9d28b2c6b1d5029fc5a72b5ef,rustme/lIlIiililI.class,494,238
712d743dd8278c75411ba3122ff4aa29,rustme/IllIiililI.class,494,238
72c139f468efd4bcc3ef0f506f09aaf2,rustme/iiiliililI.class,494,238
737da17c2ab373308aab115cdc28b5da,rustme/liiliililI.class,494,238
d5bec9017b01bb88670f98761df414f1,rustme/IIiliililI.class,494,238
58c50eca8100efc2da919d030e034f86,rustme/ililiililI.class,494,238
4817e63c3fb5b86669518a07eeb3b6af,rustme/lliliililI.class,494,238
30777208ecd88ea703f597ca15ed45e3,rustme/IiIliililI.class,494,238
4d57960d71427a44ab7ee42d5dcd246f,rustme/iIIliililI.class,494,238
38fb1ecebb6aab7ff3ee2ecb72aa3408,rustme/lIIliililI.class,494,238
800ce26da33214987b2eff9f739fa52a,rustme/IlIliililI.class,494,238
1e92ac0c99b1c4e4b1846172caf2724b,rustme/iilliililI.class,494,238
965ef7aaccad0f574de754b042ddca68,rustme/lilliililI.class,494,238
508d71164ed409ca9c1f723684467f39,rustme/IIlliililI.class,494,238
c361054fad8e8f641ad99fe0a1be1933,rustme/illliililI.class,494,238
2d92596c36e266adc6b98a142db8366e,rustme/lllliililI.class,494,238
ae2dfe6ec4041b46b8641c12e9501310,rustme/IiiiIililI.class,494,238
e9ada949a259d71461beddc018846c59,rustme/iIiiIililI.class,494,238
06feff0f0c397b8c8d1b00a33037de98,rustme/lIiiIililI.class,494,238
bd888a90f9dbd82f79f386ee27d2d2f2,rustme/IliiIililI.class,494,238
31d1a69f24d9767baeeec0786ccee447,rustme/iiIiIililI.class,494,238
80e4cc24689db7e4eb43fccc8f1e9140,rustme/liIiIililI.class,494,238
4ece722a3f78d6a40f6b41da9965ec60,rustme/IIIiIililI.class,494,238
8c6a02e205d8bf3073535fb4d8ddb52b,rustme/ilIiIililI.class,5516,5260
6cb39e9b198db54c5327448ff496087c,rustme/llIiIililI.class,494,238
9a2d6edee526372da633f5053c417460,rustme/IiliIililI.class,494,238
1f7ca1dc7b425c6d1bf087e716221e39,rustme/iIliIililI.class,494,238
05f24ce450491a3fa722e5b47b26bad3,rustme/lIliIililI.class,602,346
eba20a4e67664d65206fd19d8f92297f,rustme/IlliIililI.class,602,346
05d77caa9aefb9d86691c386d2ca0ab7,rustme/iiiIIililI.class,1034,778
0978cd74e3d1136cb3848ae96bc02f76,rustme/liiIIililI.class,494,238
24643f6acd0fef6890be0c59e6cfec25,rustme/IIiIIililI.class,494,238
c674a23ea87b501a8ad2b63eaf0ae661,rustme/iliIIililI.class,494,238
ac3ee97148068345af4b46b6126793e2,rustme/lliIIililI.class,656,400
6dc6698853f8f4c79a892583271ae7c6,rustme/IiIIIililI.class,494,238
6b57dcf68ace411279675eb516e689cb,rustme/iIIIIililI.class,656,400
23581b9d9a280836b7e9fe2fedf59cc2,rustme/lIIIIililI.class,656,400
2efd55ef34db081874b9b8388cc1207a,rustme/IlIIIililI.class,656,400
b9dc7a87b407b7cfee23b3794b387379,rustme/iilIIililI.class,548,292
196b5d6b4238d6f9ed9dfe7f218127e9,rustme/lilIIililI.class,548,292
d936bb05897568300a870c6de858807c,rustme/IIlIIililI.class,1196,940
53b768ed9185b68bf0ddabaedbf79d3f,rustme/illIIililI.class,818,562
d14d78f32ff3fafea68d243cb4116459,rustme/lllIIililI.class,602,346
6dd9bfc2287f9f792a7e18c9505c4562,rustme/IiilIililI.class,710,454
b725acaa8b28ed2a856eceff39d9f3aa,rustme/iIilIililI.class,548,292
3df5d416271dc75019cc600e3d79a4ba,rustme/lIilIililI.class,710,454
bc499724d7e652771700a9c1443ba129,rustme/IlilIililI.class,602,346
819425a45ad21df609b0cf47bc055509,rustme/iiIlIililI.class,548,292
956cf272e9b4e5ebdb29435c771a9b87,rustme/liIlIililI.class,494,238
5eb410e4f6bad22921c6bbdce0af60b2,rustme/IIIlIililI.class,656,400
4476120842ab9021d1e418ba55ccc693,rustme/ilIlIililI.class,494,238
0f345eac6ba02d59d3e27ac9bdd83e03,rustme/llIlIililI.class,602,346
e5a600778d8ab1da86f1ab32f84e9a13,rustme/IillIililI.class,494,238
cc0617aa50a2a3597b16f86e087c26bd,rustme/iIllIililI.class,656,400
cfbc0b284aedc7ea78d96e89bb8040e8,rustme/lIllIililI.class,548,292
420ce58a5dae962bea6a005359f354e2,rustme/IlllIililI.class,494,238
a8643cd053f42d221ab0c9c419b80189,rustme/iiiilililI.class,926,670
2666d78f0555198d221a99cd55cbf44e,rustme/liiilililI.class,548,292
331cba87ab6051f2e35ad4f51f241e95,rustme/IIiilililI.class,980,724
f532a18ba7e24da26e512cfad68b50ca,rustme/iliilililI.class,494,238
30877ca377b3c42f5b9e20180b2ce8dc,rustme/lliilililI.class,872,616
07d06ed3f88528f51b2ed29808864ac4,rustme/IiIilililI.class,710,454
70cd9cdd62e83d806997bfc5ea82a119,rustme/iIIilililI.class,602,346
e110f1fc45fdb4c6dbdbce33f145dfab,rustme/lIIilililI.class,494,238
324924743823de80b158b4b14444d957,rustme/IlIilililI.class,548,292
614593c4dee98c44b09427d47f5b4a11,rustme/iililililI.class,494,238
b5220adaf58ebcddd2d7d7fe7d12e388,rustme/lililililI.class,494,238
13b10b4cdcce8af6f54300570dafa445,rustme/IIlilililI.class,494,238
a273d5d3adb8fd64da5305f3e6ace980,rustme/illilililI.class,818,562
b16bf324539b9cb0deefb1e6bdeb5f1e,rustme/lllilililI.class,494,238
2ff1ee8ce37082a6312498eecf2b260a,rustme/IiiIlililI.class,548,292
dc32de3a0b6d37ac8db797d2eaa9ab51,rustme/iIiIlililI.class,548,292
ff8c5656b0b8e9a9be70112213b22476,rustme/lIiIlililI.class,710,454
6c189983c88e6ee95e88353e15e208d2,rustme/IliIlililI.class,602,346
a546fe0742ea63322b8fabc2784cd86c,rustme/iiIIlililI.class,494,238
5da949e4939fe709e7cbce333c52933d,rustme/liIIlililI.class,494,238
bb39746cdd942453cc09ea167cb3fc96,rustme/IIIIlililI.class,494,238
ec0fe87e1bc2055a0faaa716b88361c5,rustme/ilIIlililI.class,710,454
e3efae17056752b8d1f836df46764ebf,rustme/llIIlililI.class,602,346
3f1e12f69c622bae38796d5c56f835cd,rustme/IilIlililI.class,494,238
94d1175f040f4f731dacc96822bd3c2b,rustme/iIlIlililI.class,872,616
fe0fee773ebfab5224425424f291e598,rustme/lIlIlililI.class,548,292
2240eeda6b9f9876eabf5ef7dcd73470,rustme/IllIlililI.class,494,238
fc2dc4384cd340a60a71d126304fd264,rustme/iiillililI.class,602,346
651428ae273be004bf097a40b0a0d36d,rustme/liillililI.class,548,292
7e392096dc81f8535694c661176064f6,rustme/IIillililI.class,926,670
554fd87ccf042d0606aaa7f7f2f7a4d0,rustme/ilillililI.class,494,238
50e1cfdf2ea0e4fa1bf00d4942ff49f7,rustme/llillililI.class,494,238
01337801657ff22c2cae367de2eead4c,rustme/IiIllililI.class,548,292
e053f8d091df95d5de1e8ddcaea1e804,rustme/iIIllililI.class,548,292
f87e33487aef6afbfe0e4d3fc555d46b,rustme/lIIllililI.class,548,292
364ed3b13f4ffcdd3d87fff159e2aa0b,rustme/IlIllililI.class,548,292
cbad470a7b9ca35627c7267f9285cf38,rustme/iilllililI.class,656,400
3346e30d7e035b646ac9f8b3aab03023,rustme/lilllililI.class,548,292
ccaa2381f10e4b3242c2128d594ffa21,rustme/IIlllililI.class,548,292
1d788c87fb1f31cba7c1022e410f1979,rustme/illllililI.class,818,562
91bb7552696ca66c4b5f8a189bbed5a2,rustme/lllllililI.class,548,292
80d808394af33f3af6d668147c64d72a,rustme/IiiiiIlilI.class,602,346
8bc9b286ae023d99b59c6d0454e1019e,rustme/iIiiiIlilI.class,1142,886
d8732866a1e7e70ee91df5349a67ae10,rustme/lIiiiIlilI.class,602,346
cab1c7a366c8e0736b825e52104e6ff9,rustme/IliiiIlilI.class,656,400
17434840e8accd9236aa56b59c7b4616,rustme/iiIiiIlilI.class,764,508
a9f7c4fe650c463b0b540783ea3688c4,rustme/liIiiIlilI.class,494,238
19a77469e184c1196a241110751d6cf2,rustme/IIIiiIlilI.class,980,724
91ec78f6872e40d06c1d0928fd21e277,rustme/ilIiiIlilI.class,710,454
c5780ef19e6f3ea9abfa6c5b0b89ddae,rustme/llIiiIlilI.class,602,346
4e8b6a05749c1e73cf84110df782f7a4,rustme/IiliiIlilI.class,656,400
d71a5e69e20f13f5823bd9d6f19b4b63,rustme/iIliiIlilI.class,1304,1048
ff21452c0554f63d20d51ece4c431b63,rustme/lIliiIlilI.class,872,616
2938f793e00f22692753d5480c4c3121,rustme/IlliiIlilI.class,602,346
680f566928e1a7ead66df8b97b812ae0,rustme/iiiIiIlilI.class,1034,778
41b651b36391b36c4ba3e78365235e9f,rustme/liiIiIlilI.class,2114,1858
fa9baaff543301d759b51b95464b65f8,rustme/IIiIiIlilI.class,926,670
f6565887cd237eb4a7209abf99fddcc6,rustme/iliIiIlilI.class,1844,1588
ea4908e6dd788ce5f976d9f3b0beeb90,rustme/lliIiIlilI.class,1952,1696
1129a3dfefb3e9f95d39dbc10728aae6,rustme/IiIIiIlilI.class,1196,940
01d810c20aed9330b3081e03163d71db,rustme/iIIIiIlilI.class,764,508
5df39a4f5d88b77ece966bf405992ded,rustme/lIIIiIlilI.class,602,346
c0342a152945123d8f41a614bd0d0eab,rustme/IlIIiIlilI.class,494,238
8611154b95f629384d2f148f50bd1e4f,rustme/iilIiIlilI.class,494,238
f07f16ce40ee54ff7adaaaf1baa7d1e4,rustme/lilIiIlilI.class,548,292
5cca5fea2a5e08f2bc4abf509b60d05b,rustme/IIlIiIlilI.class,764,508
1f981fc1e8af9f3c071b030009144ba9,rustme/illIiIlilI.class,15560,15304
9cf1548a7d6d1475ed93b765336b0465,rustme/lllIiIlilI.class,3194,2938
d99cb9a3fd86723aabb070b45b87276d,rustme/IiiliIlilI.class,980,724
9fda112dc1c671a9289f6bc6cd38973c,rustme/iIiliIlilI.class,1034,778
29272f2216d49c67a43b5b69ffb121e7,rustme/lIiliIlilI.class,494,238
63d80dde56f1f9255c216a3851167dd6,rustme/IliliIlilI.class,494,238
5c5e1d132ca20721204b938678bd9a94,rustme/iiIliIlilI.class,5840,5584
611d1340801b38d6bb178f9962399d5d,rustme/liIliIlilI.class,656,400
1bb714be7dd1e85d9ee875d21eb4ddb6,rustme/IIIliIlilI.class,656,400
af1628905425459fdecce077199ae362,rustme/ilIliIlilI.class,656,400
d539570bdc0e8aafc36d9c34827a8334,rustme/llIliIlilI.class,656,400
0ea6668fe4abda49b0f345c3a590cc9a,rustme/IilliIlilI.class,656,400
7c98cf3603ded0e7f42d43729b6414ba,rustme/iIlliIlilI.class,764,508
846aa705969ad21c933256349a4c3e23,rustme/lIlliIlilI.class,656,400
b701379fa5bcded4a845245f3ca7165a,rustme/IllliIlilI.class,818,562
a987814c05d043110184ac1915c337df,rustme/iiiiIIlilI.class,602,346
01f5aa9f799ba131f11d591de3e43730,rustme/liiiIIlilI.class,548,292
