file,this_class,super,bucket
IIIIIIIIiI(127).class,rustme/IIIIIIIIiI,rustme/IliIiIIIiI,misc
IIIIIIIiII(247).class,rustme/IIIIIIIiII,java/lang/Object,misc
IIIIIIIlII(191).class,rustme/IIIIIIIlII,java/lang/Object,misc
IIIIIIIliI(127).class,rustme/IIIIIIIliI,rustme/IIllIiIliI,mod-widget
IIIIIIiIII(279).class,rustme/IIIIIIiIII,java/lang/Object,misc
IIIIIIiIiI(63).class,rustme/IIIIIIiIiI,rustme/IIlliIiIiI,misc
IIIIIIiiII(191).class,rustme/IIIIIIiiII,java/lang/Object,kotlin-lambda-ish
IIIIIIiilI(31).class,rustme/IIIIIIiilI,java/lang/Object,misc
IIIIIIiliI(63).class,rustme/IIIIIIiliI,java/lang/Object,render-gl-wrapper
IIIIIIlIII(191).class,rustme/IIIIIIlIII,java/lang/Object,misc
IIIIIIlIiI(127).class,rustme/IIIIIIlIiI,java/lang/Object,misc
IIIIIIliiI(63).class,rustme/IIIIIIliiI,rustme/lIlliIliiI,network-packet
IIIIIIlliI(63).class,rustme/IIIIIIlliI,java/lang/Object,kotlin-lambda-ish
IIIIIiIIII(295).class,rustme/IIIIIiIIII,java/lang/Object,misc
IIIIIiIIiI(95).class,rustme/IIIIIiIIiI,java/lang/Enum,enum
IIIIIiIiII(223).class,rustme/IIIIIiIiII,java/lang/Object,kotlin-lambda-ish
IIIIIiIilI(47).class,rustme/IIIIIiIilI,java/lang/Object,misc
IIIIIiIliI(95).class,rustme/IIIIIiIliI,rustme/IlilIIIliI,gui-textures
IIIIIiiIiI(31).class,rustme/IIIIIiiIiI,java/lang/Enum,enum
IIIIIiiiII(159).class,rustme/IIIIIiiiII,java/lang/Object,kotlin-lambda-ish
IIIIIiilII(143).class,rustme/IIIIIiilII,java/lang/Object,misc
IIIIIiiliI(31).class,rustme/IIIIIiiliI,java/lang/Object,kotlin-lambda-ish
IIIIIilIiI(95).class,rustme/IIIIIilIiI,java/lang/Enum,enum
IIIIIiliII(143).class,rustme/IIIIIiliII,java/lang/Object,misc
IIIIIiliiI(31).class,rustme/IIIIIiliiI,java/lang/Object,misc
IIIIIillII(79).class,rustme/IIIIIillII,java/lang/Object,misc
IIIIIilliI(31).class,rustme/IIIIIilliI,java/lang/Object,misc
IIIIIlIIII(159).class,rustme/IIIIIlIIII,java/lang/Object,misc
IIIIIlIIiI(79).class,rustme/IIIIIlIIiI,java/lang/Object,misc
IIIIIlIiiI(15).class,rustme/IIIIIlIiiI,rustme/iliIIlIiiI,world-related
IIIIIlIilI(31).class,rustme/IIIIIlIilI,java/lang/Object,misc
IIIIIlIliI(63).class,rustme/IIIIIlIliI,java/lang/Object,misc
IIIIIliIiI(47).class,rustme/IIIIIliIiI,rustme/lIIIIliIiI,block
IIIIIliiII(111).class,rustme/IIIIIliiII,java/lang/Object,kotlin-lambda-ish
IIIIIlilII(79).class,rustme/IIIIIlilII,java/lang/Object,misc
IIIIIliliI(31).class,rustme/IIIIIliliI,rustme/iiIliiIliI,gui-textures
IIIIIllIiI(63).class,rustme/IIIIIllIiI,rustme/llIiIllIiI,misc
IIIIIlliII(79).class,rustme/IIIIIlliII,java/lang/Object,misc
IIIIIlliiI(31).class,rustme/IIIIIlliiI,java/lang/Object,misc
IIIIIlllII(47).class,rustme/IIIIIlllII,java/lang/Object,misc
IIIIIllliI(31).class,rustme/IIIIIllliI,java/lang/Object,kotlin-lambda-ish
IIIIiIIIII(303).class,rustme/IIIIiIIIII,java/lang/Object,misc
IIIIiIIIiI(111).class,rustme/IIIIiIIIiI,rustme/llliiIIIiI,tileentity
IIIIiIIiII(239).class,rustme/IIIIiIIiII,java/lang/Object,kotlin-lambda-ish
IIIIiIIilI(55).class,rustme/IIIIiIIilI,java/lang/Object,misc
IIIIiIIliI(111).class,rustme/IIIIiIIliI,java/lang/Object,misc
IIIIiIiIiI(47).class,rustme/IIIIiIiIiI,java/lang/Object,misc
IIIIiIiiII(175).class,rustme/IIIIiIiiII,java/lang/Object,kotlin-lambda-ish
IIIIiIilII(151).class,rustme/IIIIiIilII,java/lang/Object,misc
IIIIiIiliI(47).class,rustme/IIIIiIiliI,java/lang/Object,misc
IIIIiIlIiI(111).class,rustme/IIIIiIlIiI,java/lang/Object,block
IIIIiIliII(151).class,rustme/IIIIiIliII,java/lang/Object,misc
IIIIiIliiI(47).class,rustme/IIIIiIliiI,java/lang/Object,gui-screen
IIIIiIllII(87).class,rustme/IIIIiIllII,java/lang/Object,misc
IIIIiIlliI(47).class,rustme/IIIIiIlliI,java/lang/Object,kotlin-lambda-ish
IIIIiiIIiI(79).class,rustme/IIIIiiIIiI,rustme/iiIIlliIiI,entity-related
IIIIiiIiII(207).class,rustme/IIIIiiIiII,java/lang/Object,kotlin-lambda-ish
IIIIiiIlII(167).class,rustme/IIIIiiIlII,java/lang/Object,misc
IIIIiiIliI(79).class,rustme/IIIIiiIliI,rustme/iiIliiIliI,mod-widget
IIIIiiiIII(255).class,rustme/IIIIiiiIII,java/lang/Object,misc
IIIIiiiIiI(15).class,rustme/IIIIiiiIiI,rustme/iIlIiiiIiI,entity-renderer
IIIIiiiiII(143).class,rustme/IIIIiiiiII,java/lang/Object,kotlin-lambda-ish
IIIIiiiilI(7).class,rustme/IIIIiiiilI,java/lang/Object,misc
IIIIiiiliI(15).class,rustme/IIIIiiiliI,java/lang/Object,misc
IIIIiilIII(167).class,rustme/IIIIiilIII,java/lang/Object,misc
IIIIiilIiI(79).class,rustme/IIIIiilIiI,java/lang/Enum,enum
IIIIiiliiI(15).class,rustme/IIIIiiliiI,rustme/IilIiiliiI,block
IIIIiililI(7).class,rustme/IIIIiililI,java/lang/Object,misc
IIIIiilliI(15).class,rustme/IIIIiilliI,java/lang/Object,kotlin-lambda-ish
IIIIilIIiI(63).class,rustme/IIIIilIIiI,java/lang/Object,network-packet
IIIIilIiII(119).class,rustme/IIIIilIiII,java/lang/Object,misc
IIIIilIlII(87).class,rustme/IIIIilIlII,java/lang/Object,misc
IIIIilIliI(47).class,rustme/IIIIilIliI,java/lang/Enum,enum
IIIIiliIII(135).class,rustme/IIIIiliIII,java/lang/Object,misc
IIIIiliIiI(31).class,rustme/IIIIiliIiI,rustme/iliIiliIiI,world-related
IIIIiliiII(95).class,rustme/IIIIiliiII,java/lang/Object,kotlin-lambda-ish
IIIIiliilI(7).class,rustme/IIIIiliilI,java/lang/Object,misc
IIIIililiI(15).class,rustme/IIIIililiI,rustme/IlilIIIliI,mod-widget
IIIIillIII(87).class,rustme/IIIIillIII,java/lang/Object,misc
IIIIillIiI(47).class,rustme/IIIIillIiI,java/lang/Object,misc
IIIIilliiI(15).class,rustme/IIIIilliiI,rustme/iIIIilliiI,misc
IIIIillliI(15).class,rustme/IIIIillliI,java/lang/Object,kotlin-lambda-ish
IIIIlIIIII(151).class,rustme/IIIIlIIIII,java/lang/Object,misc
IIIIlIIIiI(63).class,rustme/IIIIlIIIiI,java/lang/Object,network-netty
IIIIlIIilI(31).class,rustme/IIIIlIIilI,java/lang/Object,misc
IIIIlIIliI(63).class,rustme/IIIIlIIliI,java/lang/Object,kotlin-lambda-ish
IIIIlIiIiI(31).class,rustme/IIIIlIiIiI,rustme/ilIIlIiIiI,misc
IIIIlIiiII(95).class,rustme/IIIIlIiiII,java/lang/Object,kotlin-lambda-ish
IIIIlIilII(79).class,rustme/IIIIlIilII,java/lang/Object,misc
IIIIlIiliI(31).class,rustme/IIIIlIiliI,java/lang/Object,misc
IIIIlIlIiI(63).class,rustme/IIIIlIlIiI,java/lang/Object,misc
IIIIlIliII(79).class,rustme/IIIIlIliII,java/lang/Object,misc
IIIIlIliiI(31).class,rustme/IIIIlIliiI,java/lang/Object,misc
IIIIlIllII(47).class,rustme/IIIIlIllII,java/lang/Object,misc
IIIIlIlliI(31).class,rustme/IIIIlIlliI,java/lang/Object,kotlin-lambda-ish
IIIIliIIiI(47).class,rustme/IIIIliIIiI,java/lang/Object,misc
IIIIliIiII(111).class,rustme/IIIIliIiII,java/lang/Object,misc
IIIIliIlII(87).class,rustme/IIIIliIlII,java/lang/Object,misc
IIIIliIliI(47).class,rustme/IIIIliIliI,java/lang/Object,misc
IIIIliiIII(127).class,rustme/IIIIliiIII,java/lang/Object,misc
IIIIliiIiI(15).class,rustme/IIIIliiIiI,java/lang/Object,auth-profile
IIIIliiiII(79).class,rustme/IIIIliiiII,java/lang/Object,kotlin-lambda-ish
IIIIliiilI(7).class,rustme/IIIIliiilI,java/lang/Object,misc
IIIIliiliI(15).class,rustme/IIIIliiliI,java/lang/Object,lambdas
IIIIlilIII(87).class,rustme/IIIIlilIII,java/lang/Object,misc
IIIIlilIiI(47).class,rustme/IIIIlilIiI,java/lang/Object,misc
IIIIliliiI(15).class,rustme/IIIIliliiI,rustme/lIlililiiI,misc
IIIIlililI(7).class,rustme/IIIIlililI,java/lang/Object,misc
IIIIlilliI(15).class,rustme/IIIIlilliI,java/lang/Object,kotlin-lambda-ish
IIIIllIIiI(47).class,rustme/IIIIllIIiI,java/lang/Object,math-user
IIIIllIiII(71).class,rustme/IIIIllIiII,java/lang/Object,misc
IIIIllIiiI(15).class,rustme/IIIIllIiiI,java/lang/Object,misc
IIIIllIlII(47).class,rustme/IIIIllIlII,java/lang/Object,misc
IIIIllIliI(31).class,rustme/IIIIllIliI,java/lang/Object,mod-widget
IIIIlliIII(79).class,rustme/IIIIlliIII,java/lang/Object,misc
IIIIlliIiI(31).class,rustme/IIIIlliIiI,rustme/lilllliIiI,tileentity
IIIIlliiII(63).class,rustme/IIIIlliiII,java/lang/Object,kotlin-lambda-ish
IIIIlliilI(7).class,rustme/IIIIlliilI,java/lang/Object,misc
IIIIlliliI(15).class,rustme/IIIIlliliI,kotlin/jvm/internal/FunctionReferenceImpl,kotlin-lambda-ish
IIIIlllIII(47).class,rustme/IIIIlllIII,java/lang/Object,misc
IIIIlllIiI(31).class,rustme/IIIIlllIiI,java/lang/Object,misc
IIIIllliiI(15).class,rustme/IIIIllliiI,java/lang/Object,misc
IIIIlllliI(15).class,rustme/IIIIlllliI,java/lang/Object,kotlin-lambda-ish
IIIiIIIIII(307).class,rustme/IIIiIIIIII,java/lang/Object,misc
IIIiIIIIiI(119).class,rustme/IIIiIIIIiI,rustme/llliiIIIiI,tileentity
IIIiIIIilI(59).class,rustme/IIIiIIIilI,java/lang/Object,misc
IIIiIIIliI(119).class,rustme/IIIiIIIliI,java/lang/Object,misc
IIIiIIiIiI(55).class,rustme/IIIiIIiIiI,java/lang/Object,entity-related
IIIiIIiiII(183).class,rustme/IIIiIIiiII,java/lang/Object,kotlin-lambda-ish
IIIiIIilII(155).class,rustme/IIIiIIilII,java/lang/Object,misc
IIIiIIiliI(55).class,rustme/IIIiIIiliI,java/lang/Object,render-gl-wrapper
IIIiIIlIiI(119).class,rustme/IIIiIIlIiI,java/lang/Object,misc
IIIiIIliII(155).class,rustme/IIIiIIliII,java/lang/Object,misc
IIIiIIliiI(55).class,rustme/IIIiIIliiI,rustme/lIlliIliiI,network-packet
IIIiIIllII(91).class,rustme/IIIiIIllII,java/lang/Object,misc
IIIiIIlliI(55).class,rustme/IIIiIIlliI,java/lang/Object,kotlin-lambda-ish
IIIiIiIIiI(87).class,rustme/IIIiIiIIiI,java/lang/Object,math-user
IIIiIiIiII(215).class,rustme/IIIiIiIiII,java/lang/Object,kotlin-lambda-ish
IIIiIiIlII(171).class,rustme/IIIiIiIlII,java/lang/Object,misc
IIIiIiIliI(87).class,rustme/IIIiIiIliI,java/lang/Object,misc
IIIiIiiIII(259).class,rustme/IIIiIiiIII,java/lang/Object,misc
IIIiIiiIiI(23).class,rustme/IIIiIiiIiI,rustme/iIlIiiiIiI,entity-renderer
IIIiIiiiII(151).class,rustme/IIIiIiiiII,java/lang/Object,kotlin-lambda-ish
IIIiIiiilI(11).class,rustme/IIIiIiiilI,java/lang/Object,misc
IIIiIiiliI(23).class,rustme/IIIiIiiliI,rustme/lIIiIiiliI,misc
IIIiIilIII(171).class,rustme/IIIiIilIII,java/lang/Object,misc
IIIiIilIiI(87).class,rustme/IIIiIilIiI,java/lang/Enum,enum
IIIiIiliiI(23).class,rustme/IIIiIiliiI,rustme/IillilIiiI,item-related
IIIiIililI(11).class,rustme/IIIiIililI,java/lang/Object,misc
IIIiIilliI(23).class,rustme/IIIiIilliI,java/lang/Object,misc
IIIiIlIIiI(71).class,rustme/IIIiIlIIiI,java/lang/Object,network-packet
IIIiIlIiII(123).class,rustme/IIIiIlIiII,java/lang/Object,misc
IIIiIlIiiI(7).class,rustme/IIIiIlIiiI,java/lang/Object,misc
IIIiIlIlII(91).class,rustme/IIIiIlIlII,java/lang/Object,misc
IIIiIlIliI(55).class,rustme/IIIiIlIliI,java/lang/Object,misc
IIIiIliIII(139).class,rustme/IIIiIliIII,java/lang/Object,misc
IIIiIliIiI(39).class,rustme/IIIiIliIiI,java/lang/Enum,enum
IIIiIliiII(103).class,rustme/IIIiIliiII,java/lang/Object,kotlin-lambda-ish
IIIiIliilI(11).class,rustme/IIIiIliilI,java/lang/Object,misc
IIIiIliliI(23).class,rustme/IIIiIliliI,rustme/IlilIIIliI,mod-widget
IIIiIllIII(91).class,rustme/IIIiIllIII,java/lang/Object,misc
IIIiIllIiI(55).class,rustme/IIIiIllIiI,java/lang/Object,misc
IIIiIlliiI(23).class,rustme/IIIiIlliiI,java/lang/Object,misc
IIIiIllliI(23).class,rustme/IIIiIllliI,java/lang/Object,kotlin-lambda-ish
IIIiiIIIiI(103).class,rustme/IIIiiIIIiI,java/lang/Object,tileentity
IIIiiIIiII(231).class,rustme/IIIiiIIiII,java/lang/Object,misc
IIIiiIIlII(179).class,rustme/IIIiiIIlII,java/lang/Object,misc
IIIiiIIliI(103).class,rustme/IIIiiIIliI,rustme/IliIIiIliI,mod-widget
IIIiiIiIII(267).class,rustme/IIIiiIiIII,java/lang/Object,misc
IIIiiIiIiI(39).class,rustme/IIIiiIiIiI,java/lang/Object,misc
IIIiiIiiII(167).class,rustme/IIIiiIiiII,java/lang/Object,kotlin-lambda-ish
IIIiiIiilI(19).class,rustme/IIIiiIiilI,java/lang/Object,misc
IIIiiIiliI(39).class,rustme/IIIiiIiliI,java/lang/Object,misc
IIIiiIlIII(179).class,rustme/IIIiiIlIII,java/lang/Object,misc
IIIiiIlIiI(103).class,rustme/IIIiiIlIiI,rustme/IIlllilIiI,block
IIIiiIliiI(39).class,rustme/IIIiiIliiI,rustme/iIIiiIliiI,misc
IIIiiIlilI(19).class,rustme/IIIiiIlilI,java/lang/Object,misc
IIIiiIlliI(39).class,rustme/IIIiiIlliI,java/lang/Object,kotlin-lambda-ish
IIIiiiIIII(283).class,rustme/IIIiiiIIII,java/lang/Object,misc
IIIiiiIIiI(71).class,rustme/IIIiiiIIiI,rustme/lilllliIiI,block
IIIiiiIiII(199).class,rustme/IIIiiiIiII,java/lang/Object,kotlin-lambda-ish
IIIiiiIilI(35).class,rustme/IIIiiiIilI,java/lang/Object,misc
IIIiiiIliI(71).class,rustme/IIIiiiIliI,java/lang/Object,kotlin-lambda-ish
IIIiiiiIiI(7).class,rustme/IIIiiiiIiI,rustme/lliiiiiIiI,math-user
IIIiiiiiII(135).class,rustme/IIIiiiiiII,java/lang/Object,kotlin-lambda-ish
IIIiiiilII(131).class,rustme/IIIiiiilII,java/lang/Object,misc
IIIiiiiliI(7).class,rustme/IIIiiiiliI,java/lang/Object,world-related
IIIiiilIiI(71).class,rustme/IIIiiilIiI,rustme/iIiIiilIiI,tileentity
IIIiiiliII(131).class,rustme/IIIiiiliII,java/lang/Object,misc
IIIiiiliiI(7).class,rustme/IIIiiiliiI,rustme/lillIlIiiI,misc
IIIiiillII(67).class,rustme/IIIiiillII,java/lang/Object,misc
IIIiiilliI(7).class,rustme/IIIiiilliI,java/lang/Object,misc
IIIiilIIII(147).class,rustme/IIIiilIIII,java/lang/Object,misc
IIIiilIIiI(55).class,rustme/IIIiilIIiI,java/lang/Enum,enum
IIIiilIilI(19).class,rustme/IIIiilIilI,java/lang/Object,misc
IIIiilIliI(39).class,rustme/IIIiilIliI,java/lang/Object,kotlin-lambda-ish
IIIiiliIiI(23).class,rustme/IIIiiliIiI,rustme/llIiiliIiI,misc
IIIiiliiII(87).class,rustme/IIIiiliiII,java/lang/Object,kotlin-lambda-ish
IIIiililII(67).class,rustme/IIIiililII,java/lang/Object,misc
IIIiililiI(7).class,rustme/IIIiililiI,java/lang/Object,mod-widget
IIIiillIiI(39).class,rustme/IIIiillIiI,java/lang/Object,misc
IIIiilliII(67).class,rustme/IIIiilliII,java/lang/Object,misc
IIIiilliiI(7).class,rustme/IIIiilliiI,java/lang/Object,misc
IIIiilllII(35).class,rustme/IIIiilllII,java/lang/Object,misc
IIIiillliI(7).class,rustme/IIIiillliI,java/lang/Object,kotlin-lambda-ish
IIIilIIIiI(55).class,rustme/IIIilIIIiI,java/lang/Enum,enum
IIIilIIiII(115).class,rustme/IIIilIIiII,java/lang/Object,misc
IIIilIIlII(91).class,rustme/IIIilIIlII,java/lang/Object,misc
IIIilIIliI(55).class,rustme/IIIilIIliI,rustme/IililIIliI,misc
IIIilIiIII(131).class,rustme/IIIilIiIII,java/lang/Object,misc
IIIilIiIiI(23).class,rustme/IIIilIiIiI,java/lang/Object,misc
IIIilIiiII(87).class,rustme/IIIilIiiII,java/lang/Object,kotlin-lambda-ish
IIIilIiilI(11).class,rustme/IIIilIiilI,java/lang/Object,misc
IIIilIiliI(23).class,rustme/IIIilIiliI,java/lang/Object,misc
IIIilIlIII(91).class,rustme/IIIilIlIII,java/lang/Object,misc
IIIilIlIiI(55).class,rustme/IIIilIlIiI,rustme/llllIIlIiI,misc
IIIilIliiI(23).class,rustme/IIIilIliiI,io/netty/channel/ChannelInitializer,network-netty
IIIilIlliI(23).class,rustme/IIIilIlliI,java/lang/Object,kotlin-lambda-ish
IIIiliIIII(139).class,rustme/IIIiliIIII,java/lang/Object,misc
IIIiliIIiI(39).class,rustme/IIIiliIIiI,java/lang/Object,tileentity
IIIiliIiII(103).class,rustme/IIIiliIiII,java/lang/Object,misc
IIIiliIilI(19).class,rustme/IIIiliIilI,java/lang/Object,misc
IIIiliIliI(39).class,rustme/IIIiliIliI,rustme/llIliiIliI,mod-widget
IIIiliiIiI(7).class,rustme/IIIiliiIiI,rustme/iliiliiIiI,misc
IIIiliiiII(71).class,rustme/IIIiliiiII,java/lang/Object,kotlin-lambda-ish
IIIiliilII(67).class,rustme/IIIiliilII,java/lang/Object,misc
IIIiliiliI(7).class,rustme/IIIiliiliI,rustme/IililiiliI,kotlin-lambda-ish
IIIililIiI(39).class,rustme/IIIililIiI,java/lang/Object,misc
IIIililiII(67).class,rustme/IIIililiII,java/lang/Object,misc
IIIililiiI(7).class,rustme/IIIililiiI,java/lang/Object,misc
IIIilillII(35).class,rustme/IIIilillII,java/lang/Object,misc
IIIililliI(7).class,rustme/IIIililliI,java/lang/Object,misc
IIIillIIII(83).class,rustme/IIIillIIII,java/lang/Object,misc
IIIillIIiI(39).class,rustme/IIIillIIiI,java/lang/Object,entity-related
IIIillIiiI(7).class,rustme/IIIillIiiI,rustme/iliIIlIiiI,world-related
IIIillIilI(11).class,rustme/IIIillIilI,java/lang/Object,misc
IIIillIliI(23).class,rustme/IIIillIliI,java/lang/Object,misc
IIIilliIiI(23).class,rustme/IIIilliIiI,java/lang/Object,misc
IIIilliiII(55).class,rustme/IIIilliiII,java/lang/Object,kotlin-lambda-ish
IIIillilII(35).class,rustme/IIIillilII,java/lang/Object,misc
IIIilliliI(7).class,rustme/IIIilliliI,kotlin/jvm/internal/MutablePropertyReference1Impl,misc
IIIilllIiI(23).class,rustme/IIIilllIiI,java/lang/Object,misc
IIIillliII(35).class,rustme/IIIillliII,java/lang/Object,misc
IIIillliiI(7).class,rustme/IIIillliiI,java/lang/Object,misc
IIIillllII(19).class,rustme/IIIillllII,java/lang/Object,misc
IIIilllliI(7).class,rustme/IIIilllliI,java/lang/Object,kotlin-lambda-ish
IIIlIIIIII(155).class,rustme/IIIlIIIIII,java/lang/Object,misc
IIIlIIIIiI(63).class,rustme/IIIlIIIIiI,java/lang/Object,auth-profile
IIIlIIIilI(31).class,rustme/IIIlIIIilI,java/lang/Object,misc
IIIlIIIliI(63).class,rustme/IIIlIIIliI,java/lang/Object,kotlin-lambda-ish
IIIlIIiIiI(31).class,rustme/IIIlIIiIiI,rustme/IIlliIiIiI,misc
IIIlIIiiII(95).class,rustme/IIIlIIiiII,java/lang/Object,kotlin-lambda-ish
IIIlIIilII(79).class,rustme/IIIlIIilII,java/lang/Object,misc
IIIlIIiliI(31).class,rustme/IIIlIIiliI,kotlin/coroutines/jvm/internal/SuspendLambda,kotlin-coroutines
IIIlIIlIiI(63).class,rustme/IIIlIIlIiI,java/lang/Object,misc
IIIlIIliII(79).class,rustme/IIIlIIliII,java/lang/Object,misc
IIIlIIliiI(31).class,rustme/IIIlIIliiI,java/lang/Enum,enum
IIIlIIllII(47).class,rustme/IIIlIIllII,java/lang/Object,misc
IIIlIIlliI(31).class,rustme/IIIlIIlliI,java/lang/Object,kotlin-lambda-ish
IIIlIiIIiI(47).class,rustme/IIIlIiIIiI,rustme/llIIlIiIiI,misc
IIIlIiIiII(111).class,rustme/IIIlIiIiII,java/lang/Object,misc
IIIlIiIlII(87).class,rustme/IIIlIiIlII,java/lang/Object,misc
IIIlIiIliI(47).class,rustme/IIIlIiIliI,java/lang/Object,misc
IIIlIiiIII(131).class,rustme/IIIlIiiIII,java/lang/Object,misc
IIIlIiiIiI(15).class,rustme/IIIlIiiIiI,java/lang/Object,misc
IIIlIiiiII(79).class,rustme/IIIlIiiiII,java/lang/Object,kotlin-lambda-ish
IIIlIiiilI(7).class,rustme/IIIlIiiilI,java/lang/Object,misc
IIIlIiiliI(15).class,rustme/IIIlIiiliI,rustme/IililiiliI,kotlin-lambda-ish
IIIlIilIII(87).class,rustme/IIIlIilIII,java/lang/Object,misc
IIIlIilIiI(47).class,rustme/IIIlIilIiI,java/lang/Object,misc
IIIlIiliiI(15).class,rustme/IIIlIiliiI,java/lang/Object,misc
IIIlIililI(7).class,rustme/IIIlIililI,java/lang/Object,misc
IIIlIilliI(15).class,rustme/IIIlIilliI,java/lang/Object,misc
IIIlIlIIiI(39).class,rustme/IIIlIlIIiI,java/lang/Object,math-user
IIIlIlIiII(63).class,rustme/IIIlIlIiII,java/lang/Object,misc
IIIlIlIiiI(7).class,rustme/IIIlIlIiiI,rustme/IillilIiiI,item-related
IIIlIlIlII(47).class,rustme/IIIlIlIlII,java/lang/Object,misc
IIIlIlIliI(31).class,rustme/IIIlIlIliI,java/lang/Object,misc
IIIlIliIII(71).class,rustme/IIIlIliIII,java/lang/Object,misc
IIIlIliIiI(23).class,rustme/IIIlIliIiI,java/lang/Object,misc
IIIlIliiII(55).class,rustme/IIIlIliiII,java/lang/Object,kotlin-lambda-ish
IIIlIliilI(7).class,rustme/IIIlIliilI,java/lang/Object,misc
IIIlIliliI(15).class,rustme/IIIlIliliI,rustme/llIIlliliI,mod-widget
IIIlIllIII(47).class,rustme/IIIlIllIII,java/lang/Object,misc
IIIlIllIiI(31).class,rustme/IIIlIllIiI,rustme/llIiIllIiI,misc
IIIlIlliiI(15).class,rustme/IIIlIlliiI,java/lang/Object,misc
IIIlIllliI(15).class,rustme/IIIlIllliI,java/lang/Object,kotlin-lambda-ish
IIIliIIIiI(55).class,rustme/IIIliIIIiI,rustme/llliiIIIiI,tileentity
IIIliIIiII(119).class,rustme/IIIliIIiII,java/lang/Object,misc
IIIliIIlII(91).class,rustme/IIIliIIlII,java/lang/Object,misc
IIIliIIliI(55).class,rustme/IIIliIIliI,rustme/iIilIiIliI,misc
IIIliIiIII(135).class,rustme/IIIliIiIII,java/lang/Object,misc
IIIliIiIiI(23).class,rustme/IIIliIiIiI,com/google/common/collect/AbstractIterator,misc
IIIliIiiII(87).class,rustme/IIIliIiiII,java/lang/Object,kotlin-lambda-ish
IIIliIiilI(11).class,rustme/IIIliIiilI,java/lang/Object,misc
IIIliIiliI(23).class,rustme/IIIliIiliI,java/lang/Object,render-gl-wrapper
IIIliIlIII(91).class,rustme/IIIliIlIII,java/lang/Object,misc
IIIliIlIiI(55).class,rustme/IIIliIlIiI,java/lang/Object,misc
IIIliIliiI(23).class,rustme/IIIliIliiI,java/lang/Object,misc
IIIliIlilI(11).class,rustme/IIIliIlilI,java/lang/Object,misc
IIIliIlliI(23).class,rustme/IIIliIlliI,java/lang/Object,kotlin-lambda-ish
IIIliiIIII(143).class,rustme/IIIliiIIII,java/lang/Object,misc
IIIliiIIiI(39).class,rustme/IIIliiIIiI,rustme/IllIiiIIiI,tileentity
IIIliiIiII(103).class,rustme/IIIliiIiII,java/lang/Object,kotlin-lambda-ish
IIIliiIilI(19).class,rustme/IIIliiIilI,java/lang/Object,misc
IIIliiIliI(39).class,rustme/IIIliiIliI,kotlin/properties/ObservableProperty,misc
IIIliiiIiI(7).class,rustme/IIIliiiIiI,rustme/iIlIiiiIiI,entity-renderer
IIIliiiiII(71).class,rustme/IIIliiiiII,java/lang/Object,kotlin-lambda-ish
IIIliiilII(67).class,rustme/IIIliiilII,java/lang/Object,misc
IIIliiiliI(7).class,rustme/IIIliiiliI,java/lang/Object,misc
IIIliilIiI(39).class,rustme/IIIliilIiI,java/lang/Object,nbt
IIIliiliII(67).class,rustme/IIIliiliII,java/lang/Object,misc
IIIliiliiI(7).class,rustme/IIIliiliiI,rustme/iIIIiiliiI,world-related
IIIliillII(35).class,rustme/IIIliillII,java/lang/Object,misc
IIIliilliI(7).class,rustme/IIIliilliI,java/lang/Object,entity-renderer
IIIlilIIII(75).class,rustme/IIIlilIIII,java/lang/Object,misc
IIIlilIIiI(31).class,rustme/IIIlilIIiI,java/lang/Object,network-packet
IIIlilIilI(11).class,rustme/IIIlilIilI,java/lang/Object,misc
IIIlilIliI(23).class,rustme/IIIlilIliI,rustme/iIIlilIliI,misc
IIIliliIiI(15).class,rustme/IIIliliIiI,rustme/lIililiIiI,block
IIIliliiII(47).class,rustme/IIIliliiII,java/lang/Object,kotlin-lambda-ish
IIIlililII(35).class,rustme/IIIlililII,java/lang/Object,misc
IIIlililiI(7).class,rustme/IIIlililiI,java/lang/Object,kotlin-lambda-ish
IIIlillIiI(23).class,rustme/IIIlillIiI,java/lang/Object,misc
IIIlilliII(35).class,rustme/IIIlilliII,java/lang/Object,misc
IIIlilliiI(7).class,rustme/IIIlilliiI,java/lang/Object,json-gson
IIIlilllII(19).class,rustme/IIIlilllII,java/lang/Object,misc
IIIlillliI(7).class,rustme/IIIlillliI,java/lang/Object,kotlin-lambda-ish
IIIllIIIiI(31).class,rustme/IIIllIIIiI,java/lang/Object,misc
IIIllIIiII(59).class,rustme/IIIllIIiII,java/lang/Object,misc
IIIllIIlII(47).class,rustme/IIIllIIlII,java/lang/Object,misc
IIIllIIliI(31).class,rustme/IIIllIIliI,kotlin/jvm/internal/FunctionReferenceImpl,kotlin-lambda-ish
IIIllIiIII(67).class,rustme/IIIllIiIII,java/lang/Object,misc
IIIllIiIiI(15).class,rustme/IIIllIiIiI,rustme/IiillIiIiI,block
IIIllIiiII(47).class,rustme/IIIllIiiII,java/lang/Object,kotlin-lambda-ish
IIIllIiilI(7).class,rustme/IIIllIiilI,java/lang/Object,misc
IIIllIiliI(15).class,rustme/IIIllIiliI,java/lang/Object,kotlin-coroutines
IIIllIlIII(47).class,rustme/IIIllIlIII,java/lang/Object,misc
IIIllIlIiI(31).class,rustme/IIIllIlIiI,java/lang/Object,misc
IIIllIliiI(15).class,rustme/IIIllIliiI,rustme/lililIliiI,particle
IIIllIlliI(15).class,rustme/IIIllIlliI,java/lang/Object,kotlin-lambda-ish
IIIlliIIII(71).class,rustme/IIIlliIIII,java/lang/Object,misc
IIIlliIIiI(23).class,rustme/IIIlliIIiI,java/lang/Object,tileentity
IIIlliIiII(55).class,rustme/IIIlliIiII,java/lang/Object,misc
IIIlliIilI(11).class,rustme/IIIlliIilI,java/lang/Object,misc
IIIlliIliI(23).class,rustme/IIIlliIliI,rustme/IliIIiIliI,gui-textures
IIIlliiIiI(7).class,rustme/IIIlliiIiI,rustme/lIIlliiIiI,json-gson
IIIlliiiII(39).class,rustme/IIIlliiiII,java/lang/Object,kotlin-lambda-ish
IIIlliilII(35).class,rustme/IIIlliilII,java/lang/Object,misc
IIIlliiliI(7).class,rustme/IIIlliiliI,rustme/lilliiiliI,mod-command-ish
IIIllilIiI(23).class,rustme/IIIllilIiI,java/lang/Object,misc
IIIlliliII(35).class,rustme/IIIlliliII,java/lang/Object,misc
IIIlliliiI(7).class,rustme/IIIlliliiI,rustme/lIIlliliiI,misc
IIIllillII(19).class,rustme/IIIllillII,java/lang/Object,misc
IIIllilliI(7).class,rustme/IIIllilliI,java/lang/Object,kotlin-lambda-ish
IIIlllIIII(43).class,rustme/IIIlllIIII,java/lang/Object,misc
IIIlllIIiI(23).class,rustme/IIIlllIIiI,java/lang/Object,misc
IIIlllIiiI(7).class,rustme/IIIlllIiiI,rustme/IiIiIlIiiI,block
IIIlllIilI(7).class,rustme/IIIlllIilI,java/lang/Object,misc
IIIlllIliI(15).class,rustme/IIIlllIliI,java/lang/Object,kotlin-lambda-ish
IIIllliIiI(15).class,rustme/IIIllliIiI,rustme/ilIIiiIIiI,world-related
IIIllliiII(31).class,rustme/IIIllliiII,java/lang/Object,kotlin-lambda-ish
IIIlllilII(19).class,rustme/IIIlllilII,java/lang/Object,misc
IIIllliliI(7).class,rustme/IIIllliliI,rustme/llIIlliliI,mod-widget
IIIllllIiI(15).class,rustme/IIIllllIiI,java/lang/Object,misc
IIIlllliII(19).class,rustme/IIIlllliII,java/lang/Object,misc
IIIlllliiI(7).class,rustme/IIIlllliiI,java/lang/Object,entity-renderer
IIIlllllII(11).class,rustme/IIIlllllII,java/lang/Object,misc
IIIllllliI(7).class,rustme/IIIllllliI,java/lang/Object,kotlin-lambda-ish
IIiIIIIIII(309).class,rustme/IIiIIIIIII,java/lang/Object,misc
IIiIIIIIiI(123).class,rustme/IIiIIIIIiI,rustme/liIIiIIIiI,world-related
IIiIIIIilI(61).class,rustme/IIiIIIIilI,java/lang/Object,misc
IIiIIIIliI(123).class,rustme/IIiIIIIliI,rustme/IliIIiIliI,mod-widget
IIiIIIiIiI(59).class,rustme/IIiIIIiIiI,rustme/IIlliIiIiI,world-related
IIiIIIiiII(187).class,rustme/IIiIIIiiII,java/lang/Object,kotlin-lambda-ish
IIiIIIilII(157).class,rustme/IIiIIIilII,java/lang/Object,misc
IIiIIIiliI(59).class,rustme/IIiIIIiliI,java/lang/Object,misc
IIiIIIlIiI(123).class,rustme/IIiIIIlIiI,rustme/IIIiIIlIiI,misc
IIiIIIliII(157).class,rustme/IIiIIIliII,java/lang/Object,misc
IIiIIIliiI(59).class,rustme/IIiIIIliiI,rustme/lllliIliiI,entity-related
IIiIIIllII(93).class,rustme/IIiIIIllII,java/lang/Object,misc
IIiIIIlliI(59).class,rustme/IIiIIIlliI,java/lang/Object,kotlin-lambda-ish
IIiIIiIIiI(91).class,rustme/IIiIIiIIiI,rustme/liIlIliIiI,auth-profile
IIiIIiIiII(219).class,rustme/IIiIIiIiII,java/lang/Object,kotlin-lambda-ish
IIiIIiIlII(173).class,rustme/IIiIIiIlII,java/lang/Object,misc
IIiIIiIliI(91).class,rustme/IIiIIiIliI,kotlin/properties/ObservableProperty,kotlin-lambda-ish
IIiIIiiIII(261).class,rustme/IIiIIiiIII,java/lang/Object,misc
IIiIIiiIiI(27).class,rustme/IIiIIiiIiI,java/lang/Object,misc
IIiIIiiiII(155).class,rustme/IIiIIiiiII,java/lang/Object,kotlin-lambda-ish
IIiIIiiilI(13).class,rustme/IIiIIiiilI,java/lang/Object,misc
IIiIIiiliI(27).class,rustme/IIiIIiiliI,rustme/lilliiiliI,mod-command-ish
IIiIIilIII(173).class,rustme/IIiIIilIII,java/lang/Object,misc
IIiIIilIiI(91).class,rustme/IIiIIilIiI,java/lang/Object,entity-related
IIiIIiliiI(27).class,rustme/IIiIIiliiI,java/lang/Object,misc
IIiIIililI(13).class,rustme/IIiIIililI,java/lang/Object,misc
IIiIIilliI(27).class,rustme/IIiIIilliI,rustme/IIiiIilliI,misc
IIiIIlIIiI(75).class,rustme/IIiIIlIIiI,java/lang/Object,network-packet
IIiIIlIiII(125).class,rustme/IIiIIlIiII,java/lang/Object,misc
IIiIIlIiiI(11).class,rustme/IIiIIlIiiI,rustme/IillilIiiI,item-related
IIiIIlIlII(93).class,rustme/IIiIIlIlII,java/lang/Object,misc
IIiIIlIliI(59).class,rustme/IIiIIlIliI,kotlin/properties/ObservableProperty,misc
IIiIIliIII(141).class,rustme/IIiIIliIII,java/lang/Object,misc
IIiIIliIiI(43).class,rustme/IIiIIliIiI,rustme/iIiIIliIiI,world-related
IIiIIliiII(107).class,rustme/IIiIIliiII,java/lang/Object,kotlin-lambda-ish
IIiIIliilI(13).class,rustme/IIiIIliilI,java/lang/Object,misc
IIiIIliliI(27).class,rustme/IIiIIliliI,java/lang/Object,kotlin-lambda-ish
IIiIIllIII(93).class,rustme/IIiIIllIII,java/lang/Object,misc
IIiIIllIiI(59).class,rustme/IIiIIllIiI,rustme/llIiIllIiI,misc
IIiIIlliiI(27).class,rustme/IIiIIlliiI,rustme/iIiIIlliiI,misc
IIiIIllliI(27).class,rustme/IIiIIllliI,java/lang/Object,kotlin-lambda-ish
IIiIiIIIiI(107).class,rustme/IIiIiIIIiI,java/lang/Enum,tileentity
IIiIiIIiII(235).class,rustme/IIiIiIIiII,java/lang/Object,misc
IIiIiIIlII(181).class,rustme/IIiIiIIlII,java/lang/Object,misc
IIiIiIIliI(107).class,rustme/IIiIiIIliI,rustme/lllIIiIliI,auth-profile
IIiIiIiIII(269).class,rustme/IIiIiIiIII,java/lang/Object,misc
IIiIiIiIiI(43).class,rustme/IIiIiIiIiI,java/lang/Object,misc
IIiIiIiiII(171).class,rustme/IIiIiIiiII,java/lang/Object,kotlin-lambda-ish
IIiIiIiilI(21).class,rustme/IIiIiIiilI,java/lang/Object,misc
IIiIiIiliI(43).class,rustme/IIiIiIiliI,java/lang/Object,misc
IIiIiIlIII(181).class,rustme/IIiIiIlIII,java/lang/Object,misc
IIiIiIlIiI(107).class,rustme/IIiIiIlIiI,java/lang/Object,misc
IIiIiIliiI(43).class,rustme/IIiIiIliiI,rustme/IiliiIliiI,gui-textures
IIiIiIlilI(21).class,rustme/IIiIiIlilI,java/lang/Object,misc
IIiIiIlliI(43).class,rustme/IIiIiIlliI,java/lang/Object,kotlin-lambda-ish
IIiIiiIIII(285).class,rustme/IIiIiiIIII,java/lang/Object,misc
IIiIiiIIiI(75).class,rustme/IIiIiiIIiI,rustme/iliIiliIiI,entity-related
IIiIiiIiII(203).class,rustme/IIiIiiIiII,java/lang/Object,kotlin-lambda-ish
IIiIiiIilI(37).class,rustme/IIiIiiIilI,java/lang/Object,misc
IIiIiiIliI(75).class,rustme/IIiIiiIliI,java/lang/Object,kotlin-lambda-ish
IIiIiiiIiI(11).class,rustme/IIiIiiiIiI,rustme/iIlIiiiIiI,entity-renderer
IIiIiiiiII(139).class,rustme/IIiIiiiiII,java/lang/Object,kotlin-lambda-ish
IIiIiiilII(133).class,rustme/IIiIiiilII,java/lang/Object,misc
IIiIiiiliI(11).class,rustme/IIiIiiiliI,java/lang/Object,misc
IIiIiilIiI(75).class,rustme/IIiIiilIiI,rustme/iIiIiilIiI,world-related
IIiIiiliII(133).class,rustme/IIiIiiliII,java/lang/Object,misc
IIiIiiliiI(11).class,rustme/IIiIiiliiI,java/lang/Enum,enum
IIiIiillII(69).class,rustme/IIiIiillII,java/lang/Object,misc
IIiIiilliI(11).class,rustme/IIiIiilliI,io/netty/channel/SimpleChannelInboundHandler,network-netty
IIiIilIIII(149).class,rustme/IIiIilIIII,java/lang/Object,misc
IIiIilIIiI(59).class,rustme/IIiIilIIiI,java/lang/Object,network-packet
IIiIilIilI(21).class,rustme/IIiIilIilI,java/lang/Object,misc
IIiIilIliI(43).class,rustme/IIiIilIliI,java/lang/Object,kotlin-lambda-ish
IIiIiliIiI(27).class,rustme/IIiIiliIiI,java/lang/Object,entity-related
IIiIiliiII(91).class,rustme/IIiIiliiII,java/lang/Object,kotlin-lambda-ish
IIiIililII(69).class,rustme/IIiIililII,java/lang/Object,misc
IIiIililiI(11).class,rustme/IIiIililiI,java/lang/Object,kotlin-lambda-ish
IIiIillIiI(43).class,rustme/IIiIillIiI,java/lang/Object,misc
IIiIilliII(69).class,rustme/IIiIilliII,java/lang/Object,misc
IIiIilliiI(11).class,rustme/IIiIilliiI,rustme/lililIliiI,particle
IIiIilllII(37).class,rustme/IIiIilllII,java/lang/Object,misc
IIiIillliI(11).class,rustme/IIiIillliI,java/lang/Object,kotlin-lambda-ish
IIiIlIIIiI(59).class,rustme/IIiIlIIIiI,java/lang/Object,network-netty
IIiIlIIiII(117).class,rustme/IIiIlIIiII,java/lang/Object,misc
IIiIlIIlII(93).class,rustme/IIiIlIIlII,java/lang/Object,misc
IIiIlIIliI(59).class,rustme/IIiIlIIliI,java/lang/Object,lambdas
IIiIlIiIII(133).class,rustme/IIiIlIiIII,java/lang/Object,misc
IIiIlIiIiI(27).class,rustme/IIiIlIiIiI,rustme/ilIIlIiIiI,misc
IIiIlIiiII(91).class,rustme/IIiIlIiiII,java/lang/Object,kotlin-lambda-ish
IIiIlIiilI(13).class,rustme/IIiIlIiilI,java/lang/Object,misc
IIiIlIiliI(27).class,rustme/IIiIlIiliI,java/lang/Object,misc
IIiIlIlIII(93).class,rustme/IIiIlIlIII,java/lang/Object,misc
IIiIlIlIiI(59).class,rustme/IIiIlIlIiI,java/lang/Object,math-user
IIiIlIliiI(27).class,rustme/IIiIlIliiI,java/lang/Object,misc
IIiIlIlliI(27).class,rustme/IIiIlIlliI,java/lang/Object,kotlin-lambda-ish
IIiIliIIII(141).class,rustme/IIiIliIIII,java/lang/Object,misc
IIiIliIIiI(43).class,rustme/IIiIliIIiI,rustme/IIIiliIIiI,misc
IIiIliIiII(107).class,rustme/IIiIliIiII,java/lang/Object,misc
IIiIliIilI(21).class,rustme/IIiIliIilI,java/lang/Object,misc
IIiIliIliI(43).class,rustme/IIiIliIliI,java/lang/Object,misc
IIiIliiIiI(11).class,rustme/IIiIliiIiI,java/lang/Object,misc
IIiIliiiII(75).class,rustme/IIiIliiiII,java/lang/Object,kotlin-lambda-ish
IIiIliilII(69).class,rustme/IIiIliilII,java/lang/Object,misc
IIiIliiliI(11).class,rustme/IIiIliiliI,rustme/IililiiliI,misc
IIiIlilIiI(43).class,rustme/IIiIlilIiI,java/lang/Enum,enum
IIiIliliII(69).class,rustme/IIiIliliII,java/lang/Object,misc
IIiIliliiI(11).class,rustme/IIiIliliiI,rustme/IlIlliliiI,gui-screen
IIiIlillII(37).class,rustme/IIiIlillII,java/lang/Object,misc
IIiIlilliI(11).class,rustme/IIiIlilliI,java/lang/Object,misc
IIiIllIIII(85).class,rustme/IIiIllIIII,java/lang/Object,misc
IIiIllIIiI(43).class,rustme/IIiIllIIiI,rustme/IiIilIiIiI,misc
IIiIllIiiI(11).class,rustme/IIiIllIiiI,rustme/iIiIiiliiI,world-related
IIiIllIilI(13).class,rustme/IIiIllIilI,java/lang/Object,misc
IIiIllIliI(27).class,rustme/IIiIllIliI,java/lang/Object,gui-screen
IIiIlliIiI(27).class,rustme/IIiIlliIiI,rustme/IIlIIliIiI,world-related
IIiIlliiII(59).class,rustme/IIiIlliiII,java/lang/Object,kotlin-lambda-ish
IIiIllilII(37).class,rustme/IIiIllilII,java/lang/Object,misc
IIiIlliliI(11).class,rustme/IIiIlliliI,java/lang/Object,misc
IIiIlllIiI(27).class,rustme/IIiIlllIiI,java/lang/Object,misc
IIiIllliII(37).class,rustme/IIiIllliII,java/lang/Object,misc
IIiIllliiI(11).class,rustme/IIiIllliiI,java/lang/Object,misc
IIiIllllII(21).class,rustme/IIiIllllII,java/lang/Object,misc
IIiIlllliI(11).class,rustme/IIiIlllliI,java/lang/Object,kotlin-lambda-ish
IIiiIIIIiI(115).class,rustme/IIiiIIIIiI,rustme/iiliIIIIiI,world-related
IIiiIIIiII(241).class,rustme/IIiiIIIiII,java/lang/Object,misc
IIiiIIIlII(185).class,rustme/IIiiIIIlII,java/lang/Object,misc
IIiiIIIliI(115).class,rustme/IIiiIIIliI,rustme/IlilIIIliI,gui-textures
IIiiIIiIII(273).class,rustme/IIiiIIiIII,java/lang/Object,misc
IIiiIIiIiI(51).class,rustme/IIiiIIiIiI,rustme/IIlliIiIiI,entity-related
IIiiIIiiII(179).class,rustme/IIiiIIiiII,java/lang/Object,kotlin-lambda-ish
IIiiIIiilI(25).class,rustme/IIiiIIiilI,java/lang/Object,misc
IIiiIIiliI(51).class,rustme/IIiiIIiliI,java/lang/Object,misc
IIiiIIlIII(185).class,rustme/IIiiIIlIII,java/lang/Object,misc
IIiiIIlIiI(115).class,rustme/IIiiIIlIiI,java/lang/Object,misc
IIiiIIliiI(51).class,rustme/IIiiIIliiI,rustme/lIlliIliiI,network-packet
IIiiIIlliI(51).class,rustme/IIiiIIlliI,java/lang/Object,kotlin-lambda-ish
IIiiIiIIII(289).class,rustme/IIiiIiIIII,java/lang/Object,misc
IIiiIiIIiI(83).class,rustme/IIiiIiIIiI,rustme/lliiIiIIiI,world-related
IIiiIiIiII(211).class,rustme/IIiiIiIiII,java/lang/Object,kotlin-lambda-ish
IIiiIiIilI(41).class,rustme/IIiiIiIilI,java/lang/Object,misc
IIiiIiIliI(83).class,rustme/IIiiIiIliI,kotlin/properties/ObservableProperty,misc
IIiiIiiIiI(19).class,rustme/IIiiIiiIiI,rustme/lliiiiiIiI,block
IIiiIiiiII(147).class,rustme/IIiiIiiiII,java/lang/Object,kotlin-lambda-ish
IIiiIiilII(137).class,rustme/IIiiIiilII,java/lang/Object,misc
IIiiIiiliI(19).class,rustme/IIiiIiiliI,rustme/iliiIiiliI,misc
IIiiIilIiI(83).class,rustme/IIiiIilIiI,java/lang/Object,json-gson
IIiiIiliII(137).class,rustme/IIiiIiliII,java/lang/Object,misc
IIiiIiliiI(19).class,rustme/IIiiIiliiI,java/lang/Enum,enum
IIiiIillII(73).class,rustme/IIiiIillII,java/lang/Object,misc
IIiiIilliI(19).class,rustme/IIiiIilliI,java/lang/Object,kotlin-lambda-ish
IIiiIlIIII(153).class,rustme/IIiiIlIIII,java/lang/Object,misc
IIiiIlIIiI(67).class,rustme/IIiiIlIIiI,java/lang/Object,network-packet
IIiiIlIiiI(3).class,rustme/IIiiIlIiiI,rustme/iliIIlIiiI,world-related
IIiiIlIilI(25).class,rustme/IIiiIlIilI,java/lang/Object,misc
IIiiIlIliI(51).class,rustme/IIiiIlIliI,java/lang/Object,kotlin-lambda-ish
IIiiIliIiI(35).class,rustme/IIiiIliIiI,rustme/iliIiliIiI,misc
IIiiIliiII(99).class,rustme/IIiiIliiII,java/lang/Object,kotlin-lambda-ish
IIiiIlilII(73).class,rustme/IIiiIlilII,java/lang/Object,misc
IIiiIliliI(19).class,rustme/IIiiIliliI,rustme/llIiIliliI,gui-screen
IIiiIllIiI(51).class,rustme/IIiiIllIiI,java/lang/Enum,enum
IIiiIlliII(73).class,rustme/IIiiIlliII,java/lang/Object,misc
IIiiIlliiI(19).class,rustme/IIiiIlliiI,java/lang/Object,misc
IIiiIlllII(41).class,rustme/IIiiIlllII,java/lang/Object,misc
IIiiIllliI(19).class,rustme/IIiiIllliI,java/lang/Object,kotlin-lambda-ish
IIiiiIIIII(297).class,rustme/IIiiiIIIII,java/lang/Object,misc
IIiiiIIIiI(99).class,rustme/IIiiiIIIiI,java/lang/Object,tileentity
IIiiiIIiII(227).class,rustme/IIiiiIIiII,java/lang/Object,kotlin-lambda-ish
IIiiiIIilI(49).class,rustme/IIiiiIIilI,java/lang/Object,misc
IIiiiIIliI(99).class,rustme/IIiiiIIliI,java/lang/Object,misc
IIiiiIiIiI(35).class,rustme/IIiiiIiIiI,java/lang/Object,misc
IIiiiIiiII(163).class,rustme/IIiiiIiiII,java/lang/Object,kotlin-lambda-ish
IIiiiIilII(145).class,rustme/IIiiiIilII,java/lang/Object,misc
IIiiiIiliI(35).class,rustme/IIiiiIiliI,rustme/llliiIIiII,lambdas
IIiiiIlIiI(99).class,rustme/IIiiiIlIiI,rustme/IIlllilIiI,block
IIiiiIliII(145).class,rustme/IIiiiIliII,java/lang/Object,misc
IIiiiIliiI(35).class,rustme/IIiiiIliiI,rustme/iIlililiiI,gui-screen
IIiiiIllII(81).class,rustme/IIiiiIllII,java/lang/Object,misc
IIiiiIlliI(35).class,rustme/IIiiiIlliI,java/lang/Object,kotlin-lambda-ish
IIiiiiIIiI(67).class,rustme/IIiiiiIIiI,rustme/iliIiliIiI,world-related
IIiiiiIiII(195).class,rustme/IIiiiiIiII,java/lang/Object,kotlin-lambda-ish
IIiiiiIlII(161).class,rustme/IIiiiiIlII,java/lang/Object,misc
IIiiiiIliI(67).class,rustme/IIiiiiIliI,rustme/liiiiiIliI,mod-widget
IIiiiiiIII(249).class,rustme/IIiiiiiIII,java/lang/Object,misc
IIiiiiiIiI(3).class,rustme/IIiiiiiIiI,java/lang/Object,entity-renderer
IIiiiiiiII(131).class,rustme/IIiiiiiiII,java/lang/Object,kotlin-lambda-ish
IIiiiiiilI(1).class,rustme/IIiiiiiilI,java/lang/Object,misc
IIiiiiiliI(3).class,rustme/IIiiiiiliI,java/lang/Object,entity-related
IIiiiilIII(161).class,rustme/IIiiiilIII,java/lang/Object,misc
IIiiiilIiI(67).class,rustme/IIiiiilIiI,java/lang/Object,misc
IIiiiiliiI(3).class,rustme/IIiiiiliiI,java/lang/Enum,enum
IIiiiililI(1).class,rustme/IIiiiililI,java/lang/Object,misc
IIiiiilliI(3).class,rustme/IIiiiilliI,java/lang/Object,lambdas
IIiiilIIiI(51).class,rustme/IIiiilIIiI,rustme/iliiilIIiI,misc
IIiiilIiII(113).class,rustme/IIiiilIiII,java/lang/Object,misc
IIiiilIlII(81).class,rustme/IIiiilIlII,java/lang/Object,misc
IIiiilIliI(35).class,rustme/IIiiilIliI,java/lang/Object,misc
IIiiiliIII(129).class,rustme/IIiiiliIII,java/lang/Object,misc
IIiiiliIiI(19).class,rustme/IIiiiliIiI,rustme/IiillIiIiI,misc
IIiiiliiII(83).class,rustme/IIiiiliiII,java/lang/Object,kotlin-lambda-ish
IIiiiliilI(1).class,rustme/IIiiiliilI,java/lang/Object,misc
IIiiililiI(3).class,rustme/IIiiililiI,rustme/llIiIliliI,mod-widget
IIiiillIII(81).class,rustme/IIiiillIII,java/lang/Object,misc
IIiiillIiI(35).class,rustme/IIiiillIiI,rustme/IIlllIlIiI,block
IIiiilliiI(3).class,rustme/IIiiilliiI,rustme/lililIliiI,particle
IIiiillliI(3).class,rustme/IIiiillliI,java/lang/Object,kotlin-lambda-ish
IIiilIIIII(145).class,rustme/IIiilIIIII,java/lang/Object,misc
IIiilIIIiI(51).class,rustme/IIiilIIIiI,java/lang/Object,misc
IIiilIIilI(25).class,rustme/IIiilIIilI,java/lang/Object,misc
IIiilIIliI(51).class,rustme/IIiilIIliI,rustme/IililIIliI,misc
IIiilIiIiI(19).class,rustme/IIiilIiIiI,rustme/IIlliIiIiI,world-related
IIiilIiiII(83).class,rustme/IIiilIiiII,java/lang/Object,kotlin-lambda-ish
IIiilIilII(73).class,rustme/IIiilIilII,java/lang/Object,misc
IIiilIiliI(19).class,rustme/IIiilIiliI,java/lang/Object,kotlin-lambda-ish
IIiilIlIiI(51).class,rustme/IIiilIlIiI,java/lang/Object,misc
IIiilIliII(73).class,rustme/IIiilIliII,java/lang/Object,misc
IIiilIliiI(19).class,rustme/IIiilIliiI,java/lang/Object,network-packet
IIiilIllII(41).class,rustme/IIiilIllII,java/lang/Object,misc
IIiilIlliI(19).class,rustme/IIiilIlliI,java/lang/Object,kotlin-lambda-ish
IIiiliIIiI(35).class,rustme/IIiiliIIiI,rustme/llIIlIiIiI,world-related
IIiiliIiII(99).class,rustme/IIiiliIiII,rustme/lIliliIiII,kotlin-lambda-ish
IIiiliIlII(81).class,rustme/IIiiliIlII,java/lang/Object,misc
IIiiliIliI(35).class,rustme/IIiiliIliI,kotlin/properties/ObservableProperty,misc
IIiiliiIII(121).class,rustme/IIiiliiIII,java/lang/Object,misc
IIiiliiIiI(3).class,rustme/IIiiliiIiI,java/lang/RuntimeException,misc
IIiiliiiII(67).class,rustme/IIiiliiiII,java/lang/Object,kotlin-lambda-ish
IIiiliiilI(1).class,rustme/IIiiliiilI,java/lang/Object,misc
IIiiliiliI(3).class,rustme/IIiiliiliI,rustme/IililiiliI,misc
IIiililIII(81).class,rustme/IIiililIII,java/lang/Object,misc
IIiililIiI(35).class,rustme/IIiililIiI,java/lang/Enum,enum
IIiililiiI(3).class,rustme/IIiililiiI,java/lang/Object,json-gson
IIiilililI(1).class,rustme/IIiilililI,java/lang/Object,misc
IIiililliI(3).class,rustme/IIiililliI,java/lang/Object,misc
IIiillIIiI(35).class,rustme/IIiillIIiI,java/lang/Object,misc
IIiillIiII(65).class,rustme/IIiillIiII,java/lang/Object,misc
IIiillIiiI(3).class,rustme/IIiillIiiI,java/lang/Object,misc
IIiillIlII(41).class,rustme/IIiillIlII,java/lang/Object,misc
IIiillIliI(19).class,rustme/IIiillIliI,rustme/iliillIliI,misc
IIiilliIII(73).class,rustme/IIiilliIII,java/lang/Object,misc
IIiilliIiI(19).class,rustme/IIiilliIiI,rustme/IIlIIliIiI,tileentity
IIiilliiII(51).class,rustme/IIiilliiII,java/lang/Object,kotlin-lambda-ish
IIiilliilI(1).class,rustme/IIiilliilI,java/lang/Object,misc
IIiilliliI(3).class,rustme/IIiilliliI,java/lang/Object,misc
IIiilllIII(41).class,rustme/IIiilllIII,java/lang/Object,misc
IIiilllIiI(19).class,rustme/IIiilllIiI,rustme/llIiIllIiI,misc
IIiillliiI(3).class,rustme/IIiillliiI,rustme/lIiillliiI,misc
IIiilllliI(3).class,rustme/IIiilllliI,java/lang/Object,kotlin-lambda-ish
IIilIIIIiI(59).class,rustme/IIilIIIIiI,rustme/lilIIIIIiI,misc
IIilIIIiII(121).class,rustme/IIilIIIiII,java/lang/Object,misc
IIilIIIlII(93).class,rustme/IIilIIIlII,java/lang/Object,misc
IIilIIIliI(59).class,rustme/IIilIIIliI,kotlin/jvm/internal/FunctionReferenceImpl,mod-widget
IIilIIiIII(137).class,rustme/IIilIIiIII,java/lang/Object,misc
IIilIIiIiI(27).class,rustme/IIilIIiIiI,java/lang/Object,misc
IIilIIiiII(91).class,rustme/IIilIIiiII,java/lang/Object,kotlin-lambda-ish
IIilIIiilI(13).class,rustme/IIilIIiilI,java/lang/Object,misc
IIilIIiliI(27).class,rustme/IIilIIiliI,java/lang/Object,misc
IIilIIlIII(93).class,rustme/IIilIIlIII,java/lang/Object,misc
IIilIIlIiI(59).class,rustme/IIilIIlIiI,java/lang/Object,misc
IIilIIliiI(27).class,rustme/IIilIIliiI,java/lang/Object,misc
IIilIIlliI(27).class,rustme/IIilIIlliI,java/lang/Object,kotlin-lambda-ish
IIilIiIIII(145).class,rustme/IIilIiIIII,java/lang/Object,misc
IIilIiIIiI(43).class,rustme/IIilIiIIiI,rustme/iilIIiIIiI,world-related
IIilIiIiII(107).class,rustme/IIilIiIiII,java/lang/Object,kotlin-lambda-ish
IIilIiIilI(21).class,rustme/IIilIiIilI,java/lang/Object,misc
IIilIiIliI(43).class,rustme/IIilIiIliI,java/lang/Object,misc
IIilIiiIiI(11).class,rustme/IIilIiiIiI,rustme/IiliiIliiI,misc
IIilIiiiII(75).class,rustme/IIilIiiiII,java/lang/Object,kotlin-lambda-ish
IIilIiilII(69).class,rustme/IIilIiilII,java/lang/Object,misc
IIilIiiliI(11).class,rustme/IIilIiiliI,rustme/lIlIIiiliI,gui-screen
IIilIilIiI(43).class,rustme/IIilIilIiI,java/lang/Object,misc
IIilIiliII(69).class,rustme/IIilIiliII,java/lang/Object,misc
IIilIiliiI(11).class,rustme/IIilIiliiI,java/lang/Object,world-related
IIilIillII(37).class,rustme/IIilIillII,java/lang/Object,misc
IIilIilliI(11).class,rustme/IIilIilliI,java/lang/Object,misc
IIilIlIIII(77).class,rustme/IIilIlIIII,java/lang/Object,misc
IIilIlIIiI(35).class,rustme/IIilIlIIiI,java/lang/Object,entity-related
IIilIlIiiI(3).class,rustme/IIilIlIiiI,rustme/iliIIlIiiI,world-related
IIilIlIilI(13).class,rustme/IIilIlIilI,java/lang/Object,misc
IIilIlIliI(27).class,rustme/IIilIlIliI,rustme/illIIlIliI,misc
IIilIliIiI(19).class,rustme/IIilIliIiI,rustme/iIilIliIiI,world-related
IIilIliiII(51).class,rustme/IIilIliiII,java/lang/Object,kotlin-lambda-ish
IIilIlilII(37).class,rustme/IIilIlilII,java/lang/Object,misc
IIilIliliI(11).class,rustme/IIilIliliI,java/lang/Object,misc
IIilIllIiI(27).class,rustme/IIilIllIiI,rustme/llIiIllIiI,misc
IIilIlliII(37).class,rustme/IIilIlliII,java/lang/Object,misc
IIilIlliiI(11).class,rustme/IIilIlliiI,rustme/IIlIIlliiI,misc
IIilIlllII(21).class,rustme/IIilIlllII,java/lang/Object,misc
IIilIllliI(11).class,rustme/IIilIllliI,java/lang/Object,kotlin-lambda-ish
IIiliIIIII(149).class,rustme/IIiliIIIII,java/lang/Object,misc
IIiliIIIiI(51).class,rustme/IIiliIIIiI,rustme/llliiIIIiI,tileentity
IIiliIIiII(115).class,rustme/IIiliIIiII,java/lang/Object,misc
IIiliIIilI(25).class,rustme/IIiliIIilI,java/lang/Object,misc
IIiliIIliI(51).class,rustme/IIiliIIliI,rustme/ilIIiIIliI,mod-widget
IIiliIiIiI(19).class,rustme/IIiliIiIiI,java/lang/Object,misc
IIiliIiiII(83).class,rustme/IIiliIiiII,java/lang/Object,kotlin-lambda-ish
IIiliIilII(73).class,rustme/IIiliIilII,java/lang/Object,misc
IIiliIiliI(19).class,rustme/IIiliIiliI,java/lang/Object,render-gl-wrapper
IIiliIlIiI(51).class,rustme/IIiliIlIiI,java/lang/Object,block
IIiliIliII(73).class,rustme/IIiliIliII,java/lang/Object,misc
IIiliIliiI(19).class,rustme/IIiliIliiI,java/lang/Object,misc
IIiliIllII(41).class,rustme/IIiliIllII,java/lang/Object,misc
IIiliIlliI(19).class,rustme/IIiliIlliI,java/lang/Object,kotlin-lambda-ish
IIiliiIIiI(35).class,rustme/IIiliiIIiI,rustme/liiliiIIiI,tileentity
IIiliiIiII(99).class,rustme/IIiliiIiII,java/lang/Object,kotlin-lambda-ish
IIiliiIlII(81).class,rustme/IIiliiIlII,java/lang/Object,misc
IIiliiIliI(35).class,rustme/IIiliiIliI,java/lang/Object,mod-ui
IIiliiiIII(125).class,rustme/IIiliiiIII,java/lang/Object,misc
IIiliiiIiI(3).class,rustme/IIiliiiIiI,rustme/iIlIiiiIiI,entity-renderer
IIiliiiiII(67).class,rustme/IIiliiiiII,java/lang/Object,kotlin-lambda-ish
IIiliiiilI(1).class,rustme/IIiliiiilI,java/lang/Object,misc
IIiliiiliI(3).class,rustme/IIiliiiliI,java/lang/Object,misc
IIiliilIII(81).class,rustme/IIiliilIII,java/lang/Object,misc
IIiliilIiI(35).class,rustme/IIiliilIiI,java/lang/Object,entity-related
IIiliiliiI(3).class,rustme/IIiliiliiI,rustme/IillilIiiI,item-related
IIiliililI(1).class,rustme/IIiliililI,java/lang/Object,misc
IIiliilliI(3).class,rustme/IIiliilliI,java/lang/Object,misc
IIililIIiI(27).class,rustme/IIililIIiI,java/lang/Object,misc
IIililIiII(57).class,rustme/IIililIiII,java/lang/Object,misc
IIililIlII(41).class,rustme/IIililIlII,java/lang/Object,misc
IIililIliI(19).class,rustme/IIililIliI,java/lang/Object,misc
IIililiIII(65).class,rustme/IIililiIII,java/lang/Object,misc
IIililiIiI(11).class,rustme/IIililiIiI,rustme/iliIiliIiI,world-related
IIililiiII(43).class,rustme/IIililiiII,java/lang/Object,kotlin-lambda-ish
IIililiilI(1).class,rustme/IIililiilI,java/lang/Object,misc
IIilililiI(3).class,rustme/IIilililiI,java/lang/Object,kotlin-lambda-ish
IIilillIII(41).class,rustme/IIilillIII,java/lang/Object,misc
IIilillIiI(19).class,rustme/IIilillIiI,java/lang/Object,misc
IIililliiI(3).class,rustme/IIililliiI,java/lang/Object,json-gson
IIilillliI(3).class,rustme/IIilillliI,java/lang/Object,kotlin-lambda-ish
IIillIIIII(73).class,rustme/IIillIIIII,java/lang/Object,misc
IIillIIIiI(27).class,rustme/IIillIIIiI,java/lang/Object,misc
IIillIIilI(13).class,rustme/IIillIIilI,java/lang/Object,misc
IIillIIliI(27).class,rustme/IIillIIliI,kotlin/jvm/internal/FunctionReferenceImpl,kotlin-lambda-ish
IIillIiIiI(11).class,rustme/IIillIiIiI,rustme/IiillIiIiI,misc
IIillIiiII(43).class,rustme/IIillIiiII,java/lang/Object,kotlin-lambda-ish
IIillIilII(37).class,rustme/IIillIilII,java/lang/Object,misc
IIillIiliI(11).class,rustme/IIillIiliI,java/lang/Object,misc
IIillIlIiI(27).class,rustme/IIillIlIiI,java/lang/Object,misc
IIillIliII(37).class,rustme/IIillIliII,java/lang/Object,misc
IIillIliiI(11).class,rustme/IIillIliiI,rustme/lililIliiI,particle
IIillIllII(21).class,rustme/IIillIllII,java/lang/Object,misc
IIillIlliI(11).class,rustme/IIillIlliI,java/lang/Object,kotlin-lambda-ish
IIilliIIiI(19).class,rustme/IIilliIIiI,rustme/lllIliIIiI,misc
IIilliIiII(51).class,rustme/IIilliIiII,java/lang/Object,misc
IIilliIlII(41).class,rustme/IIilliIlII,java/lang/Object,misc
IIilliIliI(19).class,rustme/IIilliIliI,java/lang/Object,misc
IIilliiIII(61).class,rustme/IIilliiIII,java/lang/Object,misc
IIilliiIiI(3).class,rustme/IIilliiIiI,java/lang/Enum,enum
IIilliiiII(35).class,rustme/IIilliiiII,java/lang/Object,kotlin-lambda-ish
IIilliiilI(1).class,rustme/IIilliiilI,java/lang/Object,misc
IIilliiliI(3).class,rustme/IIilliiliI,rustme/lilliiiliI,mod-command-ish
IIillilIII(41).class,rustme/IIillilIII,java/lang/Object,misc
IIillilIiI(19).class,rustme/IIillilIiI,java/lang/Object,misc
IIilliliiI(3).class,rustme/IIilliliiI,java/lang/Object,misc
IIillililI(1).class,rustme/IIillililI,java/lang/Object,misc
IIillilliI(3).class,rustme/IIillilliI,java/lang/Object,kotlin-lambda-ish
IIilllIIiI(19).class,rustme/IIilllIIiI,java/lang/Object,misc
IIilllIiII(33).class,rustme/IIilllIiII,java/lang/Object,misc
IIilllIiiI(3).class,rustme/IIilllIiiI,rustme/IiIIIlIiiI,block
IIilllIlII(21).class,rustme/IIilllIlII,java/lang/Object,misc
IIilllIliI(11).class,rustme/IIilllIliI,java/lang/Object,kotlin-lambda-ish
IIillliIII(37).class,rustme/IIillliIII,java/lang/Object,misc
IIillliIiI(11).class,rustme/IIillliIiI,rustme/iliIiliIiI,misc
IIillliiII(27).class,rustme/IIillliiII,java/lang/Object,kotlin-lambda-ish
IIillliilI(1).class,rustme/IIillliilI,java/lang/Object,misc
IIillliliI(3).class,rustme/IIillliliI,java/lang/Object,misc
IIillllIII(21).class,rustme/IIillllIII,java/lang/Object,misc
IIillllIiI(11).class,rustme/IIillllIiI,java/lang/Object,misc
IIilllliiI(3).class,rustme/IIilllliiI,java/lang/Object,entity-related
IIillllliI(3).class,rustme/IIillllliI,java/lang/Object,kotlin-lambda-ish
IIlIIIIIII(155).class,rustme/IIlIIIIIII,java/lang/Object,misc
IIlIIIIIiI(63).class,rustme/IIlIIIIIiI,rustme/lilIIIIIiI,misc
IIlIIIIilI(31).class,rustme/IIlIIIIilI,java/lang/Object,misc
IIlIIIIliI(63).class,rustme/IIlIIIIliI,rustme/IlilIIIliI,mod-widget
IIlIIIiIiI(31).class,rustme/IIlIIIiIiI,java/lang/Object,entity-related
IIlIIIiiII(95).class,rustme/IIlIIIiiII,java/lang/Object,kotlin-lambda-ish
IIlIIIilII(79).class,rustme/IIlIIIilII,java/lang/Object,misc
IIlIIIiliI(31).class,rustme/IIlIIIiliI,java/lang/Object,misc
IIlIIIlIiI(63).class,rustme/IIlIIIlIiI,java/lang/Object,misc
IIlIIIliII(79).class,rustme/IIlIIIliII,java/lang/Object,misc
IIlIIIliiI(31).class,rustme/IIlIIIliiI,rustme/lllliIliiI,math-user
IIlIIIllII(47).class,rustme/IIlIIIllII,java/lang/Object,misc
IIlIIIlliI(31).class,rustme/IIlIIIlliI,java/lang/Object,kotlin-lambda-ish
IIlIIiIIiI(47).class,rustme/IIlIIiIIiI,rustme/IIlIIliIiI,world-related
IIlIIiIiII(111).class,rustme/IIlIIiIiII,java/lang/Object,kotlin-lambda-ish
IIlIIiIlII(87).class,rustme/IIlIIiIlII,java/lang/Object,misc
IIlIIiIliI(47).class,rustme/IIlIIiIliI,kotlin/properties/ObservableProperty,misc
IIlIIiiIII(131).class,rustme/IIlIIiiIII,java/lang/Object,misc
IIlIIiiIiI(15).class,rustme/IIlIIiiIiI,java/lang/Object,misc
IIlIIiiiII(79).class,rustme/IIlIIiiiII,java/lang/Object,kotlin-lambda-ish
IIlIIiiilI(7).class,rustme/IIlIIiiilI,java/lang/Object,misc
IIlIIiiliI(15).class,rustme/IIlIIiiliI,java/lang/Object,misc
IIlIIilIII(87).class,rustme/IIlIIilIII,java/lang/Object,misc
IIlIIilIiI(47).class,rustme/IIlIIilIiI,java/lang/Object,world-related
IIlIIiliiI(15).class,rustme/IIlIIiliiI,java/lang/Object,misc
IIlIIililI(7).class,rustme/IIlIIililI,java/lang/Object,misc
IIlIIilliI(15).class,rustme/IIlIIilliI,java/lang/Object,misc
IIlIIlIIiI(39).class,rustme/IIlIIlIIiI,java/lang/Object,misc
IIlIIlIiII(63).class,rustme/IIlIIlIiII,java/lang/Object,misc
IIlIIlIiiI(7).class,rustme/IIlIIlIiiI,rustme/lIlliiliiI,misc
IIlIIlIlII(47).class,rustme/IIlIIlIlII,java/lang/Object,misc
IIlIIlIliI(31).class,rustme/IIlIIlIliI,java/lang/Object,kotlin-coroutines
IIlIIliIII(71).class,rustme/IIlIIliIII,java/lang/Object,misc
IIlIIliIiI(23).class,rustme/IIlIIliIiI,java/lang/Object,block
IIlIIliiII(55).class,rustme/IIlIIliiII,java/lang/Object,kotlin-lambda-ish
IIlIIliilI(7).class,rustme/IIlIIliilI,java/lang/Object,misc
IIlIIliliI(15).class,rustme/IIlIIliliI,java/lang/Object,misc
IIlIIllIII(47).class,rustme/IIlIIllIII,java/lang/Object,misc
IIlIIllIiI(31).class,rustme/IIlIIllIiI,rustme/llIiIllIiI,misc
IIlIIlliiI(15).class,rustme/IIlIIlliiI,java/lang/Object,misc
IIlIIllliI(15).class,rustme/IIlIIllliI,java/lang/Object,kotlin-lambda-ish
IIlIiIIIiI(55).class,rustme/IIlIiIIIiI,java/lang/Object,world-related
IIlIiIIiII(119).class,rustme/IIlIiIIiII,java/lang/Object,misc
IIlIiIIlII(91).class,rustme/IIlIiIIlII,java/lang/Object,misc
IIlIiIIliI(55).class,rustme/IIlIiIIliI,rustme/IliIIiIliI,mod-widget
IIlIiIiIII(135).class,rustme/IIlIiIiIII,java/lang/Object,misc
IIlIiIiIiI(23).class,rustme/IIlIiIiIiI,java/lang/Object,misc
IIlIiIiiII(87).class,rustme/IIlIiIiiII,java/lang/Object,kotlin-lambda-ish
IIlIiIiilI(11).class,rustme/IIlIiIiilI,java/lang/Object,misc
IIlIiIiliI(23).class,rustme/IIlIiIiliI,java/lang/Object,entity-related
IIlIiIlIII(91).class,rustme/IIlIiIlIII,java/lang/Object,misc
IIlIiIlIiI(55).class,rustme/IIlIiIlIiI,java/lang/Object,misc
IIlIiIliiI(23).class,rustme/IIlIiIliiI,java/lang/Object,network-packet
IIlIiIlilI(11).class,rustme/IIlIiIlilI,java/lang/Object,misc
IIlIiIlliI(23).class,rustme/IIlIiIlliI,java/lang/Object,kotlin-lambda-ish
IIlIiiIIII(143).class,rustme/IIlIiiIIII,java/lang/Object,misc
IIlIiiIIiI(39).class,rustme/IIlIiiIIiI,rustme/IIlIIliIiI,entity-related
IIlIiiIiII(103).class,rustme/IIlIiiIiII,java/lang/Object,kotlin-lambda-ish
IIlIiiIilI(19).class,rustme/IIlIiiIilI,java/lang/Object,misc
IIlIiiIliI(39).class,rustme/IIlIiiIliI,java/lang/Object,mod-ui
IIlIiiiIiI(7).class,rustme/IIlIiiiIiI,java/lang/Object,misc
IIlIiiiiII(71).class,rustme/IIlIiiiiII,java/lang/Object,kotlin-lambda-ish
IIlIiiilII(67).class,rustme/IIlIiiilII,java/lang/Object,misc
IIlIiiiliI(7).class,rustme/IIlIiiiliI,java/lang/Object,misc
IIlIiilIiI(39).class,rustme/IIlIiilIiI,java/lang/Object,network-netty
IIlIiiliII(67).class,rustme/IIlIiiliII,java/lang/Object,misc
IIlIiiliiI(7).class,rustme/IIlIiiliiI,java/lang/Object,misc
IIlIiillII(35).class,rustme/IIlIiillII,java/lang/Object,misc
IIlIiilliI(7).class,rustme/IIlIiilliI,java/lang/Object,misc
IIlIilIIII(75).class,rustme/IIlIilIIII,java/lang/Object,misc
IIlIilIIiI(31).class,rustme/IIlIilIIiI,rustme/IllIilIIiI,network-packet
IIlIilIilI(11).class,rustme/IIlIilIilI,java/lang/Object,misc
IIlIilIliI(23).class,rustme/IIlIilIliI,rustme/lllIilIliI,kotlin-lambda-ish
IIlIiliIiI(15).class,rustme/IIlIiliIiI,rustme/iliIiliIiI,world-related
IIlIiliiII(47).class,rustme/IIlIiliiII,java/lang/Object,kotlin-lambda-ish
IIlIililII(35).class,rustme/IIlIililII,java/lang/Object,misc
IIlIililiI(7).class,rustme/IIlIililiI,java/lang/Object,misc
IIlIillIiI(23).class,rustme/IIlIillIiI,java/lang/Enum,enum
IIlIilliII(35).class,rustme/IIlIilliII,java/lang/Object,misc
IIlIilliiI(7).class,rustme/IIlIilliiI,java/lang/Object,misc
IIlIilllII(19).class,rustme/IIlIilllII,java/lang/Object,misc
IIlIillliI(7).class,rustme/IIlIillliI,java/lang/Object,kotlin-lambda-ish
IIlIlIIIiI(31).class,rustme/IIlIlIIIiI,io/netty/channel/ChannelInitializer,network-netty
IIlIlIIiII(59).class,rustme/IIlIlIIiII,java/lang/Object,misc
IIlIlIIlII(47).class,rustme/IIlIlIIlII,java/lang/Object,misc
IIlIlIIliI(31).class,rustme/IIlIlIIliI,java/lang/Object,kotlin-lambda-ish
IIlIlIiIII(67).class,rustme/IIlIlIiIII,java/lang/Object,misc
IIlIlIiIiI(15).class,rustme/IIlIlIiIiI,java/lang/Object,misc
IIlIlIiiII(47).class,rustme/IIlIlIiiII,java/lang/Object,lambdas
IIlIlIiilI(7).class,rustme/IIlIlIiilI,java/lang/Object,misc
IIlIlIiliI(15).class,rustme/IIlIlIiliI,java/lang/Object,kotlin-lambda-ish
IIlIlIlIII(47).class,rustme/IIlIlIlIII,java/lang/Object,misc
IIlIlIlIiI(31).class,rustme/IIlIlIlIiI,java/lang/Object,misc
IIlIlIliiI(15).class,rustme/IIlIlIliiI,java/lang/Object,misc
IIlIlIlliI(15).class,rustme/IIlIlIlliI,java/lang/Object,kotlin-lambda-ish
IIlIliIIII(71).class,rustme/IIlIliIIII,java/lang/Object,misc
IIlIliIIiI(23).class,rustme/IIlIliIIiI,java/lang/Object,misc
IIlIliIiII(55).class,rustme/IIlIliIiII,java/lang/Object,misc
IIlIliIilI(11).class,rustme/IIlIliIilI,java/lang/Object,misc
IIlIliIliI(23).class,rustme/IIlIliIliI,rustme/IlilIIIliI,mod-widget
IIlIliiIiI(7).class,rustme/IIlIliiIiI,java/lang/Object,entity-related
IIlIliiiII(39).class,rustme/IIlIliiiII,java/lang/Object,kotlin-lambda-ish
IIlIliilII(35).class,rustme/IIlIliilII,java/lang/Object,misc
IIlIliiliI(7).class,rustme/IIlIliiliI,java/lang/Object,misc
IIlIlilIiI(23).class,rustme/IIlIlilIiI,java/lang/Object,misc
IIlIliliII(35).class,rustme/IIlIliliII,java/lang/Object,misc
IIlIliliiI(7).class,rustme/IIlIliliiI,rustme/IiliiIliiI,network-netty
IIlIlillII(19).class,rustme/IIlIlillII,java/lang/Object,misc
IIlIlilliI(7).class,rustme/IIlIlilliI,kotlin/properties/ObservableProperty,kotlin-lambda-ish
IIlIllIIII(43).class,rustme/IIlIllIIII,java/lang/Object,misc
IIlIllIIiI(23).class,rustme/IIlIllIIiI,java/lang/Object,auth-profile
IIlIllIiiI(7).class,rustme/IIlIllIiiI,rustme/lIlillIiiI,misc
IIlIllIilI(7).class,rustme/IIlIllIilI,java/lang/Object,misc
IIlIllIliI(15).class,rustme/IIlIllIliI,java/lang/Object,kotlin-lambda-ish
IIlIlliIiI(15).class,rustme/IIlIlliIiI,rustme/lilllliIiI,world-related
IIlIlliiII(31).class,rustme/IIlIlliiII,java/lang/Object,kotlin-lambda-ish
IIlIllilII(19).class,rustme/IIlIllilII,java/lang/Object,misc
IIlIlliliI(7).class,rustme/IIlIlliliI,rustme/lIlilliliI,kotlin-lambda-ish
IIlIlllIiI(15).class,rustme/IIlIlllIiI,java/lang/Object,misc
IIlIllliII(19).class,rustme/IIlIllliII,java/lang/Object,misc
IIlIllliiI(7).class,rustme/IIlIllliiI,java/lang/Object,world-related
IIlIllllII(11).class,rustme/IIlIllllII,java/lang/Object,misc
IIlIlllliI(7).class,rustme/IIlIlllliI,java/lang/Object,kotlin-lambda-ish
IIliIIIIiI(59).class,rustme/IIliIIIIiI,rustme/iIlliIIIiI,world-related
IIliIIIiII(121).class,rustme/IIliIIIiII,java/lang/Object,misc
IIliIIIlII(93).class,rustme/IIliIIIlII,java/lang/Object,misc
IIliIIIliI(59).class,rustme/IIliIIIliI,kotlin/properties/ObservableProperty,misc
IIliIIiIII(137).class,rustme/IIliIIiIII,java/lang/Object,misc
IIliIIiIiI(27).class,rustme/IIliIIiIiI,java/lang/Enum,enum
IIliIIiiII(91).class,rustme/IIliIIiiII,java/lang/Object,kotlin-lambda-ish
IIliIIiilI(13).class,rustme/IIliIIiilI,java/lang/Object,misc
IIliIIiliI(27).class,rustme/IIliIIiliI,rustme/iiiliIiliI,misc
IIliIIlIII(93).class,rustme/IIliIIlIII,java/lang/Object,misc
IIliIIlIiI(59).class,rustme/IIliIIlIiI,rustme/iliIIIlIiI,misc
IIliIIliiI(27).class,rustme/IIliIIliiI,rustme/lIlliIliiI,network-packet
IIliIIlliI(27).class,rustme/IIliIIlliI,java/lang/Object,kotlin-lambda-ish
IIliIiIIII(145).class,rustme/IIliIiIIII,java/lang/Object,misc
IIliIiIIiI(43).class,rustme/IIliIiIIiI,rustme/iiiliiIIiI,misc
IIliIiIiII(107).class,rustme/IIliIiIiII,java/lang/Object,kotlin-lambda-ish
IIliIiIilI(21).class,rustme/IIliIiIilI,java/lang/Object,misc
IIliIiIliI(43).class,rustme/IIliIiIliI,java/lang/Object,mod-widget
IIliIiiIiI(11).class,rustme/IIliIiiIiI,java/lang/Object,misc
IIliIiiiII(75).class,rustme/IIliIiiiII,java/lang/Object,kotlin-lambda-ish
IIliIiilII(69).class,rustme/IIliIiilII,java/lang/Object,misc
IIliIiiliI(11).class,rustme/IIliIiiliI,rustme/illiIiiliI,misc
IIliIilIiI(43).class,rustme/IIliIilIiI,rustme/iIliIilIiI,misc
IIliIiliII(69).class,rustme/IIliIiliII,java/lang/Object,misc
IIliIiliiI(11).class,rustme/IIliIiliiI,java/lang/Object,misc
IIliIillII(37).class,rustme/IIliIillII,java/lang/Object,misc
IIliIilliI(11).class,rustme/IIliIilliI,java/lang/Object,misc
IIliIlIIII(77).class,rustme/IIliIlIIII,java/lang/Object,misc
IIliIlIIiI(35).class,rustme/IIliIlIIiI,java/lang/Object,network-packet
IIliIlIiiI(3).class,rustme/IIliIlIiiI,java/lang/Enum,enum
IIliIlIilI(13).class,rustme/IIliIlIilI,java/lang/Object,misc
IIliIlIliI(27).class,rustme/IIliIlIliI,java/lang/Object,misc
IIliIliIiI(19).class,rustme/IIliIliIiI,rustme/liliIliIiI,world-related
IIliIliiII(51).class,rustme/IIliIliiII,java/lang/Object,kotlin-lambda-ish
IIliIlilII(37).class,rustme/IIliIlilII,java/lang/Object,misc
IIliIliliI(11).class,rustme/IIliIliliI,kotlin/jvm/internal/FunctionReferenceImpl,kotlin-lambda-ish
IIliIllIiI(27).class,rustme/IIliIllIiI,rustme/llIiIllIiI,misc
IIliIlliII(37).class,rustme/IIliIlliII,java/lang/Object,misc
IIliIlliiI(11).class,rustme/IIliIlliiI,java/lang/Object,misc
IIliIlllII(21).class,rustme/IIliIlllII,java/lang/Object,misc
IIliIllliI(11).class,rustme/IIliIllliI,java/lang/Object,kotlin-lambda-ish
IIliiIIIII(149).class,rustme/IIliiIIIII,java/lang/Object,misc
IIliiIIIiI(51).class,rustme/IIliiIIIiI,java/lang/Object,tileentity
IIliiIIiII(115).class,rustme/IIliiIIiII,java/lang/Enum,enum
IIliiIIilI(25).class,rustme/IIliiIIilI,java/lang/Object,misc
IIliiIIliI(51).class,rustme/IIliiIIliI,java/lang/Object,kotlin-lambda-ish
IIliiIiIiI(19).class,rustme/IIliiIiIiI,rustme/iIliiIiIiI,misc
IIliiIiiII(83).class,rustme/IIliiIiiII,java/lang/Object,kotlin-lambda-ish
IIliiIilII(73).class,rustme/IIliiIilII,java/lang/Object,misc
IIliiIiliI(19).class,rustme/IIliiIiliI,java/lang/Object,misc
IIliiIlIiI(51).class,rustme/IIliiIlIiI,rustme/IIlllilIiI,block
IIliiIliII(73).class,rustme/IIliiIliII,java/lang/Object,misc
IIliiIliiI(19).class,rustme/IIliiIliiI,rustme/lllIliIIiI,misc
IIliiIllII(41).class,rustme/IIliiIllII,java/lang/Object,misc
IIliiIlliI(19).class,rustme/IIliiIlliI,java/lang/Object,kotlin-lambda-ish
IIliiiIIiI(35).class,rustme/IIliiiIIiI,rustme/iliIiliIiI,misc
IIliiiIiII(99).class,rustme/IIliiiIiII,java/lang/Object,kotlin-lambda-ish
IIliiiIlII(81).class,rustme/IIliiiIlII,java/lang/Object,misc
IIliiiIliI(35).class,rustme/IIliiiIliI,java/lang/Object,kotlin-lambda-ish
IIliiiiIII(125).class,rustme/IIliiiiIII,java/lang/Object,misc
IIliiiiIiI(3).class,rustme/IIliiiiIiI,rustme/iIlIiiiIiI,entity-renderer
IIliiiiiII(67).class,rustme/IIliiiiiII,java/lang/Object,kotlin-lambda-ish
IIliiiiilI(1).class,rustme/IIliiiiilI,java/lang/Object,misc
IIliiiiliI(3).class,rustme/IIliiiiliI,java/lang/Object,misc
IIliiilIII(81).class,rustme/IIliiilIII,java/lang/Object,misc
IIliiilIiI(35).class,rustme/IIliiilIiI,rustme/iIliiilIiI,misc
IIliiiliiI(3).class,rustme/IIliiiliiI,rustme/IiliiiliiI,block
IIliiililI(1).class,rustme/IIliiililI,java/lang/Object,misc
IIliiilliI(3).class,rustme/IIliiilliI,java/lang/Object,misc
IIliilIIiI(27).class,rustme/IIliilIIiI,java/lang/Object,entity-related
IIliilIiII(57).class,rustme/IIliilIiII,java/lang/Object,misc
IIliilIlII(41).class,rustme/IIliilIlII,java/lang/Object,misc
IIliilIliI(19).class,rustme/IIliilIliI,java/lang/Object,kotlin-lambda-ish
IIliiliIII(65).class,rustme/IIliiliIII,java/lang/Object,misc
IIliiliIiI(11).class,rustme/IIliiliIiI,java/lang/Object,misc
IIliiliiII(43).class,rustme/IIliiliiII,java/lang/Object,kotlin-lambda-ish
IIliiliilI(1).class,rustme/IIliiliilI,java/lang/Object,misc
IIliililiI(3).class,rustme/IIliililiI,rustme/llIiIliliI,mod-widget
IIliillIII(41).class,rustme/IIliillIII,java/lang/Object,misc
IIliillIiI(19).class,rustme/IIliillIiI,java/lang/Enum,enum
IIliilliiI(3).class,rustme/IIliilliiI,rustme/lililIliiI,particle
IIliillliI(3).class,rustme/IIliillliI,java/lang/Object,kotlin-lambda-ish
IIlilIIIII(73).class,rustme/IIlilIIIII,java/lang/Object,misc
IIlilIIIiI(27).class,rustme/IIlilIIIiI,java/lang/Object,misc
IIlilIIilI(13).class,rustme/IIlilIIilI,java/lang/Object,misc
IIlilIIliI(27).class,rustme/IIlilIIliI,java/lang/Object,misc
IIlilIiIiI(11).class,rustme/IIlilIiIiI,java/lang/Object,misc
IIlilIiiII(43).class,rustme/IIlilIiiII,java/lang/Object,kotlin-lambda-ish
IIlilIilII(37).class,rustme/IIlilIilII,java/lang/Object,misc
IIlilIiliI(11).class,rustme/IIlilIiliI,java/lang/Object,kotlin-lambda-ish
IIlilIlIiI(27).class,rustme/IIlilIlIiI,java/lang/Object,entity-related
IIlilIliII(37).class,rustme/IIlilIliII,java/lang/Object,misc
IIlilIliiI(11).class,rustme/IIlilIliiI,rustme/iiIIlIliiI,misc
IIlilIllII(21).class,rustme/IIlilIllII,java/lang/Object,misc
IIlilIlliI(11).class,rustme/IIlilIlliI,java/lang/Object,kotlin-lambda-ish
IIliliIIiI(19).class,rustme/IIliliIIiI,rustme/IlIIliIIiI,misc
IIliliIiII(51).class,rustme/IIliliIiII,java/lang/Object,kotlin-lambda-ish
IIliliIlII(41).class,rustme/IIliliIlII,java/lang/Object,misc
IIliliIliI(19).class,rustme/IIliliIliI,java/lang/Object,misc
IIliliiIII(61).class,rustme/IIliliiIII,java/lang/Object,misc
IIliliiIiI(3).class,rustme/IIliliiIiI,java/lang/Object,misc
IIliliiiII(35).class,rustme/IIliliiiII,java/lang/Object,kotlin-lambda-ish
IIliliiilI(1).class,rustme/IIliliiilI,java/lang/Object,misc
IIliliiliI(3).class,rustme/IIliliiliI,rustme/illiliiliI,misc
IIlililIII(41).class,rustme/IIlililIII,java/lang/Object,misc
IIlililIiI(19).class,rustme/IIlililIiI,rustme/iIlililIiI,misc
IIlililiiI(3).class,rustme/IIlililiiI,rustme/iIlililiiI,gui-screen
IIlilililI(1).class,rustme/IIlilililI,java/lang/Object,misc
IIlililliI(3).class,rustme/IIlililliI,java/lang/Object,misc
IIlillIIiI(19).class,rustme/IIlillIIiI,java/lang/Enum,enum
IIlillIiII(33).class,rustme/IIlillIiII,java/lang/Object,misc
IIlillIiiI(3).class,rustme/IIlillIiiI,rustme/IillilIiiI,item-related
IIlillIlII(21).class,rustme/IIlillIlII,java/lang/Object,misc
IIlillIliI(11).class,rustme/IIlillIliI,java/lang/Object,mod-widget
IIlilliIII(37).class,rustme/IIlilliIII,java/lang/Object,misc
IIlilliIiI(11).class,rustme/IIlilliIiI,rustme/ilIilliIiI,block
IIlilliiII(27).class,rustme/IIlilliiII,java/lang/Object,kotlin-lambda-ish
IIlilliilI(1).class,rustme/IIlilliilI,java/lang/Object,misc
IIlilliliI(3).class,rustme/IIlilliliI,java/lang/Object,misc
IIlilllIII(21).class,rustme/IIlilllIII,java/lang/Object,misc
IIlilllIiI(11).class,rustme/IIlilllIiI,java/lang/Object,misc
IIlillliiI(3).class,rustme/IIlillliiI,java/lang/Object,misc
IIlilllliI(3).class,rustme/IIlilllliI,java/lang/Object,kotlin-lambda-ish
IIllIIIIiI(31).class,rustme/IIllIIIIiI,java/lang/Object,nbt
IIllIIIiII(61).class,rustme/IIllIIIiII,java/lang/Object,misc
IIllIIIlII(47).class,rustme/IIllIIIlII,java/lang/Object,misc
IIllIIIliI(31).class,rustme/IIllIIIliI,java/lang/Object,misc
IIllIIiIII(69).class,rustme/IIllIIiIII,java/lang/Object,misc
IIllIIiIiI(15).class,rustme/IIllIIiIiI,rustme/IIlliIiIiI,auth-profile
IIllIIiiII(47).class,rustme/IIllIIiiII,java/lang/Object,kotlin-lambda-ish
IIllIIiilI(7).class,rustme/IIllIIiilI,java/lang/Object,misc
IIllIIiliI(15).class,rustme/IIllIIiliI,java/lang/Object,misc
IIllIIlIII(47).class,rustme/IIllIIlIII,java/lang/Object,misc
IIllIIlIiI(31).class,rustme/IIllIIlIiI,rustme/llllIIlIiI,math-user
IIllIIliiI(15).class,rustme/IIllIIliiI,java/lang/Object,misc
IIllIIlliI(15).class,rustme/IIllIIlliI,java/lang/Object,kotlin-lambda-ish
IIllIiIIII(73).class,rustme/IIllIiIIII,java/lang/Object,misc
IIllIiIIiI(23).class,rustme/IIllIiIIiI,rustme/iilIlIiIiI,misc
IIllIiIiII(55).class,rustme/IIllIiIiII,java/lang/Object,kotlin-lambda-ish
IIllIiIilI(11).class,rustme/IIllIiIilI,java/lang/Object,misc
IIllIiIliI(23).class,rustme/IIllIiIliI,rustme/IliIIiIliI,mod-widget
IIllIiiIiI(7).class,rustme/IIllIiiIiI,java/lang/Object,misc
IIllIiiiII(39).class,rustme/IIllIiiiII,java/lang/Object,kotlin-lambda-ish
IIllIiilII(35).class,rustme/IIllIiilII,java/lang/Object,misc
IIllIiiliI(7).class,rustme/IIllIiiliI,java/lang/Object,misc
IIllIilIiI(23).class,rustme/IIllIilIiI,rustme/iIllIilIiI,math-user
IIllIiliII(35).class,rustme/IIllIiliII,java/lang/Object,misc
IIllIiliiI(7).class,rustme/IIllIiliiI,java/lang/Object,misc
IIllIillII(19).class,rustme/IIllIillII,java/lang/Object,misc
IIllIilliI(7).class,rustme/IIllIilliI,java/lang/Object,misc
IIllIlIIII(43).class,rustme/IIllIlIIII,java/lang/Object,misc
IIllIlIIiI(23).class,rustme/IIllIlIIiI,rustme/iillIlIIiI,misc
IIllIlIiiI(7).class,rustme/IIllIlIiiI,java/lang/Enum,enum
IIllIlIilI(7).class,rustme/IIllIlIilI,java/lang/Object,misc
IIllIlIliI(15).class,rustme/IIllIlIliI,java/lang/Object,misc
IIllIliIiI(15).class,rustme/IIllIliIiI,java/lang/Object,misc
IIllIliiII(31).class,rustme/IIllIliiII,java/lang/Object,kotlin-lambda-ish
IIllIlilII(19).class,rustme/IIllIlilII,java/lang/Object,misc
IIllIliliI(7).class,rustme/IIllIliliI,rustme/IliIIiIliI,mod-widget
IIllIllIiI(15).class,rustme/IIllIllIiI,rustme/llIiIllIiI,misc
IIllIlliII(19).class,rustme/IIllIlliII,java/lang/Object,misc
IIllIlliiI(7).class,rustme/IIllIlliiI,java/lang/Object,misc
IIllIlllII(11).class,rustme/IIllIlllII,java/lang/Object,misc
IIllIllliI(7).class,rustme/IIllIllliI,java/lang/Object,kotlin-lambda-ish
IIlliIIIII(75).class,rustme/IIlliIIIII,java/lang/Object,misc
IIlliIIIiI(27).class,rustme/IIlliIIIiI,java/lang/Object,misc
IIlliIIiII(59).class,rustme/IIlliIIiII,java/lang/Enum,enum
IIlliIIilI(13).class,rustme/IIlliIIilI,java/lang/Object,misc
IIlliIIliI(27).class,rustme/IIlliIIliI,rustme/IliIIiIliI,mod-widget
IIlliIiIiI(11).class,rustme/IIlliIiIiI,java/lang/Object,tileentity
IIlliIiiII(43).class,rustme/IIlliIiiII,java/lang/Object,kotlin-lambda-ish
IIlliIilII(37).class,rustme/IIlliIilII,java/lang/Object,misc
IIlliIiliI(11).class,rustme/IIlliIiliI,java/lang/Object,misc
IIlliIlIiI(27).class,rustme/IIlliIlIiI,java/lang/Enum,enum
IIlliIliII(37).class,rustme/IIlliIliII,java/lang/Object,misc
IIlliIliiI(11).class,rustme/IIlliIliiI,rustme/lIlliIliiI,network-packet
IIlliIllII(21).class,rustme/IIlliIllII,java/lang/Object,misc
IIlliIlliI(11).class,rustme/IIlliIlliI,java/lang/Object,kotlin-lambda-ish
IIlliiIIiI(19).class,rustme/IIlliiIIiI,rustme/llIliliIiI,misc
IIlliiIiII(51).class,rustme/IIlliiIiII,java/lang/Object,kotlin-lambda-ish
IIlliiIlII(41).class,rustme/IIlliiIlII,java/lang/Object,misc
IIlliiIliI(19).class,rustme/IIlliiIliI,kotlin/properties/ObservableProperty,entity-related
IIlliiiIII(63).class,rustme/IIlliiiIII,java/lang/Object,misc
IIlliiiIiI(3).class,rustme/IIlliiiIiI,rustme/iIlIiiiIiI,entity-renderer
IIlliiiiII(35).class,rustme/IIlliiiiII,java/lang/Object,kotlin-lambda-ish
IIlliiiilI(1).class,rustme/IIlliiiilI,java/lang/Object,misc
IIlliiiliI(3).class,rustme/IIlliiiliI,java/lang/Enum,enum
IIlliilIII(41).class,rustme/IIlliilIII,java/lang/Object,misc
IIlliilIiI(19).class,rustme/IIlliilIiI,java/lang/Object,nbt
IIlliiliiI(3).class,rustme/IIlliiliiI,java/lang/Enum,enum
IIlliililI(1).class,rustme/IIlliililI,java/lang/Object,misc
IIlliilliI(3).class,rustme/IIlliilliI,java/lang/Object,misc
IIllilIIiI(19).class,rustme/IIllilIIiI,java/lang/Enum,enum
IIllilIiII(33).class,rustme/IIllilIiII,java/lang/Object,misc
IIllilIiiI(3).class,rustme/IIllilIiiI,rustme/IillilIiiI,item-related
IIllilIlII(21).class,rustme/IIllilIlII,java/lang/Object,misc
IIllilIliI(11).class,rustme/IIllilIliI,java/lang/Enum,enum
IIlliliIII(37).class,rustme/IIlliliIII,java/lang/Object,misc
IIlliliIiI(11).class,rustme/IIlliliIiI,rustme/iliIiliIiI,world-related
IIlliliiII(27).class,rustme/IIlliliiII,java/lang/Object,kotlin-lambda-ish
IIlliliilI(1).class,rustme/IIlliliilI,java/lang/Object,misc
IIllililiI(3).class,rustme/IIllililiI,java/lang/Object,misc
IIllillIII(21).class,rustme/IIllillIII,java/lang/Object,misc
IIllillIiI(11).class,rustme/IIllillIiI,java/lang/Object,block
IIllilliiI(3).class,rustme/IIllilliiI,java/lang/Object,json-gson
IIllillliI(3).class,rustme/IIllillliI,java/lang/Object,kotlin-lambda-ish
IIlllIIIII(37).class,rustme/IIlllIIIII,java/lang/Object,misc
IIlllIIIiI(15).class,rustme/IIlllIIIiI,java/lang/Object,misc
IIlllIIilI(7).class,rustme/IIlllIIilI,java/lang/Object,misc
IIlllIIliI(15).class,rustme/IIlllIIliI,java/lang/Object,kotlin-lambda-ish
IIlllIiIiI(7).class,rustme/IIlllIiIiI,rustme/IiillIiIiI,misc
IIlllIiiII(23).class,rustme/IIlllIiiII,java/lang/Object,kotlin-lambda-ish
IIlllIilII(19).class,rustme/IIlllIilII,java/lang/Object,misc
IIlllIiliI(7).class,rustme/IIlllIiliI,java/lang/Object,misc
IIlllIlIiI(15).class,rustme/IIlllIlIiI,java/lang/Object,block
IIlllIliII(19).class,rustme/IIlllIliII,java/lang/Object,misc
IIlllIliiI(7).class,rustme/IIlllIliiI,rustme/lililIliiI,particle
IIlllIllII(11).class,rustme/IIlllIllII,java/lang/Object,misc
IIlllIlliI(7).class,rustme/IIlllIlliI,java/lang/Object,kotlin-lambda-ish
IIllliIIiI(11).class,rustme/IIllliIIiI,java/lang/Object,json-gson
IIllliIiII(27).class,rustme/IIllliIiII,java/lang/Object,misc
IIllliIlII(21).class,rustme/IIllliIlII,java/lang/Object,misc
IIllliIliI(11).class,rustme/IIllliIliI,rustme/IlilIIIliI,mod-widget
IIllliiIII(31).class,rustme/IIllliiIII,java/lang/Object,misc
IIllliiIiI(3).class,rustme/IIllliiIiI,java/lang/Object,json-gson
IIllliiiII(19).class,rustme/IIllliiiII,java/lang/Object,kotlin-lambda-ish
IIllliiilI(1).class,rustme/IIllliiilI,java/lang/Object,misc
IIllliiliI(3).class,rustme/IIllliiliI,rustme/lilliiiliI,mod-command-ish
IIlllilIII(21).class,rustme/IIlllilIII,java/lang/Object,misc
IIlllilIiI(11).class,rustme/IIlllilIiI,java/lang/Object,block
IIllliliiI(3).class,rustme/IIllliliiI,rustme/IlIlliliiI,gui-screen
IIlllililI(1).class,rustme/IIlllililI,java/lang/Object,misc
IIlllilliI(3).class,rustme/IIlllilliI,java/lang/Object,kotlin-lambda-ish
IIllllIIiI(11).class,rustme/IIllllIIiI,java/lang/Object,misc
IIllllIiII(17).class,rustme/IIllllIiII,java/lang/Object,misc
IIllllIiiI(3).class,rustme/IIllllIiiI,rustme/IlllllIiiI,misc
IIllllIlII(11).class,rustme/IIllllIlII,java/lang/Object,misc
IIllllIliI(7).class,rustme/IIllllIliI,java/lang/Object,kotlin-lambda-ish
IIlllliIII(19).class,rustme/IIlllliIII,java/lang/Object,misc
IIlllliIiI(7).class,rustme/IIlllliIiI,rustme/liIliliIiI,misc
IIlllliiII(15).class,rustme/IIlllliiII,java/lang/Object,kotlin-lambda-ish
IIlllliilI(1).class,rustme/IIlllliilI,java/lang/Object,misc
IIlllliliI(3).class,rustme/IIlllliliI,rustme/illllliliI,gui-screen
IIlllllIII(11).class,rustme/IIlllllIII,java/lang/Object,misc
IIlllllIiI(7).class,rustme/IIlllllIiI,java/lang/Object,misc
IIllllliiI(3).class,rustme/IIllllliiI,java/lang/Object,block
IIlllllliI(3).class,rustme/IIlllllliI,java/lang/Object,kotlin-lambda-ish
IiIIIIIIII(310).class,rustme/IiIIIIIIII,java/lang/Object,misc
IiIIIIIIiI(125).class,rustme/IiIIIIIIiI,rustme/iiliIIIIiI,world-related
IiIIIIIilI(62).class,rustme/IiIIIIIilI,java/lang/Object,misc
IiIIIIIliI(125).class,rustme/IiIIIIIliI,java/lang/Object,mod-widget
IiIIIIiIiI(61).class,rustme/IiIIIIiIiI,rustme/IIlliIiIiI,entity-related
IiIIIIiiII(189).class,rustme/IiIIIIiiII,java/lang/Object,kotlin-lambda-ish
IiIIIIilII(158).class,rustme/IiIIIIilII,java/lang/Object,misc
IiIIIIiliI(61).class,rustme/IiIIIIiliI,java/lang/Object,render-gl-wrapper
IiIIIIlIiI(125).class,rustme/IiIIIIlIiI,rustme/iiIIIIlIiI,misc
IiIIIIliII(158).class,rustme/IiIIIIliII,java/lang/Object,misc
IiIIIIliiI(61).class,rustme/IiIIIIliiI,rustme/iliIIIliiI,misc
IiIIIIllII(94).class,rustme/IiIIIIllII,java/lang/Object,misc
IiIIIIlliI(61).class,rustme/IiIIIIlliI,java/lang/Object,kotlin-lambda-ish
IiIIIiIIiI(93).class,rustme/IiIIIiIIiI,java/lang/Object,misc
IiIIIiIiII(221).class,rustme/IiIIIiIiII,java/lang/Object,kotlin-lambda-ish
IiIIIiIlII(174).class,rustme/IiIIIiIlII,java/lang/Object,misc
IiIIIiIliI(93).class,rustme/IiIIIiIliI,java/lang/Object,misc
IiIIIiiIII(262).class,rustme/IiIIIiiIII,java/lang/Object,misc
IiIIIiiIiI(29).class,rustme/IiIIIiiIiI,java/lang/Object,misc
IiIIIiiiII(157).class,rustme/IiIIIiiiII,java/lang/Object,kotlin-lambda-ish
IiIIIiiilI(14).class,rustme/IiIIIiiilI,java/lang/Object,misc
IiIIIiiliI(29).class,rustme/IiIIIiiliI,java/lang/Object,misc
IiIIIilIII(174).class,rustme/IiIIIilIII,java/lang/Object,misc
IiIIIilIiI(93).class,rustme/IiIIIilIiI,java/lang/Object,entity-related
IiIIIiliiI(29).class,rustme/IiIIIiliiI,rustme/liIIIiliiI,misc
IiIIIililI(14).class,rustme/IiIIIililI,java/lang/Object,misc
IiIIIilliI(29).class,rustme/IiIIIilliI,java/lang/Object,misc
IiIIIlIIiI(77).class,rustme/IiIIIlIIiI,java/lang/Object,misc
IiIIIlIiII(126).class,rustme/IiIIIlIiII,java/lang/Object,misc
IiIIIlIiiI(13).class,rustme/IiIIIlIiiI,rustme/IillilIiiI,item-related
IiIIIlIlII(94).class,rustme/IiIIIlIlII,java/lang/Object,misc
IiIIIlIliI(61).class,rustme/IiIIIlIliI,java/lang/Object,misc
IiIIIliIII(142).class,rustme/IiIIIliIII,java/lang/Object,misc
IiIIIliIiI(45).class,rustme/IiIIIliIiI,rustme/iliIiliIiI,misc
IiIIIliiII(109).class,rustme/IiIIIliiII,java/lang/Object,kotlin-lambda-ish
IiIIIliilI(14).class,rustme/IiIIIliilI,java/lang/Object,misc
IiIIIliliI(29).class,rustme/IiIIIliliI,kotlin/properties/ObservableProperty,misc
IiIIIllIII(94).class,rustme/IiIIIllIII,java/lang/Object,misc
IiIIIllIiI(61).class,rustme/IiIIIllIiI,rustme/IIliIllIiI,misc
IiIIIlliiI(29).class,rustme/IiIIIlliiI,java/lang/Object,misc
IiIIIllliI(29).class,rustme/IiIIIllliI,java/lang/Object,kotlin-lambda-ish
IiIIiIIIiI(109).class,rustme/IiIIiIIIiI,rustme/llliiIIIiI,tileentity
IiIIiIIiII(237).class,rustme/IiIIiIIiII,java/lang/Object,misc
IiIIiIIlII(182).class,rustme/IiIIiIIlII,java/lang/Object,misc
IiIIiIIliI(109).class,rustme/IiIIiIIliI,kotlin/properties/ObservableProperty,misc
IiIIiIiIII(270).class,rustme/IiIIiIiIII,java/lang/Object,misc
IiIIiIiIiI(45).class,rustme/IiIIiIiIiI,java/lang/Object,misc
IiIIiIiiII(173).class,rustme/IiIIiIiiII,java/lang/Object,kotlin-lambda-ish
IiIIiIiilI(22).class,rustme/IiIIiIiilI,java/lang/Object,misc
IiIIiIiliI(45).class,rustme/IiIIiIiliI,java/lang/Object,misc
IiIIiIlIII(182).class,rustme/IiIIiIlIII,java/lang/Object,misc
IiIIiIlIiI(109).class,rustme/IiIIiIlIiI,java/lang/Object,block
IiIIiIliiI(45).class,rustme/IiIIiIliiI,java/lang/Object,misc
IiIIiIlilI(22).class,rustme/IiIIiIlilI,java/lang/Object,misc
IiIIiIlliI(45).class,rustme/IiIIiIlliI,java/lang/Object,kotlin-lambda-ish
IiIIiiIIII(286).class,rustme/IiIIiiIIII,java/lang/Object,misc
IiIIiiIIiI(77).class,rustme/IiIIiiIIiI,rustme/liIliliIiI,entity-related
IiIIiiIiII(205).class,rustme/IiIIiiIiII,java/lang/Object,kotlin-lambda-ish
IiIIiiIilI(38).class,rustme/IiIIiiIilI,java/lang/Object,misc
IiIIiiIliI(77).class,rustme/IiIIiiIliI,java/lang/Object,misc
IiIIiiiIiI(13).class,rustme/IiIIiiiIiI,rustme/IlilllliiI,misc
IiIIiiiiII(141).class,rustme/IiIIiiiiII,java/lang/Object,kotlin-lambda-ish
IiIIiiilII(134).class,rustme/IiIIiiilII,java/lang/Object,misc
IiIIiiiliI(13).class,rustme/IiIIiiiliI,java/lang/Object,misc
IiIIiilIiI(77).class,rustme/IiIIiilIiI,java/lang/Object,misc
IiIIiiliII(134).class,rustme/IiIIiiliII,java/lang/Object,misc
IiIIiiliiI(13).class,rustme/IiIIiiliiI,java/lang/Object,misc
IiIIiillII(70).class,rustme/IiIIiillII,java/lang/Object,misc
IiIIiilliI(13).class,rustme/IiIIiilliI,java/lang/Object,misc
IiIIilIIII(150).class,rustme/IiIIilIIII,java/lang/Object,misc
IiIIilIIiI(61).class,rustme/IiIIilIIiI,java/lang/Object,network-packet
IiIIilIilI(22).class,rustme/IiIIilIilI,java/lang/Object,misc
IiIIilIliI(45).class,rustme/IiIIilIliI,java/lang/Object,kotlin-lambda-ish
IiIIiliIiI(29).class,rustme/IiIIiliIiI,rustme/iliIiliIiI,world-related
IiIIiliiII(93).class,rustme/IiIIiliiII,java/lang/Object,kotlin-lambda-ish
IiIIililII(70).class,rustme/IiIIililII,java/lang/Object,misc
IiIIililiI(13).class,rustme/IiIIililiI,rustme/IlilIIIliI,mod-widget
IiIIillIiI(45).class,rustme/IiIIillIiI,java/lang/Object,misc
IiIIilliII(70).class,rustme/IiIIilliII,java/lang/Object,misc
IiIIilliiI(13).class,rustme/IiIIilliiI,java/lang/Object,misc
IiIIilllII(38).class,rustme/IiIIilllII,java/lang/Object,misc
IiIIillliI(13).class,rustme/IiIIillliI,java/lang/Object,kotlin-lambda-ish
IiIIlIIIiI(61).class,rustme/IiIIlIIIiI,io/netty/handler/codec/MessageToByteEncoder,network-netty
IiIIlIIiII(118).class,rustme/IiIIlIIiII,java/lang/Object,misc
IiIIlIIlII(94).class,rustme/IiIIlIIlII,java/lang/Object,misc
IiIIlIIliI(61).class,rustme/IiIIlIIliI,com/google/common/cache/CacheLoader,misc
IiIIlIiIII(134).class,rustme/IiIIlIiIII,java/lang/Object,misc
IiIIlIiIiI(29).class,rustme/IiIIlIiIiI,rustme/ilIIlIiIiI,misc
IiIIlIiiII(93).class,rustme/IiIIlIiiII,java/lang/Object,lambdas
IiIIlIiilI(14).class,rustme/IiIIlIiilI,java/lang/Object,misc
IiIIlIiliI(29).class,rustme/IiIIlIiliI,java/lang/Object,math-user
IiIIlIlIII(94).class,rustme/IiIIlIlIII,java/lang/Object,misc
IiIIlIlIiI(61).class,rustme/IiIIlIlIiI,java/lang/Object,entity-related
IiIIlIliiI(29).class,rustme/IiIIlIliiI,java/lang/Object,misc
IiIIlIlliI(29).class,rustme/IiIIlIlliI,java/lang/Object,kotlin-lambda-ish
IiIIliIIII(142).class,rustme/IiIIliIIII,java/lang/Object,misc
IiIIliIIiI(45).class,rustme/IiIIliIIiI,rustme/IIIiliIIiI,tileentity
IiIIliIiII(109).class,rustme/IiIIliIiII,java/lang/Object,kotlin-lambda-ish
IiIIliIilI(22).class,rustme/IiIIliIilI,java/lang/Object,misc
IiIIliIliI(45).class,rustme/IiIIliIliI,java/lang/Object,misc
IiIIliiIiI(13).class,rustme/IiIIliiIiI,rustme/IIlIliiIiI,entity-renderer
IiIIliiiII(77).class,rustme/IiIIliiiII,java/lang/Object,kotlin-lambda-ish
IiIIliilII(70).class,rustme/IiIIliilII,java/lang/Object,misc
IiIIliiliI(13).class,rustme/IiIIliiliI,rustme/lIlIIiiliI,gui-screen
IiIIlilIiI(45).class,rustme/IiIIlilIiI,java/lang/Object,misc
IiIIliliII(70).class,rustme/IiIIliliII,java/lang/Object,misc
IiIIliliiI(13).class,rustme/IiIIliliiI,java/lang/Object,misc
IiIIlillII(38).class,rustme/IiIIlillII,java/lang/Object,misc
IiIIlilliI(13).class,rustme/IiIIlilliI,java/lang/Object,misc
IiIIllIIII(86).class,rustme/IiIIllIIII,java/lang/Object,misc
IiIIllIIiI(45).class,rustme/IiIIllIIiI,com/google/common/collect/AbstractIterator,misc
IiIIllIiiI(13).class,rustme/IiIIllIiiI,rustme/IillilIiiI,item-related
IiIIllIilI(14).class,rustme/IiIIllIilI,java/lang/Object,misc
IiIIllIliI(29).class,rustme/IiIIllIliI,java/lang/Object,misc
IiIIlliIiI(29).class,rustme/IiIIlliIiI,rustme/iliIiliIiI,world-related
IiIIlliiII(61).class,rustme/IiIIlliiII,java/lang/Object,kotlin-lambda-ish
IiIIllilII(38).class,rustme/IiIIllilII,java/lang/Object,misc
IiIIlliliI(13).class,rustme/IiIIlliliI,java/lang/Object,misc
IiIIlllIiI(29).class,rustme/IiIIlllIiI,rustme/lllililiiI,misc
IiIIllliII(38).class,rustme/IiIIllliII,java/lang/Object,misc
IiIIllliiI(13).class,rustme/IiIIllliiI,java/lang/Object,misc
IiIIllllII(22).class,rustme/IiIIllllII,java/lang/Object,misc
IiIIlllliI(13).class,rustme/IiIIlllliI,java/lang/Object,kotlin-lambda-ish
IiIiIIIIiI(117).class,rustme/IiIiIIIIiI,java/lang/Object,misc
IiIiIIIiII(242).class,rustme/IiIiIIIiII,java/lang/Object,misc
IiIiIIIlII(186).class,rustme/IiIiIIIlII,java/lang/Object,misc
IiIiIIIliI(117).class,rustme/IiIiIIIliI,java/lang/Object,kotlin-lambda-ish
IiIiIIiIII(274).class,rustme/IiIiIIiIII,java/lang/Object,misc
IiIiIIiIiI(53).class,rustme/IiIiIIiIiI,rustme/IIlliIiIiI,world-related
IiIiIIiiII(181).class,rustme/IiIiIIiiII,java/lang/Object,kotlin-lambda-ish
IiIiIIiilI(26).class,rustme/IiIiIIiilI,java/lang/Object,misc
IiIiIIiliI(53).class,rustme/IiIiIIiliI,java/lang/Object,misc
IiIiIIlIII(186).class,rustme/IiIiIIlIII,java/lang/Object,misc
IiIiIIlIiI(117).class,rustme/IiIiIIlIiI,java/lang/Object,misc
IiIiIIliiI(53).class,rustme/IiIiIIliiI,rustme/lIlliIliiI,network-packet
IiIiIIlliI(53).class,rustme/IiIiIIlliI,java/lang/Object,kotlin-lambda-ish
IiIiIiIIII(290).class,rustme/IiIiIiIIII,java/lang/Object,misc
IiIiIiIIiI(85).class,rustme/IiIiIiIIiI,java/lang/Object,misc
IiIiIiIiII(213).class,rustme/IiIiIiIiII,java/lang/Object,kotlin-lambda-ish
IiIiIiIilI(42).class,rustme/IiIiIiIilI,java/lang/Object,misc
IiIiIiIliI(85).class,rustme/IiIiIiIliI,rustme/IIIiIiIliI,misc
IiIiIiiIiI(21).class,rustme/IiIiIiiIiI,rustme/iIlIiiiIiI,entity-renderer
IiIiIiiiII(149).class,rustme/IiIiIiiiII,java/lang/Object,kotlin-lambda-ish
IiIiIiilII(138).class,rustme/IiIiIiilII,java/lang/Object,misc
IiIiIiiliI(21).class,rustme/IiIiIiiliI,rustme/lilliiiliI,mod-command-ish
IiIiIilIiI(85).class,rustme/IiIiIilIiI,java/lang/Object,nbt
IiIiIiliII(138).class,rustme/IiIiIiliII,java/lang/Object,misc
IiIiIiliiI(21).class,rustme/IiIiIiliiI,java/lang/Object,misc
IiIiIillII(74).class,rustme/IiIiIillII,java/lang/Object,misc
IiIiIilliI(21).class,rustme/IiIiIilliI,rustme/iIIiIilliI,misc
IiIiIlIIII(154).class,rustme/IiIiIlIIII,java/lang/Object,misc
IiIiIlIIiI(69).class,rustme/IiIiIlIIiI,java/lang/Object,network-packet
IiIiIlIiiI(5).class,rustme/IiIiIlIiiI,rustme/IillilIiiI,item-related
IiIiIlIilI(26).class,rustme/IiIiIlIilI,java/lang/Object,misc
IiIiIlIliI(53).class,rustme/IiIiIlIliI,java/lang/Object,misc
IiIiIliIiI(37).class,rustme/IiIiIliIiI,rustme/lIIiIliIiI,math-user
IiIiIliiII(101).class,rustme/IiIiIliiII,java/lang/Object,kotlin-lambda-ish
IiIiIlilII(74).class,rustme/IiIiIlilII,java/lang/Object,misc
IiIiIliliI(21).class,rustme/IiIiIliliI,rustme/llIiIliliI,gui-textures
IiIiIllIiI(53).class,rustme/IiIiIllIiI,rustme/lIlliIliiI,network-packet
IiIiIlliII(74).class,rustme/IiIiIlliII,java/lang/Object,misc
IiIiIlliiI(21).class,rustme/IiIiIlliiI,java/lang/Object,misc
IiIiIlllII(42).class,rustme/IiIiIlllII,java/lang/Object,misc
IiIiIllliI(21).class,rustme/IiIiIllliI,java/lang/Object,kotlin-lambda-ish
IiIiiIIIII(298).class,rustme/IiIiiIIIII,java/lang/Object,misc
IiIiiIIIiI(101).class,rustme/IiIiiIIIiI,java/lang/Object,tileentity
IiIiiIIiII(229).class,rustme/IiIiiIIiII,java/lang/Object,kotlin-lambda-ish
IiIiiIIilI(50).class,rustme/IiIiiIIilI,java/lang/Object,misc
IiIiiIIliI(101).class,rustme/IiIiiIIliI,java/lang/Object,misc
IiIiiIiIiI(37).class,rustme/IiIiiIiIiI,java/lang/Object,misc
IiIiiIiiII(165).class,rustme/IiIiiIiiII,java/lang/Object,kotlin-lambda-ish
IiIiiIilII(146).class,rustme/IiIiiIilII,java/lang/Object,misc
IiIiiIiliI(37).class,rustme/IiIiiIiliI,java/lang/Object,misc
IiIiiIlIiI(101).class,rustme/IiIiiIlIiI,java/lang/Enum,enum
IiIiiIliII(146).class,rustme/IiIiiIliII,java/lang/Object,misc
IiIiiIliiI(37).class,rustme/IiIiiIliiI,java/lang/Object,misc
IiIiiIllII(82).class,rustme/IiIiiIllII,java/lang/Object,misc
IiIiiIlliI(37).class,rustme/IiIiiIlliI,java/lang/Object,kotlin-lambda-ish
IiIiiiIIiI(69).class,rustme/IiIiiiIIiI,rustme/llillliIiI,block
IiIiiiIiII(197).class,rustme/IiIiiiIiII,java/lang/Object,kotlin-lambda-ish
IiIiiiIlII(162).class,rustme/IiIiiiIlII,java/lang/Object,misc
IiIiiiIliI(69).class,rustme/IiIiiiIliI,java/lang/Object,mod-widget
IiIiiiiIII(250).class,rustme/IiIiiiiIII,java/lang/Object,misc
IiIiiiiIiI(5).class,rustme/IiIiiiiIiI,rustme/lliiiiiIiI,misc
IiIiiiiiII(133).class,rustme/IiIiiiiiII,java/lang/Object,kotlin-lambda-ish
IiIiiiiilI(2).class,rustme/IiIiiiiilI,java/lang/Object,misc
IiIiiiiliI(5).class,rustme/IiIiiiiliI,java/lang/Object,misc
IiIiiilIII(162).class,rustme/IiIiiilIII,java/lang/Object,misc
IiIiiilIiI(69).class,rustme/IiIiiilIiI,java/lang/Object,misc
IiIiiiliiI(5).class,rustme/IiIiiiliiI,java/lang/Object,misc
IiIiiililI(2).class,rustme/IiIiiililI,java/lang/Object,misc
IiIiiilliI(5).class,rustme/IiIiiilliI,java/lang/Object,misc
IiIiilIIiI(53).class,rustme/IiIiilIIiI,java/lang/Object,misc
IiIiilIiII(114).class,rustme/IiIiilIiII,java/lang/Object,misc
IiIiilIlII(82).class,rustme/IiIiilIlII,java/lang/Object,misc
IiIiilIliI(37).class,rustme/IiIiilIliI,java/lang/Object,kotlin-lambda-ish
IiIiiliIII(130).class,rustme/IiIiiliIII,java/lang/Object,misc
IiIiiliIiI(21).class,rustme/IiIiiliIiI,rustme/llIiiliIiI,misc
IiIiiliiII(85).class,rustme/IiIiiliiII,java/lang/Object,kotlin-lambda-ish
IiIiiliilI(2).class,rustme/IiIiiliilI,java/lang/Object,misc
IiIiililiI(5).class,rustme/IiIiililiI,rustme/iiliililiI,misc
IiIiillIII(82).class,rustme/IiIiillIII,java/lang/Object,misc
IiIiillIiI(37).class,rustme/IiIiillIiI,java/lang/Object,misc
IiIiilliiI(5).class,rustme/IiIiilliiI,rustme/lililIliiI,particle
IiIiillliI(5).class,rustme/IiIiillliI,java/lang/Object,kotlin-lambda-ish
IiIilIIIII(146).class,rustme/IiIilIIIII,java/lang/Object,misc
IiIilIIIiI(53).class,rustme/IiIilIIIiI,rustme/iIIilIIIiI,misc
IiIilIIilI(26).class,rustme/IiIilIIilI,java/lang/Object,misc
IiIilIIliI(53).class,rustme/IiIilIIliI,rustme/IililIIliI,kotlin-lambda-ish
IiIilIiIiI(21).class,rustme/IiIilIiIiI,rustme/IIIiIIiIiI,misc
IiIilIiiII(85).class,rustme/IiIilIiiII,java/lang/Object,kotlin-lambda-ish
IiIilIilII(74).class,rustme/IiIilIilII,java/lang/Object,misc
IiIilIiliI(21).class,rustme/IiIilIiliI,java/lang/Enum,enum
IiIilIlIiI(53).class,rustme/IiIilIlIiI,rustme/IlllIIlIiI,json-gson
IiIilIliII(74).class,rustme/IiIilIliII,java/lang/Object,misc
IiIilIliiI(21).class,rustme/IiIilIliiI,java/lang/Object,misc
IiIilIllII(42).class,rustme/IiIilIllII,java/lang/Object,misc
IiIilIlliI(21).class,rustme/IiIilIlliI,java/lang/Object,kotlin-lambda-ish
IiIiliIIiI(37).class,rustme/IiIiliIIiI,java/lang/Object,misc
IiIiliIiII(101).class,rustme/IiIiliIiII,java/lang/Object,misc
IiIiliIlII(82).class,rustme/IiIiliIlII,java/lang/Object,misc
IiIiliIliI(37).class,rustme/IiIiliIliI,rustme/IliIIiIliI,mod-widget
IiIiliiIII(122).class,rustme/IiIiliiIII,java/lang/Object,misc
IiIiliiIiI(5).class,rustme/IiIiliiIiI,java/lang/Object,misc
IiIiliiiII(69).class,rustme/IiIiliiiII,java/lang/Object,kotlin-lambda-ish
IiIiliiilI(2).class,rustme/IiIiliiilI,java/lang/Object,misc
IiIiliiliI(5).class,rustme/IiIiliiliI,java/lang/Object,misc
IiIililIII(82).class,rustme/IiIililIII,java/lang/Object,misc
IiIililIiI(37).class,rustme/IiIililIiI,java/lang/Error,misc
IiIililiiI(5).class,rustme/IiIililiiI,rustme/iiIililiiI,world-related
IiIilililI(2).class,rustme/IiIilililI,java/lang/Object,misc
IiIililliI(5).class,rustme/IiIililliI,java/lang/Object,misc
IiIillIIiI(37).class,rustme/IiIillIIiI,java/lang/Object,misc
IiIillIiII(66).class,rustme/IiIillIiII,java/lang/Object,misc
IiIillIiiI(5).class,rustme/IiIillIiiI,rustme/IillilIiiI,item-related
IiIillIlII(42).class,rustme/IiIillIlII,java/lang/Object,misc
IiIillIliI(21).class,rustme/IiIillIliI,java/lang/Object,misc
IiIilliIII(74).class,rustme/IiIilliIII,java/lang/Object,misc
IiIilliIiI(21).class,rustme/IiIilliIiI,rustme/IIlIIliIiI,world-related
IiIilliiII(53).class,rustme/IiIilliiII,java/lang/Object,kotlin-lambda-ish
IiIilliilI(2).class,rustme/IiIilliilI,java/lang/Object,misc
IiIilliliI(5).class,rustme/IiIilliliI,rustme/lIlilliliI,kotlin-lambda-ish
IiIilllIII(42).class,rustme/IiIilllIII,java/lang/Object,misc
IiIilllIiI(21).class,rustme/IiIilllIiI,java/lang/Object,misc
IiIillliiI(5).class,rustme/IiIillliiI,java/lang/Object,world-related
IiIilllliI(5).class,rustme/IiIilllliI,java/lang/Object,kotlin-lambda-ish
IiIlIIIIiI(61).class,rustme/IiIlIIIIiI,rustme/lilIIIIIiI,misc
IiIlIIIiII(122).class,rustme/IiIlIIIiII,java/lang/Object,misc
IiIlIIIlII(94).class,rustme/IiIlIIIlII,java/lang/Object,misc
IiIlIIIliI(61).class,rustme/IiIlIIIliI,java/lang/Object,kotlin-lambda-ish
IiIlIIiIII(138).class,rustme/IiIlIIiIII,java/lang/Object,misc
IiIlIIiIiI(29).class,rustme/IiIlIIiIiI,rustme/IliiIIiIiI,misc
IiIlIIiiII(93).class,rustme/IiIlIIiiII,java/lang/Object,kotlin-lambda-ish
IiIlIIiilI(14).class,rustme/IiIlIIiilI,java/lang/Object,misc
IiIlIIiliI(29).class,rustme/IiIlIIiliI,java/lang/Object,misc
IiIlIIlIII(94).class,rustme/IiIlIIlIII,java/lang/Object,misc
IiIlIIlIiI(61).class,rustme/IiIlIIlIiI,rustme/iIIlIIlIiI,json-gson
IiIlIIliiI(29).class,rustme/IiIlIIliiI,java/lang/Object,misc
IiIlIIlliI(29).class,rustme/IiIlIIlliI,java/lang/Object,kotlin-lambda-ish
IiIlIiIIII(146).class,rustme/IiIlIiIIII,java/lang/Object,misc
IiIlIiIIiI(45).class,rustme/IiIlIiIIiI,rustme/iilIlIiIiI,misc
IiIlIiIiII(109).class,rustme/IiIlIiIiII,java/lang/Object,kotlin-lambda-ish
IiIlIiIilI(22).class,rustme/IiIlIiIilI,java/lang/Object,misc
IiIlIiIliI(45).class,rustme/IiIlIiIliI,rustme/IliIIiIliI,mod-widget
IiIlIiiIiI(13).class,rustme/IiIlIiiIiI,java/lang/Enum,enum
IiIlIiiiII(77).class,rustme/IiIlIiiiII,java/lang/Object,kotlin-lambda-ish
IiIlIiilII(70).class,rustme/IiIlIiilII,java/lang/Object,misc
IiIlIiiliI(13).class,rustme/IiIlIiiliI,rustme/lIlIIiiliI,gui-screen
IiIlIilIiI(45).class,rustme/IiIlIilIiI,java/lang/Object,json-gson
IiIlIiliII(70).class,rustme/IiIlIiliII,java/lang/Object,misc
IiIlIiliiI(13).class,rustme/IiIlIiliiI,rustme/llIlIiliiI,math-user
IiIlIillII(38).class,rustme/IiIlIillII,java/lang/Object,misc
IiIlIilliI(13).class,rustme/IiIlIilliI,java/lang/Object,misc
IiIlIlIIII(78).class,rustme/IiIlIlIIII,java/lang/Object,misc
IiIlIlIIiI(37).class,rustme/IiIlIlIIiI,rustme/IlilIlIIiI,block
IiIlIlIiiI(5).class,rustme/IiIlIlIiiI,java/lang/Object,misc
IiIlIlIilI(14).class,rustme/IiIlIlIilI,java/lang/Object,misc
IiIlIlIliI(29).class,rustme/IiIlIlIliI,java/lang/Object,misc
IiIlIliIiI(21).class,rustme/IiIlIliIiI,java/lang/Object,entity-related
IiIlIliiII(53).class,rustme/IiIlIliiII,java/lang/Object,kotlin-lambda-ish
IiIlIlilII(38).class,rustme/IiIlIlilII,java/lang/Object,misc
IiIlIliliI(13).class,rustme/IiIlIliliI,java/lang/Object,misc
IiIlIllIiI(29).class,rustme/IiIlIllIiI,rustme/llIiIllIiI,misc
IiIlIlliII(38).class,rustme/IiIlIlliII,java/lang/Object,misc
IiIlIlliiI(13).class,rustme/IiIlIlliiI,java/lang/Object,misc
IiIlIlllII(22).class,rustme/IiIlIlllII,java/lang/Object,misc
IiIlIllliI(13).class,rustme/IiIlIllliI,java/lang/Object,kotlin-lambda-ish
IiIliIIIII(150).class,rustme/IiIliIIIII,java/lang/Object,misc
IiIliIIIiI(53).class,rustme/IiIliIIIiI,rustme/llliiIIIiI,tileentity
IiIliIIiII(117).class,rustme/IiIliIIiII,java/lang/Object,misc
IiIliIIilI(26).class,rustme/IiIliIIilI,java/lang/Object,misc
IiIliIIliI(53).class,rustme/IiIliIIliI,java/lang/Object,kotlin-lambda-ish
IiIliIiIiI(21).class,rustme/IiIliIiIiI,java/lang/Object,misc
IiIliIiiII(85).class,rustme/IiIliIiiII,java/lang/Object,kotlin-lambda-ish
IiIliIilII(74).class,rustme/IiIliIilII,java/lang/Object,misc
IiIliIiliI(21).class,rustme/IiIliIiliI,java/lang/Object,misc
IiIliIlIiI(53).class,rustme/IiIliIlIiI,java/lang/Object,misc
IiIliIliII(74).class,rustme/IiIliIliII,java/lang/Object,misc
IiIliIliiI(21).class,rustme/IiIliIliiI,java/lang/Object,misc
IiIliIllII(42).class,rustme/IiIliIllII,java/lang/Object,misc
IiIliIlliI(21).class,rustme/IiIliIlliI,java/lang/Object,kotlin-lambda-ish
IiIliiIIiI(37).class,rustme/IiIliiIIiI,rustme/liIliliIiI,entity-related
IiIliiIiII(101).class,rustme/IiIliiIiII,java/lang/Object,kotlin-lambda-ish
IiIliiIlII(82).class,rustme/IiIliiIlII,java/lang/Object,misc
IiIliiIliI(37).class,rustme/IiIliiIliI,java/lang/Object,misc
IiIliiiIII(126).class,rustme/IiIliiiIII,java/lang/Object,misc
IiIliiiIiI(5).class,rustme/IiIliiiIiI,rustme/lIlIiiiIiI,math-user
IiIliiiiII(69).class,rustme/IiIliiiiII,java/lang/Object,kotlin-lambda-ish
IiIliiiilI(2).class,rustme/IiIliiiilI,java/lang/Object,misc
IiIliiiliI(5).class,rustme/IiIliiiliI,java/lang/Object,misc
IiIliilIII(82).class,rustme/IiIliilIII,java/lang/Object,misc
IiIliilIiI(37).class,rustme/IiIliilIiI,java/lang/Object,nbt
IiIliiliiI(5).class,rustme/IiIliiliiI,java/lang/Enum,enum
IiIliililI(2).class,rustme/IiIliililI,java/lang/Object,misc
IiIliilliI(5).class,rustme/IiIliilliI,java/lang/Object,kotlin-lambda-ish
IiIlilIIiI(29).class,rustme/IiIlilIIiI,java/lang/Object,network-packet
IiIlilIiII(58).class,rustme/IiIlilIiII,java/lang/Object,misc
IiIlilIlII(42).class,rustme/IiIlilIlII,java/lang/Object,misc
IiIlilIliI(21).class,rustme/IiIlilIliI,rustme/iIililIliI,kotlin-lambda-ish
IiIliliIII(66).class,rustme/IiIliliIII,java/lang/Object,misc
IiIliliIiI(13).class,rustme/IiIliliIiI,java/lang/Object,entity-related
IiIliliiII(45).class,rustme/IiIliliiII,java/lang/Object,lambdas
IiIliliilI(2).class,rustme/IiIliliilI,java/lang/Object,misc
IiIlililiI(5).class,rustme/IiIlililiI,java/lang/Object,kotlin-lambda-ish
IiIlillIII(42).class,rustme/IiIlillIII,java/lang/Object,misc
IiIlillIiI(21).class,rustme/IiIlillIiI,java/lang/Object,gui-textures
IiIlilliiI(5).class,rustme/IiIlilliiI,java/lang/Object,json-gson
IiIlillliI(5).class,rustme/IiIlillliI,java/lang/Object,kotlin-lambda-ish
IiIllIIIII(74).class,rustme/IiIllIIIII,java/lang/Object,misc
IiIllIIIiI(29).class,rustme/IiIllIIIiI,java/lang/Object,misc
IiIllIIilI(14).class,rustme/IiIllIIilI,java/lang/Object,misc
IiIllIIliI(29).class,rustme/IiIllIIliI,kotlin/jvm/internal/FunctionReferenceImpl,kotlin-lambda-ish
IiIllIiIiI(13).class,rustme/IiIllIiIiI,rustme/IiillIiIiI,misc
IiIllIiiII(45).class,rustme/IiIllIiiII,java/lang/Object,kotlin-lambda-ish
IiIllIilII(38).class,rustme/IiIllIilII,java/lang/Object,misc
IiIllIiliI(13).class,rustme/IiIllIiliI,kotlin/coroutines/jvm/internal/SuspendLambda,kotlin-coroutines
IiIllIlIiI(29).class,rustme/IiIllIlIiI,java/lang/Object,misc
IiIllIliII(38).class,rustme/IiIllIliII,java/lang/Object,misc
IiIllIliiI(13).class,rustme/IiIllIliiI,java/lang/Object,misc
IiIllIllII(22).class,rustme/IiIllIllII,java/lang/Object,misc
IiIllIlliI(13).class,rustme/IiIllIlliI,java/lang/Object,kotlin-lambda-ish
IiIlliIIiI(21).class,rustme/IiIlliIIiI,java/lang/Object,misc
IiIlliIiII(53).class,rustme/IiIlliIiII,java/lang/Object,kotlin-lambda-ish
IiIlliIlII(42).class,rustme/IiIlliIlII,java/lang/Object,misc
IiIlliIliI(21).class,rustme/IiIlliIliI,java/lang/Object,misc
IiIlliiIII(62).class,rustme/IiIlliiIII,java/lang/Object,misc
IiIlliiIiI(5).class,rustme/IiIlliiIiI,java/lang/Object,json-gson
IiIlliiiII(37).class,rustme/IiIlliiiII,java/lang/Object,kotlin-lambda-ish
IiIlliiilI(2).class,rustme/IiIlliiilI,java/lang/Object,misc
IiIlliiliI(5).class,rustme/IiIlliiliI,rustme/lilliiiliI,mod-command-ish
IiIllilIII(42).class,rustme/IiIllilIII,java/lang/Object,misc
IiIllilIiI(21).class,rustme/IiIllilIiI,java/lang/Enum,enum
IiIlliliiI(5).class,rustme/IiIlliliiI,java/lang/Object,auth-profile
IiIllililI(2).class,rustme/IiIllililI,java/lang/Object,misc
IiIllilliI(5).class,rustme/IiIllilliI,java/lang/Object,kotlin-lambda-ish
IiIlllIIiI(21).class,rustme/IiIlllIIiI,rustme/IiilllIIiI,auth-profile
IiIlllIiII(34).class,rustme/IiIlllIiII,java/lang/Object,misc
IiIlllIiiI(5).class,rustme/IiIlllIiiI,rustme/IillilIiiI,item-related
IiIlllIlII(22).class,rustme/IiIlllIlII,java/lang/Object,misc
IiIlllIliI(13).class,rustme/IiIlllIliI,rustme/IlilIIIliI,mod-widget
IiIllliIII(38).class,rustme/IiIllliIII,java/lang/Object,misc
IiIllliIiI(13).class,rustme/IiIllliIiI,rustme/lIIiIliIiI,math-user
IiIllliiII(29).class,rustme/IiIllliiII,java/lang/Object,kotlin-lambda-ish
IiIllliilI(2).class,rustme/IiIllliilI,java/lang/Object,misc
IiIllliliI(5).class,rustme/IiIllliliI,java/lang/Object,mod-widget
IiIllllIII(22).class,rustme/IiIllllIII,java/lang/Object,misc
IiIllllIiI(13).class,rustme/IiIllllIiI,java/lang/Object,world-related
IiIlllliiI(5).class,rustme/IiIlllliiI,java/lang/Object,misc
IiIllllliI(5).class,rustme/IiIllllliI,java/lang/Object,kotlin-lambda-ish
IiiIIIIIiI(121).class,rustme/IiiIIIIIiI,rustme/llliiIIIiI,tileentity
IiiIIIIiII(244).class,rustme/IiiIIIIiII,java/lang/Object,misc
IiiIIIIlII(188).class,rustme/IiiIIIIlII,java/lang/Object,misc
IiiIIIIliI(121).class,rustme/IiiIIIIliI,kotlin/properties/ObservableProperty,misc
IiiIIIiIII(276).class,rustme/IiiIIIiIII,java/lang/Object,misc
IiiIIIiIiI(57).class,rustme/IiiIIIiIiI,rustme/IIlliIiIiI,world-related
IiiIIIiiII(185).class,rustme/IiiIIIiiII,java/lang/Object,kotlin-lambda-ish
IiiIIIiilI(28).class,rustme/IiiIIIiilI,java/lang/Object,misc
IiiIIIiliI(57).class,rustme/IiiIIIiliI,java/lang/Object,gui-textures
IiiIIIlIII(188).class,rustme/IiiIIIlIII,java/lang/Object,misc
IiiIIIlIiI(121).class,rustme/IiiIIIlIiI,rustme/IIIiIIlIiI,misc
IiiIIIliiI(57).class,rustme/IiiIIIliiI,java/lang/Enum,enum
IiiIIIlliI(57).class,rustme/IiiIIIlliI,java/lang/Object,kotlin-lambda-ish
IiiIIiIIII(292).class,rustme/IiiIIiIIII,java/lang/Object,misc
IiiIIiIIiI(89).class,rustme/IiiIIiIIiI,java/lang/Enum,enum
IiiIIiIiII(217).class,rustme/IiiIIiIiII,java/lang/Object,kotlin-lambda-ish
IiiIIiIilI(44).class,rustme/IiiIIiIilI,java/lang/Object,misc
IiiIIiIliI(89).class,rustme/IiiIIiIliI,kotlin/properties/ObservableProperty,misc
IiiIIiiIiI(25).class,rustme/IiiIIiiIiI,java/lang/Object,misc
IiiIIiiiII(153).class,rustme/IiiIIiiiII,java/lang/Object,kotlin-lambda-ish
IiiIIiilII(140).class,rustme/IiiIIiilII,java/lang/Object,misc
IiiIIiiliI(25).class,rustme/IiiIIiiliI,rustme/iIiIIiiliI,misc
IiiIIilIiI(89).class,rustme/IiiIIilIiI,java/lang/Object,entity-related
IiiIIiliII(140).class,rustme/IiiIIiliII,java/lang/Object,misc
IiiIIiliiI(25).class,rustme/IiiIIiliiI,rustme/llliIiliiI,misc
IiiIIillII(76).class,rustme/IiiIIillII,java/lang/Object,misc
IiiIIilliI(25).class,rustme/IiiIIilliI,java/lang/Object,misc
IiiIIlIIII(156).class,rustme/IiiIIlIIII,java/lang/Object,misc
IiiIIlIIiI(73).class,rustme/IiiIIlIIiI,java/lang/Object,network-packet
IiiIIlIiiI(9).class,rustme/IiiIIlIiiI,rustme/lIIillIiiI,block
IiiIIlIilI(28).class,rustme/IiiIIlIilI,java/lang/Object,misc
IiiIIlIliI(57).class,rustme/IiiIIlIliI,rustme/liiIIlIliI,misc
IiiIIliIiI(41).class,rustme/IiiIIliIiI,java/lang/Object,world-related
IiiIIliiII(105).class,rustme/IiiIIliiII,java/lang/Object,kotlin-lambda-ish
IiiIIlilII(76).class,rustme/IiiIIlilII,java/lang/Object,misc
IiiIIliliI(25).class,rustme/IiiIIliliI,kotlin/coroutines/jvm/internal/SuspendLambda,kotlin-coroutines
IiiIIllIiI(57).class,rustme/IiiIIllIiI,rustme/llIiIllIiI,misc
IiiIIlliII(76).class,rustme/IiiIIlliII,java/lang/Object,misc
IiiIIlliiI(25).class,rustme/IiiIIlliiI,java/lang/Object,misc
IiiIIlllII(44).class,rustme/IiiIIlllII,java/lang/Object,misc
IiiIIllliI(25).class,rustme/IiiIIllliI,java/lang/Object,kotlin-lambda-ish
IiiIiIIIII(300).class,rustme/IiiIiIIIII,java/lang/Object,misc
IiiIiIIIiI(105).class,rustme/IiiIiIIIiI,rustme/iIIiIIIIiI,misc
IiiIiIIiII(233).class,rustme/IiiIiIIiII,java/lang/Object,misc
IiiIiIIilI(52).class,rustme/IiiIiIIilI,java/lang/Object,misc
IiiIiIIliI(105).class,rustme/IiiIiIIliI,rustme/IliIIiIliI,mod-widget
IiiIiIiIiI(41).class,rustme/IiiIiIiIiI,rustme/IlliiIiIiI,json-gson
IiiIiIiiII(169).class,rustme/IiiIiIiiII,java/lang/Object,kotlin-lambda-ish
IiiIiIilII(148).class,rustme/IiiIiIilII,java/lang/Object,misc
IiiIiIiliI(41).class,rustme/IiiIiIiliI,rustme/illIiIiliI,render-gl-wrapper
IiiIiIlIiI(105).class,rustme/IiiIiIlIiI,java/lang/Object,misc
IiiIiIliII(148).class,rustme/IiiIiIliII,java/lang/Object,misc
IiiIiIliiI(41).class,rustme/IiiIiIliiI,rustme/IlIlliliiI,network-packet
IiiIiIllII(84).class,rustme/IiiIiIllII,java/lang/Object,misc
IiiIiIlliI(41).class,rustme/IiiIiIlliI,java/lang/Object,kotlin-lambda-ish
IiiIiiIIiI(73).class,rustme/IiiIiiIIiI,java/lang/Object,misc
IiiIiiIiII(201).class,rustme/IiiIiiIiII,java/lang/Object,kotlin-lambda-ish
IiiIiiIlII(164).class,rustme/IiiIiiIlII,java/lang/Object,misc
IiiIiiIliI(73).class,rustme/IiiIiiIliI,java/lang/Object,kotlin-lambda-ish
IiiIiiiIII(252).class,rustme/IiiIiiiIII,java/lang/Object,misc
IiiIiiiIiI(9).class,rustme/IiiIiiiIiI,rustme/lliiiiiIiI,entity-related
IiiIiiiiII(137).class,rustme/IiiIiiiiII,java/lang/Object,kotlin-lambda-ish
IiiIiiiilI(4).class,rustme/IiiIiiiilI,java/lang/Object,misc
IiiIiiiliI(9).class,rustme/IiiIiiiliI,java/lang/Object,misc
IiiIiilIII(164).class,rustme/IiiIiilIII,java/lang/Object,misc
IiiIiilIiI(73).class,rustme/IiiIiilIiI,rustme/iIiIiilIiI,tileentity
IiiIiiliiI(9).class,rustme/IiiIiiliiI,rustme/IillilIiiI,item-related
IiiIiililI(4).class,rustme/IiiIiililI,java/lang/Object,misc
IiiIiilliI(9).class,rustme/IiiIiilliI,java/lang/Object,misc
IiiIilIIiI(57).class,rustme/IiiIilIIiI,java/lang/Object,network-packet
IiiIilIiII(116).class,rustme/IiiIilIiII,java/lang/Object,misc
IiiIilIlII(84).class,rustme/IiiIilIlII,java/lang/Object,misc
IiiIilIliI(41).class,rustme/IiiIilIliI,java/lang/Object,kotlin-lambda-ish
IiiIiliIII(132).class,rustme/IiiIiliIII,java/lang/Object,misc
IiiIiliIiI(25).class,rustme/IiiIiliIiI,rustme/iliIiliIiI,entity-related
IiiIiliiII(89).class,rustme/IiiIiliiII,java/lang/Object,kotlin-lambda-ish
IiiIiliilI(4).class,rustme/IiiIiliilI,java/lang/Object,misc
IiiIililiI(9).class,rustme/IiiIililiI,rustme/llIiIliliI,mod-widget
IiiIillIII(84).class,rustme/IiiIillIII,java/lang/Object,misc
IiiIillIiI(41).class,rustme/IiiIillIiI,java/lang/Object,misc
IiiIilliiI(9).class,rustme/IiiIilliiI,java/lang/Object,misc
IiiIillliI(9).class,rustme/IiiIillliI,java/lang/Object,kotlin-lambda-ish
IiiIlIIIII(148).class,rustme/IiiIlIIIII,java/lang/Object,misc
IiiIlIIIiI(57).class,rustme/IiiIlIIIiI,java/lang/Object,misc
IiiIlIIilI(28).class,rustme/IiiIlIIilI,java/lang/Object,misc
IiiIlIIliI(57).class,rustme/IiiIlIIliI,kotlin/coroutines/jvm/internal/SuspendLambda,kotlin-coroutines
IiiIlIiIiI(25).class,rustme/IiiIlIiIiI,java/lang/Object,misc
IiiIlIiiII(89).class,rustme/IiiIlIiiII,java/lang/Object,kotlin-lambda-ish
IiiIlIilII(76).class,rustme/IiiIlIilII,java/lang/Object,misc
IiiIlIiliI(25).class,rustme/IiiIlIiliI,java/lang/Object,kotlin-lambda-ish
IiiIlIlIiI(57).class,rustme/IiiIlIlIiI,java/lang/Object,json-gson
IiiIlIliII(76).class,rustme/IiiIlIliII,java/lang/Object,misc
IiiIlIliiI(25).class,rustme/IiiIlIliiI,rustme/lililIliiI,particle
IiiIlIllII(44).class,rustme/IiiIlIllII,java/lang/Object,misc
IiiIlIlliI(25).class,rustme/IiiIlIlliI,java/lang/Object,kotlin-lambda-ish
IiiIliIIiI(41).class,rustme/IiiIliIIiI,rustme/IlIIliIIiI,misc
IiiIliIiII(105).class,rustme/IiiIliIiII,rustme/iIllIiIiII,kotlin-lambda-ish
IiiIliIlII(84).class,rustme/IiiIliIlII,java/lang/Object,misc
IiiIliIliI(41).class,rustme/IiiIliIliI,rustme/llIliiIliI,mod-widget
IiiIliiIII(124).class,rustme/IiiIliiIII,java/lang/Object,misc
IiiIliiIiI(9).class,rustme/IiiIliiIiI,java/lang/Object,misc
IiiIliiiII(73).class,rustme/IiiIliiiII,java/lang/Object,kotlin-lambda-ish
IiiIliiilI(4).class,rustme/IiiIliiilI,java/lang/Object,misc
IiiIliiliI(9).class,rustme/IiiIliiliI,rustme/IIiIliiliI,lambdas
IiiIlilIII(84).class,rustme/IiiIlilIII,java/lang/Object,misc
IiiIlilIiI(41).class,rustme/IiiIlilIiI,java/lang/Object,misc
IiiIliliiI(9).class,rustme/IiiIliliiI,java/lang/Object,misc
IiiIlililI(4).class,rustme/IiiIlililI,java/lang/Object,misc
IiiIlilliI(9).class,rustme/IiiIlilliI,java/lang/Object,misc
IiiIllIIiI(41).class,rustme/IiiIllIIiI,java/lang/Object,misc
IiiIllIiII(68).class,rustme/IiiIllIiII,java/lang/Object,misc
IiiIllIiiI(9).class,rustme/IiiIllIiiI,rustme/IillilIiiI,item-related
IiiIllIlII(44).class,rustme/IiiIllIlII,java/lang/Object,misc
IiiIllIliI(25).class,rustme/IiiIllIliI,java/lang/Object,misc
IiiIlliIII(76).class,rustme/IiiIlliIII,java/lang/Object,misc
IiiIlliIiI(25).class,rustme/IiiIlliIiI,java/lang/Enum,enum
IiiIlliiII(57).class,rustme/IiiIlliiII,java/lang/Object,kotlin-lambda-ish
IiiIlliilI(4).class,rustme/IiiIlliilI,java/lang/Object,misc
IiiIlliliI(9).class,rustme/IiiIlliliI,rustme/lIlilliliI,network-packet
IiiIlllIII(44).class,rustme/IiiIlllIII,java/lang/Object,misc
IiiIlllIiI(25).class,rustme/IiiIlllIiI,java/lang/Object,misc
IiiIllliiI(9).class,rustme/IiiIllliiI,java/lang/Object,block
IiiIlllliI(9).class,rustme/IiiIlllliI,java/lang/Object,kotlin-lambda-ish
IiiiIIIIII(304).class,rustme/IiiiIIIIII,java/lang/Object,misc
IiiiIIIIiI(113).class,rustme/IiiiIIIIiI,rustme/llliiIIIiI,tileentity
IiiiIIIilI(56).class,rustme/IiiiIIIilI,java/lang/Object,misc
IiiiIIIliI(113).class,rustme/IiiiIIIliI,kotlin/properties/ObservableProperty,misc
IiiiIIiIiI(49).class,rustme/IiiiIIiIiI,rustme/IIlliIiIiI,misc
IiiiIIiiII(177).class,rustme/IiiiIIiiII,java/lang/Object,kotlin-lambda-ish
IiiiIIilII(152).class,rustme/IiiiIIilII,java/lang/Object,misc
IiiiIIiliI(49).class,rustme/IiiiIIiliI,rustme/lIlliIiliI,tileentity
IiiiIIlIiI(113).class,rustme/IiiiIIlIiI,java/lang/Enum,enum
IiiiIIliII(152).class,rustme/IiiiIIliII,java/lang/Object,misc
IiiiIIliiI(49).class,rustme/IiiiIIliiI,rustme/lIlliIliiI,network-packet
IiiiIIllII(88).class,rustme/IiiiIIllII,java/lang/Object,misc
IiiiIIlliI(49).class,rustme/IiiiIIlliI,java/lang/Object,kotlin-lambda-ish
IiiiIiIIiI(81).class,rustme/IiiiIiIIiI,rustme/IIIiliIIiI,misc
IiiiIiIiII(209).class,rustme/IiiiIiIiII,java/lang/Object,kotlin-lambda-ish
IiiiIiIlII(168).class,rustme/IiiiIiIlII,java/lang/Object,misc
IiiiIiIliI(81).class,rustme/IiiiIiIliI,java/lang/Object,misc
IiiiIiiIII(256).class,rustme/IiiiIiiIII,java/lang/Object,misc
IiiiIiiIiI(17).class,rustme/IiiiIiiIiI,rustme/iIlliiiIiI,entity-renderer
IiiiIiiiII(145).class,rustme/IiiiIiiiII,java/lang/Object,kotlin-lambda-ish
IiiiIiiilI(8).class,rustme/IiiiIiiilI,java/lang/Object,misc
IiiiIiiliI(17).class,rustme/IiiiIiiliI,rustme/iIiiIiiliI,misc
IiiiIilIII(168).class,rustme/IiiiIilIII,java/lang/Object,misc
IiiiIilIiI(81).class,rustme/IiiiIilIiI,java/lang/Object,nbt
IiiiIiliiI(17).class,rustme/IiiiIiliiI,java/lang/Object,misc
IiiiIililI(8).class,rustme/IiiiIililI,java/lang/Object,misc
IiiiIilliI(17).class,rustme/IiiiIilliI,java/lang/Object,misc
IiiiIlIIiI(65).class,rustme/IiiiIlIIiI,java/lang/Object,network-packet
IiiiIlIiII(120).class,rustme/IiiiIlIiII,java/lang/Object,misc
IiiiIlIiiI(1).class,rustme/IiiiIlIiiI,rustme/IillilIiiI,item-related
IiiiIlIlII(88).class,rustme/IiiiIlIlII,java/lang/Object,misc
IiiiIlIliI(49).class,rustme/IiiiIlIliI,java/lang/Object,misc
IiiiIliIII(136).class,rustme/IiiiIliIII,java/lang/Object,misc
IiiiIliIiI(33).class,rustme/IiiiIliIiI,rustme/iliIiliIiI,tileentity
IiiiIliiII(97).class,rustme/IiiiIliiII,java/lang/Object,kotlin-lambda-ish
IiiiIliilI(8).class,rustme/IiiiIliilI,java/lang/Object,misc
IiiiIliliI(17).class,rustme/IiiiIliliI,java/lang/Object,misc
IiiiIllIII(88).class,rustme/IiiiIllIII,java/lang/Object,misc
IiiiIllIiI(49).class,rustme/IiiiIllIiI,java/lang/Object,misc
IiiiIlliiI(17).class,rustme/IiiiIlliiI,java/lang/Enum,math-user
IiiiIllliI(17).class,rustme/IiiiIllliI,java/lang/Object,kotlin-lambda-ish
IiiiiIIIiI(97).class,rustme/IiiiiIIIiI,java/lang/Enum,enum
IiiiiIIiII(225).class,rustme/IiiiiIIiII,java/lang/Object,misc
IiiiiIIlII(176).class,rustme/IiiiiIIlII,java/lang/Object,misc
IiiiiIIliI(97).class,rustme/IiiiiIIliI,java/lang/Object,misc
IiiiiIiIII(264).class,rustme/IiiiiIiIII,java/lang/Object,misc
IiiiiIiIiI(33).class,rustme/IiiiiIiIiI,java/lang/Object,entity-renderer
IiiiiIiiII(161).class,rustme/IiiiiIiiII,java/lang/Object,kotlin-lambda-ish
IiiiiIiilI(16).class,rustme/IiiiiIiilI,java/lang/Object,misc
IiiiiIiliI(33).class,rustme/IiiiiIiliI,rustme/lilliiiliI,mod-command-ish
IiiiiIlIII(176).class,rustme/IiiiiIlIII,java/lang/Object,misc
IiiiiIlIiI(97).class,rustme/IiiiiIlIiI,java/lang/Object,misc
IiiiiIliiI(33).class,rustme/IiiiiIliiI,java/lang/Object,misc
IiiiiIlilI(16).class,rustme/IiiiiIlilI,java/lang/Object,misc
IiiiiIlliI(33).class,rustme/IiiiiIlliI,java/lang/Object,kotlin-lambda-ish
IiiiiiIIII(280).class,rustme/IiiiiiIIII,java/lang/Object,misc
IiiiiiIIiI(65).class,rustme/IiiiiiIIiI,java/lang/Object,misc
IiiiiiIiII(193).class,rustme/IiiiiiIiII,java/lang/Object,kotlin-lambda-ish
IiiiiiIilI(32).class,rustme/IiiiiiIilI,java/lang/Object,misc
IiiiiiIliI(65).class,rustme/IiiiiiIliI,java/lang/Object,misc
IiiiiiiIiI(1).class,rustme/IiiiiiiIiI,java/lang/Object,entity-renderer
IiiiiiiiII(129).class,rustme/IiiiiiiiII,java/lang/Object,kotlin-lambda-ish
IiiiiiilII(128).class,rustme/IiiiiiilII,java/lang/Object,misc
IiiiiiiliI(1).class,rustme/IiiiiiiliI,java/lang/Object,misc
IiiiiilIiI(65).class,rustme/IiiiiilIiI,java/lang/Object,world-related
IiiiiiliII(128).class,rustme/IiiiiiliII,java/lang/Object,misc
IiiiiiliiI(1).class,rustme/IiiiiiliiI,rustme/IillilIiiI,tileentity
IiiiiillII(64).class,rustme/IiiiiillII,java/lang/Object,misc
IiiiiilliI(1).class,rustme/IiiiiilliI,java/lang/Object,misc
IiiiilIIII(144).class,rustme/IiiiilIIII,java/lang/Object,misc
IiiiilIIiI(49).class,rustme/IiiiilIIiI,java/lang/Object,misc
IiiiilIilI(16).class,rustme/IiiiilIilI,java/lang/Object,misc
IiiiilIliI(33).class,rustme/IiiiilIliI,java/lang/Object,kotlin-lambda-ish
IiiiiliIiI(17).class,rustme/IiiiiliIiI,rustme/IiillIiIiI,misc
IiiiiliiII(81).class,rustme/IiiiiliiII,java/lang/Object,kotlin-lambda-ish
IiiiililII(64).class,rustme/IiiiililII,java/lang/Object,misc
IiiiililiI(1).class,rustme/IiiiililiI,java/lang/Object,mod-widget
IiiiillIiI(33).class,rustme/IiiiillIiI,rustme/illllIlIiI,world-related
IiiiilliII(64).class,rustme/IiiiilliII,java/lang/Object,misc
IiiiilliiI(1).class,rustme/IiiiilliiI,rustme/lililIliiI,particle
IiiiilllII(32).class,rustme/IiiiilllII,java/lang/Object,misc
IiiiillliI(1).class,rustme/IiiiillliI,java/lang/Object,kotlin-lambda-ish
IiiilIIIiI(49).class,rustme/IiiilIIIiI,java/lang/Object,misc
IiiilIIiII(112).class,rustme/IiiilIIiII,java/lang/Object,misc
IiiilIIlII(88).class,rustme/IiiilIIlII,java/lang/Object,misc
IiiilIIliI(49).class,rustme/IiiilIIliI,rustme/IililIIliI,misc
IiiilIiIII(128).class,rustme/IiiilIiIII,java/lang/Object,misc
IiiilIiIiI(17).class,rustme/IiiilIiIiI,rustme/IIlliIiIiI,block
IiiilIiiII(81).class,rustme/IiiilIiiII,java/lang/Object,kotlin-lambda-ish
IiiilIiilI(8).class,rustme/IiiilIiilI,java/lang/Object,misc
IiiilIiliI(17).class,rustme/IiiilIiliI,java/lang/Object,misc
IiiilIlIII(88).class,rustme/IiiilIlIII,java/lang/Object,misc
IiiilIlIiI(49).class,rustme/IiiilIlIiI,java/lang/Object,misc
IiiilIliiI(17).class,rustme/IiiilIliiI,java/lang/Object,network-netty
IiiilIlliI(17).class,rustme/IiiilIlliI,java/lang/Object,kotlin-lambda-ish
IiiiliIIII(136).class,rustme/IiiiliIIII,java/lang/Object,misc
IiiiliIIiI(33).class,rustme/IiiiliIIiI,java/lang/Object,misc
IiiiliIiII(97).class,rustme/IiiiliIiII,java/lang/Object,kotlin-lambda-ish
IiiiliIilI(16).class,rustme/IiiiliIilI,java/lang/Object,misc
IiiiliIliI(33).class,rustme/IiiiliIliI,rustme/llIliiIliI,kotlin-lambda-ish
IiiiliiIiI(1).class,rustme/IiiiliiIiI,java/lang/Object,misc
IiiiliiiII(65).class,rustme/IiiiliiiII,java/lang/Object,kotlin-lambda-ish
IiiiliilII(64).class,rustme/IiiiliilII,java/lang/Object,misc
IiiiliiliI(1).class,rustme/IiiiliiliI,rustme/liiiliiliI,misc
IiiililIiI(33).class,rustme/IiiililIiI,java/lang/Object,entity-related
IiiililiII(64).class,rustme/IiiililiII,java/lang/Object,misc
IiiililiiI(1).class,rustme/IiiililiiI,java/lang/Object,misc
IiiilillII(32).class,rustme/IiiilillII,java/lang/Object,misc
IiiililliI(1).class,rustme/IiiililliI,java/lang/Object,misc
IiiillIIII(80).class,rustme/IiiillIIII,java/lang/Object,misc
IiiillIIiI(33).class,rustme/IiiillIIiI,java/lang/Object,nbt
IiiillIiiI(1).class,rustme/IiiillIiiI,rustme/lIIillIiiI,entity-related
IiiillIilI(8).class,rustme/IiiillIilI,java/lang/Object,misc
IiiillIliI(17).class,rustme/IiiillIliI,java/lang/Object,misc
IiiilliIiI(17).class,rustme/IiiilliIiI,rustme/liIlIliIiI,block
IiiilliiII(49).class,rustme/IiiilliiII,java/lang/Object,kotlin-lambda-ish
IiiillilII(32).class,rustme/IiiillilII,java/lang/Object,misc
IiiilliliI(1).class,rustme/IiiilliliI,java/lang/Object,misc
IiiilllIiI(17).class,rustme/IiiilllIiI,rustme/llIiIllIiI,misc
IiiillliII(32).class,rustme/IiiillliII,java/lang/Object,misc
IiiillliiI(1).class,rustme/IiiillliiI,java/lang/Object,misc
IiiillllII(16).class,rustme/IiiillllII,java/lang/Object,misc
IiiilllliI(1).class,rustme/IiiilllliI,java/lang/Object,kotlin-lambda-ish
IiilIIIIII(152).class,rustme/IiilIIIIII,java/lang/Object,misc
IiilIIIIiI(57).class,rustme/IiilIIIIiI,java/lang/Object,nbt
IiilIIIilI(28).class,rustme/IiilIIIilI,java/lang/Object,misc
IiilIIIliI(57).class,rustme/IiilIIIliI,rustme/IlilIIIliI,mod-widget
IiilIIiIiI(25).class,rustme/IiilIIiIiI,java/lang/Object,entity-related
IiilIIiiII(89).class,rustme/IiilIIiiII,java/lang/Object,kotlin-lambda-ish
IiilIIilII(76).class,rustme/IiilIIilII,java/lang/Object,misc
IiilIIiliI(25).class,rustme/IiilIIiliI,java/lang/Object,misc
IiilIIlIiI(57).class,rustme/IiilIIlIiI,rustme/liIllIlIiI,misc
IiilIIliII(76).class,rustme/IiilIIliII,java/lang/Object,misc
IiilIIliiI(25).class,rustme/IiilIIliiI,rustme/lllliIliiI,entity-related
IiilIIllII(44).class,rustme/IiilIIllII,java/lang/Object,misc
IiilIIlliI(25).class,rustme/IiilIIlliI,java/lang/Object,kotlin-lambda-ish
IiilIiIIiI(41).class,rustme/IiilIiIIiI,rustme/lIIIIiIIiI,world-related
IiilIiIiII(105).class,rustme/IiilIiIiII,java/lang/Object,kotlin-lambda-ish
IiilIiIlII(84).class,rustme/IiilIiIlII,java/lang/Object,misc
IiilIiIliI(41).class,rustme/IiilIiIliI,java/lang/Object,misc
IiilIiiIII(128).class,rustme/IiilIiiIII,java/lang/Object,misc
IiilIiiIiI(9).class,rustme/IiilIiiIiI,java/lang/Object,misc
IiilIiiiII(73).class,rustme/IiilIiiiII,java/lang/Object,kotlin-lambda-ish
IiilIiiilI(4).class,rustme/IiilIiiilI,java/lang/Object,misc
IiilIiiliI(9).class,rustme/IiilIiiliI,rustme/lIlIIiiliI,gui-screen
IiilIilIII(84).class,rustme/IiilIilIII,java/lang/Object,misc
IiilIilIiI(41).class,rustme/IiilIilIiI,java/lang/Object,misc
IiilIiliiI(9).class,rustme/IiilIiliiI,java/lang/Object,misc
IiilIililI(4).class,rustme/IiilIililI,java/lang/Object,misc
IiilIilliI(9).class,rustme/IiilIilliI,java/lang/Object,misc
IiilIlIIiI(33).class,rustme/IiilIlIIiI,rustme/IlIlIlIIiI,block
IiilIlIiII(60).class,rustme/IiilIlIiII,java/lang/Object,misc
IiilIlIiiI(1).class,rustme/IiilIlIiiI,rustme/iliIIlIiiI,block
IiilIlIlII(44).class,rustme/IiilIlIlII,java/lang/Object,misc
IiilIlIliI(25).class,rustme/IiilIlIliI,rustme/ilIIIlIliI,misc
IiilIliIII(68).class,rustme/IiilIliIII,java/lang/Object,misc
IiilIliIiI(17).class,rustme/IiilIliIiI,java/lang/Object,entity-related
IiilIliiII(49).class,rustme/IiilIliiII,java/lang/Object,kotlin-lambda-ish
IiilIliilI(4).class,rustme/IiilIliilI,java/lang/Object,misc
IiilIliliI(9).class,rustme/IiilIliliI,rustme/iiIliiIliI,network-packet
IiilIllIII(44).class,rustme/IiilIllIII,java/lang/Object,misc
IiilIllIiI(25).class,rustme/IiilIllIiI,rustme/lllIIllIiI,misc
IiilIlliiI(9).class,rustme/IiilIlliiI,java/lang/Enum,enum
IiilIllliI(9).class,rustme/IiilIllliI,java/lang/Object,kotlin-lambda-ish
IiiliIIIiI(49).class,rustme/IiiliIIIiI,rustme/llliiIIIiI,tileentity
IiiliIIiII(113).class,rustme/IiiliIIiII,java/lang/Object,misc
IiiliIIlII(88).class,rustme/IiiliIIlII,java/lang/Object,misc
IiiliIIliI(49).class,rustme/IiiliIIliI,rustme/ilIIiIIliI,gui-screen
IiiliIiIII(132).class,rustme/IiiliIiIII,java/lang/Object,misc
IiiliIiIiI(17).class,rustme/IiiliIiIiI,java/lang/Object,render-shader-loader
IiiliIiiII(81).class,rustme/IiiliIiiII,java/lang/Object,kotlin-lambda-ish
IiiliIiilI(8).class,rustme/IiiliIiilI,java/lang/Object,misc
IiiliIiliI(17).class,rustme/IiiliIiliI,java/lang/Object,misc
IiiliIlIII(88).class,rustme/IiiliIlIII,java/lang/Object,misc
IiiliIlIiI(49).class,rustme/IiiliIlIiI,rustme/IllIlIlIiI,misc
IiiliIliiI(17).class,rustme/IiiliIliiI,java/lang/Object,network-packet
IiiliIlilI(8).class,rustme/IiiliIlilI,java/lang/Object,misc
IiiliIlliI(17).class,rustme/IiiliIlliI,java/lang/Object,kotlin-lambda-ish
IiiliiIIII(140).class,rustme/IiiliiIIII,java/lang/Object,misc
IiiliiIIiI(33).class,rustme/IiiliiIIiI,rustme/iiIlIliIiI,misc
IiiliiIiII(97).class,rustme/IiiliiIiII,java/lang/Object,kotlin-lambda-ish
IiiliiIilI(16).class,rustme/IiiliiIilI,java/lang/Object,misc
IiiliiIliI(33).class,rustme/IiiliiIliI,rustme/IliIIiIliI,gui-textures
IiiliiiIiI(1).class,rustme/IiiliiiIiI,rustme/lliiiiiIiI,entity-renderer
IiiliiiiII(65).class,rustme/IiiliiiiII,java/lang/Object,kotlin-lambda-ish
IiiliiilII(64).class,rustme/IiiliiilII,java/lang/Object,misc
IiiliiiliI(1).class,rustme/IiiliiiliI,java/lang/Enum,enum
IiiliilIiI(33).class,rustme/IiiliilIiI,java/lang/Object,misc
IiiliiliII(64).class,rustme/IiiliiliII,java/lang/Object,misc
IiiliiliiI(1).class,rustme/IiiliiliiI,rustme/IillilIiiI,item-related
IiiliillII(32).class,rustme/IiiliillII,java/lang/Object,misc
IiiliilliI(1).class,rustme/IiiliilliI,java/lang/Object,misc
IiililIIII(72).class,rustme/IiililIIII,java/lang/Object,misc
IiililIIiI(25).class,rustme/IiililIIiI,java/lang/Object,network-packet
IiililIilI(8).class,rustme/IiililIilI,java/lang/Object,misc
IiililIliI(17).class,rustme/IiililIliI,java/lang/Object,misc
IiililiIiI(9).class,rustme/IiililiIiI,rustme/IliiIliIiI,misc
IiililiiII(41).class,rustme/IiililiiII,java/lang/Object,kotlin-lambda-ish
IiilililII(32).class,rustme/IiilililII,java/lang/Object,misc
IiilililiI(1).class,rustme/IiilililiI,java/lang/Object,kotlin-lambda-ish
IiilillIiI(17).class,rustme/IiilillIiI,java/lang/Object,misc
IiililliII(32).class,rustme/IiililliII,java/lang/Object,misc
IiililliiI(1).class,rustme/IiililliiI,java/lang/Object,misc
IiililllII(16).class,rustme/IiililllII,java/lang/Object,misc
IiilillliI(1).class,rustme/IiilillliI,java/lang/Object,kotlin-lambda-ish
IiillIIIiI(25).class,rustme/IiillIIIiI,rustme/liIlIilIiI,network-netty
IiillIIiII(56).class,rustme/IiillIIiII,java/lang/Object,misc
IiillIIlII(44).class,rustme/IiillIIlII,java/lang/Object,misc
IiillIIliI(25).class,rustme/IiillIIliI,kotlin/jvm/internal/FunctionReferenceImpl,kotlin-lambda-ish
IiillIiIII(64).class,rustme/IiillIiIII,java/lang/Object,misc
IiillIiIiI(9).class,rustme/IiillIiIiI,java/lang/Object,entity-related
IiillIiiII(41).class,rustme/IiillIiiII,java/lang/Object,kotlin-lambda-ish
IiillIiilI(4).class,rustme/IiillIiilI,java/lang/Object,misc
IiillIiliI(9).class,rustme/IiillIiliI,java/lang/Object,kotlin-lambda-ish
IiillIlIII(44).class,rustme/IiillIlIII,java/lang/Object,misc
IiillIlIiI(25).class,rustme/IiillIlIiI,java/lang/Object,nbt
IiillIliiI(9).class,rustme/IiillIliiI,java/lang/Object,misc
IiillIlliI(9).class,rustme/IiillIlliI,java/lang/Object,kotlin-lambda-ish
IiilliIIII(68).class,rustme/IiilliIIII,java/lang/Object,misc
IiilliIIiI(17).class,rustme/IiilliIIiI,rustme/lllIliIIiI,misc
IiilliIiII(49).class,rustme/IiilliIiII,java/lang/Object,misc
IiilliIilI(8).class,rustme/IiilliIilI,java/lang/Object,misc
IiilliIliI(17).class,rustme/IiilliIliI,kotlin/properties/ObservableProperty,misc
IiilliiIiI(1).class,rustme/IiilliiIiI,java/lang/Object,misc
IiilliiiII(33).class,rustme/IiilliiiII,java/lang/Object,kotlin-lambda-ish
IiilliilII(32).class,rustme/IiilliilII,java/lang/Object,misc
IiilliiliI(1).class,rustme/IiilliiliI,java/lang/Enum,enum
IiillilIiI(17).class,rustme/IiillilIiI,java/lang/IllegalArgumentException,misc
IiilliliII(32).class,rustme/IiilliliII,java/lang/Object,misc
IiilliliiI(1).class,rustme/IiilliliiI,rustme/ilIIliliiI,misc
IiillillII(16).class,rustme/IiillillII,java/lang/Object,misc
IiillilliI(1).class,rustme/IiillilliI,java/lang/Object,kotlin-lambda-ish
IiilllIIII(40).class,rustme/IiilllIIII,java/lang/Object,misc
IiilllIIiI(17).class,rustme/IiilllIIiI,java/lang/Object,json-gson
IiilllIiiI(1).class,rustme/IiilllIiiI,java/lang/Object,misc
IiilllIilI(4).class,rustme/IiilllIilI,java/lang/Object,misc
IiilllIliI(9).class,rustme/IiilllIliI,java/lang/Object,kotlin-lambda-ish
IiillliIiI(9).class,rustme/IiillliIiI,rustme/IlliiiIIiI,entity-related
IiillliiII(25).class,rustme/IiillliiII,java/lang/Object,kotlin-lambda-ish
IiilllilII(16).class,rustme/IiilllilII,java/lang/Object,misc
IiillliliI(1).class,rustme/IiillliliI,rustme/llIIlliliI,mod-widget
IiillllIiI(9).class,rustme/IiillllIiI,java/lang/Object,misc
IiilllliII(16).class,rustme/IiilllliII,java/lang/Object,misc
IiilllliiI(1).class,rustme/IiilllliiI,java/lang/Object,misc
IiilllllII(8).class,rustme/IiilllllII,java/lang/Object,misc
IiillllliI(1).class,rustme/IiillllliI,java/lang/Object,kotlin-lambda-ish
IilIIIIIiI(61).class,rustme/IilIIIIIiI,java/lang/Object,nbt
IilIIIIiII(122).class,rustme/IilIIIIiII,java/lang/Object,misc
IilIIIIlII(94).class,rustme/IilIIIIlII,java/lang/Object,misc
IilIIIIliI(61).class,rustme/IilIIIIliI,rustme/IiilIIIliI,lambdas
IilIIIiIII(138).class,rustme/IilIIIiIII,java/lang/Object,misc
IilIIIiIiI(29).class,rustme/IilIIIiIiI,java/lang/Object,entity-related
IilIIIiiII(93).class,rustme/IilIIIiiII,java/lang/Object,kotlin-lambda-ish
IilIIIiilI(14).class,rustme/IilIIIiilI,java/lang/Object,misc
IilIIIiliI(29).class,rustme/IilIIIiliI,java/lang/Object,math-user
IilIIIlIII(94).class,rustme/IilIIIlIII,java/lang/Object,misc
IilIIIlIiI(61).class,rustme/IilIIIlIiI,java/lang/Object,misc
IilIIIliiI(29).class,rustme/IilIIIliiI,rustme/lIlliIliiI,network-packet
IilIIIlliI(29).class,rustme/IilIIIlliI,java/lang/Object,kotlin-lambda-ish
IilIIiIIII(146).class,rustme/IilIIiIIII,java/lang/Object,misc
IilIIiIIiI(45).class,rustme/IilIIiIIiI,java/lang/Enum,enum
IilIIiIiII(109).class,rustme/IilIIiIiII,java/lang/Object,kotlin-lambda-ish
IilIIiIilI(22).class,rustme/IilIIiIilI,java/lang/Object,misc
IilIIiIliI(45).class,rustme/IilIIiIliI,kotlin/properties/ObservableProperty,misc
IilIIiiIiI(13).class,rustme/IilIIiiIiI,rustme/lilIIiiIiI,misc
IilIIiiiII(77).class,rustme/IilIIiiiII,java/lang/Object,kotlin-lambda-ish
IilIIiilII(70).class,rustme/IilIIiilII,java/lang/Object,misc
IilIIiiliI(13).class,rustme/IilIIiiliI,java/lang/Object,misc
IilIIilIiI(45).class,rustme/IilIIilIiI,java/lang/Enum,enum
IilIIiliII(70).class,rustme/IilIIiliII,java/lang/Object,misc
IilIIiliiI(13).class,rustme/IilIIiliiI,java/lang/Object,misc
IilIIillII(38).class,rustme/IilIIillII,java/lang/Object,misc
IilIIilliI(13).class,rustme/IilIIilliI,java/lang/Enum,enum
IilIIlIIII(78).class,rustme/IilIIlIIII,java/lang/Object,misc
IilIIlIIiI(37).class,rustme/IilIIlIIiI,java/lang/Object,misc
IilIIlIiiI(5).class,rustme/IilIIlIiiI,java/lang/Enum,enum
IilIIlIilI(14).class,rustme/IilIIlIilI,java/lang/Object,misc
IilIIlIliI(29).class,rustme/IilIIlIliI,kotlin/coroutines/jvm/internal/SuspendLambda,kotlin-coroutines
IilIIliIiI(21).class,rustme/IilIIliIiI,java/lang/Object,entity-related
IilIIliiII(53).class,rustme/IilIIliiII,java/lang/Object,kotlin-lambda-ish
IilIIlilII(38).class,rustme/IilIIlilII,java/lang/Object,misc
IilIIliliI(13).class,rustme/IilIIliliI,java/lang/Object,misc
IilIIllIiI(29).class,rustme/IilIIllIiI,rustme/llIiIllIiI,misc
IilIIlliII(38).class,rustme/IilIIlliII,java/lang/Object,misc
IilIIlliiI(13).class,rustme/IilIIlliiI,java/lang/Object,misc
IilIIlllII(22).class,rustme/IilIIlllII,java/lang/Object,misc
IilIIllliI(13).class,rustme/IilIIllliI,java/lang/Object,kotlin-lambda-ish
IilIiIIIII(150).class,rustme/IilIiIIIII,java/lang/Object,misc
IilIiIIIiI(53).class,rustme/IilIiIIIiI,rustme/llliiIIIiI,tileentity
IilIiIIiII(117).class,rustme/IilIiIIiII,java/lang/Object,misc
IilIiIIilI(26).class,rustme/IilIiIIilI,java/lang/Object,misc
IilIiIIliI(53).class,rustme/IilIiIIliI,kotlin/properties/ObservableProperty,kotlin-lambda-ish
IilIiIiIiI(21).class,rustme/IilIiIiIiI,java/lang/Object,lambdas
IilIiIiiII(85).class,rustme/IilIiIiiII,java/lang/Object,kotlin-lambda-ish
IilIiIilII(74).class,rustme/IilIiIilII,java/lang/Object,misc
IilIiIiliI(21).class,rustme/IilIiIiliI,java/lang/Object,misc
IilIiIlIiI(53).class,rustme/IilIiIlIiI,java/lang/Object,misc
IilIiIliII(74).class,rustme/IilIiIliII,java/lang/Object,misc
IilIiIliiI(21).class,rustme/IilIiIliiI,java/lang/Object,misc
IilIiIllII(42).class,rustme/IilIiIllII,java/lang/Object,misc
IilIiIlliI(21).class,rustme/IilIiIlliI,java/lang/Object,kotlin-lambda-ish
IilIiiIIiI(37).class,rustme/IilIiiIIiI,java/lang/Object,misc
IilIiiIiII(101).class,rustme/IilIiiIiII,java/lang/Object,kotlin-lambda-ish
IilIiiIlII(82).class,rustme/IilIiiIlII,java/lang/Object,misc
IilIiiIliI(37).class,rustme/IilIiiIliI,rustme/IliIIiIliI,gui-textures
IilIiiiIII(126).class,rustme/IilIiiiIII,java/lang/Object,misc
IilIiiiIiI(5).class,rustme/IilIiiiIiI,rustme/lliiiiiIiI,entity-renderer
IilIiiiiII(69).class,rustme/IilIiiiiII,java/lang/Object,kotlin-lambda-ish
IilIiiiilI(2).class,rustme/IilIiiiilI,java/lang/Object,misc
IilIiiiliI(5).class,rustme/IilIiiiliI,java/lang/Object,misc
IilIiilIII(82).class,rustme/IilIiilIII,java/lang/Object,misc
IilIiilIiI(37).class,rustme/IilIiilIiI,java/lang/Object,misc
IilIiiliiI(5).class,rustme/IilIiiliiI,java/lang/Enum,enum
IilIiililI(2).class,rustme/IilIiililI,java/lang/Object,misc
IilIiilliI(5).class,rustme/IilIiilliI,java/lang/Object,entity-related
IilIilIIiI(29).class,rustme/IilIilIIiI,java/lang/Object,network-packet
IilIilIiII(58).class,rustme/IilIilIiII,java/lang/Object,misc
IilIilIlII(42).class,rustme/IilIilIlII,java/lang/Object,misc
IilIilIliI(21).class,rustme/IilIilIliI,rustme/iilIilIliI,misc
IilIiliIII(66).class,rustme/IilIiliIII,java/lang/Object,misc
IilIiliIiI(13).class,rustme/IilIiliIiI,rustme/iliIiliIiI,world-related
IilIiliiII(45).class,rustme/IilIiliiII,java/lang/Object,kotlin-lambda-ish
IilIiliilI(2).class,rustme/IilIiliilI,java/lang/Object,misc
IilIililiI(5).class,rustme/IilIililiI,rustme/llIiIliliI,gui-screen
IilIillIII(42).class,rustme/IilIillIII,java/lang/Object,misc
IilIillIiI(21).class,rustme/IilIillIiI,java/lang/Object,block
IilIilliiI(5).class,rustme/IilIilliiI,java/lang/Object,json-gson
IilIillliI(5).class,rustme/IilIillliI,java/lang/Object,kotlin-lambda-ish
IilIlIIIII(74).class,rustme/IilIlIIIII,java/lang/Object,misc
IilIlIIIiI(29).class,rustme/IilIlIIIiI,rustme/liIlIilIiI,network-netty
IilIlIIilI(14).class,rustme/IilIlIIilI,java/lang/Object,misc
IilIlIIliI(29).class,rustme/IilIlIIliI,java/lang/Object,kotlin-lambda-ish
IilIlIiIiI(13).class,rustme/IilIlIiIiI,java/lang/Object,misc
IilIlIiiII(45).class,rustme/IilIlIiiII,java/lang/Object,kotlin-lambda-ish
IilIlIilII(38).class,rustme/IilIlIilII,java/lang/Object,misc
IilIlIiliI(13).class,rustme/IilIlIiliI,java/lang/Object,math-user
IilIlIlIiI(29).class,rustme/IilIlIlIiI,java/lang/Enum,math-user
IilIlIliII(38).class,rustme/IilIlIliII,java/lang/Object,misc
IilIlIliiI(13).class,rustme/IilIlIliiI,rustme/IIiiilliiI,misc
IilIlIllII(22).class,rustme/IilIlIllII,java/lang/Object,misc
IilIlIlliI(13).class,rustme/IilIlIlliI,java/lang/Object,kotlin-lambda-ish
IilIliIIiI(21).class,rustme/IilIliIIiI,rustme/IlIIliIIiI,nbt
IilIliIiII(53).class,rustme/IilIliIiII,rustme/iIllIiIiII,kotlin-lambda-ish
IilIliIlII(42).class,rustme/IilIliIlII,java/lang/Object,misc
IilIliIliI(21).class,rustme/IilIliIliI,java/lang/Object,misc
IilIliiIII(62).class,rustme/IilIliiIII,java/lang/Object,misc
IilIliiIiI(5).class,rustme/IilIliiIiI,rustme/IIlIliiIiI,block
IilIliiiII(37).class,rustme/IilIliiiII,java/lang/Object,kotlin-lambda-ish
IilIliiilI(2).class,rustme/IilIliiilI,java/lang/Object,misc
IilIliiliI(5).class,rustme/IilIliiliI,java/lang/Object,misc
IilIlilIII(42).class,rustme/IilIlilIII,java/lang/Object,misc
IilIlilIiI(21).class,rustme/IilIlilIiI,java/lang/Object,misc
IilIliliiI(5).class,rustme/IilIliliiI,java/lang/Object,gui-textures
IilIlililI(2).class,rustme/IilIlililI,java/lang/Object,misc
IilIlilliI(5).class,rustme/IilIlilliI,java/lang/Object,misc
IilIllIIiI(21).class,rustme/IilIllIIiI,java/lang/Object,auth-profile
IilIllIiII(34).class,rustme/IilIllIiII,java/lang/Object,misc
IilIllIiiI(5).class,rustme/IilIllIiiI,rustme/IiIIIlIiiI,world-related
IilIllIlII(22).class,rustme/IilIllIlII,java/lang/Object,misc
IilIllIliI(13).class,rustme/IilIllIliI,java/lang/Object,kotlin-lambda-ish
IilIlliIII(38).class,rustme/IilIlliIII,java/lang/Object,misc
IilIlliIiI(13).class,rustme/IilIlliIiI,rustme/iliIiliIiI,world-related
IilIlliiII(29).class,rustme/IilIlliiII,java/lang/Object,kotlin-lambda-ish
IilIlliilI(2).class,rustme/IilIlliilI,java/lang/Object,misc
IilIlliliI(5).class,rustme/IilIlliliI,java/lang/Object,misc
IilIlllIII(22).class,rustme/IilIlllIII,java/lang/Object,misc
IilIlllIiI(13).class,rustme/IilIlllIiI,java/lang/Object,misc
IilIllliiI(5).class,rustme/IilIllliiI,java/lang/Object,misc
IilIlllliI(5).class,rustme/IilIlllliI,java/lang/Object,kotlin-lambda-ish
IiliIIIIII(152).class,rustme/IiliIIIIII,java/lang/Object,misc
IiliIIIIiI(57).class,rustme/IiliIIIIiI,rustme/llliiIIIiI,tileentity
IiliIIIilI(28).class,rustme/IiliIIIilI,java/lang/Object,misc
IiliIIIliI(57).class,rustme/IiliIIIliI,kotlin/properties/ObservableProperty,misc
IiliIIiIiI(25).class,rustme/IiliIIiIiI,rustme/IIlliIiIiI,misc
IiliIIiiII(89).class,rustme/IiliIIiiII,java/lang/Object,kotlin-lambda-ish
IiliIIilII(76).class,rustme/IiliIIilII,java/lang/Object,misc
IiliIIiliI(25).class,rustme/IiliIIiliI,java/lang/Object,kotlin-coroutines
IiliIIlIiI(57).class,rustme/IiliIIlIiI,rustme/IIIiIIlIiI,misc
IiliIIliII(76).class,rustme/IiliIIliII,java/lang/Object,misc
IiliIIliiI(25).class,rustme/IiliIIliiI,rustme/lIlliIliiI,network-packet
IiliIIllII(44).class,rustme/IiliIIllII,java/lang/Object,misc
IiliIIlliI(25).class,rustme/IiliIIlliI,java/lang/Object,kotlin-lambda-ish
IiliIiIIiI(41).class,rustme/IiliIiIIiI,java/lang/Object,entity-related
IiliIiIiII(105).class,rustme/IiliIiIiII,java/lang/Object,kotlin-lambda-ish
IiliIiIlII(84).class,rustme/IiliIiIlII,java/lang/Object,misc
IiliIiIliI(41).class,rustme/IiliIiIliI,java/lang/Object,misc
IiliIiiIII(128).class,rustme/IiliIiiIII,java/lang/Object,misc
IiliIiiIiI(9).class,rustme/IiliIiiIiI,java/lang/Object,entity-related
IiliIiiiII(73).class,rustme/IiliIiiiII,java/lang/Object,kotlin-lambda-ish
IiliIiiilI(4).class,rustme/IiliIiiilI,java/lang/Object,misc
IiliIiiliI(9).class,rustme/IiliIiiliI,rustme/iIliIiiliI,misc
IiliIilIII(84).class,rustme/IiliIilIII,java/lang/Object,misc
IiliIilIiI(41).class,rustme/IiliIilIiI,java/lang/Object,nbt
IiliIiliiI(9).class,rustme/IiliIiliiI,rustme/IillilIiiI,item-related
IiliIililI(4).class,rustme/IiliIililI,java/lang/Object,misc
IiliIilliI(9).class,rustme/IiliIilliI,rustme/liliIilliI,misc
IiliIlIIiI(33).class,rustme/IiliIlIIiI,java/lang/Object,network-packet
IiliIlIiII(60).class,rustme/IiliIlIiII,java/lang/Object,misc
IiliIlIiiI(1).class,rustme/IiliIlIiiI,rustme/IillilIiiI,item-related
IiliIlIlII(44).class,rustme/IiliIlIlII,java/lang/Object,misc
IiliIlIliI(25).class,rustme/IiliIlIliI,rustme/IIliIlIliI,misc
IiliIliIII(68).class,rustme/IiliIliIII,java/lang/Object,misc
IiliIliIiI(17).class,rustme/IiliIliIiI,java/lang/Object,misc
IiliIliiII(49).class,rustme/IiliIliiII,java/lang/Object,kotlin-lambda-ish
IiliIliilI(4).class,rustme/IiliIliilI,java/lang/Object,misc
IiliIliliI(9).class,rustme/IiliIliliI,kotlin/jvm/internal/FunctionReferenceImpl,kotlin-lambda-ish
IiliIllIII(44).class,rustme/IiliIllIII,java/lang/Object,misc
IiliIllIiI(25).class,rustme/IiliIllIiI,rustme/llIiIllIiI,misc
IiliIlliiI(9).class,rustme/IiliIlliiI,java/lang/Object,json-gson
IiliIllliI(9).class,rustme/IiliIllliI,java/lang/Object,kotlin-lambda-ish
IiliiIIIiI(49).class,rustme/IiliiIIIiI,java/lang/Object,tileentity
IiliiIIiII(113).class,rustme/IiliiIIiII,java/lang/Enum,enum
IiliiIIlII(88).class,rustme/IiliiIIlII,java/lang/Object,misc
IiliiIIliI(49).class,rustme/IiliiIIliI,java/lang/Object,kotlin-lambda-ish
IiliiIiIII(132).class,rustme/IiliiIiIII,java/lang/Object,misc
IiliiIiIiI(17).class,rustme/IiliiIiIiI,java/lang/Object,misc
IiliiIiiII(81).class,rustme/IiliiIiiII,java/lang/Object,kotlin-lambda-ish
IiliiIiilI(8).class,rustme/IiliiIiilI,java/lang/Object,misc
IiliiIiliI(17).class,rustme/IiliiIiliI,java/lang/Object,misc
IiliiIlIII(88).class,rustme/IiliiIlIII,java/lang/Object,misc
IiliiIlIiI(49).class,rustme/IiliiIlIiI,rustme/IIlllilIiI,misc
IiliiIliiI(17).class,rustme/IiliiIliiI,rustme/IlIlliliiI,gui-screen
IiliiIlilI(8).class,rustme/IiliiIlilI,java/lang/Object,misc
IiliiIlliI(17).class,rustme/IiliiIlliI,java/lang/Object,kotlin-lambda-ish
IiliiiIIII(140).class,rustme/IiliiiIIII,java/lang/Object,misc
IiliiiIIiI(33).class,rustme/IiliiiIIiI,rustme/lIIiIliIiI,misc
IiliiiIiII(97).class,rustme/IiliiiIiII,java/lang/Object,kotlin-lambda-ish
IiliiiIilI(16).class,rustme/IiliiiIilI,java/lang/Object,misc
IiliiiIliI(33).class,rustme/IiliiiIliI,java/lang/Object,kotlin-lambda-ish
IiliiiiIiI(1).class,rustme/IiliiiiIiI,rustme/iIlIiiiIiI,entity-renderer
IiliiiiiII(65).class,rustme/IiliiiiiII,java/lang/Object,kotlin-lambda-ish
IiliiiilII(64).class,rustme/IiliiiilII,java/lang/Object,misc
IiliiiiliI(1).class,rustme/IiliiiiliI,java/lang/Object,misc
IiliiilIiI(33).class,rustme/IiliiilIiI,rustme/lliiiilIiI,nbt
IiliiiliII(64).class,rustme/IiliiiliII,java/lang/Object,misc
IiliiiliiI(1).class,rustme/IiliiiliiI,rustme/lIIillIiiI,block
IiliiillII(32).class,rustme/IiliiillII,java/lang/Object,misc
IiliiilliI(1).class,rustme/IiliiilliI,java/lang/Object,kotlin-lambda-ish
IiliilIIII(72).class,rustme/IiliilIIII,java/lang/Object,misc
IiliilIIiI(25).class,rustme/IiliilIIiI,java/lang/Object,misc
IiliilIilI(8).class,rustme/IiliilIilI,java/lang/Object,misc
IiliilIliI(17).class,rustme/IiliilIliI,java/lang/Object,kotlin-lambda-ish
IiliiliIiI(9).class,rustme/IiliiliIiI,java/lang/Object,misc
IiliiliiII(41).class,rustme/IiliiliiII,java/lang/Object,kotlin-lambda-ish
IiliililII(32).class,rustme/IiliililII,java/lang/Object,misc
IiliililiI(1).class,rustme/IiliililiI,java/lang/Object,misc
IiliillIiI(17).class,rustme/IiliillIiI,java/lang/Object,misc
IiliilliII(32).class,rustme/IiliilliII,java/lang/Object,misc
IiliilliiI(1).class,rustme/IiliilliiI,java/lang/Object,misc
IiliilllII(16).class,rustme/IiliilllII,java/lang/Object,misc
IiliillliI(1).class,rustme/IiliillliI,java/lang/Object,kotlin-lambda-ish
IililIIIiI(25).class,rustme/IililIIIiI,io/netty/channel/ChannelInboundHandlerAdapter,network-netty
IililIIiII(56).class,rustme/IililIIiII,java/lang/Object,misc
IililIIlII(44).class,rustme/IililIIlII,java/lang/Object,misc
IililIIliI(25).class,rustme/IililIIliI,java/lang/Enum,enum
IililIiIII(64).class,rustme/IililIiIII,java/lang/Object,misc
IililIiIiI(9).class,rustme/IililIiIiI,java/lang/Object,misc
IililIiiII(41).class,rustme/IililIiiII,java/lang/Object,kotlin-lambda-ish
IililIiilI(4).class,rustme/IililIiilI,java/lang/Object,misc
IililIiliI(9).class,rustme/IililIiliI,java/lang/Object,network-netty
IililIlIII(44).class,rustme/IililIlIII,java/lang/Object,misc
IililIlIiI(25).class,rustme/IililIlIiI,java/lang/Object,misc
IililIliiI(9).class,rustme/IililIliiI,java/lang/Object,misc
IililIlliI(9).class,rustme/IililIlliI,java/lang/Object,kotlin-lambda-ish
IililiIIII(68).class,rustme/IililiIIII,java/lang/Object,misc
IililiIIiI(17).class,rustme/IililiIIiI,rustme/IIIiliIIiI,misc
IililiIiII(49).class,rustme/IililiIiII,rustme/lIliliIiII,kotlin-lambda-ish
IililiIilI(8).class,rustme/IililiIilI,java/lang/Object,misc
IililiIliI(17).class,rustme/IililiIliI,java/lang/Object,kotlin-lambda-ish
IililiiIiI(1).class,rustme/IililiiIiI,java/lang/Object,math-user
IililiiiII(33).class,rustme/IililiiiII,java/lang/Object,kotlin-lambda-ish
IililiilII(32).class,rustme/IililiilII,java/lang/Object,misc
IililiiliI(1).class,rustme/IililiiliI,rustme/lllIliIIiI,misc
IilililIiI(17).class,rustme/IilililIiI,java/lang/Object,misc
IilililiII(32).class,rustme/IilililiII,java/lang/Object,misc
IilililiiI(1).class,rustme/IilililiiI,java/lang/Object,misc
IililillII(16).class,rustme/IililillII,java/lang/Object,misc
IilililliI(1).class,rustme/IilililliI,java/lang/Object,misc
IilillIIII(40).class,rustme/IilillIIII,java/lang/Object,misc
IilillIIiI(17).class,rustme/IilillIIiI,java/lang/Object,misc
IilillIiiI(1).class,rustme/IilillIiiI,rustme/lliiiilIiI,tileentity
IilillIilI(4).class,rustme/IilillIilI,java/lang/Object,misc
IilillIliI(9).class,rustme/IilillIliI,java/lang/Object,misc
IililliIiI(9).class,rustme/IililliIiI,rustme/ilIilliIiI,block
IililliiII(25).class,rustme/IililliiII,java/lang/Object,kotlin-lambda-ish
IilillilII(16).class,rustme/IilillilII,java/lang/Object,misc
IililliliI(1).class,rustme/IililliliI,java/lang/Object,misc
IililllIiI(9).class,rustme/IililllIiI,java/lang/Enum,world-related
IilillliII(16).class,rustme/IilillliII,java/lang/Object,misc
IilillliiI(1).class,rustme/IilillliiI,java/lang/Object,misc
IilillllII(8).class,rustme/IilillllII,java/lang/Object,misc
IililllliI(1).class,rustme/IililllliI,java/lang/Object,kotlin-lambda-ish
IillIIIIII(76).class,rustme/IillIIIIII,java/lang/Object,misc
IillIIIIiI(29).class,rustme/IillIIIIiI,java/lang/Object,misc
IillIIIilI(14).class,rustme/IillIIIilI,java/lang/Object,misc
IillIIIliI(29).class,rustme/IillIIIliI,java/lang/Object,misc
IillIIiIiI(13).class,rustme/IillIIiIiI,rustme/IIlliIiIiI,json-gson
IillIIiiII(45).class,rustme/IillIIiiII,java/lang/Object,kotlin-lambda-ish
IillIIilII(38).class,rustme/IillIIilII,java/lang/Object,misc
IillIIiliI(13).class,rustme/IillIIiliI,java/lang/Object,render-gl-wrapper
IillIIlIiI(29).class,rustme/IillIIlIiI,rustme/iIIlIIlIiI,json-gson
IillIIliII(38).class,rustme/IillIIliII,java/lang/Object,misc
IillIIliiI(13).class,rustme/IillIIliiI,java/lang/Object,misc
IillIIllII(22).class,rustme/IillIIllII,java/lang/Object,misc
IillIIlliI(13).class,rustme/IillIIlliI,java/lang/Object,kotlin-lambda-ish
IillIiIIiI(21).class,rustme/IillIiIIiI,rustme/IIiiliIIiI,block
IillIiIiII(53).class,rustme/IillIiIiII,java/lang/Object,kotlin-lambda-ish
IillIiIlII(42).class,rustme/IillIiIlII,java/lang/Object,misc
IillIiIliI(21).class,rustme/IillIiIliI,rustme/IliIIiIliI,mod-widget
IillIiiIII(64).class,rustme/IillIiiIII,java/lang/Object,misc
IillIiiIiI(5).class,rustme/IillIiiIiI,java/lang/Object,misc
IillIiiiII(37).class,rustme/IillIiiiII,java/lang/Object,kotlin-lambda-ish
IillIiiilI(2).class,rustme/IillIiiilI,java/lang/Object,misc
IillIiiliI(5).class,rustme/IillIiiliI,rustme/iIllIiiliI,misc
IillIilIII(42).class,rustme/IillIilIII,java/lang/Object,misc
IillIilIiI(21).class,rustme/IillIilIiI,java/lang/Object,misc
IillIiliiI(5).class,rustme/IillIiliiI,rustme/llIlIiliiI,math-user
IillIililI(2).class,rustme/IillIililI,java/lang/Object,misc
IillIilliI(5).class,rustme/IillIilliI,java/lang/Object,misc
IillIlIIiI(21).class,rustme/IillIlIIiI,rustme/iillIlIIiI,entity-related
IillIlIiII(34).class,rustme/IillIlIiII,java/lang/Object,misc
IillIlIiiI(5).class,rustme/IillIlIiiI,java/lang/Enum,enum
IillIlIlII(22).class,rustme/IillIlIlII,java/lang/Object,misc
IillIlIliI(13).class,rustme/IillIlIliI,java/lang/Object,kotlin-lambda-ish
IillIliIII(38).class,rustme/IillIliIII,java/lang/Object,misc
IillIliIiI(13).class,rustme/IillIliIiI,java/lang/Object,misc
IillIliiII(29).class,rustme/IillIliiII,java/lang/Object,kotlin-lambda-ish
IillIliilI(2).class,rustme/IillIliilI,java/lang/Object,misc
IillIliliI(5).class,rustme/IillIliliI,rustme/IlilIIIliI,mod-widget
IillIllIII(22).class,rustme/IillIllIII,java/lang/Object,misc
IillIllIiI(13).class,rustme/IillIllIiI,rustme/IilIIllIiI,misc
IillIlliiI(5).class,rustme/IillIlliiI,java/lang/Enum,enum
IillIllliI(5).class,rustme/IillIllliI,java/lang/Object,kotlin-lambda-ish
IilliIIIiI(25).class,rustme/IilliIIIiI,rustme/llliiIIIiI,tileentity
IilliIIiII(57).class,rustme/IilliIIiII,java/lang/Object,misc
IilliIIlII(44).class,rustme/IilliIIlII,java/lang/Object,misc
IilliIIliI(25).class,rustme/IilliIIliI,java/lang/Object,misc
IilliIiIII(66).class,rustme/IilliIiIII,java/lang/Object,misc
IilliIiIiI(9).class,rustme/IilliIiIiI,java/lang/Object,misc
IilliIiiII(41).class,rustme/IilliIiiII,java/lang/Object,kotlin-lambda-ish
IilliIiilI(4).class,rustme/IilliIiilI,java/lang/Object,misc
IilliIiliI(9).class,rustme/IilliIiliI,java/lang/Enum,enum
IilliIlIII(44).class,rustme/IilliIlIII,java/lang/Object,misc
IilliIlIiI(25).class,rustme/IilliIlIiI,rustme/IIlliIlIiI,entity-related
IilliIliiI(9).class,rustme/IilliIliiI,java/lang/Object,misc
IilliIlilI(4).class,rustme/IilliIlilI,java/lang/Object,misc
IilliIlliI(9).class,rustme/IilliIlliI,java/lang/Object,kotlin-lambda-ish
IilliiIIII(70).class,rustme/IilliiIIII,java/lang/Object,misc
IilliiIIiI(17).class,rustme/IilliiIIiI,rustme/liiliiIIiI,tileentity
IilliiIiII(49).class,rustme/IilliiIiII,java/lang/Object,kotlin-lambda-ish
IilliiIilI(8).class,rustme/IilliiIilI,java/lang/Object,misc
IilliiIliI(17).class,rustme/IilliiIliI,kotlin/properties/ObservableProperty,kotlin-lambda-ish
IilliiiIiI(1).class,rustme/IilliiiIiI,rustme/iIlIiiiIiI,entity-renderer
IilliiiiII(33).class,rustme/IilliiiiII,java/lang/Object,kotlin-lambda-ish
IilliiilII(32).class,rustme/IilliiilII,java/lang/Object,misc
IilliiiliI(1).class,rustme/IilliiiliI,rustme/lilliiiliI,mod-command-ish
IilliilIiI(17).class,rustme/IilliilIiI,java/lang/Object,nbt
IilliiliII(32).class,rustme/IilliiliII,java/lang/Object,misc
IilliiliiI(1).class,rustme/IilliiliiI,rustme/IillilIiiI,item-related
IilliillII(16).class,rustme/IilliillII,java/lang/Object,misc
IilliilliI(1).class,rustme/IilliilliI,java/lang/Enum,enum
IillilIIII(40).class,rustme/IillilIIII,java/lang/Object,misc
IillilIIiI(17).class,rustme/IillilIIiI,java/lang/Object,network-packet
IillilIiiI(1).class,rustme/IillilIiiI,java/lang/Object,tileentity
IillilIilI(4).class,rustme/IillilIilI,java/lang/Object,misc
IillilIliI(9).class,rustme/IillilIliI,java/lang/Object,kotlin-lambda-ish
IilliliIiI(9).class,rustme/IilliliIiI,rustme/iliIiliIiI,world-related
IilliliiII(25).class,rustme/IilliliiII,java/lang/Object,kotlin-lambda-ish
IillililII(16).class,rustme/IillililII,java/lang/Object,misc
IillililiI(1).class,rustme/IillililiI,rustme/IlilIIIliI,mod-widget
IillillIiI(9).class,rustme/IillillIiI,java/lang/Object,misc
IillilliII(16).class,rustme/IillilliII,java/lang/Object,misc
IillilliiI(1).class,rustme/IillilliiI,java/lang/Object,misc
IillilllII(8).class,rustme/IillilllII,java/lang/Object,misc
IillillliI(1).class,rustme/IillillliI,java/lang/Object,kotlin-lambda-ish
IilllIIIiI(13).class,rustme/IilllIIIiI,java/lang/Object,misc
IilllIIiII(28).class,rustme/IilllIIiII,java/lang/Object,misc
IilllIIlII(22).class,rustme/IilllIIlII,java/lang/Object,misc
IilllIIliI(13).class,rustme/IilllIIliI,kotlin/jvm/internal/FunctionReferenceImpl,kotlin-lambda-ish
IilllIiIII(32).class,rustme/IilllIiIII,java/lang/Object,misc
IilllIiIiI(5).class,rustme/IilllIiIiI,java/lang/Object,tileentity
IilllIiiII(21).class,rustme/IilllIiiII,java/lang/Object,kotlin-lambda-ish
IilllIiilI(2).class,rustme/IilllIiilI,java/lang/Object,misc
IilllIiliI(5).class,rustme/IilllIiliI,java/lang/Object,world-related
IilllIlIII(22).class,rustme/IilllIlIII,java/lang/Object,misc
IilllIlIiI(13).class,rustme/IilllIlIiI,java/lang/Object,world-related
IilllIliiI(5).class,rustme/IilllIliiI,java/lang/Object,misc
IilllIlliI(5).class,rustme/IilllIlliI,java/lang/Object,kotlin-lambda-ish
IillliIIII(34).class,rustme/IillliIIII,java/lang/Object,misc
IillliIIiI(9).class,rustme/IillliIIiI,rustme/iIllliIIiI,tileentity
IillliIiII(25).class,rustme/IillliIiII,java/lang/Object,misc
IillliIilI(4).class,rustme/IillliIilI,java/lang/Object,misc
IillliIliI(9).class,rustme/IillliIliI,rustme/IlilIIIliI,mod-widget
IillliiIiI(1).class,rustme/IillliiIiI,java/lang/Object,misc
IillliiiII(17).class,rustme/IillliiiII,java/lang/Object,kotlin-lambda-ish
IillliilII(16).class,rustme/IillliilII,java/lang/Object,misc
IillliiliI(1).class,rustme/IillliiliI,rustme/lilliiiliI,mod-command-ish
IilllilIiI(9).class,rustme/IilllilIiI,java/lang/Object,misc
IillliliII(16).class,rustme/IillliliII,java/lang/Object,misc
IillliliiI(1).class,rustme/IillliliiI,rustme/lIlililiiI,misc
IilllillII(8).class,rustme/IilllillII,java/lang/Object,misc
IilllilliI(1).class,rustme/IilllilliI,java/lang/Object,kotlin-lambda-ish
IillllIIII(20).class,rustme/IillllIIII,java/lang/Object,misc
IillllIIiI(9).class,rustme/IillllIIiI,java/lang/Thread,auth-profile
IillllIiiI(1).class,rustme/IillllIiiI,rustme/IillilIiiI,item-related
IillllIilI(2).class,rustme/IillllIilI,java/lang/Object,misc
IillllIliI(5).class,rustme/IillllIliI,java/lang/Object,mod-widget
IilllliIiI(5).class,rustme/IilllliIiI,rustme/liliiiIIiI,world-related
IilllliiII(13).class,rustme/IilllliiII,java/lang/Object,kotlin-lambda-ish
IillllilII(8).class,rustme/IillllilII,java/lang/Object,misc
IilllliliI(1).class,rustme/IilllliliI,rustme/llIIlliliI,mod-widget
IilllllIiI(5).class,rustme/IilllllIiI,java/lang/Object,misc
IillllliII(8).class,rustme/IillllliII,java/lang/Object,misc
IillllliiI(1).class,rustme/IillllliiI,java/lang/Object,tileentity
IillllllII(4).class,rustme/IillllllII,java/lang/Object,misc
IilllllliI(1).class,rustme/IilllllliI,java/lang/Object,kotlin-lambda-ish
IlIIIIIIII(155).class,rustme/IlIIIIIIII,java/lang/Object,misc
IlIIIIIIiI(63).class,rustme/IlIIIIIIiI,rustme/llliiIIIiI,tileentity
IlIIIIIilI(31).class,rustme/IlIIIIIilI,java/lang/Object,misc
IlIIIIIliI(63).class,rustme/IlIIIIIliI,java/lang/Object,misc
IlIIIIiIiI(31).class,rustme/IlIIIIiIiI,java/lang/Object,entity-related
IlIIIIiiII(95).class,rustme/IlIIIIiiII,java/lang/Object,kotlin-lambda-ish
IlIIIIilII(79).class,rustme/IlIIIIilII,java/lang/Object,misc
IlIIIIiliI(31).class,rustme/IlIIIIiliI,java/lang/Object,misc
IlIIIIlIiI(63).class,rustme/IlIIIIlIiI,java/lang/Object,misc
IlIIIIliII(79).class,rustme/IlIIIIliII,java/lang/Object,misc
IlIIIIliiI(31).class,rustme/IlIIIIliiI,rustme/lllliIliiI,entity-related
IlIIIIllII(47).class,rustme/IlIIIIllII,java/lang/Object,misc
IlIIIIlliI(31).class,rustme/IlIIIIlliI,java/lang/Object,kotlin-lambda-ish
IlIIIiIIiI(47).class,rustme/IlIIIiIIiI,rustme/liilIiIIiI,tileentity
IlIIIiIiII(111).class,rustme/IlIIIiIiII,java/lang/Object,kotlin-lambda-ish
IlIIIiIlII(87).class,rustme/IlIIIiIlII,java/lang/Object,misc
IlIIIiIliI(47).class,rustme/IlIIIiIliI,kotlin/properties/ObservableProperty,kotlin-lambda-ish
IlIIIiiIII(131).class,rustme/IlIIIiiIII,java/lang/Object,misc
IlIIIiiIiI(15).class,rustme/IlIIIiiIiI,java/lang/Object,misc
IlIIIiiiII(79).class,rustme/IlIIIiiiII,java/lang/Object,kotlin-lambda-ish
IlIIIiiilI(7).class,rustme/IlIIIiiilI,java/lang/Object,misc
IlIIIiiliI(15).class,rustme/IlIIIiiliI,java/lang/Object,misc
IlIIIilIII(87).class,rustme/IlIIIilIII,java/lang/Object,misc
IlIIIilIiI(47).class,rustme/IlIIIilIiI,java/lang/Enum,entity-related
IlIIIiliiI(15).class,rustme/IlIIIiliiI,java/lang/Object,misc
IlIIIililI(7).class,rustme/IlIIIililI,java/lang/Object,misc
IlIIIilliI(15).class,rustme/IlIIIilliI,java/lang/Object,misc
IlIIIlIIiI(39).class,rustme/IlIIIlIIiI,java/lang/Object,misc
IlIIIlIiII(63).class,rustme/IlIIIlIiII,java/lang/Object,misc
IlIIIlIiiI(7).class,rustme/IlIIIlIiiI,java/lang/Enum,enum
IlIIIlIlII(47).class,rustme/IlIIIlIlII,java/lang/Object,misc
IlIIIlIliI(31).class,rustme/IlIIIlIliI,rustme/illIIlIliI,misc
IlIIIliIII(71).class,rustme/IlIIIliIII,java/lang/Object,misc
IlIIIliIiI(23).class,rustme/IlIIIliIiI,java/lang/Object,entity-related
IlIIIliiII(55).class,rustme/IlIIIliiII,java/lang/Object,kotlin-lambda-ish
IlIIIliilI(7).class,rustme/IlIIIliilI,java/lang/Object,misc
IlIIIliliI(15).class,rustme/IlIIIliliI,kotlin/jvm/internal/FunctionReferenceImpl,kotlin-lambda-ish
IlIIIllIII(47).class,rustme/IlIIIllIII,java/lang/Object,misc
IlIIIllIiI(31).class,rustme/IlIIIllIiI,rustme/llIiIllIiI,misc
IlIIIlliiI(15).class,rustme/IlIIIlliiI,java/lang/Object,misc
IlIIIllliI(15).class,rustme/IlIIIllliI,java/lang/Object,kotlin-lambda-ish
IlIIiIIIiI(55).class,rustme/IlIIiIIIiI,java/lang/Object,entity-related
IlIIiIIiII(119).class,rustme/IlIIiIIiII,java/lang/Object,misc
IlIIiIIlII(91).class,rustme/IlIIiIIlII,java/lang/Object,misc
IlIIiIIliI(55).class,rustme/IlIIiIIliI,rustme/IliIIiIliI,mod-widget
IlIIiIiIII(135).class,rustme/IlIIiIiIII,java/lang/Object,misc
IlIIiIiIiI(23).class,rustme/IlIIiIiIiI,java/lang/Enum,math-user
IlIIiIiiII(87).class,rustme/IlIIiIiiII,java/lang/Object,kotlin-lambda-ish
IlIIiIiilI(11).class,rustme/IlIIiIiilI,java/lang/Object,misc
IlIIiIiliI(23).class,rustme/IlIIiIiliI,java/lang/Object,misc
IlIIiIlIII(91).class,rustme/IlIIiIlIII,java/lang/Object,misc
IlIIiIlIiI(55).class,rustme/IlIIiIlIiI,java/lang/Object,block
IlIIiIliiI(23).class,rustme/IlIIiIliiI,rustme/ilIIliliiI,misc
IlIIiIlilI(11).class,rustme/IlIIiIlilI,java/lang/Object,misc
IlIIiIlliI(23).class,rustme/IlIIiIlliI,java/lang/Object,kotlin-lambda-ish
IlIIiiIIII(143).class,rustme/IlIIiiIIII,java/lang/Object,misc
IlIIiiIIiI(39).class,rustme/IlIIiiIIiI,rustme/ilIIiiIIiI,block
IlIIiiIiII(103).class,rustme/IlIIiiIiII,java/lang/Object,kotlin-lambda-ish
IlIIiiIilI(19).class,rustme/IlIIiiIilI,java/lang/Object,misc
IlIIiiIliI(39).class,rustme/IlIIiiIliI,java/lang/Object,misc
IlIIiiiIiI(7).class,rustme/IlIIiiiIiI,rustme/iIlIiiiIiI,entity-renderer
IlIIiiiiII(71).class,rustme/IlIIiiiiII,java/lang/Object,kotlin-lambda-ish
IlIIiiilII(67).class,rustme/IlIIiiilII,java/lang/Object,misc
IlIIiiiliI(7).class,rustme/IlIIiiiliI,java/lang/Object,world-related
IlIIiilIiI(39).class,rustme/IlIIiilIiI,java/lang/Object,world-related
IlIIiiliII(67).class,rustme/IlIIiiliII,java/lang/Object,misc
IlIIiiliiI(7).class,rustme/IlIIiiliiI,rustme/IilIiiliiI,block
IlIIiillII(35).class,rustme/IlIIiillII,java/lang/Object,misc
IlIIiilliI(7).class,rustme/IlIIiilliI,java/lang/Object,misc
IlIIilIIII(75).class,rustme/IlIIilIIII,java/lang/Object,misc
IlIIilIIiI(31).class,rustme/IlIIilIIiI,java/lang/Object,network-packet
IlIIilIilI(11).class,rustme/IlIIilIilI,java/lang/Object,misc
IlIIilIliI(23).class,rustme/IlIIilIliI,java/lang/Object,kotlin-lambda-ish
IlIIiliIiI(15).class,rustme/IlIIiliIiI,rustme/iliIiliIiI,world-related
IlIIiliiII(47).class,rustme/IlIIiliiII,java/lang/Object,kotlin-lambda-ish
IlIIililII(35).class,rustme/IlIIililII,java/lang/Object,misc
IlIIililiI(7).class,rustme/IlIIililiI,rustme/IlilIIIliI,mod-widget
IlIIillIiI(23).class,rustme/IlIIillIiI,java/lang/Object,misc
IlIIilliII(35).class,rustme/IlIIilliII,java/lang/Object,misc
IlIIilliiI(7).class,rustme/IlIIilliiI,java/lang/Object,misc
IlIIilllII(19).class,rustme/IlIIilllII,java/lang/Object,misc
IlIIillliI(7).class,rustme/IlIIillliI,java/lang/Object,kotlin-lambda-ish
IlIIlIIIiI(31).class,rustme/IlIIlIIIiI,io/netty/handler/codec/ByteToMessageDecoder,network-netty
IlIIlIIiII(59).class,rustme/IlIIlIIiII,java/lang/Object,misc
IlIIlIIlII(47).class,rustme/IlIIlIIlII,java/lang/Object,misc
IlIIlIIliI(31).class,rustme/IlIIlIIliI,java/lang/Object,kotlin-lambda-ish
IlIIlIiIII(67).class,rustme/IlIIlIiIII,java/lang/Object,misc
IlIIlIiIiI(15).class,rustme/IlIIlIiIiI,java/lang/Object,misc
IlIIlIiiII(47).class,rustme/IlIIlIiiII,java/lang/Object,kotlin-lambda-ish
IlIIlIiilI(7).class,rustme/IlIIlIiilI,java/lang/Object,misc
IlIIlIiliI(15).class,rustme/IlIIlIiliI,kotlin/jvm/internal/FunctionReferenceImpl,kotlin-lambda-ish
IlIIlIlIII(47).class,rustme/IlIIlIlIII,java/lang/Object,misc
IlIIlIlIiI(31).class,rustme/IlIIlIlIiI,java/lang/Object,math-user
IlIIlIliiI(15).class,rustme/IlIIlIliiI,java/lang/Object,misc
IlIIlIlliI(15).class,rustme/IlIIlIlliI,java/lang/Object,kotlin-lambda-ish
IlIIliIIII(71).class,rustme/IlIIliIIII,java/lang/Object,misc
IlIIliIIiI(23).class,rustme/IlIIliIIiI,java/lang/Object,misc
IlIIliIiII(55).class,rustme/IlIIliIiII,java/lang/Object,kotlin-lambda-ish
IlIIliIilI(11).class,rustme/IlIIliIilI,java/lang/Object,misc
IlIIliIliI(23).class,rustme/IlIIliIliI,java/lang/Object,misc
IlIIliiIiI(7).class,rustme/IlIIliiIiI,java/lang/Object,world-related
IlIIliiiII(39).class,rustme/IlIIliiiII,java/lang/Object,kotlin-lambda-ish
IlIIliilII(35).class,rustme/IlIIliilII,java/lang/Object,misc
IlIIliiliI(7).class,rustme/IlIIliiliI,rustme/IIlIIliIiI,entity-related
IlIIlilIiI(23).class,rustme/IlIIlilIiI,java/lang/Object,misc
IlIIliliII(35).class,rustme/IlIIliliII,java/lang/Object,misc
IlIIliliiI(7).class,rustme/IlIIliliiI,rustme/ilIIliliiI,misc
IlIIlillII(19).class,rustme/IlIIlillII,java/lang/Object,misc
IlIIlilliI(7).class,rustme/IlIIlilliI,java/lang/Object,kotlin-lambda-ish
IlIIllIIII(43).class,rustme/IlIIllIIII,java/lang/Object,misc
IlIIllIIiI(23).class,rustme/IlIIllIIiI,java/lang/Object,misc
IlIIllIiiI(7).class,rustme/IlIIllIiiI,java/lang/Object,misc
IlIIllIilI(7).class,rustme/IlIIllIilI,java/lang/Object,misc
IlIIllIliI(15).class,rustme/IlIIllIliI,kotlin/coroutines/jvm/internal/SuspendLambda,kotlin-coroutines
IlIIlliIiI(15).class,rustme/IlIIlliIiI,java/lang/Object,misc
IlIIlliiII(31).class,rustme/IlIIlliiII,java/lang/Object,kotlin-lambda-ish
IlIIllilII(19).class,rustme/IlIIllilII,java/lang/Object,misc
IlIIlliliI(7).class,rustme/IlIIlliliI,java/lang/Object,kotlin-lambda-ish
IlIIlllIiI(15).class,rustme/IlIIlllIiI,java/lang/Object,gui-screen
IlIIllliII(19).class,rustme/IlIIllliII,java/lang/Object,misc
IlIIllliiI(7).class,rustme/IlIIllliiI,java/lang/Object,misc
IlIIllllII(11).class,rustme/IlIIllllII,java/lang/Object,misc
IlIIlllliI(7).class,rustme/IlIIlllliI,java/lang/Object,kotlin-lambda-ish
IlIiIIIIiI(59).class,rustme/IlIiIIIIiI,rustme/lIIIIIIIiI,block
IlIiIIIiII(121).class,rustme/IlIiIIIiII,java/lang/Object,misc
IlIiIIIlII(93).class,rustme/IlIiIIIlII,java/lang/Object,misc
IlIiIIIliI(59).class,rustme/IlIiIIIliI,java/lang/Object,misc
IlIiIIiIII(137).class,rustme/IlIiIIiIII,java/lang/Object,misc
IlIiIIiIiI(27).class,rustme/IlIiIIiIiI,rustme/IliiIIiIiI,misc
IlIiIIiiII(91).class,rustme/IlIiIIiiII,java/lang/Object,kotlin-lambda-ish
IlIiIIiilI(13).class,rustme/IlIiIIiilI,java/lang/Object,misc
IlIiIIiliI(27).class,rustme/IlIiIIiliI,kotlin/coroutines/jvm/internal/SuspendLambda,kotlin-coroutines
IlIiIIlIII(93).class,rustme/IlIiIIlIII,java/lang/Object,misc
IlIiIIlIiI(59).class,rustme/IlIiIIlIiI,rustme/IIIiIIlIiI,misc
IlIiIIliiI(27).class,rustme/IlIiIIliiI,rustme/lIlliIliiI,network-packet
IlIiIIlliI(27).class,rustme/IlIiIIlliI,java/lang/Object,kotlin-lambda-ish
IlIiIiIIII(145).class,rustme/IlIiIiIIII,java/lang/Object,misc
IlIiIiIIiI(43).class,rustme/IlIiIiIIiI,rustme/llillilIiI,misc
IlIiIiIiII(107).class,rustme/IlIiIiIiII,java/lang/Object,kotlin-lambda-ish
IlIiIiIilI(21).class,rustme/IlIiIiIilI,java/lang/Object,misc
IlIiIiIliI(43).class,rustme/IlIiIiIliI,rustme/IIIiIiIliI,misc
IlIiIiiIiI(11).class,rustme/IlIiIiiIiI,rustme/ilIiiiiIiI,entity-renderer
IlIiIiiiII(75).class,rustme/IlIiIiiiII,java/lang/Object,kotlin-lambda-ish
IlIiIiilII(69).class,rustme/IlIiIiilII,java/lang/Object,misc
IlIiIiiliI(11).class,rustme/IlIiIiiliI,rustme/iiliIiiliI,misc
IlIiIilIiI(43).class,rustme/IlIiIilIiI,java/lang/Object,misc
IlIiIiliII(69).class,rustme/IlIiIiliII,java/lang/Object,misc
IlIiIiliiI(11).class,rustme/IlIiIiliiI,rustme/IillilIiiI,tileentity
IlIiIillII(37).class,rustme/IlIiIillII,java/lang/Object,misc
IlIiIilliI(11).class,rustme/IlIiIilliI,rustme/llIiIilliI,misc
IlIiIlIIII(77).class,rustme/IlIiIlIIII,java/lang/Object,misc
IlIiIlIIiI(35).class,rustme/IlIiIlIIiI,java/lang/Object,network-packet
IlIiIlIiiI(3).class,rustme/IlIiIlIiiI,rustme/lIIiIlIiiI,world-related
IlIiIlIilI(13).class,rustme/IlIiIlIilI,java/lang/Object,misc
IlIiIlIliI(27).class,rustme/IlIiIlIliI,java/lang/Object,misc
IlIiIliIiI(19).class,rustme/IlIiIliIiI,java/lang/Object,misc
IlIiIliiII(51).class,rustme/IlIiIliiII,java/lang/Object,kotlin-lambda-ish
IlIiIlilII(37).class,rustme/IlIiIlilII,java/lang/Object,misc
IlIiIliliI(11).class,rustme/IlIiIliliI,java/lang/Enum,enum
IlIiIllIiI(27).class,rustme/IlIiIllIiI,java/lang/Object,misc
IlIiIlliII(37).class,rustme/IlIiIlliII,java/lang/Object,misc
IlIiIlliiI(11).class,rustme/IlIiIlliiI,java/lang/Object,misc
IlIiIlllII(21).class,rustme/IlIiIlllII,java/lang/Object,misc
IlIiIllliI(11).class,rustme/IlIiIllliI,java/lang/Object,kotlin-lambda-ish
IlIiiIIIII(149).class,rustme/IlIiiIIIII,java/lang/Object,misc
IlIiiIIIiI(51).class,rustme/IlIiiIIIiI,java/lang/Object,tileentity
IlIiiIIiII(115).class,rustme/IlIiiIIiII,java/lang/Enum,enum
IlIiiIIilI(25).class,rustme/IlIiiIIilI,java/lang/Object,misc
IlIiiIIliI(51).class,rustme/IlIiiIIliI,java/lang/Object,misc
IlIiiIiIiI(19).class,rustme/IlIiiIiIiI,java/lang/Object,misc
IlIiiIiiII(83).class,rustme/IlIiiIiiII,java/lang/Object,kotlin-lambda-ish
IlIiiIilII(73).class,rustme/IlIiiIilII,java/lang/Object,misc
IlIiiIiliI(19).class,rustme/IlIiiIiliI,java/lang/Object,lambdas
IlIiiIlIiI(51).class,rustme/IlIiiIlIiI,rustme/IIlllilIiI,misc
IlIiiIliII(73).class,rustme/IlIiiIliII,java/lang/Object,misc
IlIiiIliiI(19).class,rustme/IlIiiIliiI,rustme/IiliiIliiI,network-netty
IlIiiIllII(41).class,rustme/IlIiiIllII,java/lang/Object,misc
IlIiiIlliI(19).class,rustme/IlIiiIlliI,java/lang/Object,kotlin-lambda-ish
IlIiiiIIiI(35).class,rustme/IlIiiiIIiI,rustme/iliIiliIiI,misc
IlIiiiIiII(99).class,rustme/IlIiiiIiII,java/lang/Object,kotlin-lambda-ish
IlIiiiIlII(81).class,rustme/IlIiiiIlII,java/lang/Object,misc
IlIiiiIliI(35).class,rustme/IlIiiiIliI,java/lang/Object,mod-widget
IlIiiiiIII(125).class,rustme/IlIiiiiIII,java/lang/Object,misc
IlIiiiiIiI(3).class,rustme/IlIiiiiIiI,rustme/iIlIiiiIiI,entity-renderer
IlIiiiiiII(67).class,rustme/IlIiiiiiII,java/lang/Object,kotlin-lambda-ish
IlIiiiiilI(1).class,rustme/IlIiiiiilI,java/lang/Object,misc
IlIiiiiliI(3).class,rustme/IlIiiiiliI,java/lang/Object,misc
IlIiiilIII(81).class,rustme/IlIiiilIII,java/lang/Object,misc
IlIiiilIiI(35).class,rustme/IlIiiilIiI,rustme/IiiiiilIiI,network-netty
IlIiiiliiI(3).class,rustme/IlIiiiliiI,java/lang/Object,entity-related
IlIiiililI(1).class,rustme/IlIiiililI,java/lang/Object,misc
IlIiiilliI(3).class,rustme/IlIiiilliI,java/lang/Object,kotlin-lambda-ish
IlIiilIIiI(27).class,rustme/IlIiilIIiI,java/lang/Object,misc
IlIiilIiII(57).class,rustme/IlIiilIiII,java/lang/Object,misc
IlIiilIlII(41).class,rustme/IlIiilIlII,java/lang/Object,misc
IlIiilIliI(19).class,rustme/IlIiilIliI,java/lang/Object,kotlin-lambda-ish
IlIiiliIII(65).class,rustme/IlIiiliIII,java/lang/Object,misc
IlIiiliIiI(11).class,rustme/IlIiiliIiI,rustme/llIiiliIiI,misc
IlIiiliiII(43).class,rustme/IlIiiliiII,java/lang/Object,kotlin-lambda-ish
IlIiiliilI(1).class,rustme/IlIiiliilI,java/lang/Object,misc
IlIiililiI(3).class,rustme/IlIiililiI,rustme/IlilIIIliI,mod-widget
IlIiillIII(41).class,rustme/IlIiillIII,java/lang/Object,misc
IlIiillIiI(19).class,rustme/IlIiillIiI,java/lang/Object,misc
IlIiilliiI(3).class,rustme/IlIiilliiI,rustme/lililIliiI,particle
IlIiillliI(3).class,rustme/IlIiillliI,java/lang/Object,kotlin-lambda-ish
IlIilIIIII(73).class,rustme/IlIilIIIII,java/lang/Object,misc
IlIilIIIiI(27).class,rustme/IlIilIIIiI,java/lang/Object,misc
IlIilIIilI(13).class,rustme/IlIilIIilI,java/lang/Object,misc
IlIilIIliI(27).class,rustme/IlIilIIliI,rustme/IililIIliI,misc
IlIilIiIiI(11).class,rustme/IlIilIiIiI,java/lang/Object,misc
IlIilIiiII(43).class,rustme/IlIilIiiII,java/lang/Object,kotlin-lambda-ish
IlIilIilII(37).class,rustme/IlIilIilII,java/lang/Object,misc
IlIilIiliI(11).class,rustme/IlIilIiliI,rustme/lIllIiliiI,misc
IlIilIlIiI(27).class,rustme/IlIilIlIiI,rustme/IlllIIlIiI,misc
IlIilIliII(37).class,rustme/IlIilIliII,java/lang/Object,misc
IlIilIliiI(11).class,rustme/IlIilIliiI,java/lang/Object,tileentity
IlIilIllII(21).class,rustme/IlIilIllII,java/lang/Object,misc
IlIilIlliI(11).class,rustme/IlIilIlliI,java/lang/Object,kotlin-lambda-ish
IlIiliIIiI(19).class,rustme/IlIiliIIiI,rustme/lllIliIIiI,misc
IlIiliIiII(51).class,rustme/IlIiliIiII,java/lang/Object,misc
IlIiliIlII(41).class,rustme/IlIiliIlII,java/lang/Object,misc
IlIiliIliI(19).class,rustme/IlIiliIliI,rustme/IliIIiIliI,mod-widget
IlIiliiIII(61).class,rustme/IlIiliiIII,java/lang/Object,misc
IlIiliiIiI(3).class,rustme/IlIiliiIiI,rustme/iliiliiIiI,misc
IlIiliiiII(35).class,rustme/IlIiliiiII,java/lang/Object,kotlin-lambda-ish
IlIiliiilI(1).class,rustme/IlIiliiilI,java/lang/Object,misc
IlIiliiliI(3).class,rustme/IlIiliiliI,java/lang/Object,misc
IlIililIII(41).class,rustme/IlIililIII,java/lang/Object,misc
IlIililIiI(19).class,rustme/IlIililIiI,java/lang/Object,misc
IlIililiiI(3).class,rustme/IlIililiiI,java/lang/Object,misc
IlIilililI(1).class,rustme/IlIilililI,java/lang/Object,misc
IlIililliI(3).class,rustme/IlIililliI,java/lang/Object,misc
IlIillIIiI(19).class,rustme/IlIillIIiI,java/lang/Object,misc
IlIillIiII(33).class,rustme/IlIillIiII,java/lang/Object,misc
IlIillIiiI(3).class,rustme/IlIillIiiI,java/lang/Enum,enum
IlIillIlII(21).class,rustme/IlIillIlII,java/lang/Object,misc
IlIillIliI(11).class,rustme/IlIillIliI,java/lang/Object,misc
IlIilliIII(37).class,rustme/IlIilliIII,java/lang/Object,misc
IlIilliIiI(11).class,rustme/IlIilliIiI,rustme/lililliIiI,tileentity
IlIilliiII(27).class,rustme/IlIilliiII,java/lang/Object,kotlin-lambda-ish
IlIilliilI(1).class,rustme/IlIilliilI,java/lang/Object,misc
IlIilliliI(3).class,rustme/IlIilliliI,kotlin/jvm/internal/MutablePropertyReference1Impl,misc
IlIilllIII(21).class,rustme/IlIilllIII,java/lang/Object,misc
IlIilllIiI(11).class,rustme/IlIilllIiI,java/lang/Object,misc
IlIillliiI(3).class,rustme/IlIillliiI,java/lang/Object,misc
IlIilllliI(3).class,rustme/IlIilllliI,java/lang/Object,kotlin-lambda-ish
IlIlIIIIiI(31).class,rustme/IlIlIIIIiI,java/lang/Object,misc
IlIlIIIiII(61).class,rustme/IlIlIIIiII,java/lang/Object,misc
IlIlIIIlII(47).class,rustme/IlIlIIIlII,java/lang/Object,misc
IlIlIIIliI(31).class,rustme/IlIlIIIliI,java/lang/Object,misc
IlIlIIiIII(69).class,rustme/IlIlIIiIII,java/lang/Object,misc
IlIlIIiIiI(15).class,rustme/IlIlIIiIiI,rustme/IIlliIiIiI,misc
IlIlIIiiII(47).class,rustme/IlIlIIiiII,java/lang/Object,kotlin-lambda-ish
IlIlIIiilI(7).class,rustme/IlIlIIiilI,java/lang/Object,misc
IlIlIIiliI(15).class,rustme/IlIlIIiliI,java/lang/Object,kotlin-coroutines
IlIlIIlIII(47).class,rustme/IlIlIIlIII,java/lang/Object,misc
IlIlIIlIiI(31).class,rustme/IlIlIIlIiI,java/lang/Object,misc
IlIlIIliiI(15).class,rustme/IlIlIIliiI,java/lang/Thread,misc
IlIlIIlliI(15).class,rustme/IlIlIIlliI,java/lang/Object,kotlin-lambda-ish
IlIlIiIIII(73).class,rustme/IlIlIiIIII,java/lang/Object,misc
IlIlIiIIiI(23).class,rustme/IlIlIiIIiI,rustme/IIiiliIIiI,world-related
IlIlIiIiII(55).class,rustme/IlIlIiIiII,rustme/IillIiIiII,misc
IlIlIiIilI(11).class,rustme/IlIlIiIilI,java/lang/Object,misc
IlIlIiIliI(23).class,rustme/IlIlIiIliI,java/lang/Object,misc
IlIlIiiIiI(7).class,rustme/IlIlIiiIiI,java/lang/Object,misc
IlIlIiiiII(39).class,rustme/IlIlIiiiII,java/lang/Object,kotlin-lambda-ish
IlIlIiilII(35).class,rustme/IlIlIiilII,java/lang/Object,misc
IlIlIiiliI(7).class,rustme/IlIlIiiliI,rustme/iillIiiliI,misc
IlIlIilIiI(23).class,rustme/IlIlIilIiI,com/google/common/collect/AbstractIterator,misc
IlIlIiliII(35).class,rustme/IlIlIiliII,java/lang/Object,misc
IlIlIiliiI(7).class,rustme/IlIlIiliiI,java/lang/Object,misc
IlIlIillII(19).class,rustme/IlIlIillII,java/lang/Object,misc
IlIlIilliI(7).class,rustme/IlIlIilliI,java/lang/Object,misc
IlIlIlIIII(41).class,rustme/IlIlIlIIII,java/lang/Object,misc
IlIlIlIIiI(21).class,rustme/IlIlIlIIiI,rustme/liilIlIIiI,block
IlIlIlIiiI(5).class,rustme/IlIlIlIiiI,java/lang/Object,misc
IlIlIlIilI(7).class,rustme/IlIlIlIilI,java/lang/Object,misc
IlIlIlIliI(15).class,rustme/IlIlIlIliI,java/lang/Object,misc
IlIlIliIiI(13).class,rustme/IlIlIliIiI,java/lang/Enum,enum
IlIlIliiII(29).class,rustme/IlIlIliiII,java/lang/Object,kotlin-lambda-ish
IlIlIlilII(19).class,rustme/IlIlIlilII,java/lang/Object,misc
IlIlIliliI(7).class,rustme/IlIlIliliI,java/lang/Object,kotlin-lambda-ish
IlIlIllIiI(15).class,rustme/IlIlIllIiI,rustme/llIiIllIiI,misc
IlIlIlliII(19).class,rustme/IlIlIlliII,java/lang/Object,misc
IlIlIlliiI(7).class,rustme/IlIlIlliiI,java/lang/Object,misc
IlIlIlllII(11).class,rustme/IlIlIlllII,java/lang/Object,misc
IlIlIllliI(7).class,rustme/IlIlIllliI,java/lang/Object,kotlin-lambda-ish
IlIliIIIII(75).class,rustme/IlIliIIIII,java/lang/Object,misc
IlIliIIIiI(27).class,rustme/IlIliIIIiI,java/lang/Enum,enum
IlIliIIiII(59).class,rustme/IlIliIIiII,java/lang/Object,misc
IlIliIIilI(13).class,rustme/IlIliIIilI,java/lang/Object,misc
IlIliIIliI(27).class,rustme/IlIliIIliI,rustme/IliIIiIliI,mod-widget
IlIliIiIiI(11).class,rustme/IlIliIiIiI,java/lang/Object,misc
IlIliIiiII(43).class,rustme/IlIliIiiII,java/lang/Object,kotlin-lambda-ish
IlIliIilII(37).class,rustme/IlIliIilII,java/lang/Object,misc
IlIliIiliI(11).class,rustme/IlIliIiliI,java/lang/Object,misc
IlIliIlIiI(27).class,rustme/IlIliIlIiI,java/lang/Object,block
IlIliIliII(37).class,rustme/IlIliIliII,java/lang/Object,misc
IlIliIliiI(11).class,rustme/IlIliIliiI,java/lang/Object,gui-screen
IlIliIllII(21).class,rustme/IlIliIllII,java/lang/Object,misc
IlIliIlliI(11).class,rustme/IlIliIlliI,java/lang/Object,kotlin-lambda-ish
IlIliiIIiI(19).class,rustme/IlIliiIIiI,rustme/lliiIiIIiI,block
IlIliiIiII(51).class,rustme/IlIliiIiII,java/lang/Object,kotlin-lambda-ish
IlIliiIlII(41).class,rustme/IlIliiIlII,java/lang/Object,misc
IlIliiIliI(19).class,rustme/IlIliiIliI,rustme/IlilIIIliI,mod-widget
IlIliiiIII(63).class,rustme/IlIliiiIII,java/lang/Object,misc
IlIliiiIiI(3).class,rustme/IlIliiiIiI,java/lang/Object,misc
IlIliiiiII(35).class,rustme/IlIliiiiII,java/lang/Object,kotlin-lambda-ish
IlIliiiilI(1).class,rustme/IlIliiiilI,java/lang/Object,misc
IlIliiiliI(3).class,rustme/IlIliiiliI,java/lang/Object,misc
IlIliilIII(41).class,rustme/IlIliilIII,java/lang/Object,misc
IlIliilIiI(19).class,rustme/IlIliilIiI,java/lang/Object,nbt
IlIliiliiI(3).class,rustme/IlIliiliiI,java/lang/Enum,enum
IlIliililI(1).class,rustme/IlIliililI,java/lang/Object,misc
IlIliilliI(3).class,rustme/IlIliilliI,java/lang/Enum,enum
IlIlilIIiI(17).class,rustme/IlIlilIIiI,java/lang/Object,network-packet
IlIlilIiII(31).class,rustme/IlIlilIiII,java/lang/Object,misc
IlIlilIiiI(1).class,rustme/IlIlilIiiI,java/lang/Object,misc
IlIlilIlII(21).class,rustme/IlIlilIlII,java/lang/Object,misc
IlIlilIliI(11).class,rustme/IlIlilIliI,java/lang/Object,misc
IlIliliIII(35).class,rustme/IlIliliIII,java/lang/Object,misc
IlIliliIiI(9).class,rustme/IlIliliIiI,rustme/illliliIiI,entity-related
IlIliliiII(25).class,rustme/IlIliliiII,java/lang/Object,kotlin-lambda-ish
IlIliliilI(1).class,rustme/IlIliliilI,java/lang/Object,misc
IlIlililiI(3).class,rustme/IlIlililiI,java/lang/Object,kotlin-lambda-ish
IlIlillIII(21).class,rustme/IlIlillIII,java/lang/Object,misc
IlIlillIiI(11).class,rustme/IlIlillIiI,java/lang/Object,misc
IlIlilliiI(3).class,rustme/IlIlilliiI,java/lang/Object,misc
IlIlillliI(3).class,rustme/IlIlillliI,java/lang/Object,kotlin-lambda-ish
IlIllIIIII(37).class,rustme/IlIllIIIII,java/lang/Object,misc
IlIllIIIiI(15).class,rustme/IlIllIIIiI,java/lang/Enum,enum
IlIllIIilI(7).class,rustme/IlIllIIilI,java/lang/Object,misc
IlIllIIliI(15).class,rustme/IlIllIIliI,kotlin/jvm/internal/FunctionReferenceImpl,kotlin-lambda-ish
IlIllIiIiI(7).class,rustme/IlIllIiIiI,java/lang/Object,misc
IlIllIiiII(23).class,rustme/IlIllIiiII,java/lang/Object,kotlin-lambda-ish
IlIllIilII(19).class,rustme/IlIllIilII,java/lang/Object,misc
IlIllIiliI(7).class,rustme/IlIllIiliI,kotlin/properties/ObservableProperty,gui-screen
IlIllIlIiI(15).class,rustme/IlIllIlIiI,java/lang/Object,block
IlIllIliII(19).class,rustme/IlIllIliII,java/lang/Object,misc
IlIllIliiI(7).class,rustme/IlIllIliiI,java/lang/Object,misc
IlIllIllII(11).class,rustme/IlIllIllII,java/lang/Object,misc
IlIllIlliI(7).class,rustme/IlIllIlliI,java/lang/Object,kotlin-lambda-ish
IlIlliIIiI(11).class,rustme/IlIlliIIiI,java/lang/Object,tileentity
IlIlliIiII(27).class,rustme/IlIlliIiII,rustme/IIIlliIiII,kotlin-lambda-ish
IlIlliIlII(21).class,rustme/IlIlliIlII,java/lang/Object,misc
IlIlliIliI(11).class,rustme/IlIlliIliI,java/lang/Object,misc
IlIlliiIII(31).class,rustme/IlIlliiIII,java/lang/Object,misc
IlIlliiIiI(3).class,rustme/IlIlliiIiI,rustme/lIIlliiIiI,json-gson
IlIlliiiII(19).class,rustme/IlIlliiiII,java/lang/Object,kotlin-lambda-ish
IlIlliiilI(1).class,rustme/IlIlliiilI,java/lang/Object,misc
IlIlliiliI(3).class,rustme/IlIlliiliI,rustme/lilliiiliI,mod-command-ish
IlIllilIII(21).class,rustme/IlIllilIII,java/lang/Object,misc
IlIllilIiI(11).class,rustme/IlIllilIiI,java/util/ArrayList,nbt
IlIlliliiI(3).class,rustme/IlIlliliiI,rustme/iIlililiiI,gui-screen
IlIllililI(1).class,rustme/IlIllililI,java/lang/Object,misc
IlIllilliI(3).class,rustme/IlIllilliI,java/lang/Object,kotlin-lambda-ish
IlIlllIIiI(11).class,rustme/IlIlllIIiI,java/lang/Object,misc
IlIlllIiII(17).class,rustme/IlIlllIiII,java/lang/Object,misc
IlIlllIiiI(3).class,rustme/IlIlllIiiI,rustme/IiiiIlIiiI,world-related
IlIlllIlII(11).class,rustme/IlIlllIlII,java/lang/Object,misc
IlIlllIliI(7).class,rustme/IlIlllIliI,java/lang/Object,kotlin-lambda-ish
IlIllliIII(19).class,rustme/IlIllliIII,java/lang/Object,misc
IlIllliIiI(7).class,rustme/IlIllliIiI,rustme/IlliiiIIiI,world-related
IlIllliiII(15).class,rustme/IlIllliiII,java/lang/Object,kotlin-lambda-ish
IlIllliilI(1).class,rustme/IlIllliilI,java/lang/Object,misc
IlIllliliI(3).class,rustme/IlIllliliI,java/lang/Object,misc
IlIllllIII(11).class,rustme/IlIllllIII,java/lang/Object,misc
IlIllllIiI(7).class,rustme/IlIllllIiI,java/lang/Object,block
IlIlllliiI(3).class,rustme/IlIlllliiI,java/lang/Object,entity-related
IlIllllliI(3).class,rustme/IlIllllliI,java/lang/Object,kotlin-lambda-ish
IliIIIIIiI(61).class,rustme/IliIIIIIiI,rustme/iIlliIIIiI,misc
IliIIIIiII(122).class,rustme/IliIIIIiII,java/lang/Object,misc
IliIIIIlII(94).class,rustme/IliIIIIlII,java/lang/Object,misc
IliIIIIliI(61).class,rustme/IliIIIIliI,rustme/IIiIIIIliI,mod-widget
IliIIIiIII(138).class,rustme/IliIIIiIII,java/lang/Object,misc
IliIIIiIiI(29).class,rustme/IliIIIiIiI,rustme/IIlliIiIiI,json-gson
IliIIIiiII(93).class,rustme/IliIIIiiII,java/lang/Object,kotlin-lambda-ish
IliIIIiilI(14).class,rustme/IliIIIiilI,java/lang/Object,misc
IliIIIiliI(29).class,rustme/IliIIIiliI,java/lang/Object,misc
IliIIIlIII(94).class,rustme/IliIIIlIII,java/lang/Object,misc
IliIIIlIiI(61).class,rustme/IliIIIlIiI,java/lang/Object,misc
IliIIIliiI(29).class,rustme/IliIIIliiI,rustme/lIlliIliiI,network-packet
IliIIIlliI(29).class,rustme/IliIIIlliI,java/lang/Object,kotlin-lambda-ish
IliIIiIIII(146).class,rustme/IliIIiIIII,java/lang/Object,misc
IliIIiIIiI(45).class,rustme/IliIIiIIiI,java/lang/Enum,enum
IliIIiIiII(109).class,rustme/IliIIiIiII,java/lang/Object,kotlin-lambda-ish
IliIIiIilI(22).class,rustme/IliIIiIilI,java/lang/Object,misc
IliIIiIliI(45).class,rustme/IliIIiIliI,rustme/IlilIIIliI,mod-widget
IliIIiiIiI(13).class,rustme/IliIIiiIiI,java/lang/Object,misc
IliIIiiiII(77).class,rustme/IliIIiiiII,java/lang/Object,kotlin-lambda-ish
IliIIiilII(70).class,rustme/IliIIiilII,java/lang/Object,misc
IliIIiiliI(13).class,rustme/IliIIiiliI,java/lang/Object,misc
IliIIilIiI(45).class,rustme/IliIIilIiI,java/lang/Object,world-related
IliIIiliII(70).class,rustme/IliIIiliII,java/lang/Object,misc
IliIIiliiI(13).class,rustme/IliIIiliiI,java/lang/Object,misc
IliIIillII(38).class,rustme/IliIIillII,java/lang/Object,misc
IliIIilliI(13).class,rustme/IliIIilliI,java/lang/Object,misc
IliIIlIIII(78).class,rustme/IliIIlIIII,java/lang/Object,misc
IliIIlIIiI(37).class,rustme/IliIIlIIiI,java/lang/Object,network-packet
IliIIlIiiI(5).class,rustme/IliIIlIiiI,rustme/iIIiIlIiiI,tileentity
IliIIlIilI(14).class,rustme/IliIIlIilI,java/lang/Object,misc
IliIIlIliI(29).class,rustme/IliIIlIliI,java/lang/Object,misc
IliIIliIiI(21).class,rustme/IliIIliIiI,rustme/liliIliIiI,world-related
IliIIliiII(53).class,rustme/IliIIliiII,java/lang/Object,kotlin-lambda-ish
IliIIlilII(38).class,rustme/IliIIlilII,java/lang/Object,misc
IliIIliliI(13).class,rustme/IliIIliliI,java/lang/Object,kotlin-lambda-ish
IliIIllIiI(29).class,rustme/IliIIllIiI,rustme/llIiIllIiI,misc
IliIIlliII(38).class,rustme/IliIIlliII,java/lang/Object,misc
IliIIlliiI(13).class,rustme/IliIIlliiI,java/lang/Object,math-user
IliIIlllII(22).class,rustme/IliIIlllII,java/lang/Object,misc
IliIIllliI(13).class,rustme/IliIIllliI,java/lang/Object,kotlin-lambda-ish
IliIiIIIII(150).class,rustme/IliIiIIIII,java/lang/Object,misc
IliIiIIIiI(53).class,rustme/IliIiIIIiI,rustme/llliiIIIiI,tileentity
IliIiIIiII(117).class,rustme/IliIiIIiII,java/lang/Object,misc
IliIiIIilI(26).class,rustme/IliIiIIilI,java/lang/Object,misc
IliIiIIliI(53).class,rustme/IliIiIIliI,java/lang/Object,lambdas
IliIiIiIiI(21).class,rustme/IliIiIiIiI,java/lang/Object,misc
IliIiIiiII(85).class,rustme/IliIiIiiII,java/lang/Object,kotlin-lambda-ish
IliIiIilII(74).class,rustme/IliIiIilII,java/lang/Object,misc
IliIiIiliI(21).class,rustme/IliIiIiliI,rustme/lllliIiliI,entity-related
IliIiIlIiI(53).class,rustme/IliIiIlIiI,java/lang/Enum,enum
IliIiIliII(74).class,rustme/IliIiIliII,java/lang/Object,misc
IliIiIliiI(21).class,rustme/IliIiIliiI,java/lang/Object,misc
IliIiIllII(42).class,rustme/IliIiIllII,java/lang/Object,misc
IliIiIlliI(21).class,rustme/IliIiIlliI,java/lang/Object,kotlin-lambda-ish
IliIiiIIiI(37).class,rustme/IliIiiIIiI,rustme/iliIiliIiI,world-related
IliIiiIiII(101).class,rustme/IliIiiIiII,java/lang/Object,kotlin-lambda-ish
IliIiiIlII(82).class,rustme/IliIiiIlII,java/lang/Object,misc
IliIiiIliI(37).class,rustme/IliIiiIliI,java/lang/Object,misc
IliIiiiIII(126).class,rustme/IliIiiiIII,java/lang/Object,misc
IliIiiiIiI(5).class,rustme/IliIiiiIiI,rustme/lliiiiiIiI,misc
IliIiiiiII(69).class,rustme/IliIiiiiII,java/lang/Object,kotlin-lambda-ish
IliIiiiilI(2).class,rustme/IliIiiiilI,java/lang/Object,misc
IliIiiiliI(5).class,rustme/IliIiiiliI,java/lang/Object,misc
IliIiilIII(82).class,rustme/IliIiilIII,java/lang/Object,misc
IliIiilIiI(37).class,rustme/IliIiilIiI,rustme/lliiiilIiI,nbt
IliIiiliiI(5).class,rustme/IliIiiliiI,rustme/IillilIiiI,item-related
IliIiililI(2).class,rustme/IliIiililI,java/lang/Object,misc
IliIiilliI(5).class,rustme/IliIiilliI,java/lang/Object,misc
IliIilIIiI(29).class,rustme/IliIilIIiI,java/lang/Object,network-packet
IliIilIiII(58).class,rustme/IliIilIiII,java/lang/Object,misc
IliIilIlII(42).class,rustme/IliIilIlII,java/lang/Object,misc
IliIilIliI(21).class,rustme/IliIilIliI,java/lang/Object,gui-screen
IliIiliIII(66).class,rustme/IliIiliIII,java/lang/Object,misc
IliIiliIiI(13).class,rustme/IliIiliIiI,rustme/iliIiliIiI,world-related
IliIiliiII(45).class,rustme/IliIiliiII,java/lang/Object,kotlin-lambda-ish
IliIiliilI(2).class,rustme/IliIiliilI,java/lang/Object,misc
IliIililiI(5).class,rustme/IliIililiI,java/lang/Object,kotlin-lambda-ish
IliIillIII(42).class,rustme/IliIillIII,java/lang/Object,misc
IliIillIiI(21).class,rustme/IliIillIiI,java/lang/Object,misc
IliIilliiI(5).class,rustme/IliIilliiI,java/lang/Object,misc
IliIillliI(5).class,rustme/IliIillliI,java/lang/Object,kotlin-lambda-ish
IliIlIIIII(74).class,rustme/IliIlIIIII,java/lang/Object,misc
IliIlIIIiI(29).class,rustme/IliIlIIIiI,java/lang/Object,misc
IliIlIIilI(14).class,rustme/IliIlIIilI,java/lang/Object,misc
IliIlIIliI(29).class,rustme/IliIlIIliI,java/lang/Object,gui-textures
IliIlIiIiI(13).class,rustme/IliIlIiIiI,rustme/ilIIlIiIiI,tileentity
IliIlIiiII(45).class,rustme/IliIlIiiII,java/lang/Object,kotlin-lambda-ish
IliIlIilII(38).class,rustme/IliIlIilII,java/lang/Object,misc
IliIlIiliI(13).class,rustme/IliIlIiliI,java/lang/Object,misc
IliIlIlIiI(29).class,rustme/IliIlIlIiI,java/lang/Object,json-gson
IliIlIliII(38).class,rustme/IliIlIliII,java/lang/Object,misc
IliIlIliiI(13).class,rustme/IliIlIliiI,rustme/lililIliiI,particle
IliIlIllII(22).class,rustme/IliIlIllII,java/lang/Object,misc
IliIlIlliI(13).class,rustme/IliIlIlliI,java/lang/Object,kotlin-lambda-ish
IliIliIIiI(21).class,rustme/IliIliIIiI,rustme/IlIIliIIiI,misc
IliIliIiII(53).class,rustme/IliIliIiII,java/lang/Object,misc
IliIliIlII(42).class,rustme/IliIliIlII,java/lang/Object,misc
IliIliIliI(21).class,rustme/IliIliIliI,rustme/IliIIiIliI,mod-widget
IliIliiIII(62).class,rustme/IliIliiIII,java/lang/Object,misc
IliIliiIiI(5).class,rustme/IliIliiIiI,rustme/IIlIliiIiI,entity-renderer
IliIliiiII(37).class,rustme/IliIliiiII,java/lang/Object,kotlin-lambda-ish
IliIliiilI(2).class,rustme/IliIliiilI,java/lang/Object,misc
IliIliiliI(5).class,rustme/IliIliiliI,rustme/lIlIIiiliI,misc
IliIlilIII(42).class,rustme/IliIlilIII,java/lang/Object,misc
IliIlilIiI(21).class,rustme/IliIlilIiI,java/lang/Object,network-packet
IliIliliiI(5).class,rustme/IliIliliiI,rustme/IiliiIliiI,entity-renderer
IliIlililI(2).class,rustme/IliIlililI,java/lang/Object,misc
IliIlilliI(5).class,rustme/IliIlilliI,java/lang/Object,misc
IliIllIIiI(21).class,rustme/IliIllIIiI,java/lang/Object,misc
IliIllIiII(34).class,rustme/IliIllIiII,java/lang/Object,misc
IliIllIiiI(5).class,rustme/IliIllIiiI,rustme/iliIIlIiiI,world-related
IliIllIlII(22).class,rustme/IliIllIlII,java/lang/Object,misc
IliIllIliI(13).class,rustme/IliIllIliI,java/lang/Object,misc
IliIlliIII(38).class,rustme/IliIlliIII,java/lang/Object,misc
IliIlliIiI(13).class,rustme/IliIlliIiI,rustme/lilllliIiI,misc
IliIlliiII(29).class,rustme/IliIlliiII,java/lang/Object,kotlin-lambda-ish
IliIlliilI(2).class,rustme/IliIlliilI,java/lang/Object,misc
IliIlliliI(5).class,rustme/IliIlliliI,kotlin/jvm/internal/FunctionReferenceImpl,kotlin-lambda-ish
IliIlllIII(22).class,rustme/IliIlllIII,java/lang/Object,misc
IliIlllIiI(13).class,rustme/IliIlllIiI,java/lang/Object,misc
IliIllliiI(5).class,rustme/IliIllliiI,java/lang/Object,misc
IliIlllliI(5).class,rustme/IliIlllliI,java/lang/Object,kotlin-lambda-ish
IliiIIIIII(152).class,rustme/IliiIIIIII,java/lang/Object,misc
IliiIIIIiI(57).class,rustme/IliiIIIIiI,rustme/llIIlIiIiI,world-related
IliiIIIilI(28).class,rustme/IliiIIIilI,java/lang/Object,misc
IliiIIIliI(57).class,rustme/IliiIIIliI,rustme/IliIIiIliI,mod-widget
IliiIIiIiI(25).class,rustme/IliiIIiIiI,java/lang/Exception,misc
IliiIIiiII(89).class,rustme/IliiIIiiII,java/lang/Object,kotlin-lambda-ish
IliiIIilII(76).class,rustme/IliiIIilII,java/lang/Object,misc
IliiIIiliI(25).class,rustme/IliiIIiliI,java/lang/Object,misc
IliiIIlIiI(57).class,rustme/IliiIIlIiI,rustme/iiIiIIlIiI,block
IliiIIliII(76).class,rustme/IliiIIliII,java/lang/Object,misc
IliiIIliiI(25).class,rustme/IliiIIliiI,rustme/lIlliIliiI,network-packet
IliiIIllII(44).class,rustme/IliiIIllII,java/lang/Object,misc
IliiIIlliI(25).class,rustme/IliiIIlliI,java/lang/Object,kotlin-lambda-ish
IliiIiIIiI(41).class,rustme/IliiIiIIiI,rustme/iiliIiIIiI,world-related
IliiIiIiII(105).class,rustme/IliiIiIiII,java/lang/Object,kotlin-lambda-ish
IliiIiIlII(84).class,rustme/IliiIiIlII,java/lang/Object,misc
IliiIiIliI(41).class,rustme/IliiIiIliI,kotlin/jvm/internal/FunctionReferenceImpl,kotlin-lambda-ish
IliiIiiIII(128).class,rustme/IliiIiiIII,java/lang/Object,misc
IliiIiiIiI(9).class,rustme/IliiIiiIiI,rustme/iillllliiI,misc
IliiIiiiII(73).class,rustme/IliiIiiiII,java/lang/Object,kotlin-lambda-ish
IliiIiiilI(4).class,rustme/IliiIiiilI,java/lang/Object,misc
IliiIiiliI(9).class,rustme/IliiIiiliI,rustme/iiIiIiiliI,misc
IliiIilIII(84).class,rustme/IliiIilIII,java/lang/Object,misc
IliiIilIiI(41).class,rustme/IliiIilIiI,java/lang/Object,nbt
IliiIiliiI(9).class,rustme/IliiIiliiI,rustme/IillilIiiI,item-related
IliiIililI(4).class,rustme/IliiIililI,java/lang/Object,misc
IliiIilliI(9).class,rustme/IliiIilliI,java/lang/Object,misc
IliiIlIIiI(33).class,rustme/IliiIlIIiI,java/lang/Object,network-packet
IliiIlIiII(60).class,rustme/IliiIlIiII,java/lang/Object,misc
IliiIlIiiI(1).class,rustme/IliiIlIiiI,rustme/IliIIlIiiI,misc
IliiIlIlII(44).class,rustme/IliiIlIlII,java/lang/Object,misc
IliiIlIliI(25).class,rustme/IliiIlIliI,java/lang/Object,misc
IliiIliIII(68).class,rustme/IliiIliIII,java/lang/Object,misc
IliiIliIiI(17).class,rustme/IliiIliIiI,rustme/iliIiliIiI,world-related
IliiIliiII(49).class,rustme/IliiIliiII,java/lang/Object,kotlin-lambda-ish
IliiIliilI(4).class,rustme/IliiIliilI,java/lang/Object,misc
IliiIliliI(9).class,rustme/IliiIliliI,rustme/IlilIIIliI,mod-widget
IliiIllIII(44).class,rustme/IliiIllIII,java/lang/Object,misc
IliiIllIiI(25).class,rustme/IliiIllIiI,java/lang/Enum,entity-related
IliiIlliiI(9).class,rustme/IliiIlliiI,java/lang/Object,misc
IliiIllliI(9).class,rustme/IliiIllliI,java/lang/Object,kotlin-lambda-ish
IliiiIIIiI(49).class,rustme/IliiiIIIiI,java/lang/Object,tileentity
IliiiIIiII(113).class,rustme/IliiiIIiII,java/lang/Object,misc
IliiiIIlII(88).class,rustme/IliiiIIlII,java/lang/Object,misc
IliiiIIliI(49).class,rustme/IliiiIIliI,rustme/IliIIiIliI,mod-widget
IliiiIiIII(132).class,rustme/IliiiIiIII,java/lang/Object,misc
IliiiIiIiI(17).class,rustme/IliiiIiIiI,java/lang/Object,misc
IliiiIiiII(81).class,rustme/IliiiIiiII,java/lang/Object,kotlin-lambda-ish
IliiiIiilI(8).class,rustme/IliiiIiilI,java/lang/Object,misc
IliiiIiliI(17).class,rustme/IliiiIiliI,java/lang/Object,entity-related
IliiiIlIII(88).class,rustme/IliiiIlIII,java/lang/Object,misc
IliiiIlIiI(49).class,rustme/IliiiIlIiI,rustme/IIlllilIiI,math-user
IliiiIliiI(17).class,rustme/IliiiIliiI,rustme/IlIlliliiI,gui-screen
IliiiIlilI(8).class,rustme/IliiiIlilI,java/lang/Object,misc
IliiiIlliI(17).class,rustme/IliiiIlliI,java/lang/Object,kotlin-lambda-ish
IliiiiIIII(140).class,rustme/IliiiiIIII,java/lang/Object,misc
IliiiiIIiI(33).class,rustme/IliiiiIIiI,rustme/liIliliIiI,entity-related
IliiiiIiII(97).class,rustme/IliiiiIiII,java/lang/Object,kotlin-lambda-ish
IliiiiIilI(16).class,rustme/IliiiiIilI,java/lang/Object,misc
IliiiiIliI(33).class,rustme/IliiiiIliI,java/lang/Object,mod-widget
IliiiiiIiI(1).class,rustme/IliiiiiIiI,java/lang/Object,misc
IliiiiiiII(65).class,rustme/IliiiiiiII,java/lang/Object,kotlin-lambda-ish
IliiiiilII(64).class,rustme/IliiiiilII,java/lang/Object,misc
IliiiiiliI(1).class,rustme/IliiiiiliI,java/lang/Object,world-related
IliiiilIiI(33).class,rustme/IliiiilIiI,java/lang/Object,world-related
IliiiiliII(64).class,rustme/IliiiiliII,java/lang/Object,misc
IliiiiliiI(1).class,rustme/IliiiiliiI,java/lang/Object,misc
IliiiillII(32).class,rustme/IliiiillII,java/lang/Object,misc
IliiiilliI(1).class,rustme/IliiiilliI,java/lang/Object,misc
IliiilIIII(72).class,rustme/IliiilIIII,java/lang/Object,misc
IliiilIIiI(25).class,rustme/IliiilIIiI,java/lang/Object,misc
IliiilIilI(8).class,rustme/IliiilIilI,java/lang/Object,misc
IliiilIliI(17).class,rustme/IliiilIliI,java/lang/Object,kotlin-lambda-ish
IliiiliIiI(9).class,rustme/IliiiliIiI,rustme/llIiiliIiI,misc
IliiiliiII(41).class,rustme/IliiiliiII,java/lang/Object,kotlin-lambda-ish
IliiililII(32).class,rustme/IliiililII,java/lang/Object,misc
IliiililiI(1).class,rustme/IliiililiI,rustme/iiliililiI,misc
IliiillIiI(17).class,rustme/IliiillIiI,rustme/IIiiillIiI,misc
IliiilliII(32).class,rustme/IliiilliII,java/lang/Object,misc
IliiilliiI(1).class,rustme/IliiilliiI,java/lang/Object,misc
IliiilllII(16).class,rustme/IliiilllII,java/lang/Object,misc
IliiillliI(1).class,rustme/IliiillliI,java/lang/Object,kotlin-lambda-ish
IliilIIIiI(25).class,rustme/IliilIIIiI,java/lang/Object,misc
IliilIIiII(56).class,rustme/IliilIIiII,java/lang/Object,misc
IliilIIlII(44).class,rustme/IliilIIlII,java/lang/Object,misc
IliilIIliI(25).class,rustme/IliilIIliI,kotlin/jvm/internal/FunctionReferenceImpl,kotlin-lambda-ish
IliilIiIII(64).class,rustme/IliilIiIII,java/lang/Object,misc
IliilIiIiI(9).class,rustme/IliilIiIiI,rustme/IIlliIiIiI,world-related
IliilIiiII(41).class,rustme/IliilIiiII,java/lang/Object,kotlin-lambda-ish
IliilIiilI(4).class,rustme/IliilIiilI,java/lang/Object,misc
IliilIiliI(9).class,rustme/IliilIiliI,java/lang/Object,kotlin-lambda-ish
IliilIlIII(44).class,rustme/IliilIlIII,java/lang/Object,misc
IliilIlIiI(25).class,rustme/IliilIlIiI,rustme/llllIIlIiI,misc
IliilIliiI(9).class,rustme/IliilIliiI,java/lang/Object,auth-profile
IliilIlliI(9).class,rustme/IliilIlliI,java/lang/Object,kotlin-lambda-ish
IliiliIIII(68).class,rustme/IliiliIIII,java/lang/Object,misc
IliiliIIiI(17).class,rustme/IliiliIIiI,java/lang/Object,misc
IliiliIiII(49).class,rustme/IliiliIiII,java/lang/Object,kotlin-lambda-ish
IliiliIilI(8).class,rustme/IliiliIilI,java/lang/Object,misc
IliiliIliI(17).class,rustme/IliiliIliI,kotlin/properties/ObservableProperty,misc
IliiliiIiI(1).class,rustme/IliiliiIiI,rustme/iliiliiIiI,misc
IliiliiiII(33).class,rustme/IliiliiiII,java/lang/Object,kotlin-lambda-ish
IliiliilII(32).class,rustme/IliiliilII,java/lang/Object,misc
IliiliiliI(1).class,rustme/IliiliiliI,rustme/IililiiliI,misc
IliililIiI(17).class,rustme/IliililIiI,java/lang/Object,misc
IliililiII(32).class,rustme/IliililiII,java/lang/Object,misc
IliililiiI(1).class,rustme/IliililiiI,rustme/lIlililIiI,misc
IliilillII(16).class,rustme/IliilillII,java/lang/Object,misc
IliililliI(1).class,rustme/IliililliI,java/lang/Object,misc
IliillIIII(40).class,rustme/IliillIIII,java/lang/Object,misc
IliillIIiI(17).class,rustme/IliillIIiI,java/lang/Object,auth-profile
IliillIiiI(1).class,rustme/IliillIiiI,rustme/iIlliiliiI,misc
IliillIilI(4).class,rustme/IliillIilI,java/lang/Object,misc
IliillIliI(9).class,rustme/IliillIliI,java/lang/Object,kotlin-lambda-ish
IliilliIiI(9).class,rustme/IliilliIiI,rustme/liilIiIIiI,world-related
IliilliiII(25).class,rustme/IliilliiII,java/lang/Object,kotlin-lambda-ish
IliillilII(16).class,rustme/IliillilII,java/lang/Object,misc
IliilliliI(1).class,rustme/IliilliliI,java/lang/Enum,enum
IliilllIiI(9).class,rustme/IliilllIiI,rustme/IilIIllIiI,misc
IliillliII(16).class,rustme/IliillliII,java/lang/Object,misc
IliillliiI(1).class,rustme/IliillliiI,java/lang/Object,misc
IliillllII(8).class,rustme/IliillllII,java/lang/Object,misc
IliilllliI(1).class,rustme/IliilllliI,java/lang/Object,kotlin-lambda-ish
IlilIIIIII(76).class,rustme/IlilIIIIII,java/lang/Object,misc
IlilIIIIiI(29).class,rustme/IlilIIIIiI,rustme/lilIIIIIiI,misc
IlilIIIilI(14).class,rustme/IlilIIIilI,java/lang/Object,misc
IlilIIIliI(29).class,rustme/IlilIIIliI,java/lang/Object,mod-widget
IlilIIiIiI(13).class,rustme/IlilIIiIiI,rustme/IliiIIiIiI,misc
IlilIIiiII(45).class,rustme/IlilIIiiII,java/lang/Object,kotlin-lambda-ish
IlilIIilII(38).class,rustme/IlilIIilII,java/lang/Object,misc
IlilIIiliI(13).class,rustme/IlilIIiliI,java/lang/Object,misc
IlilIIlIiI(29).class,rustme/IlilIIlIiI,java/lang/Object,entity-related
IlilIIliII(38).class,rustme/IlilIIliII,java/lang/Object,misc
IlilIIliiI(13).class,rustme/IlilIIliiI,java/lang/Object,misc
IlilIIllII(22).class,rustme/IlilIIllII,java/lang/Object,misc
IlilIIlliI(13).class,rustme/IlilIIlliI,java/lang/Object,kotlin-lambda-ish
IlilIiIIiI(21).class,rustme/IlilIiIIiI,java/lang/Object,nbt
IlilIiIiII(53).class,rustme/IlilIiIiII,java/lang/Object,kotlin-lambda-ish
IlilIiIlII(42).class,rustme/IlilIiIlII,java/lang/Object,misc
IlilIiIliI(21).class,rustme/IlilIiIliI,rustme/llIliiIliI,mod-widget
IlilIiiIII(64).class,rustme/IlilIiiIII,java/lang/Object,misc
IlilIiiIiI(5).class,rustme/IlilIiiIiI,java/lang/Object,misc
IlilIiiiII(37).class,rustme/IlilIiiiII,java/lang/Object,kotlin-lambda-ish
IlilIiiilI(2).class,rustme/IlilIiiilI,java/lang/Object,misc
IlilIiiliI(5).class,rustme/IlilIiiliI,kotlin/jvm/internal/FunctionReferenceImpl,kotlin-lambda-ish
IlilIilIII(42).class,rustme/IlilIilIII,java/lang/Object,misc
IlilIilIiI(21).class,rustme/IlilIilIiI,java/lang/Object,misc
IlilIiliiI(5).class,rustme/IlilIiliiI,java/lang/Object,misc
IlilIililI(2).class,rustme/IlilIililI,java/lang/Object,misc
IlilIilliI(5).class,rustme/IlilIilliI,java/lang/Object,misc
IlilIlIIiI(19).class,rustme/IlilIlIIiI,java/lang/Object,block
IlilIlIiII(32).class,rustme/IlilIlIiII,java/lang/Object,misc
IlilIlIiiI(3).class,rustme/IlilIlIiiI,rustme/IiIIIlIiiI,block
IlilIlIlII(22).class,rustme/IlilIlIlII,java/lang/Object,misc
IlilIlIliI(13).class,rustme/IlilIlIliI,java/lang/Object,misc
IlilIliIII(36).class,rustme/IlilIliIII,java/lang/Object,misc
IlilIliIiI(11).class,rustme/IlilIliIiI,java/lang/Object,misc
IlilIliiII(27).class,rustme/IlilIliiII,java/lang/Object,kotlin-lambda-ish
IlilIliilI(2).class,rustme/IlilIliilI,java/lang/Object,misc
IlilIliliI(5).class,rustme/IlilIliliI,rustme/iiIliiIliI,mod-widget
IlilIllIII(22).class,rustme/IlilIllIII,java/lang/Object,misc
IlilIllIiI(13).class,rustme/IlilIllIiI,rustme/IIliIllIiI,misc
IlilIlliiI(5).class,rustme/IlilIlliiI,rustme/IIlIIlliiI,misc
IlilIllliI(5).class,rustme/IlilIllliI,java/lang/Object,kotlin-lambda-ish
IliliIIIiI(25).class,rustme/IliliIIIiI,rustme/iliiIIIIiI,misc
IliliIIiII(57).class,rustme/IliliIIiII,java/lang/Object,misc
IliliIIlII(44).class,rustme/IliliIIlII,java/lang/Object,misc
IliliIIliI(25).class,rustme/IliliIIliI,java/lang/Object,misc
IliliIiIII(66).class,rustme/IliliIiIII,java/lang/Object,misc
IliliIiIiI(9).class,rustme/IliliIiIiI,java/lang/Object,json-gson
IliliIiiII(41).class,rustme/IliliIiiII,java/lang/Object,kotlin-lambda-ish
IliliIiilI(4).class,rustme/IliliIiilI,java/lang/Object,misc
IliliIiliI(9).class,rustme/IliliIiliI,java/lang/Object,misc
IliliIlIII(44).class,rustme/IliliIlIII,java/lang/Object,misc
IliliIlIiI(25).class,rustme/IliliIlIiI,java/lang/Object,misc
IliliIliiI(9).class,rustme/IliliIliiI,java/lang/Object,misc
IliliIlilI(4).class,rustme/IliliIlilI,java/lang/Object,misc
IliliIlliI(9).class,rustme/IliliIlliI,java/lang/Object,kotlin-lambda-ish
IliliiIIII(70).class,rustme/IliliiIIII,java/lang/Object,misc
IliliiIIiI(17).class,rustme/IliliiIIiI,java/lang/Object,misc
IliliiIiII(49).class,rustme/IliliiIiII,java/lang/Object,kotlin-lambda-ish
IliliiIilI(8).class,rustme/IliliiIilI,java/lang/Object,misc
IliliiIliI(17).class,rustme/IliliiIliI,java/lang/Object,misc
IliliiiIiI(1).class,rustme/IliliiiIiI,rustme/iIlIiiiIiI,entity-renderer
IliliiiiII(33).class,rustme/IliliiiiII,java/lang/Object,kotlin-lambda-ish
IliliiilII(32).class,rustme/IliliiilII,java/lang/Object,misc
IliliiiliI(1).class,rustme/IliliiiliI,java/lang/Object,misc
IliliilIiI(17).class,rustme/IliliilIiI,java/lang/Object,nbt
IliliiliII(32).class,rustme/IliliiliII,java/lang/Object,misc
IliliiliiI(1).class,rustme/IliliiliiI,rustme/liilllIiiI,world-related
IliliillII(16).class,rustme/IliliillII,java/lang/Object,misc
IliliilliI(1).class,rustme/IliliilliI,java/lang/Object,misc
IlililIIII(38).class,rustme/IlililIIII,java/lang/Object,misc
IlililIIiI(15).class,rustme/IlililIIiI,java/lang/Object,network-packet
IlililIilI(4).class,rustme/IlililIilI,java/lang/Object,misc
IlililIliI(9).class,rustme/IlililIliI,java/lang/Object,misc
IlililiIiI(7).class,rustme/IlililiIiI,rustme/iliIiliIiI,entity-related
IlililiiII(23).class,rustme/IlililiiII,java/lang/Object,kotlin-lambda-ish
IlilililII(16).class,rustme/IlilililII,java/lang/Object,misc
IlilililiI(1).class,rustme/IlilililiI,java/lang/Object,kotlin-lambda-ish
IlilillIiI(9).class,rustme/IlilillIiI,java/lang/Object,tileentity
IlililliII(16).class,rustme/IlililliII,java/lang/Object,misc
IlililliiI(1).class,rustme/IlililliiI,java/lang/Object,misc
IlililllII(8).class,rustme/IlililllII,java/lang/Object,misc
IlilillliI(1).class,rustme/IlilillliI,java/lang/Object,kotlin-lambda-ish
IlillIIIiI(13).class,rustme/IlillIIIiI,java/lang/Object,misc
IlillIIiII(28).class,rustme/IlillIIiII,java/lang/Object,misc
IlillIIlII(22).class,rustme/IlillIIlII,java/lang/Object,misc
IlillIIliI(13).class,rustme/IlillIIliI,kotlin/jvm/internal/FunctionReferenceImpl,kotlin-lambda-ish
IlillIiIII(32).class,rustme/IlillIiIII,java/lang/Object,misc
IlillIiIiI(5).class,rustme/IlillIiIiI,rustme/IiillIiIiI,entity-related
IlillIiiII(21).class,rustme/IlillIiiII,java/lang/Object,kotlin-lambda-ish
IlillIiilI(2).class,rustme/IlillIiilI,java/lang/Object,misc
IlillIiliI(5).class,rustme/IlillIiliI,java/lang/Object,misc
IlillIlIII(22).class,rustme/IlillIlIII,java/lang/Object,misc
IlillIlIiI(13).class,rustme/IlillIlIiI,java/lang/Object,misc
IlillIliiI(5).class,rustme/IlillIliiI,rustme/lililIliiI,particle
IlillIlliI(5).class,rustme/IlillIlliI,java/lang/Object,kotlin-lambda-ish
IlilliIIII(34).class,rustme/IlilliIIII,java/lang/Object,misc
IlilliIIiI(9).class,rustme/IlilliIIiI,rustme/llilliIIiI,misc
IlilliIiII(25).class,rustme/IlilliIiII,java/lang/Object,misc
IlilliIilI(4).class,rustme/IlilliIilI,java/lang/Object,misc
IlilliIliI(9).class,rustme/IlilliIliI,rustme/IlilIIIliI,mod-widget
IlilliiIiI(1).class,rustme/IlilliiIiI,java/lang/Object,math-user
IlilliiiII(17).class,rustme/IlilliiiII,java/lang/Object,kotlin-lambda-ish
IlilliilII(16).class,rustme/IlilliilII,java/lang/Object,misc
IlilliiliI(1).class,rustme/IlilliiliI,java/lang/Object,misc
IlillilIiI(9).class,rustme/IlillilIiI,java/lang/Object,misc
IlilliliII(16).class,rustme/IlilliliII,java/lang/Object,misc
IlilliliiI(1).class,rustme/IlilliliiI,java/lang/Object,misc
IlillillII(8).class,rustme/IlillillII,java/lang/Object,misc
IlillilliI(1).class,rustme/IlillilliI,java/lang/Object,kotlin-lambda-ish
IlilllIIII(20).class,rustme/IlilllIIII,java/lang/Object,misc
IlilllIIiI(9).class,rustme/IlilllIIiI,rustme/lIilllIIiI,json-gson
IlilllIiiI(1).class,rustme/IlilllIiiI,rustme/IiIIIlIiiI,block
IlilllIilI(2).class,rustme/IlilllIilI,java/lang/Object,misc
IlilllIliI(5).class,rustme/IlilllIliI,java/lang/Object,kotlin-lambda-ish
IlillliIiI(5).class,rustme/IlillliIiI,rustme/lilllliIiI,world-related
IlillliiII(13).class,rustme/IlillliiII,java/lang/Object,kotlin-lambda-ish
IlilllilII(8).class,rustme/IlilllilII,java/lang/Object,misc
IlillliliI(1).class,rustme/IlillliliI,rustme/llIIlliliI,mod-widget
IlillllIiI(5).class,rustme/IlillllIiI,java/lang/Object,misc
IlilllliII(8).class,rustme/IlilllliII,java/lang/Object,misc
IlilllliiI(1).class,rustme/IlilllliiI,rustme/IIilllliiI,misc
IlilllllII(4).class,rustme/IlilllllII,java/lang/Object,misc
IlillllliI(1).class,rustme/IlillllliI,java/lang/Object,kotlin-lambda-ish
IllIIIIIiI(31).class,rustme/IllIIIIIiI,rustme/IIlIIIIIiI,misc
IllIIIIiII(61).class,rustme/IllIIIIiII,java/lang/Object,misc
IllIIIIlII(47).class,rustme/IllIIIIlII,java/lang/Object,misc
IllIIIIliI(31).class,rustme/IllIIIIliI,java/lang/Object,misc
IllIIIiIII(69).class,rustme/IllIIIiIII,java/lang/Object,misc
IllIIIiIiI(15).class,rustme/IllIIIiIiI,java/lang/Object,entity-related
IllIIIiiII(47).class,rustme/IllIIIiiII,java/lang/Object,kotlin-lambda-ish
IllIIIiilI(7).class,rustme/IllIIIiilI,java/lang/Object,misc
IllIIIiliI(15).class,rustme/IllIIIiliI,java/lang/Object,misc
IllIIIlIII(47).class,rustme/IllIIIlIII,java/lang/Object,misc
IllIIIlIiI(31).class,rustme/IllIIIlIiI,java/lang/Object,misc
IllIIIliiI(15).class,rustme/IllIIIliiI,rustme/lIlliIliiI,network-packet
IllIIIlliI(15).class,rustme/IllIIIlliI,java/lang/Object,kotlin-lambda-ish
IllIIiIIII(73).class,rustme/IllIIiIIII,java/lang/Object,misc
IllIIiIIiI(23).class,rustme/IllIIiIIiI,rustme/IIlIIliIiI,world-related
IllIIiIiII(55).class,rustme/IllIIiIiII,java/lang/Object,kotlin-lambda-ish
IllIIiIilI(11).class,rustme/IllIIiIilI,java/lang/Object,misc
IllIIiIliI(23).class,rustme/IllIIiIliI,java/lang/Object,misc
IllIIiiIiI(7).class,rustme/IllIIiiIiI,java/lang/Object,misc
IllIIiiiII(39).class,rustme/IllIIiiiII,java/lang/Object,kotlin-lambda-ish
IllIIiilII(35).class,rustme/IllIIiilII,java/lang/Object,misc
IllIIiiliI(7).class,rustme/IllIIiiliI,rustme/lIlIIiiliI,gui-screen
IllIIilIiI(23).class,rustme/IllIIilIiI,java/lang/Object,misc
IllIIiliII(35).class,rustme/IllIIiliII,java/lang/Object,misc
IllIIiliiI(7).class,rustme/IllIIiliiI,java/lang/Object,misc
IllIIillII(19).class,rustme/IllIIillII,java/lang/Object,misc
IllIIilliI(7).class,rustme/IllIIilliI,java/lang/Object,misc
IllIIlIIII(39).class,rustme/IllIIlIIII,java/lang/Object,misc
IllIIlIIiI(19).class,rustme/IllIIlIIiI,java/lang/Object,misc
IllIIlIiiI(3).class,rustme/IllIIlIiiI,rustme/IIIIIlIiiI,world-related
IllIIlIilI(7).class,rustme/IllIIlIilI,java/lang/Object,misc
IllIIlIliI(15).class,rustme/IllIIlIliI,java/lang/Object,misc
IllIIliIiI(11).class,rustme/IllIIliIiI,java/lang/Object,entity-related
IllIIliiII(27).class,rustme/IllIIliiII,java/lang/Object,kotlin-lambda-ish
IllIIlilII(19).class,rustme/IllIIlilII,java/lang/Object,misc
IllIIliliI(7).class,rustme/IllIIliliI,java/lang/Enum,enum
IllIIllIiI(15).class,rustme/IllIIllIiI,rustme/llIiIllIiI,misc
IllIIlliII(19).class,rustme/IllIIlliII,java/lang/Object,misc
IllIIlliiI(7).class,rustme/IllIIlliiI,java/lang/Object,misc
IllIIlllII(11).class,rustme/IllIIlllII,java/lang/Object,misc
IllIIllliI(7).class,rustme/IllIIllliI,java/lang/Object,kotlin-lambda-ish
IllIiIIIII(75).class,rustme/IllIiIIIII,java/lang/Object,misc
IllIiIIIiI(27).class,rustme/IllIiIIIiI,rustme/llliiIIIiI,tileentity
IllIiIIiII(59).class,rustme/IllIiIIiII,java/lang/Object,misc
IllIiIIilI(13).class,rustme/IllIiIIilI,java/lang/Object,misc
IllIiIIliI(27).class,rustme/IllIiIIliI,rustme/ilIIiIIliI,mod-ui
IllIiIiIiI(11).class,rustme/IllIiIiIiI,java/lang/Object,json-gson
IllIiIiiII(43).class,rustme/IllIiIiiII,java/lang/Object,kotlin-lambda-ish
IllIiIilII(37).class,rustme/IllIiIilII,java/lang/Object,misc
IllIiIiliI(11).class,rustme/IllIiIiliI,java/lang/Object,misc
IllIiIlIiI(27).class,rustme/IllIiIlIiI,java/lang/Object,world-related
IllIiIliII(37).class,rustme/IllIiIliII,java/lang/Object,misc
IllIiIliiI(11).class,rustme/IllIiIliiI,java/lang/Object,misc
IllIiIllII(21).class,rustme/IllIiIllII,java/lang/Object,misc
IllIiIlliI(11).class,rustme/IllIiIlliI,java/lang/Object,kotlin-lambda-ish
IllIiiIIiI(19).class,rustme/IllIiiIIiI,rustme/iiiliiIIiI,tileentity
IllIiiIiII(51).class,rustme/IllIiiIiII,java/lang/Object,kotlin-lambda-ish
IllIiiIlII(41).class,rustme/IllIiiIlII,java/lang/Object,misc
IllIiiIliI(19).class,rustme/IllIiiIliI,java/lang/Object,kotlin-lambda-ish
IllIiiiIII(63).class,rustme/IllIiiiIII,java/lang/Object,misc
IllIiiiIiI(3).class,rustme/IllIiiiIiI,rustme/lliiiiiIiI,entity-renderer
IllIiiiiII(35).class,rustme/IllIiiiiII,java/lang/Object,kotlin-lambda-ish
IllIiiiilI(1).class,rustme/IllIiiiilI,java/lang/Object,misc
IllIiiiliI(3).class,rustme/IllIiiiliI,java/lang/Object,misc
IllIiilIII(41).class,rustme/IllIiilIII,java/lang/Object,misc
IllIiilIiI(19).class,rustme/IllIiilIiI,java/lang/Object,entity-related
IllIiiliiI(3).class,rustme/IllIiiliiI,rustme/IillilIiiI,item-related
IllIiililI(1).class,rustme/IllIiililI,java/lang/Object,misc
IllIiilliI(3).class,rustme/IllIiilliI,java/lang/Object,misc
IllIilIIiI(15).class,rustme/IllIilIIiI,java/lang/Object,network-packet
IllIilIiII(29).class,rustme/IllIilIiII,java/lang/Object,misc
IllIilIlII(21).class,rustme/IllIilIlII,java/lang/Object,misc
IllIilIliI(11).class,rustme/IllIilIliI,rustme/lllIilIliI,misc
IllIiliIII(33).class,rustme/IllIiliIII,java/lang/Object,misc
IllIiliIiI(7).class,rustme/IllIiliIiI,rustme/iliIiliIiI,entity-related
IllIiliiII(23).class,rustme/IllIiliiII,java/lang/Object,kotlin-lambda-ish
IllIiliilI(1).class,rustme/IllIiliilI,java/lang/Object,misc
IllIililiI(3).class,rustme/IllIililiI,rustme/llIiIliliI,mod-widget
IllIillIII(21).class,rustme/IllIillIII,java/lang/Object,misc
IllIillIiI(11).class,rustme/IllIillIiI,java/lang/Object,misc
IllIilliiI(3).class,rustme/IllIilliiI,rustme/IiililliiI,misc
IllIillliI(3).class,rustme/IllIillliI,java/lang/Object,kotlin-lambda-ish
IllIlIIIII(37).class,rustme/IllIlIIIII,java/lang/Object,misc
IllIlIIIiI(15).class,rustme/IllIlIIIiI,io/netty/channel/SimpleChannelInboundHandler,network-netty
IllIlIIilI(7).class,rustme/IllIlIIilI,java/lang/Object,misc
IllIlIIliI(15).class,rustme/IllIlIIliI,java/lang/Object,gui-screen
IllIlIiIiI(7).class,rustme/IllIlIiIiI,java/lang/Object,misc
IllIlIiiII(23).class,rustme/IllIlIiiII,java/lang/Object,kotlin-lambda-ish
IllIlIilII(19).class,rustme/IllIlIilII,java/lang/Object,misc
IllIlIiliI(7).class,rustme/IllIlIiliI,java/lang/Object,entity-related
IllIlIlIiI(15).class,rustme/IllIlIlIiI,java/lang/Object,nbt
IllIlIliII(19).class,rustme/IllIlIliII,java/lang/Object,misc
IllIlIliiI(7).class,rustme/IllIlIliiI,rustme/lililIliiI,particle
IllIlIllII(11).class,rustme/IllIlIllII,java/lang/Object,misc
IllIlIlliI(7).class,rustme/IllIlIlliI,java/lang/Object,kotlin-lambda-ish
IllIliIIiI(11).class,rustme/IllIliIIiI,java/lang/Object,misc
IllIliIiII(27).class,rustme/IllIliIiII,java/lang/Object,misc
IllIliIlII(21).class,rustme/IllIliIlII,java/lang/Object,misc
IllIliIliI(11).class,rustme/IllIliIliI,kotlin/properties/ObservableProperty,misc
IllIliiIII(31).class,rustme/IllIliiIII,java/lang/Object,misc
IllIliiIiI(3).class,rustme/IllIliiIiI,java/lang/Object,misc
IllIliiiII(19).class,rustme/IllIliiiII,java/lang/Object,kotlin-lambda-ish
IllIliiilI(1).class,rustme/IllIliiilI,java/lang/Object,misc
IllIliiliI(3).class,rustme/IllIliiliI,rustme/lilliiiliI,mod-command-ish
IllIlilIII(21).class,rustme/IllIlilIII,java/lang/Object,misc
IllIlilIiI(11).class,rustme/IllIlilIiI,rustme/IIlIlilIiI,misc
IllIliliiI(3).class,rustme/IllIliliiI,rustme/lIlililiiI,misc
IllIlililI(1).class,rustme/IllIlililI,java/lang/Object,misc
IllIlilliI(3).class,rustme/IllIlilliI,java/lang/Object,misc
IllIllIIiI(11).class,rustme/IllIllIIiI,java/lang/Object,auth-profile
IllIllIiII(17).class,rustme/IllIllIiII,java/lang/Object,misc
IllIllIiiI(3).class,rustme/IllIllIiiI,rustme/IIiIllIiiI,tileentity
IllIllIlII(11).class,rustme/IllIllIlII,java/lang/Object,misc
IllIllIliI(7).class,rustme/IllIllIliI,java/lang/Object,kotlin-lambda-ish
IllIlliIII(19).class,rustme/IllIlliIII,java/lang/Object,misc
IllIlliIiI(7).class,rustme/IllIlliIiI,rustme/lIliiiIIiI,world-related
IllIlliiII(15).class,rustme/IllIlliiII,java/lang/Object,kotlin-lambda-ish
IllIlliilI(1).class,rustme/IllIlliilI,java/lang/Object,misc
IllIlliliI(3).class,rustme/IllIlliliI,java/lang/Object,misc
IllIlllIII(11).class,rustme/IllIlllIII,java/lang/Object,misc
IllIlllIiI(7).class,rustme/IllIlllIiI,java/lang/Thread,misc
IllIllliiI(3).class,rustme/IllIllliiI,java/lang/Object,math-user
IllIlllliI(3).class,rustme/IllIlllliI,java/lang/Object,kotlin-lambda-ish
IlliIIIIII(76).class,rustme/IlliIIIIII,java/lang/Object,misc
IlliIIIIiI(29).class,rustme/IlliIIIIiI,java/lang/Object,entity-related
IlliIIIilI(14).class,rustme/IlliIIIilI,java/lang/Object,misc
IlliIIIliI(29).class,rustme/IlliIIIliI,java/lang/Object,misc
IlliIIiIiI(13).class,rustme/IlliIIiIiI,rustme/IIlliIiIiI,misc
IlliIIiiII(45).class,rustme/IlliIIiiII,java/lang/Object,kotlin-lambda-ish
IlliIIilII(38).class,rustme/IlliIIilII,java/lang/Object,misc
IlliIIiliI(13).class,rustme/IlliIIiliI,rustme/liIliIiliI,render-shader-loader
IlliIIlIiI(29).class,rustme/IlliIIlIiI,rustme/IIIiIIlIiI,misc
IlliIIliII(38).class,rustme/IlliIIliII,java/lang/Object,misc
IlliIIliiI(13).class,rustme/IlliIIliiI,rustme/lIlliIliiI,network-packet
IlliIIllII(22).class,rustme/IlliIIllII,java/lang/Object,misc
IlliIIlliI(13).class,rustme/IlliIIlliI,java/lang/Object,kotlin-lambda-ish
IlliIiIIiI(21).class,rustme/IlliIiIIiI,java/lang/Object,misc
IlliIiIiII(53).class,rustme/IlliIiIiII,java/lang/Object,misc
IlliIiIlII(42).class,rustme/IlliIiIlII,java/lang/Object,misc
IlliIiIliI(21).class,rustme/IlliIiIliI,kotlin/properties/ObservableProperty,misc
IlliIiiIII(64).class,rustme/IlliIiiIII,java/lang/Object,misc
IlliIiiIiI(5).class,rustme/IlliIiiIiI,java/lang/Object,misc
IlliIiiiII(37).class,rustme/IlliIiiiII,java/lang/Object,kotlin-lambda-ish
IlliIiiilI(2).class,rustme/IlliIiiilI,java/lang/Object,misc
IlliIiiliI(5).class,rustme/IlliIiiliI,rustme/iiiIIiiliI,misc
IlliIilIII(42).class,rustme/IlliIilIII,java/lang/Object,misc
IlliIilIiI(21).class,rustme/IlliIilIiI,java/lang/Object,misc
IlliIiliiI(5).class,rustme/IlliIiliiI,rustme/llliIiliiI,misc
IlliIililI(2).class,rustme/IlliIililI,java/lang/Object,misc
IlliIilliI(5).class,rustme/IlliIilliI,rustme/llliIilliI,misc
IlliIlIIiI(17).class,rustme/IlliIlIIiI,java/lang/Object,network-packet
IlliIlIiII(30).class,rustme/IlliIlIiII,java/lang/Object,misc
IlliIlIiiI(1).class,rustme/IlliIlIiiI,rustme/IillilIiiI,item-related
IlliIlIlII(22).class,rustme/IlliIlIlII,java/lang/Object,misc
IlliIlIliI(13).class,rustme/IlliIlIliI,rustme/lIliIlIliI,misc
IlliIliIII(34).class,rustme/IlliIliIII,java/lang/Object,misc
IlliIliIiI(9).class,rustme/IlliIliIiI,rustme/liliIliIiI,world-related
IlliIliiII(25).class,rustme/IlliIliiII,java/lang/Object,kotlin-lambda-ish
IlliIliilI(2).class,rustme/IlliIliilI,java/lang/Object,misc
IlliIliliI(5).class,rustme/IlliIliliI,kotlin/jvm/internal/FunctionReferenceImpl,kotlin-lambda-ish
IlliIllIII(22).class,rustme/IlliIllIII,java/lang/Object,misc
IlliIllIiI(13).class,rustme/IlliIllIiI,rustme/llIiIllIiI,misc
IlliIlliiI(5).class,rustme/IlliIlliiI,rustme/iIiIIlliiI,misc
IlliIllliI(5).class,rustme/IlliIllliI,java/lang/Object,kotlin-lambda-ish
IlliiIIIiI(25).class,rustme/IlliiIIIiI,java/lang/Enum,tileentity
IlliiIIiII(57).class,rustme/IlliiIIiII,java/lang/Object,misc
IlliiIIlII(44).class,rustme/IlliiIIlII,java/lang/Object,misc
IlliiIIliI(25).class,rustme/IlliiIIliI,java/lang/Object,misc
IlliiIiIII(66).class,rustme/IlliiIiIII,java/lang/Object,misc
IlliiIiIiI(9).class,rustme/IlliiIiIiI,java/lang/Object,gui-textures
IlliiIiiII(41).class,rustme/IlliiIiiII,java/lang/Object,kotlin-lambda-ish
IlliiIiilI(4).class,rustme/IlliiIiilI,java/lang/Object,misc
IlliiIiliI(9).class,rustme/IlliiIiliI,java/lang/Object,misc
IlliiIlIII(44).class,rustme/IlliiIlIII,java/lang/Object,misc
IlliiIlIiI(25).class,rustme/IlliiIlIiI,java/lang/Enum,enum
IlliiIliiI(9).class,rustme/IlliiIliiI,rustme/IiliiIliiI,gui-textures
IlliiIlilI(4).class,rustme/IlliiIlilI,java/lang/Object,misc
IlliiIlliI(9).class,rustme/IlliiIlliI,java/lang/Object,kotlin-lambda-ish
IlliiiIIII(70).class,rustme/IlliiiIIII,java/lang/Object,misc
IlliiiIIiI(17).class,rustme/IlliiiIIiI,rustme/IliIlliIiI,world-related
IlliiiIiII(49).class,rustme/IlliiiIiII,java/lang/Object,kotlin-lambda-ish
IlliiiIilI(8).class,rustme/IlliiiIilI,java/lang/Object,misc
IlliiiIliI(17).class,rustme/IlliiiIliI,java/lang/Object,mod-widget
IlliiiiIiI(1).class,rustme/IlliiiiIiI,rustme/lliiiiiIiI,entity-renderer
IlliiiiiII(33).class,rustme/IlliiiiiII,java/lang/Object,kotlin-lambda-ish
IlliiiilII(32).class,rustme/IlliiiilII,java/lang/Object,misc
IlliiiiliI(1).class,rustme/IlliiiiliI,java/lang/Enum,enum
IlliiilIiI(17).class,rustme/IlliiilIiI,rustme/llliiilIiI,block
IlliiiliII(32).class,rustme/IlliiiliII,java/lang/Object,misc
IlliiiliiI(1).class,rustme/IlliiiliiI,java/lang/Object,misc
IlliiillII(16).class,rustme/IlliiillII,java/lang/Object,misc
IlliiilliI(1).class,rustme/IlliiilliI,java/lang/Object,kotlin-coroutines
IlliilIIII(36).class,rustme/IlliilIIII,java/lang/Object,misc
IlliilIIiI(13).class,rustme/IlliilIIiI,java/lang/Object,misc
IlliilIilI(4).class,rustme/IlliilIilI,java/lang/Object,misc
IlliilIliI(9).class,rustme/IlliilIliI,java/lang/Object,kotlin-lambda-ish
IlliiliIiI(5).class,rustme/IlliiliIiI,java/lang/Object,misc
IlliiliiII(21).class,rustme/IlliiliiII,java/lang/Object,kotlin-lambda-ish
IlliililII(16).class,rustme/IlliililII,java/lang/Object,misc
IlliililiI(1).class,rustme/IlliililiI,rustme/llIiIliliI,mod-widget
IlliillIiI(9).class,rustme/IlliillIiI,rustme/lIllIilIiI,math-user
IlliilliII(16).class,rustme/IlliilliII,java/lang/Object,misc
IlliilliiI(1).class,rustme/IlliilliiI,rustme/lililIliiI,particle
IlliilllII(8).class,rustme/IlliilllII,java/lang/Object,misc
IlliillliI(1).class,rustme/IlliillliI,java/lang/Object,kotlin-lambda-ish
IllilIIIiI(13).class,rustme/IllilIIIiI,java/lang/Object,misc
IllilIIiII(28).class,rustme/IllilIIiII,java/lang/Object,misc
IllilIIlII(22).class,rustme/IllilIIlII,java/lang/Object,misc
IllilIIliI(13).class,rustme/IllilIIliI,kotlin/coroutines/jvm/internal/SuspendLambda,kotlin-coroutines
IllilIiIII(32).class,rustme/IllilIiIII,java/lang/Object,misc
IllilIiIiI(5).class,rustme/IllilIiIiI,java/lang/Object,misc
IllilIiiII(21).class,rustme/IllilIiiII,java/lang/Object,kotlin-lambda-ish
IllilIiilI(2).class,rustme/IllilIiilI,java/lang/Object,misc
IllilIiliI(5).class,rustme/IllilIiliI,java/lang/Object,lambdas
IllilIlIII(22).class,rustme/IllilIlIII,java/lang/Object,misc
IllilIlIiI(13).class,rustme/IllilIlIiI,rustme/illilIlIiI,misc
IllilIliiI(5).class,rustme/IllilIliiI,java/lang/Object,misc
IllilIlliI(5).class,rustme/IllilIlliI,java/lang/Object,kotlin-lambda-ish
IlliliIIII(34).class,rustme/IlliliIIII,java/lang/Object,misc
IlliliIIiI(9).class,rustme/IlliliIIiI,rustme/IIIiliIIiI,block
IlliliIiII(25).class,rustme/IlliliIiII,rustme/iIllIiIiII,kotlin-lambda-ish
IlliliIilI(4).class,rustme/IlliliIilI,java/lang/Object,misc
IlliliIliI(9).class,rustme/IlliliIliI,java/lang/Object,misc
IlliliiIiI(1).class,rustme/IlliliiIiI,java/lang/Object,misc
IlliliiiII(17).class,rustme/IlliliiiII,java/lang/Object,kotlin-lambda-ish
IlliliilII(16).class,rustme/IlliliilII,java/lang/Object,misc
IlliliiliI(1).class,rustme/IlliliiliI,rustme/iiiIliiliI,misc
IllililIiI(9).class,rustme/IllililIiI,java/lang/Object,json-gson
IllililiII(16).class,rustme/IllililiII,java/lang/Object,misc
IllililiiI(1).class,rustme/IllililiiI,rustme/IliIlilIiI,misc
IllilillII(8).class,rustme/IllilillII,java/lang/Object,misc
IllililliI(1).class,rustme/IllililliI,java/lang/Object,misc
IllillIIII(20).class,rustme/IllillIIII,java/lang/Object,misc
IllillIIiI(9).class,rustme/IllillIIiI,rustme/iIIlIilIiI,misc
IllillIiiI(1).class,rustme/IllillIiiI,java/lang/Enum,enum
IllillIilI(2).class,rustme/IllillIilI,java/lang/Object,misc
IllillIliI(5).class,rustme/IllillIliI,java/lang/Object,mod-widget
IllilliIiI(5).class,rustme/IllilliIiI,java/lang/Object,nbt
IllilliiII(13).class,rustme/IllilliiII,java/lang/Object,kotlin-lambda-ish
IllillilII(8).class,rustme/IllillilII,java/lang/Object,misc
IllilliliI(1).class,rustme/IllilliliI,rustme/lIlilliliI,mod-widget
IllilllIiI(5).class,rustme/IllilllIiI,java/lang/Object,misc
IllillliII(8).class,rustme/IllillliII,java/lang/Object,misc
IllillliiI(1).class,rustme/IllillliiI,java/lang/Object,misc
IllillllII(4).class,rustme/IllillllII,java/lang/Object,misc
IllilllliI(1).class,rustme/IllilllliI,java/lang/Object,kotlin-lambda-ish
IlllIIIIII(38).class,rustme/IlllIIIIII,java/lang/Object,misc
IlllIIIIiI(15).class,rustme/IlllIIIIiI,java/lang/Object,misc
IlllIIIilI(7).class,rustme/IlllIIIilI,java/lang/Object,misc
IlllIIIliI(15).class,rustme/IlllIIIliI,java/lang/Object,gui-textures
IlllIIiIiI(7).class,rustme/IlllIIiIiI,rustme/IIlliIiIiI,misc
IlllIIiiII(23).class,rustme/IlllIIiiII,java/lang/Object,kotlin-lambda-ish
IlllIIilII(19).class,rustme/IlllIIilII,java/lang/Object,misc
IlllIIiliI(7).class,rustme/IlllIIiliI,kotlin/coroutines/jvm/internal/SuspendLambda,kotlin-coroutines
IlllIIlIiI(15).class,rustme/IlllIIlIiI,java/lang/Object,misc
IlllIIliII(19).class,rustme/IlllIIliII,java/lang/Object,misc
IlllIIliiI(7).class,rustme/IlllIIliiI,java/lang/Object,misc
IlllIIllII(11).class,rustme/IlllIIllII,java/lang/Object,misc
IlllIIlliI(7).class,rustme/IlllIIlliI,java/lang/Object,kotlin-lambda-ish
IlllIiIIiI(11).class,rustme/IlllIiIIiI,rustme/iilIlIiIiI,misc
IlllIiIiII(27).class,rustme/IlllIiIiII,java/lang/Object,kotlin-lambda-ish
IlllIiIlII(21).class,rustme/IlllIiIlII,java/lang/Object,misc
IlllIiIliI(11).class,rustme/IlllIiIliI,rustme/IliIIiIliI,mod-widget
IlllIiiIII(32).class,rustme/IlllIiiIII,java/lang/Object,misc
IlllIiiIiI(3).class,rustme/IlllIiiIiI,java/lang/Object,misc
IlllIiiiII(19).class,rustme/IlllIiiiII,java/lang/Object,kotlin-lambda-ish
IlllIiiilI(1).class,rustme/IlllIiiilI,java/lang/Object,misc
IlllIiiliI(3).class,rustme/IlllIiiliI,rustme/iiiiliiliI,lambdas
IlllIilIII(21).class,rustme/IlllIilIII,java/lang/Object,misc
IlllIilIiI(11).class,rustme/IlllIilIiI,com/google/common/collect/UnmodifiableIterator,misc
IlllIiliiI(3).class,rustme/IlllIiliiI,java/lang/Enum,enum
IlllIililI(1).class,rustme/IlllIililI,java/lang/Object,misc
IlllIilliI(3).class,rustme/IlllIilliI,java/lang/Object,misc
IlllIlIIiI(11).class,rustme/IlllIlIIiI,java/lang/Object,misc
IlllIlIiII(17).class,rustme/IlllIlIiII,java/lang/Object,misc
IlllIlIiiI(3).class,rustme/IlllIlIiiI,java/lang/Object,misc
IlllIlIlII(11).class,rustme/IlllIlIlII,java/lang/Object,misc
IlllIlIliI(7).class,rustme/IlllIlIliI,java/lang/Object,misc
IlllIliIII(19).class,rustme/IlllIliIII,java/lang/Object,misc
IlllIliIiI(7).class,rustme/IlllIliIiI,java/lang/Object,misc
IlllIliiII(15).class,rustme/IlllIliiII,java/lang/Object,kotlin-lambda-ish
IlllIliilI(1).class,rustme/IlllIliilI,java/lang/Object,misc
IlllIliliI(3).class,rustme/IlllIliliI,rustme/llIIlliliI,mod-widget
IlllIllIII(11).class,rustme/IlllIllIII,java/lang/Object,misc
IlllIllIiI(7).class,rustme/IlllIllIiI,rustme/IIliIllIiI,misc
IlllIlliiI(3).class,rustme/IlllIlliiI,java/lang/Object,misc
IlllIllliI(3).class,rustme/IlllIllliI,java/lang/Object,kotlin-lambda-ish
IllliIIIiI(13).class,rustme/IllliIIIiI,java/lang/Object,misc
IllliIIiII(29).class,rustme/IllliIIiII,java/lang/Object,misc
IllliIIlII(22).class,rustme/IllliIIlII,java/lang/Object,misc
IllliIIliI(13).class,rustme/IllliIIliI,java/lang/Object,misc
IllliIiIII(33).class,rustme/IllliIiIII,java/lang/Object,misc
IllliIiIiI(5).class,rustme/IllliIiIiI,java/lang/Object,misc
IllliIiiII(21).class,rustme/IllliIiiII,java/lang/Object,kotlin-lambda-ish
IllliIiilI(2).class,rustme/IllliIiilI,java/lang/Object,misc
IllliIiliI(5).class,rustme/IllliIiliI,rustme/liIliIiliI,render-shader-loader
IllliIlIII(22).class,rustme/IllliIlIII,java/lang/Object,misc
IllliIlIiI(13).class,rustme/IllliIlIiI,java/lang/Enum,enum
IllliIliiI(5).class,rustme/IllliIliiI,rustme/lIlliIliiI,network-packet
IllliIlilI(2).class,rustme/IllliIlilI,java/lang/Object,misc
IllliIlliI(5).class,rustme/IllliIlliI,java/lang/Object,kotlin-lambda-ish
IllliiIIII(35).class,rustme/IllliiIIII,java/lang/Object,misc
IllliiIIiI(9).class,rustme/IllliiIIiI,rustme/lIIiIliIiI,misc
IllliiIiII(25).class,rustme/IllliiIiII,java/lang/Object,kotlin-lambda-ish
IllliiIilI(4).class,rustme/IllliiIilI,java/lang/Object,misc
IllliiIliI(9).class,rustme/IllliiIliI,rustme/IlilIIIliI,mod-widget
IllliiiIiI(1).class,rustme/IllliiiIiI,rustme/IIIiiiiIiI,entity-renderer
IllliiiiII(17).class,rustme/IllliiiiII,java/lang/Object,kotlin-lambda-ish
IllliiilII(16).class,rustme/IllliiilII,java/lang/Object,misc
IllliiiliI(1).class,rustme/IllliiiliI,rustme/iiiiIiiliI,misc
IllliilIiI(9).class,rustme/IllliilIiI,java/lang/Object,nbt
IllliiliII(16).class,rustme/IllliiliII,java/lang/Object,misc
IllliiliiI(1).class,rustme/IllliiliiI,rustme/iIIiIlIiiI,tileentity
IllliillII(8).class,rustme/IllliillII,java/lang/Object,misc
IllliilliI(1).class,rustme/IllliilliI,java/lang/Object,misc
IlllilIIII(20).class,rustme/IlllilIIII,java/lang/Object,misc
IlllilIIiI(9).class,rustme/IlllilIIiI,java/lang/Enum,enum
IlllilIiiI(1).class,rustme/IlllilIiiI,rustme/llllilIiiI,world-related
IlllilIilI(2).class,rustme/IlllilIilI,java/lang/Object,misc
IlllilIliI(5).class,rustme/IlllilIliI,java/lang/Object,misc
IllliliIiI(5).class,rustme/IllliliIiI,rustme/liIliliIiI,misc
IllliliiII(13).class,rustme/IllliliiII,java/lang/Object,kotlin-lambda-ish
IlllililII(8).class,rustme/IlllililII,java/lang/Object,misc
IlllililiI(1).class,rustme/IlllililiI,kotlin/coroutines/jvm/internal/SuspendLambda,kotlin-coroutines
IlllillIiI(5).class,rustme/IlllillIiI,java/lang/Object,misc
IlllilliII(8).class,rustme/IlllilliII,java/lang/Object,misc
IlllilliiI(1).class,rustme/IlllilliiI,java/lang/Object,json-gson
IlllilllII(4).class,rustme/IlllilllII,java/lang/Object,misc
IlllillliI(1).class,rustme/IlllillliI,java/lang/Object,kotlin-lambda-ish
IllllIIIiI(7).class,rustme/IllllIIIiI,java/lang/Object,entity-related
IllllIIiII(14).class,rustme/IllllIIiII,java/lang/Object,misc
IllllIIlII(11).class,rustme/IllllIIlII,java/lang/Object,misc
IllllIIliI(7).class,rustme/IllllIIliI,java/lang/Object,kotlin-lambda-ish
IllllIiIII(16).class,rustme/IllllIiIII,java/lang/Object,misc
IllllIiIiI(3).class,rustme/IllllIiIiI,rustme/IiillIiIiI,math-user
IllllIiiII(11).class,rustme/IllllIiiII,java/lang/Object,kotlin-lambda-ish
IllllIiilI(1).class,rustme/IllllIiilI,java/lang/Object,misc
IllllIiliI(3).class,rustme/IllllIiliI,java/lang/Object,misc
IllllIlIII(11).class,rustme/IllllIlIII,java/lang/Object,misc
IllllIlIiI(7).class,rustme/IllllIlIiI,rustme/illllIlIiI,world-related
IllllIliiI(3).class,rustme/IllllIliiI,java/lang/Object,misc
IllllIlliI(3).class,rustme/IllllIlliI,java/lang/Object,kotlin-lambda-ish
IlllliIIII(17).class,rustme/IlllliIIII,java/lang/Object,misc
IlllliIIiI(5).class,rustme/IlllliIIiI,java/lang/Object,tileentity
IlllliIiII(13).class,rustme/IlllliIiII,java/lang/Object,misc
IlllliIilI(2).class,rustme/IlllliIilI,java/lang/Object,misc
IlllliIliI(5).class,rustme/IlllliIliI,java/lang/Object,misc
IlllliiIiI(1).class,rustme/IlllliiIiI,rustme/lIIlliiIiI,json-gson
IlllliiiII(9).class,rustme/IlllliiiII,java/lang/Object,kotlin-lambda-ish
IlllliilII(8).class,rustme/IlllliilII,java/lang/Object,misc
IlllliiliI(1).class,rustme/IlllliiliI,java/lang/Object,misc
IllllilIiI(5).class,rustme/IllllilIiI,java/lang/Object,misc
IlllliliII(8).class,rustme/IlllliliII,java/lang/Object,misc
IlllliliiI(1).class,rustme/IlllliliiI,rustme/iIIIlllIiI,gui-screen
IllllillII(4).class,rustme/IllllillII,java/lang/Object,misc
IllllilliI(1).class,rustme/IllllilliI,java/lang/Object,kotlin-lambda-ish
IlllllIIII(10).class,rustme/IlllllIIII,java/lang/Object,misc
IlllllIIiI(5).class,rustme/IlllllIIiI,java/lang/Enum,block
IlllllIiiI(1).class,rustme/IlllllIiiI,rustme/IllIiiliiI,tileentity
IlllllIilI(1).class,rustme/IlllllIilI,java/lang/Object,misc
IlllllIliI(3).class,rustme/IlllllIliI,java/lang/Object,kotlin-lambda-ish
IllllliIiI(3).class,rustme/IllllliIiI,rustme/illIiliIiI,misc
IllllliiII(7).class,rustme/IllllliiII,java/lang/Object,kotlin-lambda-ish
IlllllilII(4).class,rustme/IlllllilII,java/lang/Object,misc
IllllliliI(1).class,rustme/IllllliliI,java/lang/Object,misc
IllllllIiI(3).class,rustme/IllllllIiI,rustme/lIlliIliiI,network-packet
IlllllliII(4).class,rustme/IlllllliII,java/lang/Object,misc
IlllllliiI(1).class,rustme/IlllllliiI,java/lang/Object,entity-renderer
IlllllllII(2).class,rustme/IlllllllII,java/lang/Object,misc
IllllllliI(1).class,rustme/IllllllliI,java/lang/Object,kotlin-lambda-ish
iIIIIIIIII(311).class,rustme/iIIIIIIIII,java/lang/Object,misc
iIIIIIIIiI(126).class,rustme/iIIIIIIIiI,rustme/llliiIIIiI,tileentity
iIIIIIIilI(63).class,rustme/iIIIIIIilI,java/lang/Object,misc
iIIIIIIliI(126).class,rustme/iIIIIIIliI,rustme/IliIIiIliI,gui-textures
iIIIIIiIiI(62).class,rustme/iIIIIIiIiI,rustme/IIlliIiIiI,math-user
iIIIIIiiII(190).class,rustme/iIIIIIiiII,java/lang/Object,kotlin-lambda-ish
iIIIIIilII(159).class,rustme/iIIIIIilII,java/lang/Object,misc
iIIIIIiliI(62).class,rustme/iIIIIIiliI,rustme/iIIliIiliI,render-shader-loader
iIIIIIlIiI(126).class,rustme/iIIIIIlIiI,rustme/iiIIIIlIiI,misc
iIIIIIliII(159).class,rustme/iIIIIIliII,java/lang/Object,misc
iIIIIIliiI(62).class,rustme/iIIIIIliiI,rustme/lIlliIliiI,network-packet
iIIIIIllII(95).class,rustme/iIIIIIllII,java/lang/Object,misc
iIIIIIlliI(62).class,rustme/iIIIIIlliI,java/lang/Object,kotlin-lambda-ish
iIIIIiIIiI(94).class,rustme/iIIIIiIIiI,java/lang/Object,entity-related
iIIIIiIiII(222).class,rustme/iIIIIiIiII,java/lang/Object,kotlin-lambda-ish
iIIIIiIlII(175).class,rustme/iIIIIiIlII,java/lang/Object,misc
iIIIIiIliI(94).class,rustme/iIIIIiIliI,rustme/IlilIIIliI,mod-widget
iIIIIiiIII(263).class,rustme/iIIIIiiIII,java/lang/Object,misc
iIIIIiiIiI(30).class,rustme/iIIIIiiIiI,java/lang/Enum,enum
iIIIIiiiII(158).class,rustme/iIIIIiiiII,java/lang/Object,kotlin-lambda-ish
iIIIIiiilI(15).class,rustme/iIIIIiiilI,java/lang/Object,misc
iIIIIiiliI(30).class,rustme/iIIIIiiliI,rustme/iliiliiIiI,misc
iIIIIilIII(175).class,rustme/iIIIIilIII,java/lang/Object,misc
iIIIIilIiI(94).class,rustme/iIIIIilIiI,java/lang/Enum,enum
iIIIIiliiI(30).class,rustme/iIIIIiliiI,rustme/liIIIiliiI,misc
iIIIIililI(15).class,rustme/iIIIIililI,java/lang/Object,misc
iIIIIilliI(30).class,rustme/iIIIIilliI,java/lang/Object,misc
iIIIIlIIiI(78).class,rustme/iIIIIlIIiI,java/lang/Object,auth-profile
iIIIIlIiII(127).class,rustme/iIIIIlIiII,java/lang/Object,misc
iIIIIlIiiI(14).class,rustme/iIIIIlIiiI,rustme/IillilIiiI,item-related
iIIIIlIlII(95).class,rustme/iIIIIlIlII,java/lang/Object,misc
iIIIIlIliI(62).class,rustme/iIIIIlIliI,java/lang/Object,misc
iIIIIliIII(143).class,rustme/iIIIIliIII,java/lang/Object,misc
iIIIIliIiI(46).class,rustme/iIIIIliIiI,java/lang/Object,misc
iIIIIliiII(110).class,rustme/iIIIIliiII,java/lang/Object,kotlin-lambda-ish
iIIIIliilI(15).class,rustme/iIIIIliilI,java/lang/Object,misc
iIIIIliliI(30).class,rustme/iIIIIliliI,java/lang/Object,misc
iIIIIllIII(95).class,rustme/iIIIIllIII,java/lang/Object,misc
iIIIIllIiI(62).class,rustme/iIIIIllIiI,rustme/iIlIIllIiI,misc
iIIIIlliiI(30).class,rustme/iIIIIlliiI,java/lang/Object,misc
iIIIIllliI(30).class,rustme/iIIIIllliI,java/lang/Object,kotlin-lambda-ish
iIIIiIIIiI(110).class,rustme/iIIIiIIIiI,rustme/llliiIIIiI,tileentity
iIIIiIIiII(238).class,rustme/iIIIiIIiII,java/lang/Object,kotlin-lambda-ish
iIIIiIIlII(183).class,rustme/iIIIiIIlII,java/lang/Object,misc
iIIIiIIliI(110).class,rustme/iIIIiIIliI,rustme/IliIIiIliI,mod-widget
iIIIiIiIII(271).class,rustme/iIIIiIiIII,java/lang/Object,misc
iIIIiIiIiI(46).class,rustme/iIIIiIiIiI,java/lang/Object,auth-profile
iIIIiIiiII(174).class,rustme/iIIIiIiiII,java/lang/Object,kotlin-lambda-ish
iIIIiIiilI(23).class,rustme/iIIIiIiilI,java/lang/Object,misc
iIIIiIiliI(46).class,rustme/iIIIiIiliI,java/lang/Object,misc
iIIIiIlIII(183).class,rustme/iIIIiIlIII,java/lang/Object,misc
iIIIiIlIiI(110).class,rustme/iIIIiIlIiI,java/lang/Object,misc
iIIIiIliiI(46).class,rustme/iIIIiIliiI,java/lang/Object,misc
iIIIiIlilI(23).class,rustme/iIIIiIlilI,java/lang/Object,misc
iIIIiIlliI(46).class,rustme/iIIIiIlliI,java/lang/Object,kotlin-lambda-ish
iIIIiiIIII(287).class,rustme/iIIIiiIIII,java/lang/Object,misc
iIIIiiIIiI(78).class,rustme/iIIIiiIIiI,rustme/lilllliIiI,world-related
iIIIiiIiII(206).class,rustme/iIIIiiIiII,java/lang/Object,kotlin-lambda-ish
iIIIiiIilI(39).class,rustme/iIIIiiIilI,java/lang/Object,misc
iIIIiiIliI(78).class,rustme/iIIIiiIliI,java/lang/Enum,enum
iIIIiiiIiI(14).class,rustme/iIIIiiiIiI,rustme/iIlIiiiIiI,entity-renderer
iIIIiiiiII(142).class,rustme/iIIIiiiiII,java/lang/Object,kotlin-lambda-ish
iIIIiiilII(135).class,rustme/iIIIiiilII,java/lang/Object,misc
iIIIiiiliI(14).class,rustme/iIIIiiiliI,java/lang/Object,misc
iIIIiilIiI(78).class,rustme/iIIIiilIiI,java/lang/Object,misc
iIIIiiliII(135).class,rustme/iIIIiiliII,java/lang/Object,misc
iIIIiiliiI(14).class,rustme/iIIIiiliiI,rustme/iliIIlIiiI,world-related
iIIIiillII(71).class,rustme/iIIIiillII,java/lang/Object,misc
iIIIiilliI(14).class,rustme/iIIIiilliI,java/lang/Object,misc
iIIIilIIII(151).class,rustme/iIIIilIIII,java/lang/Object,misc
iIIIilIIiI(62).class,rustme/iIIIilIIiI,java/lang/Enum,enum
iIIIilIilI(23).class,rustme/iIIIilIilI,java/lang/Object,misc
iIIIilIliI(46).class,rustme/iIIIilIliI,java/lang/Object,misc
iIIIiliIiI(30).class,rustme/iIIIiliIiI,java/lang/Object,entity-related
iIIIiliiII(94).class,rustme/iIIIiliiII,java/lang/Object,kotlin-lambda-ish
iIIIililII(71).class,rustme/iIIIililII,java/lang/Object,misc
iIIIililiI(14).class,rustme/iIIIililiI,kotlin/coroutines/jvm/internal/SuspendLambda,gui-screen
iIIIillIiI(46).class,rustme/iIIIillIiI,java/lang/Object,nbt
iIIIilliII(71).class,rustme/iIIIilliII,java/lang/Object,misc
iIIIilliiI(14).class,rustme/iIIIilliiI,java/lang/Object,misc
iIIIilllII(39).class,rustme/iIIIilllII,java/lang/Object,misc
iIIIillliI(14).class,rustme/iIIIillliI,java/lang/Object,kotlin-lambda-ish
iIIIlIIIiI(62).class,rustme/iIIIlIIIiI,io/netty/handler/codec/MessageToByteEncoder,network-netty
iIIIlIIiII(119).class,rustme/iIIIlIIiII,java/lang/Object,misc
iIIIlIIlII(95).class,rustme/iIIIlIIlII,java/lang/Object,misc
iIIIlIIliI(62).class,rustme/iIIIlIIliI,java/lang/Object,lambdas
iIIIlIiIII(135).class,rustme/iIIIlIiIII,java/lang/Object,misc
iIIIlIiIiI(30).class,rustme/iIIIlIiIiI,rustme/ilIIlIiIiI,misc
iIIIlIiiII(94).class,rustme/iIIIlIiiII,java/lang/Object,kotlin-lambda-ish
iIIIlIiilI(15).class,rustme/iIIIlIiilI,java/lang/Object,misc
iIIIlIiliI(30).class,rustme/iIIIlIiliI,java/lang/Object,misc
iIIIlIlIII(95).class,rustme/iIIIlIlIII,java/lang/Object,misc
iIIIlIlIiI(62).class,rustme/iIIIlIlIiI,java/lang/Object,misc
iIIIlIliiI(30).class,rustme/iIIIlIliiI,java/lang/Object,misc
iIIIlIlliI(30).class,rustme/iIIIlIlliI,java/lang/Object,kotlin-lambda-ish
iIIIliIIII(143).class,rustme/iIIIliIIII,java/lang/Object,misc
iIIIliIIiI(46).class,rustme/iIIIliIIiI,rustme/IIIiliIIiI,tileentity
iIIIliIiII(110).class,rustme/iIIIliIiII,java/lang/Object,misc
iIIIliIilI(23).class,rustme/iIIIliIilI,java/lang/Object,misc
iIIIliIliI(46).class,rustme/iIIIliIliI,rustme/IliIIiIliI,mod-widget
iIIIliiIiI(14).class,rustme/iIIIliiIiI,rustme/IIlIliiIiI,entity-renderer
iIIIliiiII(78).class,rustme/iIIIliiiII,java/lang/Object,kotlin-lambda-ish
iIIIliilII(71).class,rustme/iIIIliilII,java/lang/Object,misc
iIIIliiliI(14).class,rustme/iIIIliiliI,java/lang/Object,misc
iIIIlilIiI(46).class,rustme/iIIIlilIiI,java/lang/Object,misc
iIIIliliII(71).class,rustme/iIIIliliII,java/lang/Object,misc
iIIIliliiI(14).class,rustme/iIIIliliiI,rustme/iIlililiiI,gui-screen
iIIIlillII(39).class,rustme/iIIIlillII,java/lang/Object,misc
iIIIlilliI(14).class,rustme/iIIIlilliI,java/lang/Object,misc
iIIIllIIII(87).class,rustme/iIIIllIIII,java/lang/Object,misc
iIIIllIIiI(46).class,rustme/iIIIllIIiI,java/lang/Object,misc
iIIIllIiiI(14).class,rustme/iIIIllIiiI,rustme/iIIiIlIiiI,block
iIIIllIilI(15).class,rustme/iIIIllIilI,java/lang/Object,misc
iIIIllIliI(30).class,rustme/iIIIllIliI,java/lang/Object,misc
iIIIlliIiI(30).class,rustme/iIIIlliIiI,rustme/liiIiiIIiI,world-related
iIIIlliiII(62).class,rustme/iIIIlliiII,java/lang/Object,kotlin-lambda-ish
iIIIllilII(39).class,rustme/iIIIllilII,java/lang/Object,misc
iIIIlliliI(14).class,rustme/iIIIlliliI,java/lang/Object,misc
iIIIlllIiI(30).class,rustme/iIIIlllIiI,rustme/IlIlliliiI,gui-screen
iIIIllliII(39).class,rustme/iIIIllliII,java/lang/Object,misc
iIIIllliiI(14).class,rustme/iIIIllliiI,java/lang/Object,tileentity
iIIIllllII(23).class,rustme/iIIIllllII,java/lang/Object,misc
iIIIlllliI(14).class,rustme/iIIIlllliI,java/lang/Object,kotlin-lambda-ish
iIIiIIIIiI(118).class,rustme/iIIiIIIIiI,rustme/liIIiIIIiI,misc
iIIiIIIiII(243).class,rustme/iIIiIIIiII,java/lang/Object,misc
iIIiIIIlII(187).class,rustme/iIIiIIIlII,java/lang/Object,misc
iIIiIIIliI(118).class,rustme/iIIiIIIliI,rustme/IliIIiIliI,gui-textures
iIIiIIiIII(275).class,rustme/iIIiIIiIII,java/lang/Object,misc
iIIiIIiIiI(54).class,rustme/iIIiIIiIiI,rustme/IIlliIiIiI,tileentity
iIIiIIiiII(182).class,rustme/iIIiIIiiII,java/lang/Object,kotlin-lambda-ish
iIIiIIiilI(27).class,rustme/iIIiIIiilI,java/lang/Object,misc
iIIiIIiliI(54).class,rustme/iIIiIIiliI,java/lang/Object,misc
iIIiIIlIII(187).class,rustme/iIIiIIlIII,java/lang/Object,misc
iIIiIIlIiI(118).class,rustme/iIIiIIlIiI,rustme/iiIiIIlIiI,block
iIIiIIliiI(54).class,rustme/iIIiIIliiI,rustme/lllliIliiI,misc
iIIiIIlliI(54).class,rustme/iIIiIIlliI,java/lang/Object,kotlin-lambda-ish
iIIiIiIIII(291).class,rustme/iIIiIiIIII,java/lang/Object,misc
iIIiIiIIiI(86).class,rustme/iIIiIiIIiI,java/lang/Object,misc
iIIiIiIiII(214).class,rustme/iIIiIiIiII,java/lang/Object,kotlin-lambda-ish
iIIiIiIilI(43).class,rustme/iIIiIiIilI,java/lang/Object,misc
iIIiIiIliI(86).class,rustme/iIIiIiIliI,rustme/IIIiIiIliI,kotlin-lambda-ish
iIIiIiiIiI(22).class,rustme/iIIiIiiIiI,rustme/lliiiiiIiI,entity-renderer
iIIiIiiiII(150).class,rustme/iIIiIiiiII,java/lang/Object,kotlin-lambda-ish
iIIiIiilII(139).class,rustme/iIIiIiilII,java/lang/Object,misc
iIIiIiiliI(22).class,rustme/iIIiIiiliI,rustme/lIIiIiiliI,misc
iIIiIilIiI(86).class,rustme/iIIiIilIiI,java/lang/Object,nbt
iIIiIiliII(139).class,rustme/iIIiIiliII,java/lang/Object,misc
iIIiIiliiI(22).class,rustme/iIIiIiliiI,java/lang/Enum,enum
iIIiIillII(75).class,rustme/iIIiIillII,java/lang/Object,misc
iIIiIilliI(22).class,rustme/iIIiIilliI,java/lang/Object,misc
iIIiIlIIII(155).class,rustme/iIIiIlIIII,java/lang/Object,misc
iIIiIlIIiI(70).class,rustme/iIIiIlIIiI,java/lang/Object,network-packet
iIIiIlIiiI(6).class,rustme/iIIiIlIiiI,rustme/IillilIiiI,item-related
iIIiIlIilI(27).class,rustme/iIIiIlIilI,java/lang/Object,misc
iIIiIlIliI(54).class,rustme/iIIiIlIliI,java/lang/Object,misc
iIIiIliIiI(38).class,rustme/iIIiIliIiI,java/lang/Object,entity-related
iIIiIliiII(102).class,rustme/iIIiIliiII,java/lang/Object,kotlin-lambda-ish
iIIiIlilII(75).class,rustme/iIIiIlilII,java/lang/Object,misc
iIIiIliliI(22).class,rustme/iIIiIliliI,rustme/IlilIIIliI,mod-widget
iIIiIllIiI(54).class,rustme/iIIiIllIiI,java/lang/Object,json-gson
iIIiIlliII(75).class,rustme/iIIiIlliII,java/lang/Object,misc
iIIiIlliiI(22).class,rustme/iIIiIlliiI,java/lang/Object,misc
iIIiIlllII(43).class,rustme/iIIiIlllII,java/lang/Object,misc
iIIiIllliI(22).class,rustme/iIIiIllliI,java/lang/Object,kotlin-lambda-ish
iIIiiIIIII(299).class,rustme/iIIiiIIIII,java/lang/Object,misc
iIIiiIIIiI(102).class,rustme/iIIiiIIIiI,java/lang/Object,tileentity
iIIiiIIiII(230).class,rustme/iIIiiIIiII,rustme/IIIiiIIiII,kotlin-lambda-ish
iIIiiIIilI(51).class,rustme/iIIiiIIilI,java/lang/Object,misc
iIIiiIIliI(102).class,rustme/iIIiiIIliI,java/lang/Object,misc
iIIiiIiIiI(38).class,rustme/iIIiiIiIiI,java/lang/Object,misc
iIIiiIiiII(166).class,rustme/iIIiiIiiII,java/lang/Object,kotlin-lambda-ish
iIIiiIilII(147).class,rustme/iIIiiIilII,java/lang/Object,misc
iIIiiIiliI(38).class,rustme/iIIiiIiliI,java/lang/Object,misc
iIIiiIlIiI(102).class,rustme/iIIiiIlIiI,rustme/IIlllilIiI,block
iIIiiIliII(147).class,rustme/iIIiiIliII,java/lang/Object,misc
iIIiiIliiI(38).class,rustme/iIIiiIliiI,rustme/lIlililiiI,misc
iIIiiIllII(83).class,rustme/iIIiiIllII,java/lang/Object,misc
iIIiiIlliI(38).class,rustme/iIIiiIlliI,java/lang/Object,kotlin-lambda-ish
iIIiiiIIiI(70).class,rustme/iIIiiiIIiI,rustme/iliIiliIiI,block
iIIiiiIiII(198).class,rustme/iIIiiiIiII,java/lang/Object,kotlin-lambda-ish
iIIiiiIlII(163).class,rustme/iIIiiiIlII,java/lang/Object,misc
iIIiiiIliI(70).class,rustme/iIIiiiIliI,kotlin/jvm/internal/FunctionReferenceImpl,kotlin-lambda-ish
iIIiiiiIII(251).class,rustme/iIIiiiiIII,java/lang/Object,misc
iIIiiiiIiI(6).class,rustme/iIIiiiiIiI,rustme/lIlIiiiIiI,entity-renderer
iIIiiiiiII(134).class,rustme/iIIiiiiiII,java/lang/Object,kotlin-lambda-ish
iIIiiiiilI(3).class,rustme/iIIiiiiilI,java/lang/Object,misc
iIIiiiiliI(6).class,rustme/iIIiiiiliI,java/lang/Object,misc
iIIiiilIII(163).class,rustme/iIIiiilIII,java/lang/Object,misc
iIIiiilIiI(70).class,rustme/iIIiiilIiI,rustme/lliiiilIiI,nbt
iIIiiiliiI(6).class,rustme/iIIiiiliiI,rustme/iliiiiliiI,world-related
iIIiiililI(3).class,rustme/iIIiiililI,java/lang/Object,misc
iIIiiilliI(6).class,rustme/iIIiiilliI,java/lang/Object,tileentity
iIIiilIIiI(54).class,rustme/iIIiilIIiI,java/lang/Object,misc
iIIiilIiII(115).class,rustme/iIIiilIiII,java/lang/Object,misc
iIIiilIlII(83).class,rustme/iIIiilIlII,java/lang/Object,misc
iIIiilIliI(38).class,rustme/iIIiilIliI,java/lang/Object,kotlin-lambda-ish
iIIiiliIII(131).class,rustme/iIIiiliIII,java/lang/Object,misc
iIIiiliIiI(22).class,rustme/iIIiiliIiI,rustme/llIiiliIiI,misc
iIIiiliiII(86).class,rustme/iIIiiliiII,java/lang/Object,kotlin-lambda-ish
iIIiiliilI(3).class,rustme/iIIiiliilI,java/lang/Object,misc
iIIiililiI(6).class,rustme/iIIiililiI,java/lang/Object,mod-widget
iIIiillIII(83).class,rustme/iIIiillIII,java/lang/Object,misc
iIIiillIiI(38).class,rustme/iIIiillIiI,java/lang/Object,misc
iIIiilliiI(6).class,rustme/iIIiilliiI,java/lang/Object,misc
iIIiillliI(6).class,rustme/iIIiillliI,java/lang/Object,kotlin-lambda-ish
iIIilIIIII(147).class,rustme/iIIilIIIII,java/lang/Object,misc
iIIilIIIiI(54).class,rustme/iIIilIIIiI,java/lang/Enum,enum
iIIilIIilI(27).class,rustme/iIIilIIilI,java/lang/Object,misc
iIIilIIliI(54).class,rustme/iIIilIIliI,rustme/IililIIliI,misc
iIIilIiIiI(22).class,rustme/iIIilIiIiI,rustme/liIilIiIiI,misc
iIIilIiiII(86).class,rustme/iIIilIiiII,java/lang/Object,kotlin-lambda-ish
iIIilIilII(75).class,rustme/iIIilIilII,java/lang/Object,misc
iIIilIiliI(22).class,rustme/iIIilIiliI,java/lang/Object,math-user
iIIilIlIiI(54).class,rustme/iIIilIlIiI,rustme/IlllIIlIiI,json-gson
iIIilIliII(75).class,rustme/iIIilIliII,java/lang/Object,misc
iIIilIliiI(22).class,rustme/iIIilIliiI,io/netty/channel/SimpleChannelInboundHandler,network-netty
iIIilIllII(43).class,rustme/iIIilIllII,java/lang/Object,misc
iIIilIlliI(22).class,rustme/iIIilIlliI,java/lang/Object,kotlin-lambda-ish
iIIiliIIiI(38).class,rustme/iIIiliIIiI,java/lang/Object,misc
iIIiliIiII(102).class,rustme/iIIiliIiII,java/lang/Object,kotlin-lambda-ish
iIIiliIlII(83).class,rustme/iIIiliIlII,java/lang/Object,misc
iIIiliIliI(38).class,rustme/iIIiliIliI,kotlin/properties/ObservableProperty,misc
iIIiliiIII(123).class,rustme/iIIiliiIII,java/lang/Object,misc
iIIiliiIiI(6).class,rustme/iIIiliiIiI,rustme/iliiliiIiI,math-user
iIIiliiiII(70).class,rustme/iIIiliiiII,java/lang/Object,kotlin-lambda-ish
iIIiliiilI(3).class,rustme/iIIiliiilI,java/lang/Object,misc
iIIiliiliI(6).class,rustme/iIIiliiliI,rustme/IIIiliiliI,misc
iIIililIII(83).class,rustme/iIIililIII,java/lang/Object,misc
iIIililIiI(38).class,rustme/iIIililIiI,java/lang/Object,misc
iIIililiiI(6).class,rustme/iIIililiiI,java/lang/Object,misc
iIIilililI(3).class,rustme/iIIilililI,java/lang/Object,misc
iIIililliI(6).class,rustme/iIIililliI,java/lang/Enum,enum
iIIillIIiI(38).class,rustme/iIIillIIiI,java/lang/Object,misc
iIIillIiII(67).class,rustme/iIIillIiII,java/lang/Object,misc
iIIillIiiI(6).class,rustme/iIIillIiiI,java/lang/Object,misc
iIIillIlII(43).class,rustme/iIIillIlII,java/lang/Object,misc
iIIillIliI(22).class,rustme/iIIillIliI,java/lang/Object,misc
iIIilliIII(75).class,rustme/iIIilliIII,java/lang/Object,misc
iIIilliIiI(22).class,rustme/iIIilliIiI,rustme/iIilIliIiI,block
iIIilliiII(54).class,rustme/iIIilliiII,java/lang/Object,kotlin-lambda-ish
iIIilliilI(3).class,rustme/iIIilliilI,java/lang/Object,misc
iIIilliliI(6).class,rustme/iIIilliliI,kotlin/jvm/internal/MutablePropertyReference1Impl,misc
iIIilllIII(43).class,rustme/iIIilllIII,java/lang/Object,misc
iIIilllIiI(22).class,rustme/iIIilllIiI,java/lang/Object,misc
iIIillliiI(6).class,rustme/iIIillliiI,java/lang/Object,misc
iIIilllliI(6).class,rustme/iIIilllliI,java/lang/Object,kotlin-lambda-ish
iIIlIIIIiI(62).class,rustme/iIIlIIIIiI,rustme/lilIIIIIiI,misc
iIIlIIIiII(123).class,rustme/iIIlIIIiII,java/lang/Object,misc
iIIlIIIlII(95).class,rustme/iIIlIIIlII,java/lang/Object,misc
iIIlIIIliI(62).class,rustme/iIIlIIIliI,java/lang/Object,kotlin-lambda-ish
iIIlIIiIII(139).class,rustme/iIIlIIiIII,java/lang/Object,misc
iIIlIIiIiI(30).class,rustme/iIIlIIiIiI,rustme/IIlliIiIiI,auth-profile
iIIlIIiiII(94).class,rustme/iIIlIIiiII,java/lang/Object,kotlin-lambda-ish
iIIlIIiilI(15).class,rustme/iIIlIIiilI,java/lang/Object,misc
iIIlIIiliI(30).class,rustme/iIIlIIiliI,java/lang/Object,entity-related
iIIlIIlIII(95).class,rustme/iIIlIIlIII,java/lang/Object,misc
iIIlIIlIiI(62).class,rustme/iIIlIIlIiI,java/lang/Object,misc
iIIlIIliiI(30).class,rustme/iIIlIIliiI,java/lang/Object,misc
iIIlIIlliI(30).class,rustme/iIIlIIlliI,java/lang/Object,kotlin-lambda-ish
iIIlIiIIII(147).class,rustme/iIIlIiIIII,java/lang/Object,misc
iIIlIiIIiI(46).class,rustme/iIIlIiIIiI,rustme/llIIlIiIiI,world-related
iIIlIiIiII(110).class,rustme/iIIlIiIiII,java/lang/Object,kotlin-lambda-ish
iIIlIiIilI(23).class,rustme/iIIlIiIilI,java/lang/Object,misc
iIIlIiIliI(46).class,rustme/iIIlIiIliI,rustme/IliIIiIliI,mod-widget
iIIlIiiIiI(14).class,rustme/iIIlIiiIiI,java/lang/Object,misc
iIIlIiiiII(78).class,rustme/iIIlIiiiII,java/lang/Object,kotlin-lambda-ish
iIIlIiilII(71).class,rustme/iIIlIiilII,java/lang/Object,misc
iIIlIiiliI(14).class,rustme/iIIlIiiliI,java/lang/Object,lambdas
iIIlIilIiI(46).class,rustme/iIIlIilIiI,java/io/PrintStream,misc
iIIlIiliII(71).class,rustme/iIIlIiliII,java/lang/Object,misc
iIIlIiliiI(14).class,rustme/iIIlIiliiI,java/lang/Enum,enum
iIIlIillII(39).class,rustme/iIIlIillII,java/lang/Object,misc
iIIlIilliI(14).class,rustme/iIIlIilliI,java/lang/Object,misc
iIIlIlIIII(79).class,rustme/iIIlIlIIII,java/lang/Object,misc
iIIlIlIIiI(38).class,rustme/iIIlIlIIiI,java/lang/Enum,enum
iIIlIlIiiI(6).class,rustme/iIIlIlIiiI,java/lang/Object,misc
iIIlIlIilI(15).class,rustme/iIIlIlIilI,java/lang/Object,misc
iIIlIlIliI(30).class,rustme/iIIlIlIliI,java/lang/Object,misc
iIIlIliIiI(22).class,rustme/iIIlIliIiI,java/lang/Object,misc
iIIlIliiII(54).class,rustme/iIIlIliiII,java/lang/Object,kotlin-lambda-ish
iIIlIlilII(39).class,rustme/iIIlIlilII,java/lang/Object,misc
iIIlIliliI(14).class,rustme/iIIlIliliI,java/lang/Object,misc
iIIlIllIiI(30).class,rustme/iIIlIllIiI,rustme/iiIlIllIiI,misc
iIIlIlliII(39).class,rustme/iIIlIlliII,java/lang/Object,misc
iIIlIlliiI(14).class,rustme/iIIlIlliiI,java/lang/Object,misc
iIIlIlllII(23).class,rustme/iIIlIlllII,java/lang/Object,misc
iIIlIllliI(14).class,rustme/iIIlIllliI,java/lang/Object,kotlin-lambda-ish
iIIliIIIII(151).class,rustme/iIIliIIIII,java/lang/Object,misc
iIIliIIIiI(54).class,rustme/iIIliIIIiI,rustme/llliiIIIiI,tileentity
iIIliIIiII(118).class,rustme/iIIliIIiII,java/lang/Object,misc
iIIliIIilI(27).class,rustme/iIIliIIilI,java/lang/Object,misc
iIIliIIliI(54).class,rustme/iIIliIIliI,rustme/IIllIiIliI,gui-screen
iIIliIiIiI(22).class,rustme/iIIliIiIiI,java/lang/Object,tileentity
iIIliIiiII(86).class,rustme/iIIliIiiII,java/lang/Object,kotlin-lambda-ish
iIIliIilII(75).class,rustme/iIIliIilII,java/lang/Object,misc
iIIliIiliI(22).class,rustme/iIIliIiliI,java/lang/Object,render-gl-wrapper
iIIliIlIiI(54).class,rustme/iIIliIlIiI,java/lang/Object,misc
iIIliIliII(75).class,rustme/iIIliIliII,java/lang/Object,misc
iIIliIliiI(22).class,rustme/iIIliIliiI,java/lang/Object,misc
iIIliIllII(43).class,rustme/iIIliIllII,java/lang/Object,misc
iIIliIlliI(22).class,rustme/iIIliIlliI,java/lang/Object,kotlin-lambda-ish
iIIliiIIiI(38).class,rustme/iIIliiIIiI,java/lang/Object,misc
iIIliiIiII(102).class,rustme/iIIliiIiII,java/lang/Object,kotlin-lambda-ish
iIIliiIlII(83).class,rustme/iIIliiIlII,java/lang/Object,misc
iIIliiIliI(38).class,rustme/iIIliiIliI,kotlin/properties/ObservableProperty,misc
iIIliiiIII(127).class,rustme/iIIliiiIII,java/lang/Object,misc
iIIliiiIiI(6).class,rustme/iIIliiiIiI,rustme/lIlliiiIiI,misc
iIIliiiiII(70).class,rustme/iIIliiiiII,java/lang/Object,kotlin-lambda-ish
iIIliiiilI(3).class,rustme/iIIliiiilI,java/lang/Object,misc
iIIliiiliI(6).class,rustme/iIIliiiliI,java/lang/Object,math-user
iIIliilIII(83).class,rustme/iIIliilIII,java/lang/Object,misc
iIIliilIiI(38).class,rustme/iIIliilIiI,java/lang/Object,nbt
iIIliiliiI(6).class,rustme/iIIliiliiI,rustme/IillilIiiI,item-related
iIIliililI(3).class,rustme/iIIliililI,java/lang/Object,misc
iIIliilliI(6).class,rustme/iIIliilliI,java/lang/Object,misc
iIIlilIIiI(30).class,rustme/iIIlilIIiI,java/lang/Object,network-packet
iIIlilIiII(59).class,rustme/iIIlilIiII,java/lang/Object,misc
iIIlilIlII(43).class,rustme/iIIlilIlII,java/lang/Object,misc
iIIlilIliI(22).class,rustme/iIIlilIliI,java/lang/Object,misc
iIIliliIII(67).class,rustme/iIIliliIII,java/lang/Object,misc
iIIliliIiI(14).class,rustme/iIIliliIiI,rustme/iliIiliIiI,entity-related
iIIliliiII(46).class,rustme/iIIliliiII,java/lang/Object,kotlin-lambda-ish
iIIliliilI(3).class,rustme/iIIliliilI,java/lang/Object,misc
iIIlililiI(6).class,rustme/iIIlililiI,java/lang/Object,kotlin-lambda-ish
iIIlillIII(43).class,rustme/iIIlillIII,java/lang/Object,misc
iIIlillIiI(22).class,rustme/iIIlillIiI,java/lang/Object,tileentity
iIIlilliiI(6).class,rustme/iIIlilliiI,java/lang/Object,misc
iIIlillliI(6).class,rustme/iIIlillliI,java/lang/Object,kotlin-lambda-ish
iIIllIIIII(75).class,rustme/iIIllIIIII,java/lang/Object,misc
iIIllIIIiI(30).class,rustme/iIIllIIIiI,java/lang/Object,misc
iIIllIIilI(15).class,rustme/iIIllIIilI,java/lang/Object,misc
iIIllIIliI(30).class,rustme/iIIllIIliI,kotlin/jvm/internal/FunctionReferenceImpl,kotlin-lambda-ish
iIIllIiIiI(14).class,rustme/iIIllIiIiI,rustme/IiillIiIiI,misc
iIIllIiiII(46).class,rustme/iIIllIiiII,java/lang/Object,kotlin-lambda-ish
iIIllIilII(39).class,rustme/iIIllIilII,java/lang/Object,misc
iIIllIiliI(14).class,rustme/iIIllIiliI,java/lang/Object,kotlin-coroutines
iIIllIlIiI(30).class,rustme/iIIllIlIiI,java/lang/Object,misc
iIIllIliII(39).class,rustme/iIIllIliII,java/lang/Object,misc
iIIllIliiI(14).class,rustme/iIIllIliiI,rustme/lililIliiI,particle
iIIllIllII(23).class,rustme/iIIllIllII,java/lang/Object,misc
iIIllIlliI(14).class,rustme/iIIllIlliI,java/lang/Object,kotlin-lambda-ish
iIIlliIIiI(22).class,rustme/iIIlliIIiI,java/lang/Object,tileentity
iIIlliIiII(54).class,rustme/iIIlliIiII,java/lang/Object,misc
iIIlliIlII(43).class,rustme/iIIlliIlII,java/lang/Object,misc
iIIlliIliI(22).class,rustme/iIIlliIliI,java/lang/Object,misc
iIIlliiIII(63).class,rustme/iIIlliiIII,java/lang/Object,misc
iIIlliiIiI(6).class,rustme/iIIlliiIiI,java/lang/Object,misc
iIIlliiiII(38).class,rustme/iIIlliiiII,java/lang/Object,kotlin-lambda-ish
iIIlliiilI(3).class,rustme/iIIlliiilI,java/lang/Object,misc
iIIlliiliI(6).class,rustme/iIIlliiliI,rustme/lilliiiliI,mod-command-ish
iIIllilIII(43).class,rustme/iIIllilIII,java/lang/Object,misc
iIIllilIiI(22).class,rustme/iIIllilIiI,java/lang/Object,misc
iIIlliliiI(6).class,rustme/iIIlliliiI,rustme/IiliiIliiI,network-netty
iIIllililI(3).class,rustme/iIIllililI,java/lang/Object,misc
iIIllilliI(6).class,rustme/iIIllilliI,java/lang/Object,kotlin-lambda-ish
iIIlllIIiI(22).class,rustme/iIIlllIIiI,java/lang/Object,misc
iIIlllIiII(35).class,rustme/iIIlllIiII,java/lang/Object,misc
iIIlllIiiI(6).class,rustme/iIIlllIiiI,java/lang/Object,block
iIIlllIlII(23).class,rustme/iIIlllIlII,java/lang/Object,misc
iIIlllIliI(14).class,rustme/iIIlllIliI,java/lang/Object,network-packet
iIIllliIII(39).class,rustme/iIIllliIII,java/lang/Object,misc
iIIllliIiI(14).class,rustme/iIIllliIiI,rustme/lilllliIiI,world-related
iIIllliiII(30).class,rustme/iIIllliiII,java/lang/Object,kotlin-lambda-ish
iIIllliilI(3).class,rustme/iIIllliilI,java/lang/Object,misc
iIIllliliI(6).class,rustme/iIIllliliI,java/lang/Object,misc
iIIllllIII(23).class,rustme/iIIllllIII,java/lang/Object,misc
iIIllllIiI(14).class,rustme/iIIllllIiI,java/lang/Object,misc
iIIlllliiI(6).class,rustme/iIIlllliiI,java/lang/Object,misc
iIIllllliI(6).class,rustme/iIIllllliI,java/lang/Object,kotlin-lambda-ish
iIiIIIIIiI(122).class,rustme/iIiIIIIIiI,rustme/llliiIIIiI,auth-profile
iIiIIIIiII(245).class,rustme/iIiIIIIiII,java/lang/Object,misc
iIiIIIIlII(189).class,rustme/iIiIIIIlII,java/lang/Object,misc
iIiIIIIliI(122).class,rustme/iIiIIIIliI,java/lang/Object,misc
iIiIIIiIII(277).class,rustme/iIiIIIiIII,java/lang/Object,misc
iIiIIIiIiI(58).class,rustme/iIiIIIiIiI,rustme/IIlliIiIiI,world-related
iIiIIIiiII(186).class,rustme/iIiIIIiiII,java/lang/Object,kotlin-lambda-ish
iIiIIIiilI(29).class,rustme/iIiIIIiilI,java/lang/Object,misc
iIiIIIiliI(58).class,rustme/iIiIIIiliI,rustme/iiiliIiliI,misc
iIiIIIlIII(189).class,rustme/iIiIIIlIII,java/lang/Object,misc
iIiIIIlIiI(122).class,rustme/iIiIIIlIiI,rustme/IIIiIIlIiI,misc
iIiIIIliiI(58).class,rustme/iIiIIIliiI,rustme/iliIIIliiI,misc
iIiIIIlliI(58).class,rustme/iIiIIIlliI,java/lang/Object,kotlin-lambda-ish
iIiIIiIIII(293).class,rustme/iIiIIiIIII,java/lang/Object,misc
iIiIIiIIiI(90).class,rustme/iIiIIiIIiI,java/lang/Enum,enum
iIiIIiIiII(218).class,rustme/iIiIIiIiII,java/lang/Object,kotlin-lambda-ish
iIiIIiIilI(45).class,rustme/iIiIIiIilI,java/lang/Object,misc
iIiIIiIliI(90).class,rustme/iIiIIiIliI,java/lang/Object,mod-widget
iIiIIiiIiI(26).class,rustme/iIiIIiiIiI,java/lang/Object,misc
iIiIIiiiII(154).class,rustme/iIiIIiiiII,java/lang/Object,kotlin-lambda-ish
iIiIIiilII(141).class,rustme/iIiIIiilII,java/lang/Object,misc
iIiIIiiliI(26).class,rustme/iIiIIiiliI,rustme/IIiIIiiliI,misc
iIiIIilIiI(90).class,rustme/iIiIIilIiI,java/lang/Object,entity-related
iIiIIiliII(141).class,rustme/iIiIIiliII,java/lang/Object,misc
iIiIIiliiI(26).class,rustme/iIiIIiliiI,rustme/llliIiliiI,misc
iIiIIillII(77).class,rustme/iIiIIillII,java/lang/Object,misc
iIiIIilliI(26).class,rustme/iIiIIilliI,java/lang/Object,misc
iIiIIlIIII(157).class,rustme/iIiIIlIIII,java/lang/Object,misc
iIiIIlIIiI(74).class,rustme/iIiIIlIIiI,java/lang/Object,network-packet
iIiIIlIiiI(10).class,rustme/iIiIIlIiiI,rustme/iliIIlIiiI,block
iIiIIlIilI(29).class,rustme/iIiIIlIilI,java/lang/Object,misc
iIiIIlIliI(58).class,rustme/iIiIIlIliI,java/lang/Enum,enum
iIiIIliIiI(42).class,rustme/iIiIIliIiI,rustme/liliIliIiI,entity-related
iIiIIliiII(106).class,rustme/iIiIIliiII,java/lang/Object,kotlin-lambda-ish
iIiIIlilII(77).class,rustme/iIiIIlilII,java/lang/Object,misc
iIiIIliliI(26).class,rustme/iIiIIliliI,java/lang/Object,kotlin-lambda-ish
iIiIIllIiI(58).class,rustme/iIiIIllIiI,rustme/iiIlIllIiI,misc
iIiIIlliII(77).class,rustme/iIiIIlliII,java/lang/Object,misc
iIiIIlliiI(26).class,rustme/iIiIIlliiI,java/lang/Object,misc
iIiIIlllII(45).class,rustme/iIiIIlllII,java/lang/Object,misc
iIiIIllliI(26).class,rustme/iIiIIllliI,java/lang/Object,kotlin-lambda-ish
iIiIiIIIII(301).class,rustme/iIiIiIIIII,java/lang/Object,misc
iIiIiIIIiI(106).class,rustme/iIiIiIIIiI,rustme/llIIlIiIiI,misc
iIiIiIIiII(234).class,rustme/iIiIiIIiII,java/lang/Object,misc
iIiIiIIilI(53).class,rustme/iIiIiIIilI,java/lang/Object,misc
iIiIiIIliI(106).class,rustme/iIiIiIIliI,java/lang/Object,kotlin-lambda-ish
iIiIiIiIiI(42).class,rustme/iIiIiIiIiI,java/lang/Object,misc
iIiIiIiiII(170).class,rustme/iIiIiIiiII,java/lang/Object,kotlin-lambda-ish
iIiIiIilII(149).class,rustme/iIiIiIilII,java/lang/Object,misc
iIiIiIiliI(42).class,rustme/iIiIiIiliI,java/lang/Object,misc
iIiIiIlIiI(106).class,rustme/iIiIiIlIiI,java/lang/Object,misc
iIiIiIliII(149).class,rustme/iIiIiIliII,java/lang/Object,misc
iIiIiIliiI(42).class,rustme/iIiIiIliiI,rustme/IIilIiiIiI,entity-related
iIiIiIllII(85).class,rustme/iIiIiIllII,java/lang/Object,misc
iIiIiIlliI(42).class,rustme/iIiIiIlliI,java/lang/Object,kotlin-lambda-ish
iIiIiiIIiI(74).class,rustme/iIiIiiIIiI,rustme/iiIIlliIiI,world-related
iIiIiiIiII(202).class,rustme/iIiIiiIiII,java/lang/Object,kotlin-lambda-ish
iIiIiiIlII(165).class,rustme/iIiIiiIlII,java/lang/Object,misc
iIiIiiIliI(74).class,rustme/iIiIiiIliI,java/lang/Object,kotlin-lambda-ish
iIiIiiiIII(253).class,rustme/iIiIiiiIII,java/lang/Object,misc
iIiIiiiIiI(10).class,rustme/iIiIiiiIiI,rustme/iillllliiI,misc
iIiIiiiiII(138).class,rustme/iIiIiiiiII,java/lang/Object,kotlin-lambda-ish
iIiIiiiilI(5).class,rustme/iIiIiiiilI,java/lang/Object,misc
iIiIiiiliI(10).class,rustme/iIiIiiiliI,java/lang/Object,misc
iIiIiilIII(165).class,rustme/iIiIiilIII,java/lang/Object,misc
iIiIiilIiI(74).class,rustme/iIiIiilIiI,rustme/lliiiilIiI,misc
iIiIiiliiI(10).class,rustme/iIiIiiliiI,rustme/IillilIiiI,tileentity
iIiIiililI(5).class,rustme/iIiIiililI,java/lang/Object,misc
iIiIiilliI(10).class,rustme/iIiIiilliI,java/lang/Object,network-netty
iIiIilIIiI(58).class,rustme/iIiIilIIiI,java/lang/Object,network-packet
iIiIilIiII(117).class,rustme/iIiIilIiII,java/lang/Object,misc
iIiIilIlII(85).class,rustme/iIiIilIlII,java/lang/Object,misc
iIiIilIliI(42).class,rustme/iIiIilIliI,java/lang/Object,kotlin-lambda-ish
iIiIiliIII(133).class,rustme/iIiIiliIII,java/lang/Object,misc
iIiIiliIiI(26).class,rustme/iIiIiliIiI,rustme/iliIiliIiI,entity-related
iIiIiliiII(90).class,rustme/iIiIiliiII,java/lang/Object,kotlin-lambda-ish
iIiIiliilI(5).class,rustme/iIiIiliilI,java/lang/Object,misc
iIiIililiI(10).class,rustme/iIiIililiI,java/lang/Object,kotlin-lambda-ish
iIiIillIII(85).class,rustme/iIiIillIII,java/lang/Object,misc
iIiIillIiI(42).class,rustme/iIiIillIiI,java/lang/Object,tileentity
iIiIilliiI(10).class,rustme/iIiIilliiI,java/lang/Object,misc
iIiIillliI(10).class,rustme/iIiIillliI,java/lang/Object,kotlin-lambda-ish
iIiIlIIIII(149).class,rustme/iIiIlIIIII,java/lang/Object,misc
iIiIlIIIiI(58).class,rustme/iIiIlIIIiI,java/lang/Object,auth-profile
iIiIlIIilI(29).class,rustme/iIiIlIIilI,java/lang/Object,misc
iIiIlIIliI(58).class,rustme/iIiIlIIliI,java/lang/Object,misc
iIiIlIiIiI(26).class,rustme/iIiIlIiIiI,rustme/ilIIlIiIiI,tileentity
iIiIlIiiII(90).class,rustme/iIiIlIiiII,java/lang/Object,kotlin-lambda-ish
iIiIlIilII(77).class,rustme/iIiIlIilII,java/lang/Object,misc
iIiIlIiliI(26).class,rustme/iIiIlIiliI,java/lang/Object,kotlin-lambda-ish
iIiIlIlIiI(58).class,rustme/iIiIlIlIiI,java/lang/Object,json-gson
iIiIlIliII(77).class,rustme/iIiIlIliII,java/lang/Object,misc
iIiIlIliiI(26).class,rustme/iIiIlIliiI,rustme/lililIliiI,particle
iIiIlIllII(45).class,rustme/iIiIlIllII,java/lang/Object,misc
iIiIlIlliI(26).class,rustme/iIiIlIlliI,java/lang/Object,kotlin-lambda-ish
iIiIliIIiI(42).class,rustme/iIiIliIIiI,rustme/lllIliIIiI,misc
iIiIliIiII(106).class,rustme/iIiIliIiII,java/lang/Object,misc
iIiIliIlII(85).class,rustme/iIiIliIlII,java/lang/Object,misc
iIiIliIliI(42).class,rustme/iIiIliIliI,rustme/liiIIiIliI,kotlin-lambda-ish
iIiIliiIII(125).class,rustme/iIiIliiIII,java/lang/Object,misc
iIiIliiIiI(10).class,rustme/iIiIliiIiI,rustme/IlIiliiIiI,misc
iIiIliiiII(74).class,rustme/iIiIliiiII,java/lang/Object,kotlin-lambda-ish
iIiIliiilI(5).class,rustme/iIiIliiilI,java/lang/Object,misc
iIiIliiliI(10).class,rustme/iIiIliiliI,rustme/IIiIliiliI,misc
iIiIlilIII(85).class,rustme/iIiIlilIII,java/lang/Object,misc
iIiIlilIiI(42).class,rustme/iIiIlilIiI,java/lang/Object,auth-profile
iIiIliliiI(10).class,rustme/iIiIliliiI,rustme/iiIiiIliiI,misc
iIiIlililI(5).class,rustme/iIiIlililI,java/lang/Object,misc
iIiIlilliI(10).class,rustme/iIiIlilliI,java/lang/Object,misc
iIiIllIIiI(42).class,rustme/iIiIllIIiI,rustme/ilIlllIIiI,auth-profile
iIiIllIiII(69).class,rustme/iIiIllIiII,java/lang/Object,misc
iIiIllIiiI(10).class,rustme/iIiIllIiiI,java/lang/Enum,enum
iIiIllIlII(45).class,rustme/iIiIllIlII,java/lang/Object,misc
iIiIllIliI(26).class,rustme/iIiIllIliI,java/lang/Object,kotlin-lambda-ish
iIiIlliIII(77).class,rustme/iIiIlliIII,java/lang/Object,misc
iIiIlliIiI(26).class,rustme/iIiIlliIiI,rustme/IIlIIliIiI,world-related
iIiIlliiII(58).class,rustme/iIiIlliiII,java/lang/Object,kotlin-lambda-ish
iIiIlliilI(5).class,rustme/iIiIlliilI,java/lang/Object,misc
iIiIlliliI(10).class,rustme/iIiIlliliI,kotlin/jvm/internal/FunctionReferenceImpl,kotlin-lambda-ish
iIiIlllIII(45).class,rustme/iIiIlllIII,java/lang/Object,misc
iIiIlllIiI(26).class,rustme/iIiIlllIiI,java/lang/Object,misc
iIiIllliiI(10).class,rustme/iIiIllliiI,java/lang/Object,misc
iIiIlllliI(10).class,rustme/iIiIlllliI,java/lang/Object,kotlin-lambda-ish
iIiiIIIIII(305).class,rustme/iIiiIIIIII,java/lang/Object,misc
iIiiIIIIiI(114).class,rustme/iIiiIIIIiI,rustme/lllIiIIIiI,block
iIiiIIIilI(57).class,rustme/iIiiIIIilI,java/lang/Object,misc
iIiiIIIliI(114).class,rustme/iIiiIIIliI,kotlin/properties/ObservableProperty,misc
iIiiIIiIiI(50).class,rustme/iIiiIIiIiI,rustme/IIlliIiIiI,misc
iIiiIIiiII(178).class,rustme/iIiiIIiiII,java/lang/Object,kotlin-lambda-ish
iIiiIIilII(153).class,rustme/iIiiIIilII,java/lang/Object,misc
iIiiIIiliI(50).class,rustme/iIiiIIiliI,rustme/lllliIiliI,entity-related
iIiiIIlIiI(114).class,rustme/iIiiIIlIiI,java/lang/Enum,enum
iIiiIIliII(153).class,rustme/iIiiIIliII,java/lang/Object,misc
iIiiIIliiI(50).class,rustme/iIiiIIliiI,java/lang/Object,misc
iIiiIIllII(89).class,rustme/iIiiIIllII,java/lang/Object,misc
iIiiIIlliI(50).class,rustme/iIiiIIlliI,java/lang/Object,kotlin-lambda-ish
iIiiIiIIiI(82).class,rustme/iIiiIiIIiI,rustme/liiliiIIiI,tileentity
iIiiIiIiII(210).class,rustme/iIiiIiIiII,java/lang/Object,kotlin-lambda-ish
iIiiIiIlII(169).class,rustme/iIiiIiIlII,java/lang/Object,misc
iIiiIiIliI(82).class,rustme/iIiiIiIliI,kotlin/properties/ObservableProperty,misc
iIiiIiiIII(257).class,rustme/iIiiIiiIII,java/lang/Object,misc
iIiiIiiIiI(18).class,rustme/iIiiIiiIiI,rustme/IiiliiiIiI,block
iIiiIiiiII(146).class,rustme/iIiiIiiiII,java/lang/Object,kotlin-lambda-ish
iIiiIiiilI(9).class,rustme/iIiiIiiilI,java/lang/Object,misc
iIiiIiiliI(18).class,rustme/iIiiIiiliI,rustme/IiIiIiiliI,misc
iIiiIilIII(169).class,rustme/iIiiIilIII,java/lang/Object,misc
iIiiIilIiI(82).class,rustme/iIiiIilIiI,java/lang/Object,json-gson
iIiiIiliiI(18).class,rustme/iIiiIiliiI,java/lang/Object,misc
iIiiIililI(9).class,rustme/iIiiIililI,java/lang/Object,misc
iIiiIilliI(18).class,rustme/iIiiIilliI,java/lang/Object,misc
iIiiIlIIiI(66).class,rustme/iIiiIlIIiI,java/lang/Object,network-packet
iIiiIlIiII(121).class,rustme/iIiiIlIiII,java/lang/Object,misc
iIiiIlIiiI(2).class,rustme/iIiiIlIiiI,java/lang/Object,block
iIiiIlIlII(89).class,rustme/iIiiIlIlII,java/lang/Object,misc
iIiiIlIliI(50).class,rustme/iIiiIlIliI,java/lang/Object,kotlin-lambda-ish
iIiiIliIII(137).class,rustme/iIiiIliIII,java/lang/Object,misc
iIiiIliIiI(34).class,rustme/iIiiIliIiI,rustme/lliiIliIiI,tileentity
iIiiIliiII(98).class,rustme/iIiiIliiII,java/lang/Object,kotlin-lambda-ish
iIiiIliilI(9).class,rustme/iIiiIliilI,java/lang/Object,misc
iIiiIliliI(18).class,rustme/iIiiIliliI,rustme/llIiIliliI,gui-textures
iIiiIllIII(89).class,rustme/iIiiIllIII,java/lang/Object,misc
iIiiIllIiI(50).class,rustme/iIiiIllIiI,java/lang/Object,misc
iIiiIlliiI(18).class,rustme/iIiiIlliiI,java/lang/Object,misc
iIiiIllliI(18).class,rustme/iIiiIllliI,java/lang/Object,kotlin-lambda-ish
iIiiiIIIiI(98).class,rustme/iIiiiIIIiI,java/lang/Object,misc
iIiiiIIiII(226).class,rustme/iIiiiIIiII,java/lang/Object,misc
iIiiiIIlII(177).class,rustme/iIiiiIIlII,java/lang/Object,misc
iIiiiIIliI(98).class,rustme/iIiiiIIliI,rustme/IliIIiIliI,mod-widget
iIiiiIiIII(265).class,rustme/iIiiiIiIII,java/lang/Object,misc
iIiiiIiIiI(34).class,rustme/iIiiiIiIiI,java/io/InputStream,misc
iIiiiIiiII(162).class,rustme/iIiiiIiiII,java/lang/Object,kotlin-lambda-ish
iIiiiIiilI(17).class,rustme/iIiiiIiilI,java/lang/Object,misc
iIiiiIiliI(34).class,rustme/iIiiiIiliI,rustme/lilliiiliI,mod-command-ish
iIiiiIlIII(177).class,rustme/iIiiiIlIII,java/lang/Object,misc
iIiiiIlIiI(98).class,rustme/iIiiiIlIiI,java/lang/Object,misc
iIiiiIliiI(34).class,rustme/iIiiiIliiI,java/lang/Object,math-user
iIiiiIlilI(17).class,rustme/iIiiiIlilI,java/lang/Object,misc
iIiiiIlliI(34).class,rustme/iIiiiIlliI,java/lang/Object,kotlin-lambda-ish
iIiiiiIIII(281).class,rustme/iIiiiiIIII,java/lang/Object,misc
iIiiiiIIiI(66).class,rustme/iIiiiiIIiI,java/lang/Object,misc
iIiiiiIiII(194).class,rustme/iIiiiiIiII,java/lang/Object,kotlin-lambda-ish
iIiiiiIilI(33).class,rustme/iIiiiiIilI,java/lang/Object,misc
iIiiiiIliI(66).class,rustme/iIiiiiIliI,rustme/IlilIIIliI,mod-widget
iIiiiiiIiI(2).class,rustme/iIiiiiiIiI,rustme/IlilllliiI,misc
iIiiiiiiII(130).class,rustme/iIiiiiiiII,java/lang/Object,kotlin-lambda-ish
iIiiiiilII(129).class,rustme/iIiiiiilII,java/lang/Object,misc
iIiiiiiliI(2).class,rustme/iIiiiiiliI,java/lang/Object,entity-renderer
iIiiiilIiI(66).class,rustme/iIiiiilIiI,java/lang/Object,world-related
iIiiiiliII(129).class,rustme/iIiiiiliII,java/lang/Object,misc
iIiiiiliiI(2).class,rustme/iIiiiiliiI,rustme/iliiiiliiI,misc
iIiiiillII(65).class,rustme/iIiiiillII,java/lang/Object,misc
iIiiiilliI(2).class,rustme/iIiiiilliI,java/lang/Object,entity-related
iIiiilIIII(145).class,rustme/iIiiilIIII,java/lang/Object,misc
iIiiilIIiI(50).class,rustme/iIiiilIIiI,rustme/iliiilIIiI,misc
iIiiilIilI(17).class,rustme/iIiiilIilI,java/lang/Object,misc
iIiiilIliI(34).class,rustme/iIiiilIliI,kotlin/coroutines/jvm/internal/SuspendLambda,kotlin-coroutines
iIiiiliIiI(18).class,rustme/iIiiiliIiI,rustme/IiillIiIiI,misc
iIiiiliiII(82).class,rustme/iIiiiliiII,java/lang/Object,kotlin-lambda-ish
iIiiililII(65).class,rustme/iIiiililII,java/lang/Object,misc
iIiiililiI(2).class,rustme/iIiiililiI,java/lang/Object,mod-widget
iIiiillIiI(34).class,rustme/iIiiillIiI,java/util/ArrayList,misc
iIiiilliII(65).class,rustme/iIiiilliII,java/lang/Object,misc
iIiiilliiI(2).class,rustme/iIiiilliiI,rustme/lililIliiI,particle
iIiiilllII(33).class,rustme/iIiiilllII,java/lang/Object,misc
iIiiillliI(2).class,rustme/iIiiillliI,java/lang/Object,kotlin-lambda-ish
iIiilIIIiI(50).class,rustme/iIiilIIIiI,java/lang/Object,misc
iIiilIIiII(113).class,rustme/iIiilIIiII,java/lang/Object,misc
iIiilIIlII(89).class,rustme/iIiilIIlII,java/lang/Object,misc
iIiilIIliI(50).class,rustme/iIiilIIliI,java/lang/Object,misc
iIiilIiIII(129).class,rustme/iIiilIiIII,java/lang/Object,misc
iIiilIiIiI(18).class,rustme/iIiilIiIiI,rustme/IIlliIiIiI,misc
iIiilIiiII(82).class,rustme/iIiilIiiII,java/lang/Object,kotlin-lambda-ish
iIiilIiilI(9).class,rustme/iIiilIiilI,java/lang/Object,misc
iIiilIiliI(18).class,rustme/iIiilIiliI,java/lang/Object,kotlin-lambda-ish
iIiilIlIII(89).class,rustme/iIiilIlIII,java/lang/Object,misc
iIiilIlIiI(50).class,rustme/iIiilIlIiI,rustme/llllIIlIiI,entity-related
iIiilIliiI(18).class,rustme/iIiilIliiI,java/lang/Object,network-packet
iIiilIlliI(18).class,rustme/iIiilIlliI,java/lang/Object,kotlin-lambda-ish
iIiiliIIII(137).class,rustme/iIiiliIIII,java/lang/Object,misc
iIiiliIIiI(34).class,rustme/iIiiliIIiI,rustme/llIIlIiIiI,world-related
iIiiliIiII(98).class,rustme/iIiiliIiII,java/lang/Object,kotlin-lambda-ish
iIiiliIilI(17).class,rustme/iIiiliIilI,java/lang/Object,misc
iIiiliIliI(34).class,rustme/iIiiliIliI,kotlin/properties/ObservableProperty,misc
iIiiliiIiI(2).class,rustme/iIiiliiIiI,rustme/ilIillliiI,misc
iIiiliiiII(66).class,rustme/iIiiliiiII,java/lang/Object,kotlin-lambda-ish
iIiiliilII(65).class,rustme/iIiiliilII,java/lang/Object,misc
iIiiliiliI(2).class,rustme/iIiiliiliI,rustme/IililiiliI,misc
iIiililIiI(34).class,rustme/iIiililIiI,java/lang/Object,misc
iIiililiII(65).class,rustme/iIiililiII,java/lang/Object,misc
iIiililiiI(2).class,rustme/iIiililiiI,java/lang/Object,misc
iIiilillII(33).class,rustme/iIiilillII,java/lang/Object,misc
iIiililliI(2).class,rustme/iIiililliI,java/lang/Enum,enum
iIiillIIII(81).class,rustme/iIiillIIII,java/lang/Object,misc
iIiillIIiI(34).class,rustme/iIiillIIiI,java/lang/Object,misc
iIiillIiiI(2).class,rustme/iIiillIiiI,rustme/IillilIiiI,item-related
iIiillIilI(9).class,rustme/iIiillIilI,java/lang/Object,misc
iIiillIliI(18).class,rustme/iIiillIliI,java/lang/Object,misc
iIiilliIiI(18).class,rustme/iIiilliIiI,java/lang/Enum,enum
iIiilliiII(50).class,rustme/iIiilliiII,java/lang/Object,kotlin-lambda-ish
iIiillilII(33).class,rustme/iIiillilII,java/lang/Object,misc
iIiilliliI(2).class,rustme/iIiilliliI,rustme/llIIlliliI,mod-widget
iIiilllIiI(18).class,rustme/iIiilllIiI,rustme/IIliIllIiI,misc
iIiillliII(33).class,rustme/iIiillliII,java/lang/Object,misc
iIiillliiI(2).class,rustme/iIiillliiI,java/lang/Object,world-related
iIiillllII(17).class,rustme/iIiillllII,java/lang/Object,misc
iIiilllliI(2).class,rustme/iIiilllliI,java/lang/Object,kotlin-lambda-ish
iIilIIIIII(153).class,rustme/iIilIIIIII,java/lang/Object,misc
iIilIIIIiI(58).class,rustme/iIilIIIIiI,rustme/IIlIIIIIiI,math-user
iIilIIIilI(29).class,rustme/iIilIIIilI,java/lang/Object,misc
iIilIIIliI(58).class,rustme/iIilIIIliI,rustme/IlilIIIliI,mod-widget
iIilIIiIiI(26).class,rustme/iIilIIiIiI,java/lang/Object,misc
iIilIIiiII(90).class,rustme/iIilIIiiII,java/lang/Object,kotlin-lambda-ish
iIilIIilII(77).class,rustme/iIilIIilII,java/lang/Object,misc
iIilIIiliI(26).class,rustme/iIilIIiliI,java/lang/Object,misc
iIilIIlIiI(58).class,rustme/iIilIIlIiI,java/lang/Object,misc
iIilIIliII(77).class,rustme/iIilIIliII,java/lang/Object,misc
iIilIIliiI(26).class,rustme/iIilIIliiI,java/lang/Object,misc
iIilIIllII(45).class,rustme/iIilIIllII,java/lang/Object,misc
iIilIIlliI(26).class,rustme/iIilIIlliI,java/lang/Object,kotlin-lambda-ish
iIilIiIIiI(42).class,rustme/iIilIiIIiI,rustme/lIIIIiIIiI,world-related
iIilIiIiII(106).class,rustme/iIilIiIiII,java/lang/Object,kotlin-lambda-ish
iIilIiIlII(85).class,rustme/iIilIiIlII,java/lang/Object,misc
iIilIiIliI(42).class,rustme/iIilIiIliI,rustme/lllIIiIliI,mod-widget
iIilIiiIII(129).class,rustme/iIilIiiIII,java/lang/Object,misc
iIilIiiIiI(10).class,rustme/iIilIiiIiI,java/lang/Object,misc
iIilIiiiII(74).class,rustme/iIilIiiiII,java/lang/Object,kotlin-lambda-ish
iIilIiiilI(5).class,rustme/iIilIiiilI,java/lang/Object,misc
iIilIiiliI(10).class,rustme/iIilIiiliI,rustme/lIlIIiiliI,gui-screen
iIilIilIII(85).class,rustme/iIilIilIII,java/lang/Object,misc
iIilIilIiI(42).class,rustme/iIilIilIiI,java/lang/Object,math-user
iIilIiliiI(10).class,rustme/iIilIiliiI,java/lang/Object,misc
iIilIililI(5).class,rustme/iIilIililI,java/lang/Object,misc
iIilIilliI(10).class,rustme/iIilIilliI,java/lang/Object,misc
iIilIlIIiI(34).class,rustme/iIilIlIIiI,java/lang/Object,misc
iIilIlIiII(61).class,rustme/iIilIlIiII,java/lang/Object,misc
iIilIlIiiI(2).class,rustme/iIilIlIiiI,rustme/iliIIlIiiI,block
iIilIlIlII(45).class,rustme/iIilIlIlII,java/lang/Object,misc
iIilIlIliI(26).class,rustme/iIilIlIliI,rustme/illIIlIliI,misc
iIilIliIII(69).class,rustme/iIilIliIII,java/lang/Object,misc
iIilIliIiI(18).class,rustme/iIilIliIiI,rustme/IIlIIliIiI,world-related
iIilIliiII(50).class,rustme/iIilIliiII,java/lang/Object,kotlin-lambda-ish
iIilIliilI(5).class,rustme/iIilIliilI,java/lang/Object,misc
iIilIliliI(10).class,rustme/iIilIliliI,rustme/IlilIIIliI,mod-widget
iIilIllIII(45).class,rustme/iIilIllIII,java/lang/Object,misc
iIilIllIiI(26).class,rustme/iIilIllIiI,rustme/IilIIllIiI,misc
iIilIlliiI(10).class,rustme/iIilIlliiI,rustme/IIlIIlliiI,misc
iIilIllliI(10).class,rustme/iIilIllliI,java/lang/Object,kotlin-lambda-ish
iIiliIIIiI(50).class,rustme/iIiliIIIiI,rustme/llliiIIIiI,tileentity
iIiliIIiII(114).class,rustme/iIiliIIiII,rustme/IillIiIiII,misc
iIiliIIlII(89).class,rustme/iIiliIIlII,java/lang/Object,misc
iIiliIIliI(50).class,rustme/iIiliIIliI,rustme/IliIIiIliI,mod-widget
iIiliIiIII(133).class,rustme/iIiliIiIII,java/lang/Object,misc
iIiliIiIiI(18).class,rustme/iIiliIiIiI,java/lang/Object,misc
iIiliIiiII(82).class,rustme/iIiliIiiII,java/lang/Object,kotlin-lambda-ish
iIiliIiilI(9).class,rustme/iIiliIiilI,java/lang/Object,misc
iIiliIiliI(18).class,rustme/iIiliIiliI,java/lang/Object,entity-related
iIiliIlIII(89).class,rustme/iIiliIlIII,java/lang/Object,misc
iIiliIlIiI(50).class,rustme/iIiliIlIiI,java/lang/Object,nbt
iIiliIliiI(18).class,rustme/iIiliIliiI,java/lang/Object,misc
iIiliIlilI(9).class,rustme/iIiliIlilI,java/lang/Object,misc
iIiliIlliI(18).class,rustme/iIiliIlliI,java/lang/Object,kotlin-lambda-ish
iIiliiIIII(141).class,rustme/iIiliiIIII,java/lang/Object,misc
iIiliiIIiI(34).class,rustme/iIiliiIIiI,rustme/IiiliiIIiI,world-related
iIiliiIiII(98).class,rustme/iIiliiIiII,java/lang/Object,kotlin-lambda-ish
iIiliiIilI(17).class,rustme/iIiliiIilI,java/lang/Object,misc
iIiliiIliI(34).class,rustme/iIiliiIliI,java/lang/Object,mod-ui
iIiliiiIiI(2).class,rustme/iIiliiiIiI,rustme/iIlIiiiIiI,entity-renderer
iIiliiiiII(66).class,rustme/iIiliiiiII,java/lang/Object,kotlin-lambda-ish
iIiliiilII(65).class,rustme/iIiliiilII,java/lang/Object,misc
iIiliiiliI(2).class,rustme/iIiliiiliI,java/lang/Object,misc
iIiliilIiI(34).class,rustme/iIiliilIiI,java/lang/Object,nbt
iIiliiliII(65).class,rustme/iIiliiliII,java/lang/Object,misc
iIiliiliiI(2).class,rustme/iIiliiliiI,java/lang/Object,world-related
iIiliillII(33).class,rustme/iIiliillII,java/lang/Object,misc
iIiliilliI(2).class,rustme/iIiliilliI,java/lang/Object,misc
iIililIIII(73).class,rustme/iIililIIII,java/lang/Object,misc
iIililIIiI(26).class,rustme/iIililIIiI,java/lang/Object,network-packet
iIililIilI(9).class,rustme/iIililIilI,java/lang/Object,misc
iIililIliI(18).class,rustme/iIililIliI,java/lang/Object,misc
iIililiIiI(10).class,rustme/iIililiIiI,rustme/iliIiliIiI,misc
iIililiiII(42).class,rustme/iIililiiII,java/lang/Object,kotlin-lambda-ish
iIilililII(33).class,rustme/iIilililII,java/lang/Object,misc
iIilililiI(2).class,rustme/iIilililiI,java/lang/Object,kotlin-lambda-ish
iIilillIiI(18).class,rustme/iIilillIiI,java/lang/Object,misc
iIililliII(33).class,rustme/iIililliII,java/lang/Object,misc
iIililliiI(2).class,rustme/iIililliiI,java/lang/Object,misc
iIililllII(17).class,rustme/iIililllII,java/lang/Object,misc
iIilillliI(2).class,rustme/iIilillliI,java/lang/Object,kotlin-lambda-ish
iIillIIIiI(26).class,rustme/iIillIIIiI,io/netty/channel/ChannelInitializer,network-netty
iIillIIiII(57).class,rustme/iIillIIiII,java/lang/Object,misc
iIillIIlII(45).class,rustme/iIillIIlII,java/lang/Object,misc
iIillIIliI(26).class,rustme/iIillIIliI,kotlin/jvm/internal/FunctionReferenceImpl,kotlin-lambda-ish
iIillIiIII(65).class,rustme/iIillIiIII,java/lang/Object,misc
iIillIiIiI(10).class,rustme/iIillIiIiI,rustme/IiillIiIiI,misc
iIillIiiII(42).class,rustme/iIillIiiII,java/lang/Object,kotlin-lambda-ish
iIillIiilI(5).class,rustme/iIillIiilI,java/lang/Object,misc
iIillIiliI(10).class,rustme/iIillIiliI,java/lang/Object,kotlin-lambda-ish
iIillIlIII(45).class,rustme/iIillIlIII,java/lang/Object,misc
iIillIlIiI(26).class,rustme/iIillIlIiI,java/lang/Object,misc
iIillIliiI(10).class,rustme/iIillIliiI,rustme/IIiiilliiI,misc
iIillIlliI(10).class,rustme/iIillIlliI,java/lang/Object,kotlin-lambda-ish
iIilliIIII(69).class,rustme/iIilliIIII,java/lang/Object,misc
iIilliIIiI(18).class,rustme/iIilliIIiI,rustme/lllIliIIiI,misc
iIilliIiII(50).class,rustme/iIilliIiII,java/lang/Object,misc
iIilliIilI(9).class,rustme/iIilliIilI,java/lang/Object,misc
iIilliIliI(18).class,rustme/iIilliIliI,rustme/IliIIiIliI,gui-textures
iIilliiIiI(2).class,rustme/iIilliiIiI,java/lang/Enum,enum
iIilliiiII(34).class,rustme/iIilliiiII,java/lang/Object,kotlin-lambda-ish
iIilliilII(33).class,rustme/iIilliilII,java/lang/Object,misc
iIilliiliI(2).class,rustme/iIilliiliI,rustme/lilliiiliI,mod-command-ish
iIillilIiI(18).class,rustme/iIillilIiI,java/lang/Enum,enum
iIilliliII(33).class,rustme/iIilliliII,java/lang/Object,misc
iIilliliiI(2).class,rustme/iIilliliiI,rustme/ililliliiI,misc
iIillillII(17).class,rustme/iIillillII,java/lang/Object,misc
iIillilliI(2).class,rustme/iIillilliI,java/lang/Object,kotlin-lambda-ish
iIilllIIII(41).class,rustme/iIilllIIII,java/lang/Object,misc
iIilllIIiI(18).class,rustme/iIilllIIiI,rustme/lIilllIIiI,auth-profile
iIilllIiiI(2).class,rustme/iIilllIiiI,java/lang/Object,misc
iIilllIilI(5).class,rustme/iIilllIilI,java/lang/Object,misc
iIilllIliI(10).class,rustme/iIilllIliI,java/lang/Object,kotlin-lambda-ish
iIillliIiI(10).class,rustme/iIillliIiI,rustme/iliIiliIiI,entity-related
iIillliiII(26).class,rustme/iIillliiII,java/lang/Object,kotlin-lambda-ish
iIilllilII(17).class,rustme/iIilllilII,java/lang/Object,misc
iIillliliI(2).class,rustme/iIillliliI,rustme/llIIlliliI,gui-textures
iIillllIiI(10).class,rustme/iIillllIiI,java/lang/Object,misc
iIilllliII(17).class,rustme/iIilllliII,java/lang/Object,misc
iIilllliiI(2).class,rustme/iIilllliiI,java/lang/Object,misc
iIilllllII(9).class,rustme/iIilllllII,java/lang/Object,misc
iIillllliI(2).class,rustme/iIillllliI,java/lang/Object,kotlin-lambda-ish
iIlIIIIIiI(62).class,rustme/iIlIIIIIiI,java/lang/Exception,misc
iIlIIIIiII(123).class,rustme/iIlIIIIiII,java/lang/Object,misc
iIlIIIIlII(95).class,rustme/iIlIIIIlII,java/lang/Object,misc
iIlIIIIliI(62).class,rustme/iIlIIIIliI,java/lang/Object,misc
iIlIIIiIII(139).class,rustme/iIlIIIiIII,java/lang/Object,misc
iIlIIIiIiI(30).class,rustme/iIlIIIiIiI,java/lang/Object,entity-related
iIlIIIiiII(94).class,rustme/iIlIIIiiII,java/lang/Object,kotlin-lambda-ish
iIlIIIiilI(15).class,rustme/iIlIIIiilI,java/lang/Object,misc
iIlIIIiliI(30).class,rustme/iIlIIIiliI,java/lang/Object,misc
iIlIIIlIII(95).class,rustme/iIlIIIlIII,java/lang/Object,misc
iIlIIIlIiI(62).class,rustme/iIlIIIlIiI,java/lang/Object,misc
iIlIIIliiI(30).class,rustme/iIlIIIliiI,rustme/lIlliIliiI,network-packet
iIlIIIlliI(30).class,rustme/iIlIIIlliI,java/lang/Object,kotlin-lambda-ish
iIlIIiIIII(147).class,rustme/iIlIIiIIII,java/lang/Object,misc
iIlIIiIIiI(46).class,rustme/iIlIIiIIiI,rustme/iilIIiIIiI,world-related
iIlIIiIiII(110).class,rustme/iIlIIiIiII,java/lang/Object,kotlin-lambda-ish
iIlIIiIilI(23).class,rustme/iIlIIiIilI,java/lang/Object,misc
iIlIIiIliI(46).class,rustme/iIlIIiIliI,kotlin/properties/ObservableProperty,misc
iIlIIiiIiI(14).class,rustme/iIlIIiiIiI,java/lang/Enum,enum
iIlIIiiiII(78).class,rustme/iIlIIiiiII,java/lang/Object,kotlin-lambda-ish
iIlIIiilII(71).class,rustme/iIlIIiilII,java/lang/Object,misc
iIlIIiiliI(14).class,rustme/iIlIIiiliI,java/lang/Enum,enum
iIlIIilIiI(46).class,rustme/iIlIIilIiI,java/lang/Object,json-gson
iIlIIiliII(71).class,rustme/iIlIIiliII,java/lang/Object,misc
iIlIIiliiI(14).class,rustme/iIlIIiliiI,java/lang/Object,misc
iIlIIillII(39).class,rustme/iIlIIillII,java/lang/Object,misc
iIlIIilliI(14).class,rustme/iIlIIilliI,java/lang/Object,misc
iIlIIlIIII(79).class,rustme/iIlIIlIIII,java/lang/Object,misc
iIlIIlIIiI(38).class,rustme/iIlIIlIIiI,java/lang/Object,misc
iIlIIlIiiI(6).class,rustme/iIlIIlIiiI,rustme/iIlliiliiI,misc
iIlIIlIilI(15).class,rustme/iIlIIlIilI,java/lang/Object,misc
iIlIIlIliI(30).class,rustme/iIlIIlIliI,kotlin/coroutines/jvm/internal/SuspendLambda,kotlin-coroutines
iIlIIliIiI(22).class,rustme/iIlIIliIiI,java/lang/Object,entity-related
iIlIIliiII(54).class,rustme/iIlIIliiII,java/lang/Object,kotlin-lambda-ish
iIlIIlilII(39).class,rustme/iIlIIlilII,java/lang/Object,misc
iIlIIliliI(14).class,rustme/iIlIIliliI,java/lang/Object,misc
iIlIIllIiI(30).class,rustme/iIlIIllIiI,rustme/llIiIllIiI,misc
iIlIIlliII(39).class,rustme/iIlIIlliII,java/lang/Object,misc
iIlIIlliiI(14).class,rustme/iIlIIlliiI,rustme/IIlIIlliiI,misc
iIlIIlllII(23).class,rustme/iIlIIlllII,java/lang/Object,misc
iIlIIllliI(14).class,rustme/iIlIIllliI,java/lang/Object,kotlin-lambda-ish
iIlIiIIIII(151).class,rustme/iIlIiIIIII,java/lang/Object,misc
iIlIiIIIiI(54).class,rustme/iIlIiIIIiI,rustme/iIlliIIIiI,world-related
iIlIiIIiII(118).class,rustme/iIlIiIIiII,java/lang/Object,lambdas
iIlIiIIilI(27).class,rustme/iIlIiIIilI,java/lang/Object,misc
iIlIiIIliI(54).class,rustme/iIlIiIIliI,kotlin/properties/ObservableProperty,kotlin-lambda-ish
iIlIiIiIiI(22).class,rustme/iIlIiIiIiI,java/lang/Object,misc
iIlIiIiiII(86).class,rustme/iIlIiIiiII,java/lang/Object,kotlin-lambda-ish
iIlIiIilII(75).class,rustme/iIlIiIilII,java/lang/Object,misc
iIlIiIiliI(22).class,rustme/iIlIiIiliI,java/lang/Object,misc
iIlIiIlIiI(54).class,rustme/iIlIiIlIiI,java/lang/Object,misc
iIlIiIliII(75).class,rustme/iIlIiIliII,java/lang/Object,misc
iIlIiIliiI(22).class,rustme/iIlIiIliiI,java/lang/Object,network-packet
iIlIiIllII(43).class,rustme/iIlIiIllII,java/lang/Object,misc
iIlIiIlliI(22).class,rustme/iIlIiIlliI,java/lang/Object,kotlin-lambda-ish
iIlIiiIIiI(38).class,rustme/iIlIiiIIiI,java/lang/Enum,enum
iIlIiiIiII(102).class,rustme/iIlIiiIiII,java/lang/Object,kotlin-lambda-ish
iIlIiiIlII(83).class,rustme/iIlIiiIlII,java/lang/Object,misc
iIlIiiIliI(38).class,rustme/iIlIiiIliI,java/lang/Object,misc
iIlIiiiIII(127).class,rustme/iIlIiiiIII,java/lang/Object,misc
iIlIiiiIiI(6).class,rustme/iIlIiiiIiI,rustme/lIlIiiiIiI,entity-related
iIlIiiiiII(70).class,rustme/iIlIiiiiII,java/lang/Object,kotlin-lambda-ish
iIlIiiiilI(3).class,rustme/iIlIiiiilI,java/lang/Object,misc
iIlIiiiliI(6).class,rustme/iIlIiiiliI,java/lang/Object,misc
iIlIiilIII(83).class,rustme/iIlIiilIII,java/lang/Object,misc
iIlIiilIiI(38).class,rustme/iIlIiilIiI,java/lang/Enum,enum
iIlIiiliiI(6).class,rustme/iIlIiiliiI,java/lang/Object,block
iIlIiililI(3).class,rustme/iIlIiililI,java/lang/Object,misc
iIlIiilliI(6).class,rustme/iIlIiilliI,java/lang/Object,misc
iIlIilIIiI(30).class,rustme/iIlIilIIiI,java/lang/Object,network-packet
iIlIilIiII(59).class,rustme/iIlIilIiII,java/lang/Object,misc
iIlIilIlII(43).class,rustme/iIlIilIlII,java/lang/Object,misc
iIlIilIliI(22).class,rustme/iIlIilIliI,rustme/lllIilIliI,misc
iIlIiliIII(67).class,rustme/iIlIiliIII,java/lang/Object,misc
iIlIiliIiI(14).class,rustme/iIlIiliIiI,rustme/lilIiliIiI,world-related
iIlIiliiII(46).class,rustme/iIlIiliiII,java/lang/Object,kotlin-lambda-ish
iIlIiliilI(3).class,rustme/iIlIiliilI,java/lang/Object,misc
iIlIililiI(6).class,rustme/iIlIililiI,rustme/IlilIIIliI,mod-widget
iIlIillIII(43).class,rustme/iIlIillIII,java/lang/Object,misc
iIlIillIiI(22).class,rustme/iIlIillIiI,java/lang/Object,block
iIlIilliiI(6).class,rustme/iIlIilliiI,java/lang/Object,misc
iIlIillliI(6).class,rustme/iIlIillliI,java/lang/Object,kotlin-lambda-ish
iIlIlIIIII(75).class,rustme/iIlIlIIIII,java/lang/Object,misc
iIlIlIIIiI(30).class,rustme/iIlIlIIIiI,java/lang/Object,network-netty
iIlIlIIilI(15).class,rustme/iIlIlIIilI,java/lang/Object,misc
iIlIlIIliI(30).class,rustme/iIlIlIIliI,java/lang/Object,kotlin-lambda-ish
iIlIlIiIiI(14).class,rustme/iIlIlIiIiI,java/lang/Object,misc
iIlIlIiiII(46).class,rustme/iIlIlIiiII,java/lang/Object,kotlin-lambda-ish
iIlIlIilII(39).class,rustme/iIlIlIilII,java/lang/Object,misc
iIlIlIiliI(14).class,rustme/iIlIlIiliI,java/lang/Object,math-user
iIlIlIlIiI(30).class,rustme/iIlIlIlIiI,java/lang/Object,nbt
iIlIlIliII(39).class,rustme/iIlIlIliII,java/lang/Object,misc
iIlIlIliiI(14).class,rustme/iIlIlIliiI,rustme/lililIliiI,particle
iIlIlIllII(23).class,rustme/iIlIlIllII,java/lang/Object,misc
iIlIlIlliI(14).class,rustme/iIlIlIlliI,java/lang/Object,kotlin-lambda-ish
iIlIliIIiI(22).class,rustme/iIlIliIIiI,java/lang/Object,misc
iIlIliIiII(54).class,rustme/iIlIliIiII,java/lang/Enum,enum
iIlIliIlII(43).class,rustme/iIlIliIlII,java/lang/Object,misc
iIlIliIliI(22).class,rustme/iIlIliIliI,java/lang/Object,misc
iIlIliiIII(63).class,rustme/iIlIliiIII,java/lang/Object,misc
iIlIliiIiI(6).class,rustme/iIlIliiIiI,rustme/IIlIliiIiI,auth-profile
iIlIliiiII(38).class,rustme/iIlIliiiII,java/lang/Object,kotlin-lambda-ish
iIlIliiilI(3).class,rustme/iIlIliiilI,java/lang/Object,misc
iIlIliiliI(6).class,rustme/iIlIliiliI,rustme/IIiIIIliiI,misc
iIlIlilIII(43).class,rustme/iIlIlilIII,java/lang/Object,misc
iIlIlilIiI(22).class,rustme/iIlIlilIiI,java/lang/Object,misc
iIlIliliiI(6).class,rustme/iIlIliliiI,rustme/lIlililiiI,misc
iIlIlililI(3).class,rustme/iIlIlililI,java/lang/Object,misc
iIlIlilliI(6).class,rustme/iIlIlilliI,kotlin/properties/ObservableProperty,kotlin-lambda-ish
iIlIllIIiI(22).class,rustme/iIlIllIIiI,java/lang/Object,auth-profile
iIlIllIiII(35).class,rustme/iIlIllIiII,java/lang/Object,misc
iIlIllIiiI(6).class,rustme/iIlIllIiiI,java/lang/Object,misc
iIlIllIlII(23).class,rustme/iIlIllIlII,java/lang/Object,misc
iIlIllIliI(14).class,rustme/iIlIllIliI,kotlin/coroutines/jvm/internal/RestrictedSuspendLambda,mod-widget
iIlIlliIII(39).class,rustme/iIlIlliIII,java/lang/Object,misc
iIlIlliIiI(14).class,rustme/iIlIlliIiI,rustme/lilllliIiI,tileentity
iIlIlliiII(30).class,rustme/iIlIlliiII,java/lang/Object,kotlin-lambda-ish
iIlIlliilI(3).class,rustme/iIlIlliilI,java/lang/Object,misc
iIlIlliliI(6).class,rustme/iIlIlliliI,rustme/lIlilliliI,mod-widget
iIlIlllIII(23).class,rustme/iIlIlllIII,java/lang/Object,misc
iIlIlllIiI(14).class,rustme/iIlIlllIiI,java/lang/Object,misc
iIlIllliiI(6).class,rustme/iIlIllliiI,java/lang/Object,misc
iIlIlllliI(6).class,rustme/iIlIlllliI,java/lang/Object,kotlin-lambda-ish
iIliIIIIII(153).class,rustme/iIliIIIIII,java/lang/Object,misc
iIliIIIIiI(58).class,rustme/iIliIIIIiI,rustme/llliiIIIiI,tileentity
iIliIIIilI(29).class,rustme/iIliIIIilI,java/lang/Object,misc
iIliIIIliI(58).class,rustme/iIliIIIliI,java/lang/Object,gui-textures
iIliIIiIiI(26).class,rustme/iIliIIiIiI,java/lang/Object,misc
iIliIIiiII(90).class,rustme/iIliIIiiII,java/lang/Object,kotlin-lambda-ish
iIliIIilII(77).class,rustme/iIliIIilII,java/lang/Object,misc
iIliIIiliI(26).class,rustme/iIliIIiliI,rustme/illIiIiliI,render-gl-wrapper
iIliIIlIiI(58).class,rustme/iIliIIlIiI,rustme/IIIiIIlIiI,misc
iIliIIliII(77).class,rustme/iIliIIliII,java/lang/Object,misc
iIliIIliiI(26).class,rustme/iIliIIliiI,rustme/IIiiIIliiI,misc
iIliIIllII(45).class,rustme/iIliIIllII,java/lang/Object,misc
iIliIIlliI(26).class,rustme/iIliIIlliI,java/lang/Object,kotlin-lambda-ish
iIliIiIIiI(42).class,rustme/iIliIiIIiI,rustme/lliiIiIIiI,world-related
iIliIiIiII(106).class,rustme/iIliIiIiII,java/lang/Object,kotlin-lambda-ish
iIliIiIlII(85).class,rustme/iIliIiIlII,java/lang/Object,misc
iIliIiIliI(42).class,rustme/iIliIiIliI,rustme/IIIiIiIliI,kotlin-lambda-ish
iIliIiiIII(129).class,rustme/iIliIiiIII,java/lang/Object,misc
iIliIiiIiI(10).class,rustme/iIliIiiIiI,java/lang/Object,misc
iIliIiiiII(74).class,rustme/iIliIiiiII,java/lang/Object,kotlin-lambda-ish
iIliIiiilI(5).class,rustme/iIliIiiilI,java/lang/Object,misc
iIliIiiliI(10).class,rustme/iIliIiiliI,rustme/IIiIIiiliI,misc
iIliIilIII(85).class,rustme/iIliIilIII,java/lang/Object,misc
iIliIilIiI(42).class,rustme/iIliIilIiI,java/lang/Object,entity-related
iIliIiliiI(10).class,rustme/iIliIiliiI,java/lang/Object,misc
iIliIililI(5).class,rustme/iIliIililI,java/lang/Object,misc
iIliIilliI(10).class,rustme/iIliIilliI,java/lang/Object,misc
iIliIlIIiI(34).class,rustme/iIliIlIIiI,java/lang/Object,network-packet
iIliIlIiII(61).class,rustme/iIliIlIiII,java/lang/Object,misc
iIliIlIiiI(2).class,rustme/iIliIlIiiI,rustme/IillilIiiI,tileentity
iIliIlIlII(45).class,rustme/iIliIlIlII,java/lang/Object,misc
iIliIlIliI(26).class,rustme/iIliIlIliI,rustme/IIliIlIliI,misc
iIliIliIII(69).class,rustme/iIliIliIII,java/lang/Object,misc
iIliIliIiI(18).class,rustme/iIliIliIiI,rustme/liliIliIiI,misc
iIliIliiII(50).class,rustme/iIliIliiII,java/lang/Object,kotlin-lambda-ish
iIliIliilI(5).class,rustme/iIliIliilI,java/lang/Object,misc
iIliIliliI(10).class,rustme/iIliIliliI,kotlin/jvm/internal/FunctionReferenceImpl,kotlin-lambda-ish
iIliIllIII(45).class,rustme/iIliIllIII,java/lang/Object,misc
iIliIllIiI(26).class,rustme/iIliIllIiI,rustme/llIiIllIiI,misc
iIliIlliiI(10).class,rustme/iIliIlliiI,java/lang/Object,misc
iIliIllliI(10).class,rustme/iIliIllliI,java/lang/Object,kotlin-lambda-ish
iIliiIIIiI(50).class,rustme/iIliiIIIiI,java/lang/Object,tileentity
iIliiIIiII(114).class,rustme/iIliiIIiII,java/lang/Object,misc
iIliiIIlII(89).class,rustme/iIliiIIlII,java/lang/Object,misc
iIliiIIliI(50).class,rustme/iIliiIIliI,java/lang/Object,misc
iIliiIiIII(133).class,rustme/iIliiIiIII,java/lang/Object,misc
iIliiIiIiI(18).class,rustme/iIliiIiIiI,java/lang/Object,json-gson
iIliiIiiII(82).class,rustme/iIliiIiiII,java/lang/Object,kotlin-lambda-ish
iIliiIiilI(9).class,rustme/iIliiIiilI,java/lang/Object,misc
iIliiIiliI(18).class,rustme/iIliiIiliI,java/lang/Object,kotlin-lambda-ish
iIliiIlIII(89).class,rustme/iIliiIlIII,java/lang/Object,misc
iIliiIlIiI(50).class,rustme/iIliiIlIiI,rustme/liliiIlIiI,misc
iIliiIliiI(18).class,rustme/iIliiIliiI,rustme/lllIliIIiI,misc
iIliiIlilI(9).class,rustme/iIliiIlilI,java/lang/Object,misc
iIliiIlliI(18).class,rustme/iIliiIlliI,java/lang/Object,kotlin-lambda-ish
iIliiiIIII(141).class,rustme/iIliiiIIII,java/lang/Object,misc
iIliiiIIiI(34).class,rustme/iIliiiIIiI,rustme/llillliIiI,block
iIliiiIiII(98).class,rustme/iIliiiIiII,java/lang/Object,kotlin-lambda-ish
iIliiiIilI(17).class,rustme/iIliiiIilI,java/lang/Object,misc
iIliiiIliI(34).class,rustme/iIliiiIliI,java/lang/Object,mod-widget
iIliiiiIiI(2).class,rustme/iIliiiiIiI,rustme/iIlIiiiIiI,entity-renderer
iIliiiiiII(66).class,rustme/iIliiiiiII,java/lang/Object,kotlin-lambda-ish
iIliiiilII(65).class,rustme/iIliiiilII,java/lang/Object,misc
iIliiiiliI(2).class,rustme/iIliiiiliI,java/lang/Object,misc
iIliiilIiI(34).class,rustme/iIliiilIiI,rustme/IIiIiilIiI,nbt
iIliiiliII(65).class,rustme/iIliiiliII,java/lang/Object,misc
iIliiiliiI(2).class,rustme/iIliiiliiI,rustme/IillilIiiI,tileentity
iIliiillII(33).class,rustme/iIliiillII,java/lang/Object,misc
iIliiilliI(2).class,rustme/iIliiilliI,java/lang/Object,auth-profile
iIliilIIII(73).class,rustme/iIliilIIII,java/lang/Object,misc
iIliilIIiI(26).class,rustme/iIliilIIiI,java/lang/Object,world-related
iIliilIilI(9).class,rustme/iIliilIilI,java/lang/Object,misc
iIliilIliI(18).class,rustme/iIliilIliI,java/lang/Object,kotlin-lambda-ish
iIliiliIiI(10).class,rustme/iIliiliIiI,java/lang/Object,network-netty
iIliiliiII(42).class,rustme/iIliiliiII,java/lang/Object,kotlin-lambda-ish
iIliililII(33).class,rustme/iIliililII,java/lang/Object,misc
iIliililiI(2).class,rustme/iIliililiI,rustme/IliIIiIliI,mod-widget
iIliillIiI(18).class,rustme/iIliillIiI,java/lang/Object,block
iIliilliII(33).class,rustme/iIliilliII,java/lang/Object,misc
iIliilliiI(2).class,rustme/iIliilliiI,java/lang/Object,misc
iIliilllII(17).class,rustme/iIliilllII,java/lang/Object,misc
iIliillliI(2).class,rustme/iIliillliI,java/lang/Object,kotlin-lambda-ish
iIlilIIIiI(26).class,rustme/iIlilIIIiI,java/lang/Object,auth-profile
iIlilIIiII(57).class,rustme/iIlilIIiII,java/lang/Object,misc
iIlilIIlII(45).class,rustme/iIlilIIlII,java/lang/Object,misc
iIlilIIliI(26).class,rustme/iIlilIIliI,java/lang/Object,misc
iIlilIiIII(65).class,rustme/iIlilIiIII,java/lang/Object,misc
iIlilIiIiI(10).class,rustme/iIlilIiIiI,java/lang/Object,misc
iIlilIiiII(42).class,rustme/iIlilIiiII,java/lang/Object,kotlin-lambda-ish
iIlilIiilI(5).class,rustme/iIlilIiilI,java/lang/Object,misc
iIlilIiliI(10).class,rustme/iIlilIiliI,java/lang/Object,lambdas
iIlilIlIII(45).class,rustme/iIlilIlIII,java/lang/Object,misc
iIlilIlIiI(26).class,rustme/iIlilIlIiI,java/lang/Enum,enum
iIlilIliiI(10).class,rustme/iIlilIliiI,java/lang/Object,misc
iIlilIlliI(10).class,rustme/iIlilIlliI,java/lang/Object,kotlin-lambda-ish
iIliliIIII(69).class,rustme/iIliliIIII,java/lang/Object,misc
iIliliIIiI(18).class,rustme/iIliliIIiI,rustme/IIIiliIIiI,misc
iIliliIiII(50).class,rustme/iIliliIiII,java/lang/Object,misc
iIliliIilI(9).class,rustme/iIliliIilI,java/lang/Object,misc
iIliliIliI(18).class,rustme/iIliliIliI,java/lang/Object,misc
iIliliiIiI(2).class,rustme/iIliliiIiI,java/lang/Object,misc
iIliliiiII(34).class,rustme/iIliliiiII,java/lang/Object,kotlin-lambda-ish
iIliliilII(33).class,rustme/iIliliilII,java/lang/Object,misc
iIliliiliI(2).class,rustme/iIliliiliI,rustme/illiliiliI,misc
iIlililIiI(18).class,rustme/iIlililIiI,rustme/lIlililIiI,misc
iIlililiII(33).class,rustme/iIlililiII,java/lang/Object,misc
iIlililiiI(2).class,rustme/iIlililiiI,java/lang/Object,gui-textures
iIlilillII(17).class,rustme/iIlilillII,java/lang/Object,misc
iIlililliI(2).class,rustme/iIlililliI,java/lang/Object,misc
iIlillIIII(41).class,rustme/iIlillIIII,java/lang/Object,misc
iIlillIIiI(18).class,rustme/iIlillIIiI,rustme/IIIillIIiI,misc
iIlillIiiI(2).class,rustme/iIlillIiiI,java/lang/Object,misc
iIlillIilI(5).class,rustme/iIlillIilI,java/lang/Object,misc
iIlillIliI(10).class,rustme/iIlillIliI,java/lang/Object,lambdas
iIlilliIiI(10).class,rustme/iIlilliIiI,rustme/ilIilliIiI,world-related
iIlilliiII(26).class,rustme/iIlilliiII,java/lang/Object,kotlin-lambda-ish
iIlillilII(17).class,rustme/iIlillilII,java/lang/Object,misc
iIlilliliI(2).class,rustme/iIlilliliI,rustme/lIlilliliI,kotlin-lambda-ish
iIlilllIiI(10).class,rustme/iIlilllIiI,java/lang/Object,misc
iIlillliII(17).class,rustme/iIlillliII,java/lang/Object,misc
iIlillliiI(2).class,rustme/iIlillliiI,java/lang/Object,misc
iIlillllII(9).class,rustme/iIlillllII,java/lang/Object,misc
iIlilllliI(2).class,rustme/iIlilllliI,java/lang/Object,kotlin-lambda-ish
iIllIIIIII(77).class,rustme/iIllIIIIII,java/lang/Object,misc
iIllIIIIiI(30).class,rustme/iIllIIIIiI,java/lang/Object,misc
iIllIIIilI(15).class,rustme/iIllIIIilI,java/lang/Object,misc
iIllIIIliI(30).class,rustme/iIllIIIliI,java/lang/Object,misc
iIllIIiIiI(14).class,rustme/iIllIIiIiI,rustme/IIlliIiIiI,misc
iIllIIiiII(46).class,rustme/iIllIIiiII,java/lang/Object,kotlin-lambda-ish
iIllIIilII(39).class,rustme/iIllIIilII,java/lang/Object,misc
iIllIIiliI(14).class,rustme/iIllIIiliI,rustme/iIIliIiliI,render-shader-loader
iIllIIlIiI(30).class,rustme/iIllIIlIiI,rustme/IlllIIlIiI,json-gson
iIllIIliII(39).class,rustme/iIllIIliII,java/lang/Object,misc
iIllIIliiI(14).class,rustme/iIllIIliiI,rustme/IIlllIlIiI,network-packet
iIllIIllII(23).class,rustme/iIllIIllII,java/lang/Object,misc
iIllIIlliI(14).class,rustme/iIllIIlliI,java/lang/Object,kotlin-lambda-ish
iIllIiIIiI(22).class,rustme/iIllIiIIiI,rustme/iilIlIiIiI,misc
iIllIiIiII(54).class,rustme/iIllIiIiII,java/lang/Object,misc
iIllIiIlII(43).class,rustme/iIllIiIlII,java/lang/Object,misc
iIllIiIliI(22).class,rustme/iIllIiIliI,rustme/IliIIiIliI,mod-widget
iIllIiiIII(65).class,rustme/iIllIiiIII,java/lang/Object,misc
iIllIiiIiI(6).class,rustme/iIllIiiIiI,java/lang/Object,misc
iIllIiiiII(38).class,rustme/iIllIiiiII,java/lang/Object,kotlin-lambda-ish
iIllIiiilI(3).class,rustme/iIllIiiilI,java/lang/Object,misc
iIllIiiliI(6).class,rustme/iIllIiiliI,rustme/IililiiliI,misc
iIllIilIII(43).class,rustme/iIllIilIII,java/lang/Object,misc
iIllIilIiI(22).class,rustme/iIllIilIiI,rustme/lIllIilIiI,entity-related
iIllIiliiI(6).class,rustme/iIllIiliiI,java/lang/Object,math-user
iIllIililI(3).class,rustme/iIllIililI,java/lang/Object,misc
iIllIilliI(6).class,rustme/iIllIilliI,java/lang/Enum,enum
iIllIlIIiI(22).class,rustme/iIllIlIIiI,java/lang/Object,nbt
iIllIlIiII(35).class,rustme/iIllIlIiII,java/lang/Object,misc
iIllIlIiiI(6).class,rustme/iIllIlIiiI,java/lang/Object,misc
iIllIlIlII(23).class,rustme/iIllIlIlII,java/lang/Object,misc
iIllIlIliI(14).class,rustme/iIllIlIliI,java/lang/Object,misc
iIllIliIII(39).class,rustme/iIllIliIII,java/lang/Object,misc
iIllIliIiI(14).class,rustme/iIllIliIiI,java/lang/Object,misc
iIllIliiII(30).class,rustme/iIllIliiII,java/lang/Object,kotlin-lambda-ish
iIllIliilI(3).class,rustme/iIllIliilI,java/lang/Object,misc
iIllIliliI(6).class,rustme/iIllIliliI,java/lang/Object,kotlin-lambda-ish
iIllIllIII(23).class,rustme/iIllIllIII,java/lang/Object,misc
iIllIllIiI(14).class,rustme/iIllIllIiI,rustme/llIiIllIiI,misc
iIllIlliiI(6).class,rustme/iIllIlliiI,java/lang/Object,misc
iIllIllliI(6).class,rustme/iIllIllliI,java/lang/Object,kotlin-lambda-ish
iIlliIIIiI(26).class,rustme/iIlliIIIiI,rustme/llliiIIIiI,tileentity
iIlliIIiII(58).class,rustme/iIlliIIiII,java/lang/Object,misc
iIlliIIlII(45).class,rustme/iIlliIIlII,java/lang/Object,misc
iIlliIIliI(26).class,rustme/iIlliIIliI,java/lang/Object,misc
iIlliIiIII(67).class,rustme/iIlliIiIII,java/lang/Object,misc
iIlliIiIiI(10).class,rustme/iIlliIiIiI,java/lang/Object,misc
iIlliIiiII(42).class,rustme/iIlliIiiII,java/lang/Object,kotlin-lambda-ish
iIlliIiilI(5).class,rustme/iIlliIiilI,java/lang/Object,misc
iIlliIiliI(10).class,rustme/iIlliIiliI,rustme/illIiIiliI,render-gl-wrapper
iIlliIlIII(45).class,rustme/iIlliIlIII,java/lang/Object,misc
iIlliIlIiI(26).class,rustme/iIlliIlIiI,rustme/IIlliIlIiI,misc
iIlliIliiI(10).class,rustme/iIlliIliiI,rustme/lllliIliiI,misc
iIlliIlilI(5).class,rustme/iIlliIlilI,java/lang/Object,misc
iIlliIlliI(10).class,rustme/iIlliIlliI,java/lang/Object,kotlin-lambda-ish
iIlliiIIII(71).class,rustme/iIlliiIIII,java/lang/Object,misc
iIlliiIIiI(18).class,rustme/iIlliiIIiI,rustme/IiiIiliIiI,entity-related
iIlliiIiII(50).class,rustme/iIlliiIiII,java/lang/Object,kotlin-lambda-ish
iIlliiIilI(9).class,rustme/iIlliiIilI,java/lang/Object,misc
iIlliiIliI(18).class,rustme/iIlliiIliI,kotlin/properties/ObservableProperty,misc
iIlliiiIiI(2).class,rustme/iIlliiiIiI,rustme/ilIiiiiIiI,entity-renderer
iIlliiiiII(34).class,rustme/iIlliiiiII,java/lang/Object,kotlin-lambda-ish
iIlliiilII(33).class,rustme/iIlliiilII,java/lang/Object,misc
iIlliiiliI(2).class,rustme/iIlliiiliI,java/lang/Object,mod-command-ish
iIlliilIiI(18).class,rustme/iIlliilIiI,java/lang/Object,misc
iIlliiliII(33).class,rustme/iIlliiliII,java/lang/Object,misc
iIlliiliiI(2).class,rustme/iIlliiliiI,rustme/IllIiiliiI,tileentity
iIlliillII(17).class,rustme/iIlliillII,java/lang/Object,misc
iIlliilliI(2).class,rustme/iIlliilliI,java/lang/Object,misc
iIllilIIII(41).class,rustme/iIllilIIII,java/lang/Object,misc
iIllilIIiI(18).class,rustme/iIllilIIiI,java/lang/Object,network-packet
iIllilIiiI(2).class,rustme/iIllilIiiI,java/lang/Object,block
iIllilIilI(5).class,rustme/iIllilIilI,java/lang/Object,misc
iIllilIliI(10).class,rustme/iIllilIliI,java/lang/Object,misc
iIlliliIiI(10).class,rustme/iIlliliIiI,rustme/iliIiliIiI,entity-related
iIlliliiII(26).class,rustme/iIlliliiII,java/lang/Object,kotlin-lambda-ish
iIllililII(17).class,rustme/iIllililII,java/lang/Object,misc
iIllililiI(2).class,rustme/iIllililiI,rustme/llIiIliliI,gui-screen
iIllillIiI(10).class,rustme/iIllillIiI,java/lang/Object,world-related
iIllilliII(17).class,rustme/iIllilliII,java/lang/Object,misc
iIllilliiI(2).class,rustme/iIllilliiI,java/lang/RuntimeException,misc
iIllilllII(9).class,rustme/iIllilllII,java/lang/Object,misc
iIllillliI(2).class,rustme/iIllillliI,java/lang/Object,kotlin-lambda-ish
iIlllIIIiI(14).class,rustme/iIlllIIIiI,java/lang/Object,misc
iIlllIIiII(29).class,rustme/iIlllIIiII,java/lang/Object,misc
iIlllIIlII(23).class,rustme/iIlllIIlII,java/lang/Object,misc
iIlllIIliI(14).class,rustme/iIlllIIliI,java/lang/Object,kotlin-lambda-ish
iIlllIiIII(33).class,rustme/iIlllIiIII,java/lang/Object,misc
iIlllIiIiI(6).class,rustme/iIlllIiIiI,rustme/IiillIiIiI,misc
iIlllIiiII(22).class,rustme/iIlllIiiII,java/lang/Object,kotlin-lambda-ish
iIlllIiilI(3).class,rustme/iIlllIiilI,java/lang/Object,misc
iIlllIiliI(6).class,rustme/iIlllIiliI,java/lang/Object,misc
iIlllIlIII(23).class,rustme/iIlllIlIII,java/lang/Object,misc
iIlllIlIiI(14).class,rustme/iIlllIlIiI,java/lang/Object,world-related
iIlllIliiI(6).class,rustme/iIlllIliiI,java/lang/Object,misc
iIlllIlliI(6).class,rustme/iIlllIlliI,java/lang/Object,kotlin-lambda-ish
iIllliIIII(35).class,rustme/iIllliIIII,java/lang/Object,misc
iIllliIIiI(10).class,rustme/iIllliIIiI,java/lang/Object,json-gson
iIllliIiII(26).class,rustme/iIllliIiII,java/lang/Object,misc
iIllliIilI(5).class,rustme/iIllliIilI,java/lang/Object,misc
iIllliIliI(10).class,rustme/iIllliIliI,rustme/IlilIIIliI,mod-widget
iIllliiIiI(2).class,rustme/iIllliiIiI,java/lang/Object,misc
iIllliiiII(18).class,rustme/iIllliiiII,java/lang/Object,kotlin-lambda-ish
iIllliilII(17).class,rustme/iIllliilII,java/lang/Object,misc
iIllliiliI(2).class,rustme/iIllliiliI,rustme/lilliiiliI,mod-command-ish
iIlllilIiI(10).class,rustme/iIlllilIiI,java/lang/Enum,enum
iIllliliII(17).class,rustme/iIllliliII,java/lang/Object,misc
iIllliliiI(2).class,rustme/iIllliliiI,rustme/IlIlliliiI,gui-screen
iIlllillII(9).class,rustme/iIlllillII,java/lang/Object,misc
iIlllilliI(2).class,rustme/iIlllilliI,java/lang/Object,kotlin-lambda-ish
iIllllIIII(21).class,rustme/iIllllIIII,java/lang/Object,misc
iIllllIIiI(10).class,rustme/iIllllIIiI,java/lang/Object,network-netty
iIllllIiiI(2).class,rustme/iIllllIiiI,rustme/lIIillIiiI,block
iIllllIilI(3).class,rustme/iIllllIilI,java/lang/Object,misc
iIllllIliI(6).class,rustme/iIllllIliI,java/lang/Object,kotlin-lambda-ish
iIlllliIiI(6).class,rustme/iIlllliIiI,rustme/illIiliIiI,misc
iIlllliiII(14).class,rustme/iIlllliiII,java/lang/Object,kotlin-lambda-ish
iIllllilII(9).class,rustme/iIllllilII,java/lang/Object,misc
iIlllliliI(2).class,rustme/iIlllliliI,java/lang/Object,misc
iIlllllIiI(6).class,rustme/iIlllllIiI,java/lang/Object,math-user
iIllllliII(9).class,rustme/iIllllliII,java/lang/Object,misc
iIllllliiI(2).class,rustme/iIllllliiI,java/lang/Object,entity-renderer
iIllllllII(5).class,rustme/iIllllllII,java/lang/Object,misc
iIlllllliI(2).class,rustme/iIlllllliI,java/lang/Object,kotlin-lambda-ish
iiIIIIIIiI(124).class,rustme/iiIIIIIIiI,rustme/IliIiIIIiI,misc
iiIIIIIiII(246).class,rustme/iiIIIIIiII,java/lang/Object,misc
iiIIIIIlII(190).class,rustme/iiIIIIIlII,java/lang/Object,misc
iiIIIIIliI(124).class,rustme/iiIIIIIliI,rustme/IIiIIIIliI,mod-widget
iiIIIIiIII(278).class,rustme/iiIIIIiIII,java/lang/Object,misc
iiIIIIiIiI(60).class,rustme/iiIIIIiIiI,rustme/IIlliIiIiI,entity-related
iiIIIIiiII(188).class,rustme/iiIIIIiiII,java/lang/Object,kotlin-lambda-ish
iiIIIIiilI(30).class,rustme/iiIIIIiilI,java/lang/Object,misc
iiIIIIiliI(60).class,rustme/iiIIIIiliI,java/lang/Object,render-shader-loader
iiIIIIlIII(190).class,rustme/iiIIIIlIII,java/lang/Object,misc
iiIIIIlIiI(124).class,rustme/iiIIIIlIiI,java/lang/Object,misc
iiIIIIliiI(60).class,rustme/iiIIIIliiI,rustme/iliIIIliiI,misc
iiIIIIlliI(60).class,rustme/iiIIIIlliI,java/lang/Object,kotlin-lambda-ish
iiIIIiIIII(294).class,rustme/iiIIIiIIII,java/lang/Object,misc
iiIIIiIIiI(92).class,rustme/iiIIIiIIiI,java/lang/Object,tileentity
iiIIIiIiII(220).class,rustme/iiIIIiIiII,java/lang/Object,kotlin-lambda-ish
iiIIIiIilI(46).class,rustme/iiIIIiIilI,java/lang/Object,misc
iiIIIiIliI(92).class,rustme/iiIIIiIliI,rustme/IlilIIIliI,mod-widget
iiIIIiiIiI(28).class,rustme/iiIIIiiIiI,java/lang/Enum,enum
iiIIIiiiII(156).class,rustme/iiIIIiiiII,java/lang/Object,kotlin-lambda-ish
iiIIIiilII(142).class,rustme/iiIIIiilII,java/lang/Object,misc
iiIIIiiliI(28).class,rustme/iiIIIiiliI,java/lang/Object,misc
iiIIIilIiI(92).class,rustme/iiIIIilIiI,java/lang/Object,entity-related
iiIIIiliII(142).class,rustme/iiIIIiliII,java/lang/Object,misc
iiIIIiliiI(28).class,rustme/iiIIIiliiI,rustme/IiIIIiliiI,misc
iiIIIillII(78).class,rustme/iiIIIillII,java/lang/Object,misc
iiIIIilliI(28).class,rustme/iiIIIilliI,java/lang/Object,misc
iiIIIlIIII(158).class,rustme/iiIIIlIIII,java/lang/Object,misc
iiIIIlIIiI(76).class,rustme/iiIIIlIIiI,java/lang/Object,network-packet
iiIIIlIiiI(12).class,rustme/iiIIIlIiiI,rustme/iIIiIlIiiI,block
iiIIIlIilI(30).class,rustme/iiIIIlIilI,java/lang/Object,misc
iiIIIlIliI(60).class,rustme/iiIIIlIliI,java/lang/Enum,enum
iiIIIliIiI(44).class,rustme/iiIIIliIiI,java/lang/Object,entity-related
iiIIIliiII(108).class,rustme/iiIIIliiII,java/lang/Object,kotlin-lambda-ish
iiIIIlilII(78).class,rustme/iiIIIlilII,java/lang/Object,misc
iiIIIliliI(28).class,rustme/iiIIIliliI,java/lang/Object,kotlin-lambda-ish
iiIIIllIiI(60).class,rustme/iiIIIllIiI,rustme/lliIIllIiI,misc
iiIIIlliII(78).class,rustme/iiIIIlliII,java/lang/Object,misc
iiIIIlliiI(28).class,rustme/iiIIIlliiI,java/lang/Object,json-gson
iiIIIlllII(46).class,rustme/iiIIIlllII,java/lang/Object,misc
iiIIIllliI(28).class,rustme/iiIIIllliI,java/lang/Object,kotlin-lambda-ish
iiIIiIIIII(302).class,rustme/iiIIiIIIII,java/lang/Object,misc
iiIIiIIIiI(108).class,rustme/iiIIiIIIiI,rustme/liIIiIIIiI,block
iiIIiIIiII(236).class,rustme/iiIIiIIiII,java/lang/Object,misc
iiIIiIIilI(54).class,rustme/iiIIiIIilI,java/lang/Object,misc
iiIIiIIliI(108).class,rustme/iiIIiIIliI,java/lang/Object,misc
iiIIiIiIiI(44).class,rustme/iiIIiIiIiI,java/lang/Object,json-gson
iiIIiIiiII(172).class,rustme/iiIIiIiiII,java/lang/Object,kotlin-lambda-ish
iiIIiIilII(150).class,rustme/iiIIiIilII,java/lang/Object,misc
iiIIiIiliI(44).class,rustme/iiIIiIiliI,java/lang/Object,misc
iiIIiIlIiI(108).class,rustme/iiIIiIlIiI,rustme/lliIiIlIiI,math-user
iiIIiIliII(150).class,rustme/iiIIiIliII,java/lang/Object,misc
iiIIiIliiI(44).class,rustme/iiIIiIliiI,java/lang/Object,misc
iiIIiIllII(86).class,rustme/iiIIiIllII,java/lang/Object,misc
iiIIiIlliI(44).class,rustme/iiIIiIlliI,java/lang/Object,kotlin-lambda-ish
iiIIiiIIiI(76).class,rustme/iiIIiiIIiI,java/lang/Object,entity-related
iiIIiiIiII(204).class,rustme/iiIIiiIiII,java/lang/Object,kotlin-lambda-ish
iiIIiiIlII(166).class,rustme/iiIIiiIlII,java/lang/Object,misc
iiIIiiIliI(76).class,rustme/iiIIiiIliI,rustme/iiIliiIliI,gui-screen
iiIIiiiIII(254).class,rustme/iiIIiiiIII,java/lang/Object,misc
iiIIiiiIiI(12).class,rustme/iiIIiiiIiI,rustme/iIlIiiiIiI,entity-renderer
iiIIiiiiII(140).class,rustme/iiIIiiiiII,java/lang/Object,kotlin-lambda-ish
iiIIiiiilI(6).class,rustme/iiIIiiiilI,java/lang/Object,misc
iiIIiiiliI(12).class,rustme/iiIIiiiliI,java/lang/Object,misc
iiIIiilIII(166).class,rustme/iiIIiilIII,java/lang/Object,misc
iiIIiilIiI(76).class,rustme/iiIIiilIiI,java/lang/ThreadLocal,misc
iiIIiiliiI(12).class,rustme/iiIIiiliiI,rustme/IillilIiiI,item-related
iiIIiililI(6).class,rustme/iiIIiililI,java/lang/Object,misc
iiIIiilliI(12).class,rustme/iiIIiilliI,java/lang/Object,lambdas
iiIIilIIiI(60).class,rustme/iiIIilIIiI,java/lang/Object,network-netty
iiIIilIiII(118).class,rustme/iiIIilIiII,java/lang/Object,misc
iiIIilIlII(86).class,rustme/iiIIilIlII,java/lang/Object,misc
iiIIilIliI(44).class,rustme/iiIIilIliI,java/lang/Object,misc
iiIIiliIII(134).class,rustme/iiIIiliIII,java/lang/Object,misc
iiIIiliIiI(28).class,rustme/iiIIiliIiI,rustme/iliIiliIiI,entity-related
iiIIiliiII(92).class,rustme/iiIIiliiII,java/lang/Object,kotlin-lambda-ish
iiIIiliilI(6).class,rustme/iiIIiliilI,java/lang/Object,misc
iiIIililiI(12).class,rustme/iiIIililiI,java/lang/Object,kotlin-lambda-ish
iiIIillIII(86).class,rustme/iiIIillIII,java/lang/Object,misc
iiIIillIiI(44).class,rustme/iiIIillIiI,java/lang/Object,tileentity
iiIIilliiI(12).class,rustme/iiIIilliiI,java/lang/Object,misc
iiIIillliI(12).class,rustme/iiIIillliI,java/lang/Object,kotlin-lambda-ish
iiIIlIIIII(150).class,rustme/iiIIlIIIII,java/lang/Object,misc
iiIIlIIIiI(60).class,rustme/iiIIlIIIiI,io/netty/handler/codec/ByteToMessageDecoder,network-netty
iiIIlIIilI(30).class,rustme/iiIIlIIilI,java/lang/Object,misc
iiIIlIIliI(60).class,rustme/iiIIlIIliI,java/lang/Object,misc
iiIIlIiIiI(28).class,rustme/iiIIlIiIiI,rustme/ilIIlIiIiI,tileentity
iiIIlIiiII(92).class,rustme/iiIIlIiiII,java/lang/Object,kotlin-lambda-ish
iiIIlIilII(78).class,rustme/iiIIlIilII,java/lang/Object,misc
iiIIlIiliI(28).class,rustme/iiIIlIiliI,java/lang/Object,misc
iiIIlIlIiI(60).class,rustme/iiIIlIlIiI,rustme/liIIlIlIiI,json-gson
iiIIlIliII(78).class,rustme/iiIIlIliII,java/lang/Object,misc
iiIIlIliiI(28).class,rustme/iiIIlIliiI,rustme/lililIliiI,block
iiIIlIllII(46).class,rustme/iiIIlIllII,java/lang/Object,misc
iiIIlIlliI(28).class,rustme/iiIIlIlliI,java/lang/Object,kotlin-lambda-ish
iiIIliIIiI(44).class,rustme/iiIIliIIiI,java/lang/Object,misc
iiIIliIiII(108).class,rustme/iiIIliIiII,java/lang/Object,kotlin-lambda-ish
iiIIliIlII(86).class,rustme/iiIIliIlII,java/lang/Object,misc
iiIIliIliI(44).class,rustme/iiIIliIliI,rustme/IliIIiIliI,mod-widget
iiIIliiIII(126).class,rustme/iiIIliiIII,java/lang/Object,misc
iiIIliiIiI(12).class,rustme/iiIIliiIiI,rustme/IIlIliiIiI,entity-renderer
iiIIliiiII(76).class,rustme/iiIIliiiII,java/lang/Object,kotlin-lambda-ish
iiIIliiilI(6).class,rustme/iiIIliiilI,java/lang/Object,misc
iiIIliiliI(12).class,rustme/iiIIliiliI,rustme/lIlIIiiliI,misc
iiIIlilIII(86).class,rustme/iiIIlilIII,java/lang/Object,misc
iiIIlilIiI(44).class,rustme/iiIIlilIiI,java/lang/Enum,enum
iiIIliliiI(12).class,rustme/iiIIliliiI,rustme/IiliiIliiI,gui-textures
iiIIlililI(6).class,rustme/iiIIlililI,java/lang/Object,misc
iiIIlilliI(12).class,rustme/iiIIlilliI,rustme/IillIiIiII,misc
iiIIllIIiI(44).class,rustme/iiIIllIIiI,java/lang/Object,misc
iiIIllIiII(70).class,rustme/iiIIllIiII,java/lang/Object,misc
iiIIllIiiI(12).class,rustme/iiIIllIiiI,rustme/IillilIiiI,item-related
iiIIllIlII(46).class,rustme/iiIIllIlII,java/lang/Object,misc
iiIIllIliI(28).class,rustme/iiIIllIliI,java/lang/Object,misc
iiIIlliIII(78).class,rustme/iiIIlliIII,java/lang/Object,misc
iiIIlliIiI(28).class,rustme/iiIIlliIiI,rustme/lilllliIiI,block
iiIIlliiII(60).class,rustme/iiIIlliiII,java/lang/Object,kotlin-lambda-ish
iiIIlliilI(6).class,rustme/iiIIlliilI,java/lang/Object,misc
iiIIlliliI(12).class,rustme/iiIIlliliI,java/lang/Object,kotlin-lambda-ish
iiIIlllIII(46).class,rustme/iiIIlllIII,java/lang/Object,misc
iiIIlllIiI(28).class,rustme/iiIIlllIiI,java/lang/Object,misc
iiIIllliiI(12).class,rustme/iiIIllliiI,java/lang/Object,misc
iiIIlllliI(12).class,rustme/iiIIlllliI,java/lang/Object,kotlin-lambda-ish
iiIiIIIIII(306).class,rustme/iiIiIIIIII,java/lang/Object,misc
iiIiIIIIiI(116).class,rustme/iiIiIIIIiI,rustme/llliiIIIiI,tileentity
iiIiIIIilI(58).class,rustme/iiIiIIIilI,java/lang/Object,misc
iiIiIIIliI(116).class,rustme/iiIiIIIliI,java/lang/Object,kotlin-lambda-ish
iiIiIIiIiI(52).class,rustme/iiIiIIiIiI,rustme/IIlliIiIiI,block
iiIiIIiiII(180).class,rustme/iiIiIIiiII,java/lang/Object,kotlin-lambda-ish
iiIiIIilII(154).class,rustme/iiIiIIilII,java/lang/Object,misc
iiIiIIiliI(52).class,rustme/iiIiIIiliI,java/lang/Object,misc
iiIiIIlIiI(116).class,rustme/iiIiIIlIiI,java/lang/Object,world-related
iiIiIIliII(154).class,rustme/iiIiIIliII,java/lang/Object,misc
iiIiIIliiI(52).class,rustme/iiIiIIliiI,rustme/lIlliIliiI,network-packet
iiIiIIllII(90).class,rustme/iiIiIIllII,java/lang/Object,misc
iiIiIIlliI(52).class,rustme/iiIiIIlliI,java/lang/Object,kotlin-lambda-ish
iiIiIiIIiI(84).class,rustme/iiIiIiIIiI,java/lang/Object,nbt
iiIiIiIiII(212).class,rustme/iiIiIiIiII,java/lang/Object,kotlin-lambda-ish
iiIiIiIlII(170).class,rustme/iiIiIiIlII,java/lang/Object,misc
iiIiIiIliI(84).class,rustme/iiIiIiIliI,rustme/lIliIiIliI,mod-widget
iiIiIiiIII(258).class,rustme/iiIiIiiIII,java/lang/Object,misc
iiIiIiiIiI(20).class,rustme/iiIiIiiIiI,rustme/iIlIiiiIiI,entity-renderer
iiIiIiiiII(148).class,rustme/iiIiIiiiII,java/lang/Object,kotlin-lambda-ish
iiIiIiiilI(10).class,rustme/iiIiIiiilI,java/lang/Object,misc
iiIiIiiliI(20).class,rustme/iiIiIiiliI,rustme/IiIiIiiliI,misc
iiIiIilIII(170).class,rustme/iiIiIilIII,java/lang/Object,misc
iiIiIilIiI(84).class,rustme/iiIiIilIiI,java/lang/Object,nbt
iiIiIiliiI(20).class,rustme/iiIiIiliiI,rustme/IillilIiiI,item-related
iiIiIililI(10).class,rustme/iiIiIililI,java/lang/Object,misc
iiIiIilliI(20).class,rustme/iiIiIilliI,java/lang/Enum,enum
iiIiIlIIiI(68).class,rustme/iiIiIlIIiI,java/lang/Object,network-packet
iiIiIlIiII(122).class,rustme/iiIiIlIiII,java/lang/Object,misc
iiIiIlIiiI(4).class,rustme/iiIiIlIiiI,rustme/IillilIiiI,item-related
iiIiIlIlII(90).class,rustme/iiIiIlIlII,java/lang/Object,misc
iiIiIlIliI(52).class,rustme/iiIiIlIliI,java/lang/Object,misc
iiIiIliIII(138).class,rustme/iiIiIliIII,java/lang/Object,misc
iiIiIliIiI(36).class,rustme/iiIiIliIiI,rustme/IiiIiliIiI,misc
iiIiIliiII(100).class,rustme/iiIiIliiII,java/lang/Object,kotlin-lambda-ish
iiIiIliilI(10).class,rustme/iiIiIliilI,java/lang/Object,misc
iiIiIliliI(20).class,rustme/iiIiIliliI,java/lang/Object,misc
iiIiIllIII(90).class,rustme/iiIiIllIII,java/lang/Object,misc
iiIiIllIiI(52).class,rustme/iiIiIllIiI,java/lang/Object,misc
iiIiIlliiI(20).class,rustme/iiIiIlliiI,java/lang/Object,misc
iiIiIllliI(20).class,rustme/iiIiIllliI,java/lang/Object,kotlin-lambda-ish
iiIiiIIIiI(100).class,rustme/iiIiiIIIiI,java/lang/Object,tileentity
iiIiiIIiII(228).class,rustme/iiIiiIIiII,rustme/IIIiiIIiII,kotlin-lambda-ish
iiIiiIIlII(178).class,rustme/iiIiiIIlII,java/lang/Object,misc
iiIiiIIliI(100).class,rustme/iiIiiIIliI,rustme/IliIIiIliI,mod-widget
iiIiiIiIII(266).class,rustme/iiIiiIiIII,java/lang/Object,misc
iiIiiIiIiI(36).class,rustme/iiIiiIiIiI,java/lang/Object,misc
iiIiiIiiII(164).class,rustme/iiIiiIiiII,java/lang/Object,kotlin-lambda-ish
iiIiiIiilI(18).class,rustme/iiIiiIiilI,java/lang/Object,misc
iiIiiIiliI(36).class,rustme/iiIiiIiliI,java/lang/Object,lambdas
iiIiiIlIII(178).class,rustme/iiIiiIlIII,java/lang/Object,misc
iiIiiIlIiI(100).class,rustme/iiIiiIlIiI,rustme/IIlllilIiI,misc
iiIiiIliiI(36).class,rustme/iiIiiIliiI,rustme/IlIlliliiI,gui-screen
iiIiiIlilI(18).class,rustme/iiIiiIlilI,java/lang/Object,misc
iiIiiIlliI(36).class,rustme/iiIiiIlliI,java/lang/Object,kotlin-lambda-ish
iiIiiiIIII(282).class,rustme/iiIiiiIIII,java/lang/Object,misc
iiIiiiIIiI(68).class,rustme/iiIiiiIIiI,rustme/IllIIliIiI,misc
iiIiiiIiII(196).class,rustme/iiIiiiIiII,java/lang/Object,kotlin-lambda-ish
iiIiiiIilI(34).class,rustme/iiIiiiIilI,java/lang/Object,misc
iiIiiiIliI(68).class,rustme/iiIiiiIliI,java/lang/Object,kotlin-lambda-ish
iiIiiiiIiI(4).class,rustme/iiIiiiiIiI,rustme/iIlIiiiIiI,entity-renderer
iiIiiiiiII(132).class,rustme/iiIiiiiiII,java/lang/Object,kotlin-lambda-ish
iiIiiiilII(130).class,rustme/iiIiiiilII,java/lang/Object,misc
iiIiiiiliI(4).class,rustme/iiIiiiiliI,java/lang/Object,misc
iiIiiilIiI(68).class,rustme/iiIiiilIiI,rustme/lliiiilIiI,nbt
iiIiiiliII(130).class,rustme/iiIiiiliII,java/lang/Object,misc
iiIiiiliiI(4).class,rustme/iiIiiiliiI,rustme/iliiiiliiI,world-related
iiIiiillII(66).class,rustme/iiIiiillII,java/lang/Object,misc
iiIiiilliI(4).class,rustme/iiIiiilliI,java/lang/Object,entity-related
iiIiilIIII(146).class,rustme/iiIiilIIII,java/lang/Object,misc
iiIiilIIiI(52).class,rustme/iiIiilIIiI,java/lang/Object,misc
iiIiilIilI(18).class,rustme/iiIiilIilI,java/lang/Object,misc
iiIiilIliI(36).class,rustme/iiIiilIliI,java/lang/Object,kotlin-lambda-ish
iiIiiliIiI(20).class,rustme/iiIiiliIiI,rustme/llIiiliIiI,misc
iiIiiliiII(84).class,rustme/iiIiiliiII,java/lang/Object,kotlin-lambda-ish
iiIiililII(66).class,rustme/iiIiililII,java/lang/Object,misc
iiIiililiI(4).class,rustme/iiIiililiI,java/lang/Object,misc
iiIiillIiI(36).class,rustme/iiIiillIiI,java/lang/Object,misc
iiIiilliII(66).class,rustme/iiIiilliII,java/lang/Object,misc
iiIiilliiI(4).class,rustme/iiIiilliiI,java/lang/Object,misc
iiIiilllII(34).class,rustme/iiIiilllII,java/lang/Object,misc
iiIiillliI(4).class,rustme/iiIiillliI,java/lang/Object,kotlin-lambda-ish
iiIilIIIiI(52).class,rustme/iiIilIIIiI,rustme/iIIilIIIiI,misc
iiIilIIiII(114).class,rustme/iiIilIIiII,java/lang/Object,misc
iiIilIIlII(90).class,rustme/iiIilIIlII,java/lang/Object,misc
iiIilIIliI(52).class,rustme/iiIilIIliI,kotlin/jvm/internal/FunctionReferenceImpl,kotlin-lambda-ish
iiIilIiIII(130).class,rustme/iiIilIiIII,java/lang/Object,misc
iiIilIiIiI(20).class,rustme/iiIilIiIiI,java/lang/Object,misc
iiIilIiiII(84).class,rustme/iiIilIiiII,java/lang/Object,kotlin-lambda-ish
iiIilIiilI(10).class,rustme/iiIilIiilI,java/lang/Object,misc
iiIilIiliI(20).class,rustme/iiIilIiliI,kotlin/coroutines/jvm/internal/SuspendLambda,kotlin-coroutines
iiIilIlIII(90).class,rustme/iiIilIlIII,java/lang/Object,misc
iiIilIlIiI(52).class,rustme/iiIilIlIiI,rustme/llllIIlIiI,misc
iiIilIliiI(20).class,rustme/iiIilIliiI,java/lang/Object,auth-profile
iiIilIlliI(20).class,rustme/iiIilIlliI,java/lang/Object,kotlin-lambda-ish
iiIiliIIII(138).class,rustme/iiIiliIIII,java/lang/Object,misc
iiIiliIIiI(36).class,rustme/iiIiliIIiI,java/lang/Object,misc
iiIiliIiII(100).class,rustme/iiIiliIiII,java/lang/Object,kotlin-lambda-ish
iiIiliIilI(18).class,rustme/iiIiliIilI,java/lang/Object,misc
iiIiliIliI(36).class,rustme/iiIiliIliI,java/lang/Object,misc
iiIiliiIiI(4).class,rustme/iiIiliiIiI,java/lang/Object,misc
iiIiliiiII(68).class,rustme/iiIiliiiII,java/lang/Object,kotlin-lambda-ish
iiIiliilII(66).class,rustme/iiIiliilII,java/lang/Object,misc
iiIiliiliI(4).class,rustme/iiIiliiliI,rustme/IililiiliI,misc
iiIililIiI(36).class,rustme/iiIililIiI,java/lang/Object,math-user
iiIililiII(66).class,rustme/iiIililiII,java/lang/Object,misc
iiIililiiI(4).class,rustme/iiIililiiI,rustme/IIiIIiIIiI,network-packet
iiIilillII(34).class,rustme/iiIilillII,java/lang/Object,misc
iiIililliI(4).class,rustme/iiIililliI,java/lang/Object,misc
iiIillIIII(82).class,rustme/iiIillIIII,java/lang/Object,misc
iiIillIIiI(36).class,rustme/iiIillIIiI,java/lang/Object,misc
iiIillIiiI(4).class,rustme/iiIillIiiI,rustme/llIiIiliiI,misc
iiIillIilI(10).class,rustme/iiIillIilI,java/lang/Object,misc
iiIillIliI(20).class,rustme/iiIillIliI,java/lang/Object,misc
iiIilliIiI(20).class,rustme/iiIilliIiI,rustme/IIlIIliIiI,block
iiIilliiII(52).class,rustme/iiIilliiII,java/lang/Object,kotlin-lambda-ish
iiIillilII(34).class,rustme/iiIillilII,java/lang/Object,misc
iiIilliliI(4).class,rustme/iiIilliliI,rustme/llIIlliliI,mod-widget
iiIilllIiI(20).class,rustme/iiIilllIiI,java/lang/Object,misc
iiIillliII(34).class,rustme/iiIillliII,java/lang/Object,misc
iiIillliiI(4).class,rustme/iiIillliiI,java/lang/Object,misc
iiIillllII(18).class,rustme/iiIillllII,java/lang/Object,misc
iiIilllliI(4).class,rustme/iiIilllliI,java/lang/Object,kotlin-lambda-ish
iiIlIIIIII(154).class,rustme/iiIlIIIIII,java/lang/Object,misc
iiIlIIIIiI(60).class,rustme/iiIlIIIIiI,rustme/IIlIIIIIiI,misc
iiIlIIIilI(30).class,rustme/iiIlIIIilI,java/lang/Object,misc
iiIlIIIliI(60).class,rustme/iiIlIIIliI,java/lang/Object,kotlin-lambda-ish
iiIlIIiIiI(28).class,rustme/iiIlIIiIiI,java/lang/Object,misc
iiIlIIiiII(92).class,rustme/iiIlIIiiII,java/lang/Object,kotlin-lambda-ish
iiIlIIilII(78).class,rustme/iiIlIIilII,java/lang/Object,misc
iiIlIIiliI(28).class,rustme/iiIlIIiliI,rustme/iIIliIiliI,render-shader-loader
iiIlIIlIiI(60).class,rustme/iiIlIIlIiI,java/lang/Object,world-related
iiIlIIliII(78).class,rustme/iiIlIIliII,java/lang/Object,misc
iiIlIIliiI(28).class,rustme/iiIlIIliiI,rustme/IlIlliliiI,gui-screen
iiIlIIllII(46).class,rustme/iiIlIIllII,java/lang/Object,misc
iiIlIIlliI(28).class,rustme/iiIlIIlliI,java/lang/Object,kotlin-lambda-ish
iiIlIiIIiI(44).class,rustme/iiIlIiIIiI,java/lang/Object,block
iiIlIiIiII(108).class,rustme/iiIlIiIiII,java/lang/Object,kotlin-lambda-ish
iiIlIiIlII(86).class,rustme/iiIlIiIlII,java/lang/Object,misc
iiIlIiIliI(44).class,rustme/iiIlIiIliI,java/lang/Object,misc
iiIlIiiIII(130).class,rustme/iiIlIiiIII,java/lang/Object,misc
iiIlIiiIiI(12).class,rustme/iiIlIiiIiI,org/lwjglx/util/vector/Matrix4f,misc
iiIlIiiiII(76).class,rustme/iiIlIiiiII,java/lang/Object,kotlin-lambda-ish
iiIlIiiilI(6).class,rustme/iiIlIiiilI,java/lang/Object,misc
iiIlIiiliI(12).class,rustme/iiIlIiiliI,java/lang/Object,misc
iiIlIilIII(86).class,rustme/iiIlIilIII,java/lang/Object,misc
iiIlIilIiI(44).class,rustme/iiIlIilIiI,java/lang/Object,misc
iiIlIiliiI(12).class,rustme/iiIlIiliiI,java/lang/Exception,misc
iiIlIililI(6).class,rustme/iiIlIililI,java/lang/Object,misc
iiIlIilliI(12).class,rustme/iiIlIilliI,java/lang/Object,misc
iiIlIlIIiI(36).class,rustme/iiIlIlIIiI,rustme/IlilIlIIiI,world-related
iiIlIlIiII(62).class,rustme/iiIlIlIiII,java/lang/Object,misc
iiIlIlIiiI(4).class,rustme/iiIlIlIiiI,rustme/IillilIiiI,item-related
iiIlIlIlII(46).class,rustme/iiIlIlIlII,java/lang/Object,misc
iiIlIlIliI(28).class,rustme/iiIlIlIliI,java/lang/Object,misc
iiIlIliIII(70).class,rustme/iiIlIliIII,java/lang/Object,misc
iiIlIliIiI(20).class,rustme/iiIlIliIiI,rustme/liIlIliIiI,tileentity
iiIlIliiII(52).class,rustme/iiIlIliiII,java/lang/Object,kotlin-lambda-ish
iiIlIliilI(6).class,rustme/iiIlIliilI,java/lang/Object,misc
iiIlIliliI(12).class,rustme/iiIlIliliI,rustme/llIliiIliI,mod-widget
iiIlIllIII(46).class,rustme/iiIlIllIII,java/lang/Object,misc
iiIlIllIiI(28).class,rustme/iiIlIllIiI,rustme/llIiIllIiI,misc
iiIlIlliiI(12).class,rustme/iiIlIlliiI,rustme/IIlIIlliiI,misc
iiIlIllliI(12).class,rustme/iiIlIllliI,java/lang/Object,kotlin-lambda-ish
iiIliIIIiI(52).class,rustme/iiIliIIIiI,rustme/llliiIIIiI,tileentity
iiIliIIiII(116).class,rustme/iiIliIIiII,java/lang/Object,misc
iiIliIIlII(90).class,rustme/iiIliIIlII,java/lang/Object,misc
iiIliIIliI(52).class,rustme/iiIliIIliI,rustme/IliIIiIliI,mod-widget
iiIliIiIII(134).class,rustme/iiIliIiIII,java/lang/Object,misc
iiIliIiIiI(20).class,rustme/iiIliIiIiI,java/io/IOException,misc
iiIliIiiII(84).class,rustme/iiIliIiiII,java/lang/Object,kotlin-lambda-ish
iiIliIiilI(10).class,rustme/iiIliIiilI,java/lang/Object,misc
iiIliIiliI(20).class,rustme/iiIliIiliI,java/lang/Object,misc
iiIliIlIII(90).class,rustme/iiIliIlIII,java/lang/Object,misc
iiIliIlIiI(52).class,rustme/iiIliIlIiI,java/lang/Object,misc
iiIliIliiI(20).class,rustme/iiIliIliiI,java/lang/Object,misc
iiIliIlilI(10).class,rustme/iiIliIlilI,java/lang/Object,misc
iiIliIlliI(20).class,rustme/iiIliIlliI,java/lang/Object,kotlin-lambda-ish
iiIliiIIII(142).class,rustme/iiIliiIIII,java/lang/Object,misc
iiIliiIIiI(36).class,rustme/iiIliiIIiI,rustme/iiiliiIIiI,entity-renderer
iiIliiIiII(100).class,rustme/iiIliiIiII,java/lang/Object,kotlin-lambda-ish
iiIliiIilI(18).class,rustme/iiIliiIilI,java/lang/Object,misc
iiIliiIliI(36).class,rustme/iiIliiIliI,rustme/IlIlliliiI,gui-screen
iiIliiiIiI(4).class,rustme/iiIliiiIiI,rustme/ilIiiiiIiI,entity-renderer
iiIliiiiII(68).class,rustme/iiIliiiiII,java/lang/Object,kotlin-lambda-ish
iiIliiilII(66).class,rustme/iiIliiilII,java/lang/Object,misc
iiIliiiliI(4).class,rustme/iiIliiiliI,java/lang/Object,misc
iiIliilIiI(36).class,rustme/iiIliilIiI,java/lang/Object,json-gson
iiIliiliII(66).class,rustme/iiIliiliII,java/lang/Object,misc
iiIliiliiI(4).class,rustme/iiIliiliiI,java/lang/Object,misc
iiIliillII(34).class,rustme/iiIliillII,java/lang/Object,misc
iiIliilliI(4).class,rustme/iiIliilliI,java/lang/Object,misc
iiIlilIIII(74).class,rustme/iiIlilIIII,java/lang/Object,misc
iiIlilIIiI(28).class,rustme/iiIlilIIiI,java/lang/Object,network-packet
iiIlilIilI(10).class,rustme/iiIlilIilI,java/lang/Object,misc
iiIlilIliI(20).class,rustme/iiIlilIliI,java/lang/Object,lambdas
iiIliliIiI(12).class,rustme/iiIliliIiI,java/lang/Object,misc
iiIliliiII(44).class,rustme/iiIliliiII,java/lang/Object,kotlin-lambda-ish
iiIlililII(34).class,rustme/iiIlililII,java/lang/Object,misc
iiIlililiI(4).class,rustme/iiIlililiI,java/lang/Object,kotlin-lambda-ish
iiIlillIiI(20).class,rustme/iiIlillIiI,java/lang/Enum,enum
iiIlilliII(34).class,rustme/iiIlilliII,java/lang/Object,misc
iiIlilliiI(4).class,rustme/iiIlilliiI,java/lang/Object,misc
iiIlilllII(18).class,rustme/iiIlilllII,java/lang/Object,misc
iiIlillliI(4).class,rustme/iiIlillliI,java/lang/Object,kotlin-lambda-ish
iiIllIIIiI(28).class,rustme/iiIllIIIiI,io/netty/buffer/ByteBuf,network-netty
iiIllIIiII(58).class,rustme/iiIllIIiII,java/lang/Object,misc
iiIllIIlII(46).class,rustme/iiIllIIlII,java/lang/Object,misc
iiIllIIliI(28).class,rustme/iiIllIIliI,kotlin/jvm/internal/FunctionReferenceImpl,kotlin-lambda-ish
iiIllIiIII(66).class,rustme/iiIllIiIII,java/lang/Object,misc
iiIllIiIiI(12).class,rustme/iiIllIiIiI,rustme/IiillIiIiI,misc
iiIllIiiII(44).class,rustme/iiIllIiiII,java/lang/Object,kotlin-lambda-ish
iiIllIiilI(6).class,rustme/iiIllIiilI,java/lang/Object,misc
iiIllIiliI(12).class,rustme/iiIllIiliI,kotlin/coroutines/jvm/internal/SuspendLambda,kotlin-coroutines
iiIllIlIII(46).class,rustme/iiIllIlIII,java/lang/Object,misc
iiIllIlIiI(28).class,rustme/iiIllIlIiI,java/lang/Object,misc
iiIllIliiI(12).class,rustme/iiIllIliiI,rustme/lililIliiI,particle
iiIllIlliI(12).class,rustme/iiIllIlliI,java/lang/Object,kotlin-lambda-ish
iiIlliIIII(70).class,rustme/iiIlliIIII,java/lang/Object,misc
iiIlliIIiI(20).class,rustme/iiIlliIIiI,java/lang/Object,misc
iiIlliIiII(52).class,rustme/iiIlliIiII,java/lang/Object,misc
iiIlliIilI(10).class,rustme/iiIlliIilI,java/lang/Object,misc
iiIlliIliI(20).class,rustme/iiIlliIliI,rustme/IliIIiIliI,mod-widget
iiIlliiIiI(4).class,rustme/iiIlliiIiI,java/lang/Object,misc
iiIlliiiII(36).class,rustme/iiIlliiiII,java/lang/Object,kotlin-lambda-ish
iiIlliilII(34).class,rustme/iiIlliilII,java/lang/Object,misc
iiIlliiliI(4).class,rustme/iiIlliiliI,rustme/lilliiiliI,mod-command-ish
iiIllilIiI(20).class,rustme/iiIllilIiI,java/lang/Object,misc
iiIlliliII(34).class,rustme/iiIlliliII,java/lang/Object,misc
iiIlliliiI(4).class,rustme/iiIlliliiI,rustme/ilIIliliiI,gui-screen
iiIllillII(18).class,rustme/iiIllillII,java/lang/Object,misc
iiIllilliI(4).class,rustme/iiIllilliI,java/lang/Object,kotlin-lambda-ish
iiIlllIIII(42).class,rustme/iiIlllIIII,java/lang/Object,misc
iiIlllIIiI(20).class,rustme/iiIlllIIiI,rustme/IIilllIIiI,auth-profile
iiIlllIiiI(4).class,rustme/iiIlllIiiI,java/lang/Enum,enum
iiIlllIilI(6).class,rustme/iiIlllIilI,java/lang/Object,misc
iiIlllIliI(12).class,rustme/iiIlllIliI,java/lang/Object,kotlin-lambda-ish
iiIllliIiI(12).class,rustme/iiIllliIiI,rustme/iliIiliIiI,world-related
iiIllliiII(28).class,rustme/iiIllliiII,java/lang/Object,kotlin-lambda-ish
iiIlllilII(18).class,rustme/iiIlllilII,java/lang/Object,misc
iiIllliliI(4).class,rustme/iiIllliliI,java/lang/Object,kotlin-lambda-ish
iiIllllIiI(12).class,rustme/iiIllllIiI,java/lang/Object,misc
iiIlllliII(18).class,rustme/iiIlllliII,java/lang/Object,misc
iiIlllliiI(4).class,rustme/iiIlllliiI,java/lang/Object,auth-profile
iiIlllllII(10).class,rustme/iiIlllllII,java/lang/Object,misc
iiIllllliI(4).class,rustme/iiIllllliI,java/lang/Object,kotlin-lambda-ish
iiiIIIIIII(308).class,rustme/iiiIIIIIII,java/lang/Object,misc
iiiIIIIIiI(120).class,rustme/iiiIIIIIiI,rustme/liIIiIIIiI,misc
iiiIIIIilI(60).class,rustme/iiiIIIIilI,java/lang/Object,misc
iiiIIIIliI(120).class,rustme/iiiIIIIliI,kotlin/properties/ObservableProperty,misc
iiiIIIiIiI(56).class,rustme/iiiIIIiIiI,rustme/IIlliIiIiI,misc
iiiIIIiiII(184).class,rustme/iiiIIIiiII,java/lang/Object,kotlin-lambda-ish
iiiIIIilII(156).class,rustme/iiiIIIilII,java/lang/Object,misc
iiiIIIiliI(56).class,rustme/iiiIIIiliI,java/lang/Object,render-gl-wrapper
iiiIIIlIiI(120).class,rustme/iiiIIIlIiI,rustme/IIIiIIlIiI,misc
iiiIIIliII(156).class,rustme/iiiIIIliII,java/lang/Object,misc
iiiIIIliiI(56).class,rustme/iiiIIIliiI,rustme/lIlliIliiI,network-packet
iiiIIIllII(92).class,rustme/iiiIIIllII,java/lang/Object,misc
iiiIIIlliI(56).class,rustme/iiiIIIlliI,java/lang/Object,kotlin-lambda-ish
iiiIIiIIiI(88).class,rustme/iiiIIiIIiI,java/lang/Object,misc
iiiIIiIiII(216).class,rustme/iiiIIiIiII,java/lang/Object,kotlin-lambda-ish
iiiIIiIlII(172).class,rustme/iiiIIiIlII,java/lang/Object,misc
iiiIIiIliI(88).class,rustme/iiiIIiIliI,kotlin/properties/ObservableProperty,misc
iiiIIiiIII(260).class,rustme/iiiIIiiIII,java/lang/Object,misc
iiiIIiiIiI(24).class,rustme/iiiIIiiIiI,java/lang/Object,misc
iiiIIiiiII(152).class,rustme/iiiIIiiiII,java/lang/Object,kotlin-lambda-ish
iiiIIiiilI(12).class,rustme/iiiIIiiilI,java/lang/Object,misc
iiiIIiiliI(24).class,rustme/iiiIIiiliI,rustme/IIiIIiiliI,misc
iiiIIilIII(172).class,rustme/iiiIIilIII,java/lang/Object,misc
iiiIIilIiI(88).class,rustme/iiiIIilIiI,rustme/llliIilIiI,entity-related
iiiIIiliiI(24).class,rustme/iiiIIiliiI,rustme/llliIiliiI,misc
iiiIIililI(12).class,rustme/iiiIIililI,java/lang/Object,misc
iiiIIilliI(24).class,rustme/iiiIIilliI,rustme/iIiIIilliI,kotlin-lambda-ish
iiiIIlIIiI(72).class,rustme/iiiIIlIIiI,java/lang/Object,network-packet
iiiIIlIiII(124).class,rustme/iiiIIlIiII,java/lang/Object,misc
iiiIIlIiiI(8).class,rustme/iiiIIlIiiI,java/lang/Object,misc
iiiIIlIlII(92).class,rustme/iiiIIlIlII,java/lang/Object,misc
iiiIIlIliI(56).class,rustme/iiiIIlIliI,rustme/liiIIlIliI,misc
iiiIIliIII(140).class,rustme/iiiIIliIII,java/lang/Object,misc
iiiIIliIiI(40).class,rustme/iiiIIliIiI,java/lang/Object,lambdas
iiiIIliiII(104).class,rustme/iiiIIliiII,java/lang/Object,kotlin-lambda-ish
iiiIIliilI(12).class,rustme/iiiIIliilI,java/lang/Object,misc
iiiIIliliI(24).class,rustme/iiiIIliliI,rustme/iiIliiIliI,auth-profile
iiiIIllIII(92).class,rustme/iiiIIllIII,java/lang/Object,misc
iiiIIllIiI(56).class,rustme/iiiIIllIiI,rustme/llIiIllIiI,misc
iiiIIlliiI(24).class,rustme/iiiIIlliiI,it/unimi/dsi/fastutil/objects/AbstractObjectSortedSet,misc
iiiIIllliI(24).class,rustme/iiiIIllliI,java/lang/Object,kotlin-lambda-ish
iiiIiIIIiI(104).class,rustme/iiiIiIIIiI,rustme/llliiIIIiI,tileentity
iiiIiIIiII(232).class,rustme/iiiIiIIiII,java/lang/Object,misc
iiiIiIIlII(180).class,rustme/iiiIiIIlII,java/lang/Object,misc
iiiIiIIliI(104).class,rustme/iiiIiIIliI,java/lang/Object,misc
iiiIiIiIII(268).class,rustme/iiiIiIiIII,java/lang/Object,misc
iiiIiIiIiI(40).class,rustme/iiiIiIiIiI,rustme/IlliiIiIiI,misc
iiiIiIiiII(168).class,rustme/iiiIiIiiII,java/lang/Object,kotlin-lambda-ish
iiiIiIiilI(20).class,rustme/iiiIiIiilI,java/lang/Object,misc
iiiIiIiliI(40).class,rustme/iiiIiIiliI,java/lang/Object,misc
iiiIiIlIII(180).class,rustme/iiiIiIlIII,java/lang/Object,misc
iiiIiIlIiI(104).class,rustme/iiiIiIlIiI,rustme/IIlllilIiI,misc
iiiIiIliiI(40).class,rustme/iiiIiIliiI,rustme/IlIlliliiI,network-netty
iiiIiIlilI(20).class,rustme/iiiIiIlilI,java/lang/Object,misc
iiiIiIlliI(40).class,rustme/iiiIiIlliI,java/lang/Object,kotlin-lambda-ish
iiiIiiIIII(284).class,rustme/iiiIiiIIII,java/lang/Object,misc
iiiIiiIIiI(72).class,rustme/iiiIiiIIiI,rustme/liIliliIiI,misc
iiiIiiIiII(200).class,rustme/iiiIiiIiII,java/lang/Object,kotlin-lambda-ish
iiiIiiIilI(36).class,rustme/iiiIiiIilI,java/lang/Object,misc
iiiIiiIliI(72).class,rustme/iiiIiiIliI,java/lang/Object,kotlin-lambda-ish
iiiIiiiIiI(8).class,rustme/iiiIiiiIiI,rustme/iIlIiiiIiI,entity-renderer
iiiIiiiiII(136).class,rustme/iiiIiiiiII,java/lang/Object,kotlin-lambda-ish
iiiIiiilII(132).class,rustme/iiiIiiilII,java/lang/Object,misc
iiiIiiiliI(8).class,rustme/iiiIiiiliI,java/lang/Object,misc
iiiIiilIiI(72).class,rustme/iiiIiilIiI,rustme/lliiiilIiI,tileentity
iiiIiiliII(132).class,rustme/iiiIiiliII,java/lang/Object,misc
iiiIiiliiI(8).class,rustme/iiiIiiliiI,rustme/IillilIiiI,item-related
iiiIiillII(68).class,rustme/iiiIiillII,java/lang/Object,misc
iiiIiilliI(8).class,rustme/iiiIiilliI,java/lang/Object,kotlin-lambda-ish
iiiIilIIII(148).class,rustme/iiiIilIIII,java/lang/Object,misc
iiiIilIIiI(56).class,rustme/iiiIilIIiI,java/lang/Object,misc
iiiIilIilI(20).class,rustme/iiiIilIilI,java/lang/Object,misc
iiiIilIliI(40).class,rustme/iiiIilIliI,java/lang/Object,kotlin-lambda-ish
iiiIiliIiI(24).class,rustme/iiiIiliIiI,rustme/IIliiliIiI,math-user
iiiIiliiII(88).class,rustme/iiiIiliiII,java/lang/Object,kotlin-lambda-ish
iiiIililII(68).class,rustme/iiiIililII,java/lang/Object,misc
iiiIililiI(8).class,rustme/iiiIililiI,java/lang/Object,misc
iiiIillIiI(40).class,rustme/iiiIillIiI,java/lang/Object,block
iiiIilliII(68).class,rustme/iiiIilliII,java/lang/Object,misc
iiiIilliiI(8).class,rustme/iiiIilliiI,rustme/lililIliiI,particle
iiiIilllII(36).class,rustme/iiiIilllII,java/lang/Object,misc
iiiIillliI(8).class,rustme/iiiIillliI,java/lang/Object,kotlin-lambda-ish
iiiIlIIIiI(56).class,rustme/iiiIlIIIiI,java/lang/Object,misc
iiiIlIIiII(116).class,rustme/iiiIlIIiII,java/lang/Object,misc
iiiIlIIlII(92).class,rustme/iiiIlIIlII,java/lang/Object,misc
iiiIlIIliI(56).class,rustme/iiiIlIIliI,java/lang/Object,misc
iiiIlIiIII(132).class,rustme/iiiIlIiIII,java/lang/Object,misc
iiiIlIiIiI(24).class,rustme/iiiIlIiIiI,java/lang/Object,misc
iiiIlIiiII(88).class,rustme/iiiIlIiiII,java/lang/Object,kotlin-lambda-ish
iiiIlIiilI(12).class,rustme/iiiIlIiilI,java/lang/Object,misc
iiiIlIiliI(24).class,rustme/iiiIlIiliI,java/lang/Object,misc
iiiIlIlIII(92).class,rustme/iiiIlIlIII,java/lang/Object,misc
iiiIlIlIiI(56).class,rustme/iiiIlIlIiI,rustme/illilIlIiI,json-gson
iiiIlIliiI(24).class,rustme/iiiIlIliiI,java/lang/Object,misc
iiiIlIlliI(24).class,rustme/iiiIlIlliI,java/lang/Object,kotlin-lambda-ish
iiiIliIIII(140).class,rustme/iiiIliIIII,java/lang/Object,misc
iiiIliIIiI(40).class,rustme/iiiIliIIiI,rustme/IIIiliIIiI,misc
iiiIliIiII(104).class,rustme/iiiIliIiII,java/lang/Object,misc
iiiIliIilI(20).class,rustme/iiiIliIilI,java/lang/Object,misc
iiiIliIliI(40).class,rustme/iiiIliIliI,java/lang/Object,kotlin-lambda-ish
iiiIliiIiI(8).class,rustme/iiiIliiIiI,rustme/iliiliiIiI,math-user
iiiIliiiII(72).class,rustme/iiiIliiiII,java/lang/Object,kotlin-lambda-ish
iiiIliilII(68).class,rustme/iiiIliilII,java/lang/Object,misc
iiiIliiliI(8).class,rustme/iiiIliiliI,rustme/IililiiliI,kotlin-lambda-ish
iiiIlilIiI(40).class,rustme/iiiIlilIiI,java/lang/Enum,enum
iiiIliliII(68).class,rustme/iiiIliliII,java/lang/Object,misc
iiiIliliiI(8).class,rustme/iiiIliliiI,rustme/IliIlilIiI,misc
iiiIlillII(36).class,rustme/iiiIlillII,java/lang/Object,misc
iiiIlilliI(8).class,rustme/iiiIlilliI,java/lang/Object,misc
iiiIllIIII(84).class,rustme/iiiIllIIII,java/lang/Object,misc
iiiIllIIiI(40).class,rustme/iiiIllIIiI,java/lang/Object,misc
iiiIllIiiI(8).class,rustme/iiiIllIiiI,rustme/iIIiIlIiiI,block
iiiIllIilI(12).class,rustme/iiiIllIilI,java/lang/Object,misc
iiiIllIliI(24).class,rustme/iiiIllIliI,java/lang/Object,misc
iiiIlliIiI(24).class,rustme/iiiIlliIiI,rustme/ilIilliIiI,block
iiiIlliiII(56).class,rustme/iiiIlliiII,java/lang/Object,kotlin-lambda-ish
iiiIllilII(36).class,rustme/iiiIllilII,java/lang/Object,misc
iiiIlliliI(8).class,rustme/iiiIlliliI,java/lang/Object,misc
iiiIlllIiI(24).class,rustme/iiiIlllIiI,java/lang/Object,misc
iiiIllliII(36).class,rustme/iiiIllliII,java/lang/Object,misc
iiiIllliiI(8).class,rustme/iiiIllliiI,java/lang/Object,misc
iiiIllllII(20).class,rustme/iiiIllllII,java/lang/Object,misc
iiiIlllliI(8).class,rustme/iiiIlllliI,java/lang/Object,kotlin-lambda-ish
iiiiIIIIiI(112).class,rustme/iiiiIIIIiI,rustme/llliiIIIiI,tileentity
iiiiIIIiII(240).class,rustme/iiiiIIIiII,java/lang/Object,misc
iiiiIIIlII(184).class,rustme/iiiiIIIlII,java/lang/Object,misc
iiiiIIIliI(112).class,rustme/iiiiIIIliI,kotlin/properties/ObservableProperty,misc
iiiiIIiIII(272).class,rustme/iiiiIIiIII,java/lang/Object,misc
iiiiIIiIiI(48).class,rustme/iiiiIIiIiI,rustme/IIlliIiIiI,block
iiiiIIiiII(176).class,rustme/iiiiIIiiII,java/lang/Object,kotlin-lambda-ish
iiiiIIiilI(24).class,rustme/iiiiIIiilI,java/lang/Object,misc
iiiiIIiliI(48).class,rustme/iiiiIIiliI,rustme/lIlliIiliI,entity-related
iiiiIIlIII(184).class,rustme/iiiiIIlIII,java/lang/Object,misc
iiiiIIlIiI(112).class,rustme/iiiiIIlIiI,java/lang/Object,misc
iiiiIIliiI(48).class,rustme/iiiiIIliiI,rustme/lIlliIliiI,network-packet
iiiiIIlilI(24).class,rustme/iiiiIIlilI,java/lang/Object,misc
iiiiIIlliI(48).class,rustme/iiiiIIlliI,java/lang/Object,kotlin-lambda-ish
iiiiIiIIII(288).class,rustme/iiiiIiIIII,java/lang/Object,misc
iiiiIiIIiI(80).class,rustme/iiiiIiIIiI,rustme/liiliiIIiI,tileentity
iiiiIiIiII(208).class,rustme/iiiiIiIiII,java/lang/Object,kotlin-lambda-ish
iiiiIiIilI(40).class,rustme/iiiiIiIilI,java/lang/Object,misc
iiiiIiIliI(80).class,rustme/iiiiIiIliI,java/lang/Object,misc
iiiiIiiIiI(16).class,rustme/iiiiIiiIiI,rustme/iIlIiiiIiI,entity-renderer
iiiiIiiiII(144).class,rustme/iiiiIiiiII,java/lang/Object,kotlin-lambda-ish
iiiiIiilII(136).class,rustme/iiiiIiilII,java/lang/Object,misc
iiiiIiiliI(16).class,rustme/iiiiIiiliI,rustme/IiIiIiiliI,misc
iiiiIilIiI(80).class,rustme/iiiiIilIiI,java/lang/Object,nbt
iiiiIiliII(136).class,rustme/iiiiIiliII,java/lang/Object,misc
iiiiIiliiI(16).class,rustme/iiiiIiliiI,java/lang/Object,misc
iiiiIillII(72).class,rustme/iiiiIillII,java/lang/Object,misc
iiiiIilliI(16).class,rustme/iiiiIilliI,java/lang/Object,misc
iiiiIlIIII(152).class,rustme/iiiiIlIIII,java/lang/Object,misc
iiiiIlIIiI(64).class,rustme/iiiiIlIIiI,java/lang/Object,network-packet
iiiiIlIiiI.class,rustme/iiiiIlIiiI,rustme/IillilIiiI,item-related
iiiiIlIilI(24).class,rustme/iiiiIlIilI,java/lang/Object,misc
iiiiIlIliI(48).class,rustme/iiiiIlIliI,java/lang/Object,misc
iiiiIliIiI(32).class,rustme/iiiiIliIiI,java/lang/Object,misc
iiiiIliiII(96).class,rustme/iiiiIliiII,java/lang/Object,kotlin-lambda-ish
iiiiIlilII(72).class,rustme/iiiiIlilII,java/lang/Object,misc
iiiiIliliI(16).class,rustme/iiiiIliliI,rustme/llIiIliliI,gui-screen
iiiiIllIiI(48).class,rustme/iiiiIllIiI,java/lang/Object,misc
iiiiIlliII(72).class,rustme/iiiiIlliII,java/lang/Object,misc
iiiiIlliiI(16).class,rustme/iiiiIlliiI,rustme/lllililIiI,misc
iiiiIlllII(40).class,rustme/iiiiIlllII,java/lang/Object,misc
iiiiIllliI(16).class,rustme/iiiiIllliI,java/lang/Object,kotlin-lambda-ish
iiiiiIIIII(296).class,rustme/iiiiiIIIII,java/lang/Object,misc
iiiiiIIIiI(96).class,rustme/iiiiiIIIiI,java/lang/Enum,enum
iiiiiIIiII(224).class,rustme/iiiiiIIiII,java/lang/Object,kotlin-lambda-ish
iiiiiIIilI(48).class,rustme/iiiiiIIilI,java/lang/Object,misc
iiiiiIIliI(96).class,rustme/iiiiiIIliI,rustme/IlilIIIliI,gui-screen
iiiiiIiIiI(32).class,rustme/iiiiiIiIiI,rustme/lIIlliiIiI,json-gson
iiiiiIiiII(160).class,rustme/iiiiiIiiII,java/lang/Object,kotlin-lambda-ish
iiiiiIilII(144).class,rustme/iiiiiIilII,java/lang/Object,misc
iiiiiIiliI(32).class,rustme/iiiiiIiliI,java/lang/Object,misc
iiiiiIlIiI(96).class,rustme/iiiiiIlIiI,java/lang/Object,misc
iiiiiIliII(144).class,rustme/iiiiiIliII,java/lang/Object,misc
iiiiiIliiI(32).class,rustme/iiiiiIliiI,rustme/IlIlliliiI,gui-screen
iiiiiIllII(80).class,rustme/iiiiiIllII,java/lang/Object,misc
iiiiiIlliI(32).class,rustme/iiiiiIlliI,java/lang/Object,kotlin-lambda-ish
iiiiiiIIiI(64).class,rustme/iiiiiiIIiI,rustme/llIliliIiI,misc
iiiiiiIiII(192).class,rustme/iiiiiiIiII,java/lang/Object,kotlin-lambda-ish
iiiiiiIlII(160).class,rustme/iiiiiiIlII,java/lang/Object,misc
iiiiiiIliI(64).class,rustme/iiiiiiIliI,rustme/liiiiiIliI,gui-screen
iiiiiiiIII(248).class,rustme/iiiiiiiIII,java/lang/Object,misc
iiiiiiiIiI.class,rustme/iiiiiiiIiI,java/lang/Object,block
iiiiiiiiII(128).class,rustme/iiiiiiiiII,java/lang/Object,kotlin-lambda-ish
iiiiiiiilI.class,rustme/iiiiiiiilI,java/lang/Object,misc
iiiiiiiliI.class,rustme/iiiiiiiliI,java/lang/Object,json-gson
iiiiiilIII(160).class,rustme/iiiiiilIII,java/lang/Object,misc
iiiiiilIiI(64).class,rustme/iiiiiilIiI,java/lang/Object,misc
iiiiiiliiI.class,rustme/iiiiiiliiI,java/lang/Enum,enum
iiiiiililI.class,rustme/iiiiiililI,java/lang/Object,misc
iiiiiilliI.class,rustme/iiiiiilliI,java/lang/Object,mod-widget
iiiiilIIiI(48).class,rustme/iiiiilIIiI,java/lang/Object,misc
iiiiilIiII(112).class,rustme/iiiiilIiII,java/lang/Object,misc
iiiiilIlII(80).class,rustme/iiiiilIlII,java/lang/Object,misc
iiiiilIliI(32).class,rustme/iiiiilIliI,java/lang/Object,kotlin-lambda-ish
iiiiiliIII(128).class,rustme/iiiiiliIII,java/lang/Object,misc
iiiiiliIiI(16).class,rustme/iiiiiliIiI,rustme/IiillIiIiI,entity-related
iiiiiliiII(80).class,rustme/iiiiiliiII,java/lang/Object,kotlin-lambda-ish
iiiiiliilI.class,rustme/iiiiiliilI,java/lang/Object,misc
iiiiililiI.class,rustme/iiiiililiI,java/lang/Object,misc
iiiiillIII(80).class,rustme/iiiiillIII,java/lang/Object,misc
iiiiillIiI(32).class,rustme/iiiiillIiI,rustme/illllIlIiI,misc
iiiiilliiI.class,rustme/iiiiilliiI,java/lang/Object,misc
iiiiillliI.class,rustme/iiiiillliI,java/lang/Object,kotlin-lambda-ish
iiiilIIIII(144).class,rustme/iiiilIIIII,java/lang/Object,misc
iiiilIIIiI(48).class,rustme/iiiilIIIiI,java/lang/Object,misc
iiiilIIilI(24).class,rustme/iiiilIIilI,java/lang/Object,misc
iiiilIIliI(48).class,rustme/iiiilIIliI,rustme/IililIIliI,misc
iiiilIiIiI(16).class,rustme/iiiilIiIiI,rustme/IIlliIiIiI,entity-related
iiiilIiiII(80).class,rustme/iiiilIiiII,java/lang/Object,kotlin-lambda-ish
iiiilIilII(72).class,rustme/iiiilIilII,java/lang/Object,misc
iiiilIiliI(16).class,rustme/iiiilIiliI,kotlin/coroutines/jvm/internal/SuspendLambda,kotlin-coroutines
iiiilIlIiI(48).class,rustme/iiiilIlIiI,java/lang/Object,json-gson
iiiilIliII(72).class,rustme/iiiilIliII,java/lang/Object,misc
iiiilIliiI(16).class,rustme/iiiilIliiI,java/lang/Object,network-netty
iiiilIllII(40).class,rustme/iiiilIllII,java/lang/Object,misc
iiiilIlliI(16).class,rustme/iiiilIlliI,java/lang/Object,kotlin-lambda-ish
iiiiliIIiI(32).class,rustme/iiiiliIIiI,rustme/iilIlIiIiI,misc
iiiiliIiII(96).class,rustme/iiiiliIiII,rustme/lIliliIiII,kotlin-lambda-ish
iiiiliIlII(80).class,rustme/iiiiliIlII,java/lang/Object,misc
iiiiliIliI(32).class,rustme/iiiiliIliI,kotlin/properties/ObservableProperty,misc
iiiiliiIII(120).class,rustme/iiiiliiIII,java/lang/Object,misc
iiiiliiIiI.class,rustme/iiiiliiIiI,java/lang/Object,misc
iiiiliiiII(64).class,rustme/iiiiliiiII,java/lang/Object,kotlin-lambda-ish
iiiiliiilI.class,rustme/iiiiliiilI,java/lang/Object,misc
iiiiliiliI.class,rustme/iiiiliiliI,rustme/IililiiliI,misc
iiiililIII(80).class,rustme/iiiililIII,java/lang/Object,misc
iiiililIiI(32).class,rustme/iiiililIiI,java/lang/Object,misc
iiiililiiI.class,rustme/iiiililiiI,java/lang/Object,misc
iiiilililI.class,rustme/iiiilililI,java/lang/Object,misc
iiiililliI.class,rustme/iiiililliI,java/lang/Object,misc
iiiillIIiI(32).class,rustme/iiiillIIiI,java/lang/Object,misc
iiiillIiII(64).class,rustme/iiiillIiII,java/lang/Object,misc
iiiillIiiI.class,rustme/iiiillIiiI,rustme/IiIiIlIiiI,misc
iiiillIlII(40).class,rustme/iiiillIlII,java/lang/Object,misc
iiiillIliI(16).class,rustme/iiiillIliI,rustme/IiiillIliI,misc
iiiilliIII(72).class,rustme/iiiilliIII,java/lang/Object,misc
iiiilliIiI(16).class,rustme/iiiilliIiI,java/lang/Object,misc
iiiilliiII(48).class,rustme/iiiilliiII,java/lang/Object,kotlin-lambda-ish
iiiilliilI.class,rustme/iiiilliilI,java/lang/Object,misc
iiiilliliI.class,rustme/iiiilliliI,kotlin/jvm/internal/FunctionReferenceImpl,kotlin-lambda-ish
iiiilllIII(40).class,rustme/iiiilllIII,java/lang/Object,misc
iiiilllIiI(16).class,rustme/iiiilllIiI,rustme/iIlIIllIiI,misc
iiiillliiI.class,rustme/iiiillliiI,java/lang/Object,math-user
iiiilllliI.class,rustme/iiiilllliI,java/lang/Object,kotlin-lambda-ish
iiilIIIIiI(56).class,rustme/iiilIIIIiI,java/lang/Object,nbt
iiilIIIiII(120).class,rustme/iiilIIIiII,java/lang/Object,misc
iiilIIIlII(92).class,rustme/iiilIIIlII,java/lang/Object,misc
iiilIIIliI(56).class,rustme/iiilIIIliI,java/lang/Object,kotlin-lambda-ish
iiilIIiIII(136).class,rustme/iiilIIiIII,java/lang/Object,misc
iiilIIiIiI(24).class,rustme/iiilIIiIiI,java/lang/Object,entity-related
iiilIIiiII(88).class,rustme/iiilIIiiII,java/lang/Object,kotlin-lambda-ish
iiilIIiilI(12).class,rustme/iiilIIiilI,java/lang/Object,misc
iiilIIiliI(24).class,rustme/iiilIIiliI,java/lang/Object,misc
iiilIIlIII(92).class,rustme/iiilIIlIII,java/lang/Object,misc
iiilIIlIiI(56).class,rustme/iiilIIlIiI,java/lang/Object,misc
iiilIIliiI(24).class,rustme/iiilIIliiI,rustme/lllliIliiI,entity-related
iiilIIlliI(24).class,rustme/iiilIIlliI,java/lang/Object,kotlin-lambda-ish
iiilIiIIII(144).class,rustme/iiilIiIIII,java/lang/Object,misc
iiilIiIIiI(40).class,rustme/iiilIiIIiI,rustme/liilIiIIiI,world-related
iiilIiIiII(104).class,rustme/iiilIiIiII,java/lang/Object,kotlin-lambda-ish
iiilIiIilI(20).class,rustme/iiilIiIilI,java/lang/Object,misc
iiilIiIliI(40).class,rustme/iiilIiIliI,rustme/iIilIiIliI,misc
iiilIiiIiI(8).class,rustme/iiilIiiIiI,java/lang/Object,misc
iiilIiiiII(72).class,rustme/iiilIiiiII,java/lang/Object,kotlin-lambda-ish
iiilIiilII(68).class,rustme/iiilIiilII,java/lang/Object,misc
iiilIiiliI(8).class,rustme/iiilIiiliI,rustme/lIlIIiiliI,gui-screen
iiilIilIiI(40).class,rustme/iiilIilIiI,java/lang/Object,misc
iiilIiliII(68).class,rustme/iiilIiliII,java/lang/Object,misc
iiilIiliiI(8).class,rustme/iiilIiliiI,java/lang/Object,misc
iiilIillII(36).class,rustme/iiilIillII,java/lang/Object,misc
iiilIilliI(8).class,rustme/iiilIilliI,java/lang/Object,misc
iiilIlIIII(76).class,rustme/iiilIlIIII,java/lang/Object,misc
iiilIlIIiI(32).class,rustme/iiilIlIIiI,java/lang/RuntimeException,misc
iiilIlIiiI.class,rustme/iiilIlIiiI,rustme/IillilIiiI,item-related
iiilIlIilI(12).class,rustme/iiilIlIilI,java/lang/Object,misc
iiilIlIliI(24).class,rustme/iiilIlIliI,java/lang/Enum,enum
iiilIliIiI(16).class,rustme/iiilIliIiI,rustme/iiIlIliIiI,world-related
iiilIliiII(48).class,rustme/iiilIliiII,java/lang/Object,kotlin-lambda-ish
iiilIlilII(36).class,rustme/iiilIlilII,java/lang/Object,misc
iiilIliliI(8).class,rustme/iiilIliliI,java/lang/Object,misc
iiilIllIiI(24).class,rustme/iiilIllIiI,rustme/lllIIllIiI,misc
iiilIlliII(36).class,rustme/iiilIlliII,java/lang/Object,misc
iiilIlliiI(8).class,rustme/iiilIlliiI,java/lang/Enum,enum
iiilIlllII(20).class,rustme/iiilIlllII,java/lang/Object,misc
iiilIllliI(8).class,rustme/iiilIllliI,java/lang/Object,kotlin-lambda-ish
iiiliIIIII(148).class,rustme/iiiliIIIII,java/lang/Object,misc
iiiliIIIiI(48).class,rustme/iiiliIIIiI,java/lang/Object,world-related
iiiliIIiII(112).class,rustme/iiiliIIiII,java/lang/Object,misc
iiiliIIilI(24).class,rustme/iiiliIIilI,java/lang/Object,misc
iiiliIIliI(48).class,rustme/iiiliIIliI,java/lang/Object,misc
iiiliIiIiI(16).class,rustme/iiiliIiIiI,java/lang/Enum,enum
iiiliIiiII(80).class,rustme/iiiliIiiII,java/lang/Object,kotlin-lambda-ish
iiiliIilII(72).class,rustme/iiiliIilII,java/lang/Object,misc
iiiliIiliI(16).class,rustme/iiiliIiliI,java/lang/Object,misc
iiiliIlIiI(48).class,rustme/iiiliIlIiI,rustme/illIlIlIiI,nbt
iiiliIliII(72).class,rustme/iiiliIliII,java/lang/Object,misc
iiiliIliiI(16).class,rustme/iiiliIliiI,java/lang/Object,misc
iiiliIllII(40).class,rustme/iiiliIllII,java/lang/Object,misc
iiiliIlliI(16).class,rustme/iiiliIlliI,java/lang/Object,kotlin-lambda-ish
iiiliiIIiI(32).class,rustme/iiiliiIIiI,rustme/liiliiIIiI,tileentity
iiiliiIiII(96).class,rustme/iiiliiIiII,java/lang/Object,kotlin-lambda-ish
iiiliiIlII(80).class,rustme/iiiliiIlII,java/lang/Object,misc
iiiliiIliI(32).class,rustme/iiiliiIliI,java/lang/Object,misc
iiiliiiIII(124).class,rustme/iiiliiiIII,java/lang/Object,misc
iiiliiiIiI.class,rustme/iiiliiiIiI,java/lang/Object,block
iiiliiiiII(64).class,rustme/iiiliiiiII,java/lang/Object,kotlin-lambda-ish
iiiliiiilI.class,rustme/iiiliiiilI,java/lang/Object,misc
iiiliiiliI.class,rustme/iiiliiiliI,java/lang/Object,math-user
iiiliilIII(80).class,rustme/iiiliilIII,java/lang/Object,misc
iiiliilIiI(32).class,rustme/iiiliilIiI,java/lang/Object,block
iiiliiliiI.class,rustme/iiiliiliiI,rustme/IillilIiiI,item-related
iiiliililI.class,rustme/iiiliililI,java/lang/Object,misc
iiiliilliI.class,rustme/iiiliilliI,java/lang/Object,misc
iiililIIiI(24).class,rustme/iiililIIiI,java/lang/Object,network-packet
iiililIiII(56).class,rustme/iiililIiII,java/lang/Object,misc
iiililIlII(40).class,rustme/iiililIlII,java/lang/Object,misc
iiililIliI(16).class,rustme/iiililIliI,rustme/lllIilIliI,misc
iiililiIII(64).class,rustme/iiililiIII,java/lang/Object,misc
iiililiIiI(8).class,rustme/iiililiIiI,rustme/iliIiliIiI,world-related
iiililiiII(40).class,rustme/iiililiiII,java/lang/Object,kotlin-lambda-ish
iiililiilI.class,rustme/iiililiilI,java/lang/Object,misc
iiilililiI.class,rustme/iiilililiI,java/lang/Object,kotlin-lambda-ish
iiilillIII(40).class,rustme/iiilillIII,java/lang/Object,misc
iiilillIiI(16).class,rustme/iiilillIiI,java/lang/Object,math-user
iiililliiI.class,rustme/iiililliiI,java/lang/Object,misc
iiilillliI.class,rustme/iiilillliI,java/lang/Object,kotlin-lambda-ish
iiillIIIII(72).class,rustme/iiillIIIII,java/lang/Object,misc
iiillIIIiI(24).class,rustme/iiillIIIiI,rustme/liIlIilIiI,network-netty
iiillIIilI(12).class,rustme/iiillIIilI,java/lang/Object,misc
iiillIIliI(24).class,rustme/iiillIIliI,kotlin/jvm/internal/FunctionReferenceImpl,kotlin-lambda-ish
iiillIiIiI(8).class,rustme/iiillIiIiI,java/lang/Enum,enum
iiillIiiII(40).class,rustme/iiillIiiII,java/lang/Object,kotlin-lambda-ish
iiillIilII(36).class,rustme/iiillIilII,java/lang/Object,misc
iiillIiliI(8).class,rustme/iiillIiliI,java/lang/Object,kotlin-lambda-ish
iiillIlIiI(24).class,rustme/iiillIlIiI,java/lang/Object,misc
iiillIliII(36).class,rustme/iiillIliII,java/lang/Object,misc
iiillIliiI(8).class,rustme/iiillIliiI,rustme/lililIliiI,particle
iiillIllII(20).class,rustme/iiillIllII,java/lang/Object,misc
iiillIlliI(8).class,rustme/iiillIlliI,java/lang/Object,kotlin-lambda-ish
iiilliIIiI(16).class,rustme/iiilliIIiI,rustme/lllIliIIiI,misc
iiilliIiII(48).class,rustme/iiilliIiII,rustme/illIliIiII,misc
iiilliIlII(40).class,rustme/iiilliIlII,java/lang/Object,misc
iiilliIliI(16).class,rustme/iiilliIliI,java/lang/Object,misc
iiilliiIII(60).class,rustme/iiilliiIII,java/lang/Object,misc
iiilliiIiI.class,rustme/iiilliiIiI,java/lang/Object,misc
iiilliiiII(32).class,rustme/iiilliiiII,java/lang/Object,kotlin-lambda-ish
iiilliiilI.class,rustme/iiilliiilI,java/lang/Object,misc
iiilliiliI.class,rustme/iiilliiliI,rustme/lilliiiliI,mod-command-ish
iiillilIII(40).class,rustme/iiillilIII,java/lang/Object,misc
iiillilIiI(16).class,rustme/iiillilIiI,rustme/IIlIlilIiI,misc
iiilliliiI.class,rustme/iiilliliiI,java/lang/Object,misc
iiillililI.class,rustme/iiillililI,java/lang/Object,misc
iiillilliI.class,rustme/iiillilliI,java/lang/Object,kotlin-lambda-ish
iiilllIIiI(16).class,rustme/iiilllIIiI,java/lang/Object,json-gson
iiilllIiII(32).class,rustme/iiilllIiII,java/lang/Object,misc
iiilllIiiI.class,rustme/iiilllIiiI,rustme/IillilIiiI,item-related
iiilllIlII(20).class,rustme/iiilllIlII,java/lang/Object,misc
iiilllIliI(8).class,rustme/iiilllIliI,java/lang/Object,kotlin-lambda-ish
iiillliIII(36).class,rustme/iiillliIII,java/lang/Object,misc
iiillliIiI(8).class,rustme/iiillliIiI,rustme/lIliiiIIiI,world-related
iiillliiII(24).class,rustme/iiillliiII,java/lang/Object,kotlin-lambda-ish
iiillliilI.class,rustme/iiillliilI,java/lang/Object,misc
iiillliliI.class,rustme/iiillliliI,java/lang/Object,misc
iiillllIII(20).class,rustme/iiillllIII,java/lang/Object,misc
iiillllIiI(8).class,rustme/iiillllIiI,java/lang/Object,misc
iiilllliiI.class,rustme/iiilllliiI,java/lang/Object,block
iiillllliI.class,rustme/iiillllliI,java/lang/Object,kotlin-lambda-ish
iilIIIIIII(154).class,rustme/iilIIIIIII,java/lang/Object,misc
iilIIIIIiI(60).class,rustme/iilIIIIIiI,java/lang/Object,nbt
iilIIIIilI(30).class,rustme/iilIIIIilI,java/lang/Object,misc
iilIIIIliI(60).class,rustme/iilIIIIliI,java/lang/Object,misc
iilIIIiIiI(28).class,rustme/iilIIIiIiI,java/lang/Object,entity-related
iilIIIiiII(92).class,rustme/iilIIIiiII,java/lang/Object,kotlin-lambda-ish
iilIIIilII(78).class,rustme/iilIIIilII,java/lang/Object,misc
iilIIIiliI(28).class,rustme/iilIIIiliI,java/lang/Object,misc
iilIIIlIiI(60).class,rustme/iilIIIlIiI,java/lang/Object,misc
iilIIIliII(78).class,rustme/iilIIIliII,java/lang/Object,misc
iilIIIliiI(28).class,rustme/iilIIIliiI,rustme/lIlliIliiI,network-packet
iilIIIllII(46).class,rustme/iilIIIllII,java/lang/Object,misc
iilIIIlliI(28).class,rustme/iilIIIlliI,java/lang/Object,kotlin-lambda-ish
iilIIiIIiI(44).class,rustme/iilIIiIIiI,rustme/IIlIIliIiI,world-related
iilIIiIiII(108).class,rustme/iilIIiIiII,java/lang/Object,kotlin-lambda-ish
iilIIiIlII(86).class,rustme/iilIIiIlII,java/lang/Object,misc
iilIIiIliI(44).class,rustme/iilIIiIliI,rustme/IlilIIIliI,mod-widget
iilIIiiIII(130).class,rustme/iilIIiiIII,java/lang/Object,misc
iilIIiiIiI(12).class,rustme/iilIIiiIiI,rustme/lilIIiiIiI,misc
iilIIiiiII(76).class,rustme/iilIIiiiII,java/lang/Object,kotlin-lambda-ish
iilIIiiilI(6).class,rustme/iilIIiiilI,java/lang/Object,misc
iilIIiiliI(12).class,rustme/iilIIiiliI,java/lang/Object,misc
iilIIilIII(86).class,rustme/iilIIilIII,java/lang/Object,misc
iilIIilIiI(44).class,rustme/iilIIilIiI,java/lang/Enum,enum
iilIIiliiI(12).class,rustme/iilIIiliiI,java/lang/Object,misc
iilIIililI(6).class,rustme/iilIIililI,java/lang/Object,misc
iilIIilliI(12).class,rustme/iilIIilliI,java/lang/Object,misc
iilIIlIIiI(36).class,rustme/iilIIlIIiI,java/lang/Object,misc
iilIIlIiII(62).class,rustme/iilIIlIiII,java/lang/Object,misc
iilIIlIiiI(4).class,rustme/iilIIlIiiI,java/lang/Enum,enum
iilIIlIlII(46).class,rustme/iilIIlIlII,java/lang/Object,misc
iilIIlIliI(28).class,rustme/iilIIlIliI,kotlin/coroutines/jvm/internal/SuspendLambda,kotlin-coroutines
iilIIliIII(70).class,rustme/iilIIliIII,java/lang/Object,misc
iilIIliIiI(20).class,rustme/iilIIliIiI,java/lang/Object,entity-related
iilIIliiII(52).class,rustme/iilIIliiII,java/lang/Object,kotlin-lambda-ish
iilIIliilI(6).class,rustme/iilIIliilI,java/lang/Object,misc
iilIIliliI(12).class,rustme/iilIIliliI,rustme/IlilIIIliI,mod-widget
iilIIllIII(46).class,rustme/iilIIllIII,java/lang/Object,misc
iilIIllIiI(28).class,rustme/iilIIllIiI,rustme/llIiIllIiI,misc
iilIIlliiI(12).class,rustme/iilIIlliiI,java/lang/Object,misc
iilIIllliI(12).class,rustme/iilIIllliI,java/lang/Object,kotlin-lambda-ish
iilIiIIIiI(52).class,rustme/iilIiIIIiI,rustme/llliiIIIiI,tileentity
iilIiIIiII(116).class,rustme/iilIiIIiII,java/lang/Object,misc
iilIiIIlII(90).class,rustme/iilIiIIlII,java/lang/Object,misc
iilIiIIliI(52).class,rustme/iilIiIIliI,kotlin/properties/ObservableProperty,misc
iilIiIiIII(134).class,rustme/iilIiIiIII,java/lang/Object,misc
iilIiIiIiI(20).class,rustme/iilIiIiIiI,java/util/ArrayList,nbt
iilIiIiiII(84).class,rustme/iilIiIiiII,java/lang/Object,kotlin-lambda-ish
iilIiIiilI(10).class,rustme/iilIiIiilI,java/lang/Object,misc
iilIiIiliI(20).class,rustme/iilIiIiliI,java/lang/Object,render-gl-wrapper
iilIiIlIII(90).class,rustme/iilIiIlIII,java/lang/Object,misc
iilIiIlIiI(52).class,rustme/iilIiIlIiI,rustme/IlIIiIlIiI,block
iilIiIliiI(20).class,rustme/iilIiIliiI,java/lang/Object,misc
iilIiIlilI(10).class,rustme/iilIiIlilI,java/lang/Object,misc
iilIiIlliI(20).class,rustme/iilIiIlliI,java/lang/Object,kotlin-lambda-ish
iilIiiIIII(142).class,rustme/iilIiiIIII,java/lang/Object,misc
iilIiiIIiI(36).class,rustme/iilIiiIIiI,java/lang/Object,entity-related
iilIiiIiII(100).class,rustme/iilIiiIiII,java/lang/Object,kotlin-lambda-ish
iilIiiIilI(18).class,rustme/iilIiiIilI,java/lang/Object,misc
iilIiiIliI(36).class,rustme/iilIiiIliI,java/lang/Object,mod-widget
iilIiiiIiI(4).class,rustme/iilIiiiIiI,rustme/lliiiiiIiI,entity-related
iilIiiiiII(68).class,rustme/iilIiiiiII,java/lang/Object,kotlin-lambda-ish
iilIiiilII(66).class,rustme/iilIiiilII,java/lang/Object,misc
iilIiiiliI(4).class,rustme/iilIiiiliI,java/lang/Object,misc
iilIiilIiI(36).class,rustme/iilIiilIiI,rustme/lliiiilIiI,auth-profile
iilIiiliII(66).class,rustme/iilIiiliII,java/lang/Object,misc
iilIiiliiI(4).class,rustme/iilIiiliiI,rustme/IilIiiliiI,block
iilIiillII(34).class,rustme/iilIiillII,java/lang/Object,misc
iilIiilliI(4).class,rustme/iilIiilliI,java/lang/Object,kotlin-lambda-ish
iilIilIIII(74).class,rustme/iilIilIIII,java/lang/Object,misc
iilIilIIiI(28).class,rustme/iilIilIIiI,java/lang/Object,network-packet
iilIilIilI(10).class,rustme/iilIilIilI,java/lang/Object,misc
iilIilIliI(20).class,rustme/iilIilIliI,java/lang/Object,misc
iilIiliIiI(12).class,rustme/iilIiliIiI,rustme/iliIiliIiI,world-related
iilIiliiII(44).class,rustme/iilIiliiII,java/lang/Object,kotlin-lambda-ish
iilIililII(34).class,rustme/iilIililII,java/lang/Object,misc
iilIililiI(4).class,rustme/iilIililiI,rustme/IlilIIIliI,mod-widget
iilIillIiI(20).class,rustme/iilIillIiI,java/lang/Object,gui-screen
iilIilliII(34).class,rustme/iilIilliII,java/lang/Object,misc
iilIilliiI(4).class,rustme/iilIilliiI,java/lang/Object,misc
iilIilllII(18).class,rustme/iilIilllII,java/lang/Object,misc
iilIillliI(4).class,rustme/iilIillliI,java/lang/Object,kotlin-lambda-ish
iilIlIIIiI(28).class,rustme/iilIlIIIiI,rustme/liIlIilIiI,network-netty
iilIlIIiII(58).class,rustme/iilIlIIiII,java/lang/Object,misc
iilIlIIlII(46).class,rustme/iilIlIIlII,java/lang/Object,misc
iilIlIIliI(28).class,rustme/iilIlIIliI,java/lang/Object,kotlin-lambda-ish
iilIlIiIII(66).class,rustme/iilIlIiIII,java/lang/Object,misc
iilIlIiIiI(12).class,rustme/iilIlIiIiI,rustme/llIIlIiIiI,world-related
iilIlIiiII(44).class,rustme/iilIlIiiII,java/lang/Object,kotlin-lambda-ish
iilIlIiilI(6).class,rustme/iilIlIiilI,java/lang/Object,misc
iilIlIiliI(12).class,rustme/iilIlIiliI,java/lang/Object,misc
iilIlIlIII(46).class,rustme/iilIlIlIII,java/lang/Object,misc
iilIlIlIiI(28).class,rustme/iilIlIlIiI,rustme/iIIllIlIiI,world-related
iilIlIliiI(12).class,rustme/iilIlIliiI,java/lang/Object,misc
iilIlIlliI(12).class,rustme/iilIlIlliI,java/lang/Object,kotlin-lambda-ish
iilIliIIII(70).class,rustme/iilIliIIII,java/lang/Object,misc
iilIliIIiI(20).class,rustme/iilIliIIiI,java/lang/Object,misc
iilIliIiII(52).class,rustme/iilIliIiII,rustme/illIliIiII,misc
iilIliIilI(10).class,rustme/iilIliIilI,java/lang/Object,misc
iilIliIliI(20).class,rustme/iilIliIliI,rustme/IlilIIIliI,mod-widget
iilIliiIiI(4).class,rustme/iilIliiIiI,rustme/IIlIliiIiI,world-related
iilIliiiII(36).class,rustme/iilIliiiII,java/lang/Object,kotlin-lambda-ish
iilIliilII(34).class,rustme/iilIliilII,java/lang/Object,misc
iilIliiliI(4).class,rustme/iilIliiliI,java/lang/Object,misc
iilIlilIiI(20).class,rustme/iilIlilIiI,java/lang/Object,json-gson
iilIliliII(34).class,rustme/iilIliliII,java/lang/Object,misc
iilIliliiI(4).class,rustme/iilIliliiI,java/lang/Object,misc
iilIlillII(18).class,rustme/iilIlillII,java/lang/Object,misc
iilIlilliI(4).class,rustme/iilIlilliI,java/lang/Object,misc
iilIllIIII(42).class,rustme/iilIllIIII,java/lang/Object,misc
iilIllIIiI(20).class,rustme/iilIllIIiI,java/lang/Object,misc
iilIllIiiI(4).class,rustme/iilIllIiiI,rustme/iliIIlIiiI,world-related
iilIllIilI(6).class,rustme/iilIllIilI,java/lang/Object,misc
iilIllIliI(12).class,rustme/iilIllIliI,java/lang/Object,kotlin-lambda-ish
iilIlliIiI(12).class,rustme/iilIlliIiI,rustme/liIliliIiI,world-related
iilIlliiII(28).class,rustme/iilIlliiII,java/lang/Object,kotlin-lambda-ish
iilIllilII(18).class,rustme/iilIllilII,java/lang/Object,misc
iilIlliliI(4).class,rustme/iilIlliliI,rustme/lIlilliliI,mod-widget
iilIlllIiI(12).class,rustme/iilIlllIiI,java/lang/Thread,misc
iilIllliII(18).class,rustme/iilIllliII,java/lang/Object,misc
iilIllliiI(4).class,rustme/iilIllliiI,java/lang/Object,misc
iilIllllII(10).class,rustme/iilIllllII,java/lang/Object,misc
iilIlllliI(4).class,rustme/iilIlllliI,java/lang/Object,kotlin-lambda-ish
iiliIIIIiI(56).class,rustme/iiliIIIIiI,rustme/llliiIIIiI,tileentity
iiliIIIiII(120).class,rustme/iiliIIIiII,java/lang/Object,misc
iiliIIIlII(92).class,rustme/iiliIIIlII,java/lang/Object,misc
iiliIIIliI(56).class,rustme/iiliIIIliI,rustme/lllIIiIliI,mod-widget
iiliIIiIII(136).class,rustme/iiliIIiIII,java/lang/Object,misc
iiliIIiIiI(24).class,rustme/iiliIIiIiI,rustme/IIlliIiIiI,misc
iiliIIiiII(88).class,rustme/iiliIIiiII,java/lang/Object,kotlin-lambda-ish
iiliIIiilI(12).class,rustme/iiliIIiilI,java/lang/Object,misc
iiliIIiliI(24).class,rustme/iiliIIiliI,java/lang/Object,misc
iiliIIlIII(92).class,rustme/iiliIIlIII,java/lang/Object,misc
iiliIIlIiI(56).class,rustme/iiliIIlIiI,rustme/IIIiIIlIiI,misc
iiliIIliiI(24).class,rustme/iiliIIliiI,rustme/llIIIIliiI,misc
iiliIIlliI(24).class,rustme/iiliIIlliI,java/lang/Object,kotlin-lambda-ish
iiliIiIIII(144).class,rustme/iiliIiIIII,java/lang/Object,misc
iiliIiIIiI(40).class,rustme/iiliIiIIiI,rustme/iiIlIliIiI,world-related
iiliIiIiII(104).class,rustme/iiliIiIiII,java/lang/Object,kotlin-lambda-ish
iiliIiIilI(20).class,rustme/iiliIiIilI,java/lang/Object,misc
iiliIiIliI(40).class,rustme/iiliIiIliI,rustme/IIIiIiIliI,gui-textures
iiliIiiIiI(8).class,rustme/iiliIiiIiI,java/lang/Object,entity-related
iiliIiiiII(72).class,rustme/iiliIiiiII,java/lang/Object,kotlin-lambda-ish
iiliIiilII(68).class,rustme/iiliIiilII,java/lang/Object,misc
iiliIiiliI(8).class,rustme/iiliIiiliI,rustme/lilliiiliI,mod-command-ish
iiliIilIiI(40).class,rustme/iiliIilIiI,java/lang/Object,misc
iiliIiliII(68).class,rustme/iiliIiliII,java/lang/Object,misc
iiliIiliiI(8).class,rustme/iiliIiliiI,java/lang/Object,block
iiliIillII(36).class,rustme/iiliIillII,java/lang/Object,misc
iiliIilliI(8).class,rustme/iiliIilliI,rustme/liliIilliI,misc
iiliIlIIII(76).class,rustme/iiliIlIIII,java/lang/Object,misc
iiliIlIIiI(32).class,rustme/iiliIlIIiI,java/lang/Object,network-packet
iiliIlIiiI.class,rustme/iiliIlIiiI,rustme/IillilIiiI,item-related
iiliIlIilI(12).class,rustme/iiliIlIilI,java/lang/Object,misc
iiliIlIliI(24).class,rustme/iiliIlIliI,java/lang/Object,misc
iiliIliIiI(16).class,rustme/iiliIliIiI,java/lang/Object,misc
iiliIliiII(48).class,rustme/iiliIliiII,java/lang/Object,kotlin-lambda-ish
iiliIlilII(36).class,rustme/iiliIlilII,java/lang/Object,misc
iiliIliliI(8).class,rustme/iiliIliliI,java/lang/Object,misc
iiliIllIiI(24).class,rustme/iiliIllIiI,rustme/IIliIllIiI,misc
iiliIlliII(36).class,rustme/iiliIlliII,java/lang/Object,misc
iiliIlliiI(8).class,rustme/iiliIlliiI,java/lang/Object,misc
iiliIlllII(20).class,rustme/iiliIlllII,java/lang/Object,misc
iiliIllliI(8).class,rustme/iiliIllliI,java/lang/Object,kotlin-lambda-ish
iiliiIIIII(148).class,rustme/iiliiIIIII,java/lang/Object,misc
iiliiIIIiI(48).class,rustme/iiliiIIIiI,java/lang/Object,tileentity
iiliiIIiII(112).class,rustme/iiliiIIiII,java/lang/Enum,enum
iiliiIIilI(24).class,rustme/iiliiIIilI,java/lang/Object,misc
iiliiIIliI(48).class,rustme/iiliiIIliI,rustme/IlilIIIliI,mod-widget
iiliiIiIiI(16).class,rustme/iiliiIiIiI,java/lang/Object,misc
iiliiIiiII(80).class,rustme/iiliiIiiII,java/lang/Object,kotlin-lambda-ish
iiliiIilII(72).class,rustme/iiliiIilII,java/lang/Object,misc
iiliiIiliI(16).class,rustme/iiliiIiliI,java/lang/Object,lambdas
iiliiIlIiI(48).class,rustme/iiliiIlIiI,rustme/llIiiIlIiI,misc
iiliiIliII(72).class,rustme/iiliiIliII,java/lang/Object,misc
iiliiIliiI(16).class,rustme/iiliiIliiI,rustme/IiliiIliiI,gui-textures
iiliiIllII(40).class,rustme/iiliiIllII,java/lang/Object,misc
iiliiIlliI(16).class,rustme/iiliiIlliI,java/lang/Object,kotlin-lambda-ish
iiliiiIIiI(32).class,rustme/iiliiiIIiI,rustme/iliIiliIiI,misc
iiliiiIiII(96).class,rustme/iiliiiIiII,java/lang/Object,kotlin-lambda-ish
iiliiiIlII(80).class,rustme/iiliiiIlII,java/lang/Object,misc
iiliiiIliI(32).class,rustme/iiliiiIliI,java/lang/Object,kotlin-lambda-ish
iiliiiiIII(124).class,rustme/iiliiiiIII,java/lang/Object,misc
iiliiiiIiI.class,rustme/iiliiiiIiI,rustme/lllliiiIiI,entity-renderer
iiliiiiiII(64).class,rustme/iiliiiiiII,java/lang/Object,kotlin-lambda-ish
iiliiiiilI.class,rustme/iiliiiiilI,java/lang/Object,misc
iiliiiiliI.class,rustme/iiliiiiliI,java/lang/Object,misc
iiliiilIII(80).class,rustme/iiliiilIII,java/lang/Object,misc
iiliiilIiI(32).class,rustme/iiliiilIiI,rustme/lliiiilIiI,block
iiliiiliiI.class,rustme/iiliiiliiI,rustme/IiliiiliiI,block
iiliiililI.class,rustme/iiliiililI,java/lang/Object,misc
iiliiilliI.class,rustme/iiliiilliI,java/lang/Object,auth-profile
iiliilIIiI(24).class,rustme/iiliilIIiI,java/lang/Object,misc
iiliilIiII(56).class,rustme/iiliilIiII,java/lang/Object,misc
iiliilIlII(40).class,rustme/iiliilIlII,java/lang/Object,misc
iiliilIliI(16).class,rustme/iiliilIliI,java/lang/Object,kotlin-lambda-ish
iiliiliIII(64).class,rustme/iiliiliIII,java/lang/Object,misc
iiliiliIiI(8).class,rustme/iiliiliIiI,java/lang/Object,misc
iiliiliiII(40).class,rustme/iiliiliiII,java/lang/Object,kotlin-lambda-ish
iiliiliilI.class,rustme/iiliiliilI,java/lang/Object,misc
iiliililiI.class,rustme/iiliililiI,rustme/llIiIliliI,mod-widget
iiliillIII(40).class,rustme/iiliillIII,java/lang/Object,misc
iiliillIiI(16).class,rustme/iiliillIiI,java/lang/Object,misc
iiliilliiI.class,rustme/iiliilliiI,rustme/iIlIlIliiI,misc
iiliillliI.class,rustme/iiliillliI,java/lang/Object,kotlin-lambda-ish
iililIIIII(72).class,rustme/iililIIIII,java/lang/Object,misc
iililIIIiI(24).class,rustme/iililIIIiI,java/lang/Object,misc
iililIIilI(12).class,rustme/iililIIilI,java/lang/Object,misc
iililIIliI(24).class,rustme/iililIIliI,rustme/IililIIliI,misc
iililIiIiI(8).class,rustme/iililIiIiI,java/lang/Object,misc
iililIiiII(40).class,rustme/iililIiiII,java/lang/Object,kotlin-lambda-ish
iililIilII(36).class,rustme/iililIilII,java/lang/Object,misc
iililIiliI(8).class,rustme/iililIiliI,java/lang/Object,misc
iililIlIiI(24).class,rustme/iililIlIiI,java/lang/Object,misc
iililIliII(36).class,rustme/iililIliII,java/lang/Object,misc
iililIliiI(8).class,rustme/iililIliiI,java/lang/Object,misc
iililIllII(20).class,rustme/iililIllII,java/lang/Object,misc
iililIlliI(8).class,rustme/iililIlliI,java/lang/Object,kotlin-lambda-ish
iililiIIiI(16).class,rustme/iililiIIiI,rustme/lllIliIIiI,tileentity
iililiIiII(48).class,rustme/iililiIiII,java/lang/Object,kotlin-lambda-ish
iililiIlII(40).class,rustme/iililiIlII,java/lang/Object,misc
iililiIliI(16).class,rustme/iililiIliI,java/lang/Object,misc
iililiiIII(60).class,rustme/iililiiIII,java/lang/Object,misc
iililiiIiI.class,rustme/iililiiIiI,java/lang/Object,misc
iililiiiII(32).class,rustme/iililiiiII,java/lang/Object,kotlin-lambda-ish
iililiiilI.class,rustme/iililiiilI,java/lang/Object,misc
iililiiliI.class,rustme/iililiiliI,rustme/IililiiliI,misc
iilililIII(40).class,rustme/iilililIII,java/lang/Object,misc
iilililIiI(16).class,rustme/iilililIiI,java/lang/Object,misc
iilililiiI.class,rustme/iilililiiI,java/lang/Object,misc
iililililI.class,rustme/iililililI,java/lang/Object,misc
iilililliI.class,rustme/iilililliI,java/lang/Enum,enum
iilillIIiI(16).class,rustme/iilillIIiI,rustme/ilIillIIiI,misc
iilillIiII(32).class,rustme/iilillIiII,java/lang/Object,misc
iilillIiiI.class,rustme/iilillIiiI,rustme/IiIiIlIiiI,block
iilillIlII(20).class,rustme/iilillIlII,java/lang/Object,misc
iilillIliI(8).class,rustme/iilillIliI,java/lang/Object,misc
iililliIII(36).class,rustme/iililliIII,java/lang/Object,misc
iililliIiI(8).class,rustme/iililliIiI,java/lang/Object,nbt
iililliiII(24).class,rustme/iililliiII,java/lang/Object,kotlin-lambda-ish
iililliilI.class,rustme/iililliilI,java/lang/Object,misc
iililliliI.class,rustme/iililliliI,rustme/lIlilliliI,mod-widget
iililllIII(20).class,rustme/iililllIII,java/lang/Object,misc
iililllIiI(8).class,rustme/iililllIiI,java/lang/Object,misc
iilillliiI.class,rustme/iilillliiI,java/lang/Object,misc
iililllliI.class,rustme/iililllliI,java/lang/Object,kotlin-lambda-ish
iillIIIIiI(28).class,rustme/iillIIIIiI,java/lang/Object,misc
iillIIIiII(60).class,rustme/iillIIIiII,java/lang/Object,misc
iillIIIlII(46).class,rustme/iillIIIlII,java/lang/Object,misc
iillIIIliI(28).class,rustme/iillIIIliI,java/lang/Enum,enum
iillIIiIII(68).class,rustme/iillIIiIII,java/lang/Object,misc
iillIIiIiI(12).class,rustme/iillIIiIiI,rustme/IIlliIiIiI,misc
iillIIiiII(44).class,rustme/iillIIiiII,java/lang/Object,kotlin-lambda-ish
iillIIiilI(6).class,rustme/iillIIiilI,java/lang/Object,misc
iillIIiliI(12).class,rustme/iillIIiliI,java/lang/Object,render-gl-wrapper
iillIIlIII(46).class,rustme/iillIIlIII,java/lang/Object,misc
iillIIlIiI(28).class,rustme/iillIIlIiI,java/lang/Object,misc
iillIIliiI(12).class,rustme/iillIIliiI,java/lang/Object,misc
iillIIlliI(12).class,rustme/iillIIlliI,java/lang/Object,kotlin-lambda-ish
iillIiIIII(72).class,rustme/iillIiIIII,java/lang/Object,misc
iillIiIIiI(20).class,rustme/iillIiIIiI,rustme/IIiiliIIiI,auth-profile
iillIiIiII(52).class,rustme/iillIiIiII,java/lang/Object,misc
iillIiIilI(10).class,rustme/iillIiIilI,java/lang/Object,misc
iillIiIliI(20).class,rustme/iillIiIliI,java/lang/Object,misc
iillIiiIiI(4).class,rustme/iillIiiIiI,java/lang/Object,misc
iillIiiiII(36).class,rustme/iillIiiiII,java/lang/Object,kotlin-lambda-ish
iillIiilII(34).class,rustme/iillIiilII,java/lang/Object,misc
iillIiiliI(4).class,rustme/iillIiiliI,rustme/IililiiliI,misc
iillIilIiI(20).class,rustme/iillIilIiI,com/google/common/collect/AbstractIterator,misc
iillIiliII(34).class,rustme/iillIiliII,java/lang/Object,misc
iillIiliiI(4).class,rustme/iillIiliiI,rustme/llIlIiliiI,math-user
iillIillII(18).class,rustme/iillIillII,java/lang/Object,misc
iillIilliI(4).class,rustme/iillIilliI,java/lang/Object,misc
iillIlIIII(42).class,rustme/iillIlIIII,java/lang/Object,misc
iillIlIIiI(20).class,rustme/iillIlIIiI,java/lang/Object,world-related
iillIlIiiI(4).class,rustme/iillIlIiiI,java/lang/Object,misc
iillIlIilI(6).class,rustme/iillIlIilI,java/lang/Object,misc
iillIlIliI(12).class,rustme/iillIlIliI,java/lang/Object,misc
iillIliIiI(12).class,rustme/iillIliIiI,java/lang/Object,misc
iillIliiII(28).class,rustme/iillIliiII,java/lang/Object,kotlin-lambda-ish
iillIlilII(18).class,rustme/iillIlilII,java/lang/Object,misc
iillIliliI(4).class,rustme/iillIliliI,java/lang/Object,mod-widget
iillIllIiI(12).class,rustme/iillIllIiI,rustme/IIliIllIiI,misc
iillIlliII(18).class,rustme/iillIlliII,java/lang/Object,misc
iillIlliiI(4).class,rustme/iillIlliiI,java/lang/Object,misc
iillIlllII(10).class,rustme/iillIlllII,java/lang/Object,misc
iillIllliI(4).class,rustme/iillIllliI,java/lang/Object,kotlin-lambda-ish
iilliIIIII(74).class,rustme/iilliIIIII,java/lang/Object,misc
iilliIIIiI(24).class,rustme/iilliIIIiI,java/lang/Object,entity-related
iilliIIiII(56).class,rustme/iilliIIiII,java/lang/Object,misc
iilliIIilI(12).class,rustme/iilliIIilI,java/lang/Object,misc
iilliIIliI(24).class,rustme/iilliIIliI,rustme/IlilIIIliI,mod-widget
iilliIiIiI(8).class,rustme/iilliIiIiI,java/lang/Object,lambdas
iilliIiiII(40).class,rustme/iilliIiiII,java/lang/Object,kotlin-lambda-ish
iilliIilII(36).class,rustme/iilliIilII,java/lang/Object,misc
iilliIiliI(8).class,rustme/iilliIiliI,java/lang/Object,render-gl-wrapper
iilliIlIiI(24).class,rustme/iilliIlIiI,rustme/IIlliIlIiI,misc
iilliIliII(36).class,rustme/iilliIliII,java/lang/Object,misc
iilliIliiI(8).class,rustme/iilliIliiI,java/lang/Object,network-netty
iilliIllII(20).class,rustme/iilliIllII,java/lang/Object,misc
iilliIlliI(8).class,rustme/iilliIlliI,java/lang/Object,kotlin-lambda-ish
iilliiIIiI(16).class,rustme/iilliiIIiI,rustme/IIiiIiIIiI,tileentity
iilliiIiII(48).class,rustme/iilliiIiII,java/lang/Object,kotlin-lambda-ish
iilliiIlII(40).class,rustme/iilliiIlII,java/lang/Object,misc
iilliiIliI(16).class,rustme/iilliiIliI,rustme/IlilIIIliI,mod-widget
iilliiiIII(62).class,rustme/iilliiiIII,java/lang/Object,misc
iilliiiIiI.class,rustme/iilliiiIiI,rustme/lliiiiiIiI,entity-renderer
iilliiiiII(32).class,rustme/iilliiiiII,java/lang/Object,kotlin-lambda-ish
iilliiiilI.class,rustme/iilliiiilI,java/lang/Object,misc
iilliiiliI.class,rustme/iilliiiliI,rustme/lilliiiliI,mod-command-ish
iilliilIII(40).class,rustme/iilliilIII,java/lang/Object,misc
iilliilIiI(16).class,rustme/iilliilIiI,java/lang/Object,nbt
iilliiliiI.class,rustme/iilliiliiI,java/lang/Enum,enum
iilliililI.class,rustme/iilliililI,java/lang/Object,misc
iilliilliI.class,rustme/iilliilliI,java/lang/Enum,enum
iillilIIiI(16).class,rustme/iillilIIiI,java/lang/Object,network-packet
iillilIiII(32).class,rustme/iillilIiII,java/lang/Object,misc
iillilIiiI.class,rustme/iillilIiiI,java/lang/Enum,enum
iillilIlII(20).class,rustme/iillilIlII,java/lang/Object,misc
iillilIliI(8).class,rustme/iillilIliI,java/lang/Object,kotlin-lambda-ish
iilliliIII(36).class,rustme/iilliliIII,java/lang/Object,misc
iilliliIiI(8).class,rustme/iilliliIiI,rustme/iliIiliIiI,world-related
iilliliiII(24).class,rustme/iilliliiII,java/lang/Object,kotlin-lambda-ish
iilliliilI.class,rustme/iilliliilI,java/lang/Object,misc
iillililiI.class,rustme/iillililiI,java/lang/Object,misc
iillillIII(20).class,rustme/iillillIII,java/lang/Object,misc
iillillIiI(8).class,rustme/iillillIiI,java/lang/Object,gui-textures
iillilliiI.class,rustme/iillilliiI,java/lang/Object,tileentity
iillillliI.class,rustme/iillillliI,java/lang/Object,kotlin-lambda-ish
iilllIIIII(36).class,rustme/iilllIIIII,java/lang/Object,misc
iilllIIIiI(12).class,rustme/iilllIIIiI,java/lang/Object,misc
iilllIIilI(6).class,rustme/iilllIIilI,java/lang/Object,misc
iilllIIliI(12).class,rustme/iilllIIliI,kotlin/jvm/internal/FunctionReferenceImpl,kotlin-lambda-ish
iilllIiIiI(4).class,rustme/iilllIiIiI,java/lang/Object,misc
iilllIiiII(20).class,rustme/iilllIiiII,java/lang/Object,kotlin-lambda-ish
iilllIilII(18).class,rustme/iilllIilII,java/lang/Object,misc
iilllIiliI(4).class,rustme/iilllIiliI,java/lang/Object,tileentity
iilllIlIiI(12).class,rustme/iilllIlIiI,java/lang/Object,world-related
iilllIliII(18).class,rustme/iilllIliII,java/lang/Object,misc
iilllIliiI(4).class,rustme/iilllIliiI,java/lang/Object,misc
iilllIllII(10).class,rustme/iilllIllII,java/lang/Object,misc
iilllIlliI(4).class,rustme/iilllIlliI,java/lang/Object,kotlin-lambda-ish
iillliIIiI(8).class,rustme/iillliIIiI,java/lang/Object,tileentity
iillliIiII(24).class,rustme/iillliIiII,java/lang/Object,kotlin-lambda-ish
iillliIlII(20).class,rustme/iillliIlII,java/lang/Object,misc
iillliIliI(8).class,rustme/iillliIliI,java/lang/Object,misc
iillliiIII(30).class,rustme/iillliiIII,java/lang/Object,misc
iillliiIiI.class,rustme/iillliiIiI,java/lang/Object,json-gson
iillliiiII(16).class,rustme/iillliiiII,java/lang/Object,kotlin-lambda-ish
iillliiilI.class,rustme/iillliiilI,java/lang/Object,misc
iillliiliI.class,rustme/iillliiliI,rustme/lilliiiliI,mod-command-ish
iilllilIII(20).class,rustme/iilllilIII,java/lang/Object,misc
iilllilIiI(8).class,rustme/iilllilIiI,java/lang/Object,misc
iillliliiI.class,rustme/iillliliiI,rustme/IlIlliliiI,gui-screen
iilllililI.class,rustme/iilllililI,java/lang/Object,misc
iilllilliI.class,rustme/iilllilliI,java/lang/Object,kotlin-lambda-ish
iillllIIiI(8).class,rustme/iillllIIiI,java/lang/Object,network-netty
iillllIiII(16).class,rustme/iillllIiII,java/lang/Object,misc
iillllIiiI.class,rustme/iillllIiiI,java/lang/Enum,enum
iillllIlII(10).class,rustme/iillllIlII,java/lang/Object,misc
iillllIliI(4).class,rustme/iillllIliI,java/lang/Object,mod-widget
iilllliIII(18).class,rustme/iilllliIII,java/lang/Object,misc
iilllliIiI(4).class,rustme/iilllliIiI,rustme/llillliIiI,world-related
iilllliiII(12).class,rustme/iilllliiII,java/lang/Object,kotlin-lambda-ish
iilllliilI.class,rustme/iilllliilI,java/lang/Object,misc
iilllliliI.class,rustme/iilllliliI,java/lang/Object,misc
iilllllIII(10).class,rustme/iilllllIII,java/lang/Object,misc
iilllllIiI(4).class,rustme/iilllllIiI,java/lang/Object,misc
iillllliiI.class,rustme/iillllliiI,java/lang/Object,entity-related
iilllllliI.class,rustme/iilllllliI,java/lang/Object,kotlin-lambda-ish
ilIIIIIIiI(62).class,rustme/ilIIIIIIiI,rustme/llliiIIIiI,tileentity
ilIIIIIiII(123).class,rustme/ilIIIIIiII,java/lang/Object,misc
ilIIIIIlII(95).class,rustme/ilIIIIIlII,java/lang/Object,misc
ilIIIIIliI(62).class,rustme/ilIIIIIliI,rustme/lliIIiIliI,mod-widget
ilIIIIiIII(139).class,rustme/ilIIIIiIII,java/lang/Object,misc
ilIIIIiIiI(30).class,rustme/ilIIIIiIiI,java/lang/Object,misc
ilIIIIiiII(94).class,rustme/ilIIIIiiII,java/lang/Object,kotlin-lambda-ish
ilIIIIiilI(15).class,rustme/ilIIIIiilI,java/lang/Object,misc
ilIIIIiliI(30).class,rustme/ilIIIIiliI,java/lang/Object,misc
ilIIIIlIII(95).class,rustme/ilIIIIlIII,java/lang/Object,misc
ilIIIIlIiI(62).class,rustme/ilIIIIlIiI,java/lang/Object,misc
ilIIIIliiI(30).class,rustme/ilIIIIliiI,rustme/lIlliIliiI,network-packet
ilIIIIlliI(30).class,rustme/ilIIIIlliI,java/lang/Object,kotlin-lambda-ish
ilIIIiIIII(147).class,rustme/ilIIIiIIII,java/lang/Object,misc
ilIIIiIIiI(46).class,rustme/ilIIIiIIiI,rustme/iilIIiIIiI,world-related
ilIIIiIiII(110).class,rustme/ilIIIiIiII,java/lang/Object,kotlin-lambda-ish
ilIIIiIilI(23).class,rustme/ilIIIiIilI,java/lang/Object,misc
ilIIIiIliI(46).class,rustme/ilIIIiIliI,kotlin/jvm/internal/FunctionReferenceImpl,kotlin-lambda-ish
ilIIIiiIiI(14).class,rustme/ilIIIiiIiI,java/lang/Enum,enum
ilIIIiiiII(78).class,rustme/ilIIIiiiII,java/lang/Object,kotlin-lambda-ish
ilIIIiilII(71).class,rustme/ilIIIiilII,java/lang/Object,misc
ilIIIiiliI(14).class,rustme/ilIIIiiliI,java/lang/Enum,enum
ilIIIilIiI(46).class,rustme/ilIIIilIiI,java/lang/Enum,enum
ilIIIiliII(71).class,rustme/ilIIIiliII,java/lang/Object,misc
ilIIIiliiI(14).class,rustme/ilIIIiliiI,java/lang/Object,block
ilIIIillII(39).class,rustme/ilIIIillII,java/lang/Object,misc
ilIIIilliI(14).class,rustme/ilIIIilliI,java/lang/Object,misc
ilIIIlIIII(79).class,rustme/ilIIIlIIII,java/lang/Object,misc
ilIIIlIIiI(38).class,rustme/ilIIIlIIiI,java/lang/Object,json-gson
ilIIIlIiiI(6).class,rustme/ilIIIlIiiI,java/lang/Enum,enum
ilIIIlIilI(15).class,rustme/ilIIIlIilI,java/lang/Object,misc
ilIIIlIliI(30).class,rustme/ilIIIlIliI,java/lang/Object,misc
ilIIIliIiI(22).class,rustme/ilIIIliIiI,java/lang/Object,misc
ilIIIliiII(54).class,rustme/ilIIIliiII,java/lang/Object,kotlin-lambda-ish
ilIIIlilII(39).class,rustme/ilIIIlilII,java/lang/Object,misc
ilIIIliliI(14).class,rustme/ilIIIliliI,kotlin/jvm/internal/FunctionReferenceImpl,kotlin-lambda-ish
ilIIIllIiI(30).class,rustme/ilIIIllIiI,rustme/llIiIllIiI,misc
ilIIIlliII(39).class,rustme/ilIIIlliII,java/lang/Object,misc
ilIIIlliiI(14).class,rustme/ilIIIlliiI,java/lang/Object,misc
ilIIIlllII(23).class,rustme/ilIIIlllII,java/lang/Object,misc
ilIIIllliI(14).class,rustme/ilIIIllliI,java/lang/Object,kotlin-lambda-ish
ilIIiIIIII(151).class,rustme/ilIIiIIIII,java/lang/Object,misc
ilIIiIIIiI(54).class,rustme/ilIIiIIIiI,java/lang/Object,entity-related
ilIIiIIiII(118).class,rustme/ilIIiIIiII,java/lang/Object,kotlin-lambda-ish
ilIIiIIilI(27).class,rustme/ilIIiIIilI,java/lang/Object,misc
ilIIiIIliI(54).class,rustme/ilIIiIIliI,rustme/IliIIiIliI,mod-widget
ilIIiIiIiI(22).class,rustme/ilIIiIiIiI,java/lang/Object,nbt
ilIIiIiiII(86).class,rustme/ilIIiIiiII,java/lang/Object,kotlin-lambda-ish
ilIIiIilII(75).class,rustme/ilIIiIilII,java/lang/Object,misc
ilIIiIiliI(22).class,rustme/ilIIiIiliI,java/lang/Object,render-gl-wrapper
ilIIiIlIiI(54).class,rustme/ilIIiIlIiI,java/lang/Enum,enum
ilIIiIliII(75).class,rustme/ilIIiIliII,java/lang/Object,misc
ilIIiIliiI(22).class,rustme/ilIIiIliiI,java/lang/Object,network-netty
ilIIiIllII(43).class,rustme/ilIIiIllII,java/lang/Object,misc
ilIIiIlliI(22).class,rustme/ilIIiIlliI,java/lang/Object,kotlin-lambda-ish
ilIIiiIIiI(38).class,rustme/ilIIiiIIiI,rustme/lilllliIiI,block
ilIIiiIiII(102).class,rustme/ilIIiiIiII,java/lang/Object,kotlin-lambda-ish
ilIIiiIlII(83).class,rustme/ilIIiiIlII,java/lang/Object,misc
ilIIiiIliI(38).class,rustme/ilIIiiIliI,rustme/iiIliiIliI,mod-widget
ilIIiiiIII(127).class,rustme/ilIIiiiIII,java/lang/Object,misc
ilIIiiiIiI(6).class,rustme/ilIIiiiIiI,rustme/iillllliiI,misc
ilIIiiiiII(70).class,rustme/ilIIiiiiII,java/lang/Object,kotlin-lambda-ish
ilIIiiiilI(3).class,rustme/ilIIiiiilI,java/lang/Object,misc
ilIIiiiliI(6).class,rustme/ilIIiiiliI,java/lang/Object,misc
ilIIiilIII(83).class,rustme/ilIIiilIII,java/lang/Object,misc
ilIIiilIiI(38).class,rustme/ilIIiilIiI,java/lang/Object,world-related
ilIIiiliiI(6).class,rustme/ilIIiiliiI,rustme/IilIiiliiI,block
ilIIiililI(3).class,rustme/ilIIiililI,java/lang/Object,misc
ilIIiilliI(6).class,rustme/ilIIiilliI,java/lang/Object,misc
ilIIilIIiI(30).class,rustme/ilIIilIIiI,java/lang/Object,network-packet
ilIIilIiII(59).class,rustme/ilIIilIiII,java/lang/Object,misc
ilIIilIlII(43).class,rustme/ilIIilIlII,java/lang/Object,misc
ilIIilIliI(22).class,rustme/ilIIilIliI,java/lang/Object,misc
ilIIiliIII(67).class,rustme/ilIIiliIII,java/lang/Object,misc
ilIIiliIiI(14).class,rustme/ilIIiliIiI,rustme/iliIiliIiI,world-related
ilIIiliiII(46).class,rustme/ilIIiliiII,java/lang/Object,kotlin-lambda-ish
ilIIiliilI(3).class,rustme/ilIIiliilI,java/lang/Object,misc
ilIIililiI(6).class,rustme/ilIIililiI,rustme/IlilIIIliI,mod-widget
ilIIillIII(43).class,rustme/ilIIillIII,java/lang/Object,misc
ilIIillIiI(22).class,rustme/ilIIillIiI,java/lang/Object,misc
ilIIilliiI(6).class,rustme/ilIIilliiI,java/lang/Object,misc
ilIIillliI(6).class,rustme/ilIIillliI,java/lang/Object,kotlin-lambda-ish
ilIIlIIIII(75).class,rustme/ilIIlIIIII,java/lang/Object,misc
ilIIlIIIiI(30).class,rustme/ilIIlIIIiI,io/netty/handler/codec/MessageToByteEncoder,network-netty
ilIIlIIilI(15).class,rustme/ilIIlIIilI,java/lang/Object,misc
ilIIlIIliI(30).class,rustme/ilIIlIIliI,java/lang/Object,kotlin-lambda-ish
ilIIlIiIiI(14).class,rustme/ilIIlIiIiI,java/lang/Object,tileentity
ilIIlIiiII(46).class,rustme/ilIIlIiiII,java/lang/Object,kotlin-lambda-ish
ilIIlIilII(39).class,rustme/ilIIlIilII,java/lang/Object,misc
ilIIlIiliI(14).class,rustme/ilIIlIiliI,java/lang/Object,misc
ilIIlIlIiI(30).class,rustme/ilIIlIlIiI,java/lang/Object,json-gson
ilIIlIliII(39).class,rustme/ilIIlIliII,java/lang/Object,misc
ilIIlIliiI(14).class,rustme/ilIIlIliiI,rustme/lililIliiI,particle
ilIIlIllII(23).class,rustme/ilIIlIllII,java/lang/Object,misc
ilIIlIlliI(14).class,rustme/ilIIlIlliI,java/lang/Object,kotlin-lambda-ish
ilIIliIIiI(22).class,rustme/ilIIliIIiI,java/lang/Object,misc
ilIIliIiII(54).class,rustme/ilIIliIiII,java/lang/Object,kotlin-lambda-ish
ilIIliIlII(43).class,rustme/ilIIliIlII,java/lang/Object,misc
ilIIliIliI(22).class,rustme/ilIIliIliI,java/lang/Object,misc
ilIIliiIII(63).class,rustme/ilIIliiIII,java/lang/Object,misc
ilIIliiIiI(6).class,rustme/ilIIliiIiI,rustme/IIlIliiIiI,block
ilIIliiiII(38).class,rustme/ilIIliiiII,java/lang/Object,kotlin-lambda-ish
ilIIliiilI(3).class,rustme/ilIIliiilI,java/lang/Object,misc
ilIIliiliI(6).class,rustme/ilIIliiliI,java/lang/Object,misc
ilIIlilIII(43).class,rustme/ilIIlilIII,java/lang/Object,misc
ilIIlilIiI(22).class,rustme/ilIIlilIiI,java/lang/Object,misc
ilIIliliiI(6).class,rustme/ilIIliliiI,rustme/iIiiiIliiI,misc
ilIIlililI(3).class,rustme/ilIIlililI,java/lang/Object,misc
ilIIlilliI(6).class,rustme/ilIIlilliI,java/lang/Object,kotlin-lambda-ish
ilIIllIIiI(22).class,rustme/ilIIllIIiI,java/lang/Object,world-related
ilIIllIiII(35).class,rustme/ilIIllIiII,java/lang/Object,misc
ilIIllIiiI(6).class,rustme/ilIIllIiiI,java/lang/Object,misc
ilIIllIlII(23).class,rustme/ilIIllIlII,java/lang/Object,misc
ilIIllIliI(14).class,rustme/ilIIllIliI,kotlin/coroutines/jvm/internal/SuspendLambda,kotlin-coroutines
ilIIlliIII(39).class,rustme/ilIIlliIII,java/lang/Object,misc
ilIIlliIiI(14).class,rustme/ilIIlliIiI,rustme/iIIllliIiI,world-related
ilIIlliiII(30).class,rustme/ilIIlliiII,java/lang/Object,kotlin-lambda-ish
ilIIlliilI(3).class,rustme/ilIIlliilI,java/lang/Object,misc
ilIIlliliI(6).class,rustme/ilIIlliliI,java/lang/Object,misc
ilIIlllIII(23).class,rustme/ilIIlllIII,java/lang/Object,misc
ilIIlllIiI(14).class,rustme/ilIIlllIiI,java/lang/Object,misc
ilIIllliiI(6).class,rustme/ilIIllliiI,rustme/lIIIllliiI,math-user
ilIIlllliI(6).class,rustme/ilIIlllliI,java/lang/Object,kotlin-lambda-ish
ilIiIIIIII(153).class,rustme/ilIiIIIIII,java/lang/Object,misc
ilIiIIIIiI(58).class,rustme/ilIiIIIIiI,java/lang/Object,entity-related
ilIiIIIilI(29).class,rustme/ilIiIIIilI,java/lang/Object,misc
ilIiIIIliI(58).class,rustme/ilIiIIIliI,rustme/IliIIiIliI,mod-widget
ilIiIIiIiI(26).class,rustme/ilIiIIiIiI,rustme/IIlliIiIiI,entity-related
ilIiIIiiII(90).class,rustme/ilIiIIiiII,java/lang/Object,kotlin-lambda-ish
ilIiIIilII(77).class,rustme/ilIiIIilII,java/lang/Object,misc
ilIiIIiliI(26).class,rustme/ilIiIIiliI,rustme/iiiliIiliI,misc
ilIiIIlIiI(58).class,rustme/ilIiIIlIiI,rustme/IIIiIIlIiI,misc
ilIiIIliII(77).class,rustme/ilIiIIliII,java/lang/Object,misc
ilIiIIliiI(26).class,rustme/ilIiIIliiI,rustme/lIlliIliiI,network-packet
ilIiIIllII(45).class,rustme/ilIiIIllII,java/lang/Object,misc
ilIiIIlliI(26).class,rustme/ilIiIIlliI,java/lang/Object,kotlin-lambda-ish
ilIiIiIIiI(42).class,rustme/ilIiIiIIiI,java/lang/Object,misc
ilIiIiIiII(106).class,rustme/ilIiIiIiII,java/lang/Object,kotlin-lambda-ish
ilIiIiIlII(85).class,rustme/ilIiIiIlII,java/lang/Object,misc
ilIiIiIliI(42).class,rustme/ilIiIiIliI,rustme/IiIiIiIliI,misc
ilIiIiiIII(129).class,rustme/ilIiIiiIII,java/lang/Object,misc
ilIiIiiIiI(10).class,rustme/ilIiIiiIiI,rustme/IlilllliiI,misc
ilIiIiiiII(74).class,rustme/ilIiIiiiII,java/lang/Object,kotlin-lambda-ish
ilIiIiiilI(5).class,rustme/ilIiIiiilI,java/lang/Object,misc
ilIiIiiliI(10).class,rustme/ilIiIiiliI,rustme/lilliiiliI,mod-command-ish
ilIiIilIII(85).class,rustme/ilIiIilIII,java/lang/Object,misc
ilIiIilIiI(42).class,rustme/ilIiIilIiI,java/lang/Object,misc
ilIiIiliiI(10).class,rustme/ilIiIiliiI,rustme/iIIIiiliiI,world-related
ilIiIililI(5).class,rustme/ilIiIililI,java/lang/Object,misc
ilIiIilliI(10).class,rustme/ilIiIilliI,rustme/llIiIilliI,misc
ilIiIlIIiI(34).class,rustme/ilIiIlIIiI,java/lang/Object,network-packet
ilIiIlIiII(61).class,rustme/ilIiIlIiII,java/lang/Object,misc
ilIiIlIiiI(2).class,rustme/ilIiIlIiiI,rustme/lIIiIlIiiI,world-related
ilIiIlIlII(45).class,rustme/ilIiIlIlII,java/lang/Object,misc
ilIiIlIliI(26).class,rustme/ilIiIlIliI,java/lang/Object,misc
ilIiIliIII(69).class,rustme/ilIiIliIII,java/lang/Object,misc
ilIiIliIiI(18).class,rustme/ilIiIliIiI,java/lang/Object,world-related
ilIiIliiII(50).class,rustme/ilIiIliiII,java/lang/Object,kotlin-lambda-ish
ilIiIliilI(5).class,rustme/ilIiIliilI,java/lang/Object,misc
ilIiIliliI(10).class,rustme/ilIiIliliI,rustme/llIiIliliI,mod-widget
ilIiIllIII(45).class,rustme/ilIiIllIII,java/lang/Object,misc
ilIiIllIiI(26).class,rustme/ilIiIllIiI,java/lang/Object,misc
ilIiIlliiI(10).class,rustme/ilIiIlliiI,java/lang/Object,misc
ilIiIllliI(10).class,rustme/ilIiIllliI,java/lang/Object,kotlin-lambda-ish
ilIiiIIIiI(50).class,rustme/ilIiiIIIiI,java/lang/Object,tileentity
ilIiiIIiII(114).class,rustme/ilIiiIIiII,java/lang/Object,kotlin-lambda-ish
ilIiiIIlII(89).class,rustme/ilIiiIIlII,java/lang/Object,misc
ilIiiIIliI(50).class,rustme/ilIiiIIliI,rustme/IlilIIIliI,mod-widget
ilIiiIiIII(133).class,rustme/ilIiiIiIII,java/lang/Object,misc
ilIiiIiIiI(18).class,rustme/ilIiiIiIiI,java/lang/Object,misc
ilIiiIiiII(82).class,rustme/ilIiiIiiII,java/lang/Object,kotlin-lambda-ish
ilIiiIiilI(9).class,rustme/ilIiiIiilI,java/lang/Object,misc
ilIiiIiliI(18).class,rustme/ilIiiIiliI,java/lang/Object,misc
ilIiiIlIII(89).class,rustme/ilIiiIlIII,java/lang/Object,misc
ilIiiIlIiI(50).class,rustme/ilIiiIlIiI,rustme/IIlllilIiI,misc
ilIiiIliiI(18).class,rustme/ilIiiIliiI,rustme/iIIiiIliiI,misc
ilIiiIlilI(9).class,rustme/ilIiiIlilI,java/lang/Object,misc
ilIiiIlliI(18).class,rustme/ilIiiIlliI,java/lang/Object,kotlin-lambda-ish
ilIiiiIIII(141).class,rustme/ilIiiiIIII,java/lang/Object,misc
ilIiiiIIiI(34).class,rustme/ilIiiiIIiI,rustme/iliIiliIiI,entity-related
ilIiiiIiII(98).class,rustme/ilIiiiIiII,java/lang/Object,kotlin-lambda-ish
ilIiiiIilI(17).class,rustme/ilIiiiIilI,java/lang/Object,misc
ilIiiiIliI(34).class,rustme/ilIiiiIliI,rustme/iiIliiIliI,gui-textures
ilIiiiiIiI(2).class,rustme/ilIiiiiIiI,rustme/iIlIiiiIiI,entity-renderer
ilIiiiiiII(66).class,rustme/ilIiiiiiII,java/lang/Object,kotlin-lambda-ish
ilIiiiilII(65).class,rustme/ilIiiiilII,java/lang/Object,misc
ilIiiiiliI(2).class,rustme/ilIiiiiliI,java/lang/Object,misc
ilIiiilIiI(34).class,rustme/ilIiiilIiI,rustme/IIiIiilIiI,world-related
ilIiiiliII(65).class,rustme/ilIiiiliII,java/lang/Object,misc
ilIiiiliiI(2).class,rustme/ilIiiiliiI,rustme/IillilIiiI,item-related
ilIiiillII(33).class,rustme/ilIiiillII,java/lang/Object,misc
ilIiiilliI(2).class,rustme/ilIiiilliI,java/lang/Object,kotlin-lambda-ish
ilIiilIIII(73).class,rustme/ilIiilIIII,java/lang/Object,misc
ilIiilIIiI(26).class,rustme/ilIiilIIiI,java/lang/Object,misc
ilIiilIilI(9).class,rustme/ilIiilIilI,java/lang/Object,misc
ilIiilIliI(18).class,rustme/ilIiilIliI,java/lang/Object,kotlin-lambda-ish
ilIiiliIiI(10).class,rustme/ilIiiliIiI,rustme/llIiiliIiI,misc
ilIiiliiII(42).class,rustme/ilIiiliiII,java/lang/Object,kotlin-lambda-ish
ilIiililII(33).class,rustme/ilIiililII,java/lang/Object,misc
ilIiililiI(2).class,rustme/ilIiililiI,java/lang/Object,misc
ilIiillIiI(18).class,rustme/ilIiillIiI,java/lang/Object,misc
ilIiilliII(33).class,rustme/ilIiilliII,java/lang/Object,misc
ilIiilliiI(2).class,rustme/ilIiilliiI,java/lang/Object,world-related
ilIiilllII(17).class,rustme/ilIiilllII,java/lang/Object,misc
ilIiillliI(2).class,rustme/ilIiillliI,java/lang/Object,kotlin-lambda-ish
ilIilIIIiI(26).class,rustme/ilIilIIIiI,java/lang/Object,misc
ilIilIIiII(57).class,rustme/ilIilIIiII,java/lang/Object,misc
ilIilIIlII(45).class,rustme/ilIilIIlII,java/lang/Object,misc
ilIilIIliI(26).class,rustme/ilIilIIliI,rustme/IililIIliI,misc
ilIilIiIII(65).class,rustme/ilIilIiIII,java/lang/Object,misc
ilIilIiIiI(10).class,rustme/ilIilIiIiI,java/lang/Object,misc
ilIilIiiII(42).class,rustme/ilIilIiiII,java/lang/Object,kotlin-lambda-ish
ilIilIiilI(5).class,rustme/ilIilIiilI,java/lang/Object,misc
ilIilIiliI(10).class,rustme/ilIilIiliI,java/lang/Object,misc
ilIilIlIII(45).class,rustme/ilIilIlIII,java/lang/Object,misc
ilIilIlIiI(26).class,rustme/ilIilIlIiI,rustme/llllIIlIiI,nbt
ilIilIliiI(10).class,rustme/ilIilIliiI,java/lang/Object,misc
ilIilIlliI(10).class,rustme/ilIilIlliI,java/lang/Object,kotlin-lambda-ish
ilIiliIIII(69).class,rustme/ilIiliIIII,java/lang/Object,misc
ilIiliIIiI(18).class,rustme/ilIiliIIiI,rustme/IIIiliIIiI,world-related
ilIiliIiII(50).class,rustme/ilIiliIiII,java/lang/Object,kotlin-lambda-ish
ilIiliIilI(9).class,rustme/ilIiliIilI,java/lang/Object,misc
ilIiliIliI(18).class,rustme/ilIiliIliI,kotlin/properties/ObservableProperty,misc
ilIiliiIiI(2).class,rustme/ilIiliiIiI,java/lang/Object,misc
ilIiliiiII(34).class,rustme/ilIiliiiII,java/lang/Object,kotlin-lambda-ish
ilIiliilII(33).class,rustme/ilIiliilII,java/lang/Object,misc
ilIiliiliI(2).class,rustme/ilIiliiliI,java/lang/Object,misc
ilIililIiI(18).class,rustme/ilIililIiI,java/util/AbstractList,misc
ilIililiII(33).class,rustme/ilIililiII,java/lang/Object,misc
ilIililiiI(2).class,rustme/ilIililiiI,java/lang/Object,misc
ilIilillII(17).class,rustme/ilIilillII,java/lang/Object,misc
ilIililliI(2).class,rustme/ilIililliI,java/lang/Object,misc
ilIillIIII(41).class,rustme/ilIillIIII,java/lang/Object,misc
ilIillIIiI(18).class,rustme/ilIillIIiI,java/lang/Object,misc
ilIillIiiI(2).class,rustme/ilIillIiiI,java/lang/Object,misc
ilIillIilI(5).class,rustme/ilIillIilI,java/lang/Object,misc
ilIillIliI(10).class,rustme/ilIillIliI,java/lang/Object,misc
ilIilliIiI(10).class,rustme/ilIilliIiI,rustme/IIlIIliIiI,block
ilIilliiII(26).class,rustme/ilIilliiII,java/lang/Object,kotlin-lambda-ish
ilIillilII(17).class,rustme/ilIillilII,java/lang/Object,misc
ilIilliliI(2).class,rustme/ilIilliliI,kotlin/jvm/internal/MutablePropertyReference1Impl,misc
ilIilllIiI(10).class,rustme/ilIilllIiI,java/lang/Object,misc
ilIillliII(17).class,rustme/ilIillliII,java/lang/Object,misc
ilIillliiI(2).class,rustme/ilIillliiI,java/lang/Object,misc
ilIillllII(9).class,rustme/ilIillllII,java/lang/Object,misc
ilIilllliI(2).class,rustme/ilIilllliI,java/lang/Object,kotlin-lambda-ish
ilIlIIIIII(77).class,rustme/ilIlIIIIII,java/lang/Object,misc
ilIlIIIIiI(30).class,rustme/ilIlIIIIiI,java/lang/Object,misc
ilIlIIIilI(15).class,rustme/ilIlIIIilI,java/lang/Object,misc
ilIlIIIliI(30).class,rustme/ilIlIIIliI,java/lang/Object,kotlin-lambda-ish
ilIlIIiIiI(14).class,rustme/ilIlIIiIiI,rustme/IIlliIiIiI,misc
ilIlIIiiII(46).class,rustme/ilIlIIiiII,java/lang/Object,kotlin-lambda-ish
ilIlIIilII(39).class,rustme/ilIlIIilII,java/lang/Object,misc
ilIlIIiliI(14).class,rustme/ilIlIIiliI,java/lang/Object,misc
ilIlIIlIiI(30).class,rustme/ilIlIIlIiI,java/lang/Object,misc
ilIlIIliII(39).class,rustme/ilIlIIliII,java/lang/Object,misc
ilIlIIliiI(14).class,rustme/ilIlIIliiI,java/lang/Object,nbt
ilIlIIllII(23).class,rustme/ilIlIIllII,java/lang/Object,misc
ilIlIIlliI(14).class,rustme/ilIlIIlliI,java/lang/Object,kotlin-lambda-ish
ilIlIiIIiI(22).class,rustme/ilIlIiIIiI,rustme/IIiiliIIiI,block
ilIlIiIiII(54).class,rustme/ilIlIiIiII,rustme/IlIlIiIiII,misc
ilIlIiIlII(43).class,rustme/ilIlIiIlII,java/lang/Object,misc
ilIlIiIliI(22).class,rustme/ilIlIiIliI,rustme/IliIIiIliI,mod-widget
ilIlIiiIII(65).class,rustme/ilIlIiiIII,java/lang/Object,misc
ilIlIiiIiI(6).class,rustme/ilIlIiiIiI,java/lang/Object,misc
ilIlIiiiII(38).class,rustme/ilIlIiiiII,java/lang/Object,kotlin-lambda-ish
ilIlIiiilI(3).class,rustme/ilIlIiiilI,java/lang/Object,misc
ilIlIiiliI(6).class,rustme/ilIlIiiliI,rustme/iillIiiliI,lambdas
ilIlIilIII(43).class,rustme/ilIlIilIII,java/lang/Object,misc
ilIlIilIiI(22).class,rustme/ilIlIilIiI,java/lang/Object,misc
ilIlIiliiI(6).class,rustme/ilIlIiliiI,java/lang/Object,misc
ilIlIililI(3).class,rustme/ilIlIililI,java/lang/Object,misc
ilIlIilliI(6).class,rustme/ilIlIilliI,java/lang/Object,misc
ilIlIlIIiI(20).class,rustme/ilIlIlIIiI,rustme/liilIlIIiI,math-user
ilIlIlIiII(33).class,rustme/ilIlIlIiII,java/lang/Object,misc
ilIlIlIiiI(4).class,rustme/ilIlIlIiiI,rustme/IillilIiiI,item-related
ilIlIlIlII(23).class,rustme/ilIlIlIlII,java/lang/Object,misc
ilIlIlIliI(14).class,rustme/ilIlIlIliI,java/lang/Object,kotlin-lambda-ish
ilIlIliIII(37).class,rustme/ilIlIliIII,java/lang/Object,misc
ilIlIliIiI(12).class,rustme/ilIlIliIiI,java/lang/Object,entity-related
ilIlIliiII(28).class,rustme/ilIlIliiII,java/lang/Object,kotlin-lambda-ish
ilIlIliilI(3).class,rustme/ilIlIliilI,java/lang/Object,misc
ilIlIliliI(6).class,rustme/ilIlIliliI,java/lang/Object,mod-ui
ilIlIllIII(23).class,rustme/ilIlIllIII,java/lang/Object,misc
ilIlIllIiI(14).class,rustme/ilIlIllIiI,rustme/llIiIllIiI,misc
ilIlIlliiI(6).class,rustme/ilIlIlliiI,java/lang/Object,misc
ilIlIllliI(6).class,rustme/ilIlIllliI,java/lang/Object,kotlin-lambda-ish
ilIliIIIiI(26).class,rustme/ilIliIIIiI,rustme/llliiIIIiI,tileentity
ilIliIIiII(58).class,rustme/ilIliIIiII,java/lang/Object,misc
ilIliIIlII(45).class,rustme/ilIliIIlII,java/lang/Object,misc
ilIliIIliI(26).class,rustme/ilIliIIliI,kotlin/properties/ObservableProperty,mod-widget
ilIliIiIII(67).class,rustme/ilIliIiIII,java/lang/Object,misc
ilIliIiIiI(10).class,rustme/ilIliIiIiI,java/lang/Object,misc
ilIliIiiII(42).class,rustme/ilIliIiiII,java/lang/Object,kotlin-lambda-ish
ilIliIiilI(5).class,rustme/ilIliIiilI,java/lang/Object,misc
ilIliIiliI(10).class,rustme/ilIliIiliI,java/lang/Object,kotlin-lambda-ish
ilIliIlIII(45).class,rustme/ilIliIlIII,java/lang/Object,misc
ilIliIlIiI(26).class,rustme/ilIliIlIiI,java/lang/Enum,enum
ilIliIliiI(10).class,rustme/ilIliIliiI,java/lang/Object,gui-screen
ilIliIlilI(5).class,rustme/ilIliIlilI,java/lang/Object,misc
ilIliIlliI(10).class,rustme/ilIliIlliI,java/lang/Object,kotlin-lambda-ish
ilIliiIIII(71).class,rustme/ilIliiIIII,java/lang/Object,misc
ilIliiIIiI(18).class,rustme/ilIliiIIiI,rustme/IllIiiIIiI,misc
ilIliiIiII(50).class,rustme/ilIliiIiII,java/lang/Object,kotlin-lambda-ish
ilIliiIilI(9).class,rustme/ilIliiIilI,java/lang/Object,misc
ilIliiIliI(18).class,rustme/ilIliiIliI,java/lang/Object,misc
ilIliiiIiI(2).class,rustme/ilIliiiIiI,java/lang/Object,misc
ilIliiiiII(34).class,rustme/ilIliiiiII,java/lang/Object,kotlin-lambda-ish
ilIliiilII(33).class,rustme/ilIliiilII,java/lang/Object,misc
ilIliiiliI(2).class,rustme/ilIliiiliI,java/lang/Object,misc
ilIliilIiI(18).class,rustme/ilIliilIiI,java/lang/Object,nbt
ilIliiliII(33).class,rustme/ilIliiliII,java/lang/Object,misc
ilIliiliiI(2).class,rustme/ilIliiliiI,rustme/iIIiIlIiiI,tileentity
ilIliillII(17).class,rustme/ilIliillII,java/lang/Object,misc
ilIliilliI(2).class,rustme/ilIliilliI,java/lang/Object,misc
ilIlilIIII(39).class,rustme/ilIlilIIII,java/lang/Object,misc
ilIlilIIiI(16).class,rustme/ilIlilIIiI,java/lang/Object,misc
ilIlilIiiI.class,rustme/ilIlilIiiI,java/lang/Object,misc
ilIlilIilI(5).class,rustme/ilIlilIilI,java/lang/Object,misc
ilIlilIliI(10).class,rustme/ilIlilIliI,rustme/iIIlilIliI,misc
ilIliliIiI(8).class,rustme/ilIliliIiI,rustme/illliliIiI,entity-related
ilIliliiII(24).class,rustme/ilIliliiII,java/lang/Object,kotlin-lambda-ish
ilIlililII(17).class,rustme/ilIlililII,java/lang/Object,misc
ilIlililiI(2).class,rustme/ilIlililiI,java/lang/Object,kotlin-lambda-ish
ilIlillIiI(10).class,rustme/ilIlillIiI,java/lang/Object,misc
ilIlilliII(17).class,rustme/ilIlilliII,java/lang/Object,misc
ilIlilliiI(2).class,rustme/ilIlilliiI,java/lang/Object,misc
ilIlilllII(9).class,rustme/ilIlilllII,java/lang/Object,misc
ilIlillliI(2).class,rustme/ilIlillliI,java/lang/Object,kotlin-lambda-ish
ilIllIIIiI(14).class,rustme/ilIllIIIiI,java/lang/Object,misc
ilIllIIiII(29).class,rustme/ilIllIIiII,java/lang/Object,misc
ilIllIIlII(23).class,rustme/ilIllIIlII,java/lang/Object,misc
ilIllIIliI(14).class,rustme/ilIllIIliI,kotlin/jvm/internal/FunctionReferenceImpl,kotlin-lambda-ish
ilIllIiIII(33).class,rustme/ilIllIiIII,java/lang/Object,misc
ilIllIiIiI(6).class,rustme/ilIllIiIiI,java/lang/Object,misc
ilIllIiiII(22).class,rustme/ilIllIiiII,java/lang/Object,kotlin-lambda-ish
ilIllIiilI(3).class,rustme/ilIllIiilI,java/lang/Object,misc
ilIllIiliI(6).class,rustme/ilIllIiliI,kotlin/coroutines/jvm/internal/SuspendLambda,kotlin-coroutines
ilIllIlIII(23).class,rustme/ilIllIlIII,java/lang/Object,misc
ilIllIlIiI(14).class,rustme/ilIllIlIiI,rustme/lIllIilIiI,misc
ilIllIliiI(6).class,rustme/ilIllIliiI,rustme/lililIliiI,particle
ilIllIlliI(6).class,rustme/ilIllIlliI,java/lang/Object,kotlin-lambda-ish
ilIlliIIII(35).class,rustme/ilIlliIIII,java/lang/Object,misc
ilIlliIIiI(10).class,rustme/ilIlliIIiI,java/lang/Object,tileentity
ilIlliIiII(26).class,rustme/ilIlliIiII,rustme/IIIlliIiII,kotlin-lambda-ish
ilIlliIilI(5).class,rustme/ilIlliIilI,java/lang/Object,misc
ilIlliIliI(10).class,rustme/ilIlliIliI,rustme/IliIIiIliI,gui-textures
ilIlliiIiI(2).class,rustme/ilIlliiIiI,java/lang/Object,misc
ilIlliiiII(18).class,rustme/ilIlliiiII,java/lang/Object,kotlin-lambda-ish
ilIlliilII(17).class,rustme/ilIlliilII,java/lang/Object,misc
ilIlliiliI(2).class,rustme/ilIlliiliI,rustme/lilliiiliI,mod-command-ish
ilIllilIiI(10).class,rustme/ilIllilIiI,java/lang/Object,nbt
ilIlliliII(17).class,rustme/ilIlliliII,java/lang/Object,misc
ilIlliliiI(2).class,rustme/ilIlliliiI,rustme/lIIlliliiI,misc
ilIllillII(9).class,rustme/ilIllillII,java/lang/Object,misc
ilIllilliI(2).class,rustme/ilIllilliI,java/lang/Object,kotlin-lambda-ish
ilIlllIIII(21).class,rustme/ilIlllIIII,java/lang/Object,misc
ilIlllIIiI(10).class,rustme/ilIlllIIiI,java/lang/Object,network-netty
ilIlllIiiI(2).class,rustme/ilIlllIiiI,java/lang/Enum,enum
ilIlllIilI(3).class,rustme/ilIlllIilI,java/lang/Object,misc
ilIlllIliI(6).class,rustme/ilIlllIliI,java/lang/Object,kotlin-lambda-ish
ilIllliIiI(6).class,rustme/ilIllliIiI,rustme/lIliiiIIiI,misc
ilIllliiII(14).class,rustme/ilIllliiII,java/lang/Object,kotlin-lambda-ish
ilIlllilII(9).class,rustme/ilIlllilII,java/lang/Object,misc
ilIllliliI(2).class,rustme/ilIllliliI,java/lang/Object,kotlin-lambda-ish
ilIllllIiI(6).class,rustme/ilIllllIiI,java/lang/Object,misc
ilIlllliII(9).class,rustme/ilIlllliII,java/lang/Object,misc
ilIlllliiI(2).class,rustme/ilIlllliiI,java/lang/Object,misc
ilIlllllII(5).class,rustme/ilIlllllII,java/lang/Object,misc
ilIllllliI(2).class,rustme/ilIllllliI,java/lang/Object,kotlin-lambda-ish
iliIIIIIII(154).class,rustme/iliIIIIIII,java/lang/Object,misc
iliIIIIIiI(60).class,rustme/iliIIIIIiI,rustme/llliiIIIiI,tileentity
iliIIIIilI(30).class,rustme/iliIIIIilI,java/lang/Object,misc
iliIIIIliI(60).class,rustme/iliIIIIliI,rustme/IIiIIIIliI,mod-widget
iliIIIiIiI(28).class,rustme/iliIIIiIiI,rustme/IIlliIiIiI,world-related
iliIIIiiII(92).class,rustme/iliIIIiiII,java/lang/Object,kotlin-lambda-ish
iliIIIilII(78).class,rustme/iliIIIilII,java/lang/Object,misc
iliIIIiliI(28).class,rustme/iliIIIiliI,java/lang/Object,misc
iliIIIlIiI(60).class,rustme/iliIIIlIiI,rustme/IIIiIIlIiI,misc
iliIIIliII(78).class,rustme/iliIIIliII,java/lang/Object,misc
iliIIIliiI(28).class,rustme/iliIIIliiI,rustme/lIlliIliiI,network-packet
iliIIIllII(46).class,rustme/iliIIIllII,java/lang/Object,misc
iliIIIlliI(28).class,rustme/iliIIIlliI,java/lang/Object,kotlin-lambda-ish
iliIIiIIiI(44).class,rustme/iliIIiIIiI,rustme/IIiIIiIIiI,network-netty
iliIIiIiII(108).class,rustme/iliIIiIiII,java/lang/Object,kotlin-lambda-ish
iliIIiIlII(86).class,rustme/iliIIiIlII,java/lang/Object,misc
iliIIiIliI(44).class,rustme/iliIIiIliI,rustme/IlilIIIliI,gui-screen
iliIIiiIII(130).class,rustme/iliIIiiIII,java/lang/Object,misc
iliIIiiIiI(12).class,rustme/iliIIiiIiI,java/lang/Object,misc
iliIIiiiII(76).class,rustme/iliIIiiiII,java/lang/Object,kotlin-lambda-ish
iliIIiiilI(6).class,rustme/iliIIiiilI,java/lang/Object,misc
iliIIiiliI(12).class,rustme/iliIIiiliI,java/lang/Object,misc
iliIIilIII(86).class,rustme/iliIIilIII,java/lang/Object,misc
iliIIilIiI(44).class,rustme/iliIIilIiI,java/lang/Object,entity-related
iliIIiliiI(12).class,rustme/iliIIiliiI,java/lang/Object,misc
iliIIililI(6).class,rustme/iliIIililI,java/lang/Object,misc
iliIIilliI(12).class,rustme/iliIIilliI,java/lang/Object,misc
iliIIlIIiI(36).class,rustme/iliIIlIIiI,java/lang/Object,network-packet
iliIIlIiII(62).class,rustme/iliIIlIiII,java/lang/Object,misc
iliIIlIiiI(4).class,rustme/iliIIlIiiI,rustme/IillilIiiI,tileentity
iliIIlIlII(46).class,rustme/iliIIlIlII,java/lang/Object,misc
iliIIlIliI(28).class,rustme/iliIIlIliI,java/lang/Object,misc
iliIIliIII(70).class,rustme/iliIIliIII,java/lang/Object,misc
iliIIliIiI(20).class,rustme/iliIIliIiI,rustme/liliIliIiI,world-related
iliIIliiII(52).class,rustme/iliIIliiII,java/lang/Object,kotlin-lambda-ish
iliIIliilI(6).class,rustme/iliIIliilI,java/lang/Object,misc
iliIIliliI(12).class,rustme/iliIIliliI,java/lang/Object,kotlin-lambda-ish
iliIIllIII(46).class,rustme/iliIIllIII,java/lang/Object,misc
iliIIllIiI(28).class,rustme/iliIIllIiI,rustme/llIiIllIiI,misc
iliIIlliiI(12).class,rustme/iliIIlliiI,java/lang/Object,misc
iliIIllliI(12).class,rustme/iliIIllliI,java/lang/Object,kotlin-lambda-ish
iliIiIIIiI(52).class,rustme/iliIiIIIiI,rustme/llliiIIIiI,tileentity
iliIiIIiII(116).class,rustme/iliIiIIiII,java/lang/Object,misc
iliIiIIlII(90).class,rustme/iliIiIIlII,java/lang/Object,misc
iliIiIIliI(52).class,rustme/iliIiIIliI,java/lang/Object,misc
iliIiIiIII(134).class,rustme/iliIiIiIII,java/lang/Object,misc
iliIiIiIiI(20).class,rustme/iliIiIiIiI,java/lang/Object,misc
iliIiIiiII(84).class,rustme/iliIiIiiII,java/lang/Object,kotlin-lambda-ish
iliIiIiilI(10).class,rustme/iliIiIiilI,java/lang/Object,misc
iliIiIiliI(20).class,rustme/iliIiIiliI,rustme/iiiliIiliI,misc
iliIiIlIII(90).class,rustme/iliIiIlIII,java/lang/Object,misc
iliIiIlIiI(52).class,rustme/iliIiIlIiI,java/lang/Enum,enum
iliIiIliiI(20).class,rustme/iliIiIliiI,java/lang/Object,misc
iliIiIlilI(10).class,rustme/iliIiIlilI,java/lang/Object,misc
iliIiIlliI(20).class,rustme/iliIiIlliI,java/lang/Object,kotlin-lambda-ish
iliIiiIIII(142).class,rustme/iliIiiIIII,java/lang/Object,misc
iliIiiIIiI(36).class,rustme/iliIiiIIiI,rustme/lIIiIliIiI,entity-related
iliIiiIiII(100).class,rustme/iliIiiIiII,java/lang/Object,kotlin-lambda-ish
iliIiiIilI(18).class,rustme/iliIiiIilI,java/lang/Object,misc
iliIiiIliI(36).class,rustme/iliIiiIliI,rustme/iiIliiIliI,gui-textures
iliIiiiIiI(4).class,rustme/iliIiiiIiI,rustme/lliiiiiIiI,world-related
iliIiiiiII(68).class,rustme/iliIiiiiII,java/lang/Object,kotlin-lambda-ish
iliIiiilII(66).class,rustme/iliIiiilII,java/lang/Object,misc
iliIiiiliI(4).class,rustme/iliIiiiliI,java/lang/Object,misc
iliIiilIiI(36).class,rustme/iliIiilIiI,java/lang/Object,nbt
iliIiiliII(66).class,rustme/iliIiiliII,java/lang/Object,misc
iliIiiliiI(4).class,rustme/iliIiiliiI,java/lang/Enum,enum
iliIiillII(34).class,rustme/iliIiillII,java/lang/Object,misc
iliIiilliI(4).class,rustme/iliIiilliI,java/lang/Object,misc
iliIilIIII(74).class,rustme/iliIilIIII,java/lang/Object,misc
iliIilIIiI(28).class,rustme/iliIilIIiI,java/lang/Object,network-packet
iliIilIilI(10).class,rustme/iliIilIilI,java/lang/Object,misc
iliIilIliI(20).class,rustme/iliIilIliI,java/lang/Object,kotlin-lambda-ish
iliIiliIiI(12).class,rustme/iliIiliIiI,java/lang/Object,misc
iliIiliiII(44).class,rustme/iliIiliiII,java/lang/Object,kotlin-lambda-ish
iliIililII(34).class,rustme/iliIililII,java/lang/Object,misc
iliIililiI(4).class,rustme/iliIililiI,java/lang/Object,kotlin-lambda-ish
iliIillIiI(20).class,rustme/iliIillIiI,java/lang/Object,misc
iliIilliII(34).class,rustme/iliIilliII,java/lang/Object,misc
iliIilliiI(4).class,rustme/iliIilliiI,java/lang/Object,misc
iliIilllII(18).class,rustme/iliIilllII,java/lang/Object,misc
iliIillliI(4).class,rustme/iliIillliI,java/lang/Object,kotlin-lambda-ish
iliIlIIIiI(28).class,rustme/iliIlIIIiI,java/lang/Object,misc
iliIlIIiII(58).class,rustme/iliIlIIiII,java/lang/Object,misc
iliIlIIlII(46).class,rustme/iliIlIIlII,java/lang/Object,misc
iliIlIIliI(28).class,rustme/iliIlIIliI,java/lang/Object,kotlin-lambda-ish
iliIlIiIII(66).class,rustme/iliIlIiIII,java/lang/Object,misc
iliIlIiIiI(12).class,rustme/iliIlIiIiI,rustme/ilIIlIiIiI,tileentity
iliIlIiiII(44).class,rustme/iliIlIiiII,java/lang/Object,kotlin-lambda-ish
iliIlIiilI(6).class,rustme/iliIlIiilI,java/lang/Object,misc
iliIlIiliI(12).class,rustme/iliIlIiliI,java/lang/Object,kotlin-lambda-ish
iliIlIlIII(46).class,rustme/iliIlIlIII,java/lang/Object,misc
iliIlIlIiI(28).class,rustme/iliIlIlIiI,java/lang/Object,json-gson
iliIlIliiI(12).class,rustme/iliIlIliiI,java/lang/Object,misc
iliIlIlliI(12).class,rustme/iliIlIlliI,java/lang/Object,kotlin-lambda-ish
iliIliIIII(70).class,rustme/iliIliIIII,java/lang/Object,misc
iliIliIIiI(20).class,rustme/iliIliIIiI,rustme/IIIiliIIiI,world-related
iliIliIiII(52).class,rustme/iliIliIiII,java/lang/Object,misc
iliIliIilI(10).class,rustme/iliIliIilI,java/lang/Object,misc
iliIliIliI(20).class,rustme/iliIliIliI,java/lang/Enum,enum
iliIliiIiI(4).class,rustme/iliIliiIiI,rustme/IIlIliiIiI,entity-renderer
iliIliiiII(36).class,rustme/iliIliiiII,java/lang/Object,kotlin-lambda-ish
iliIliilII(34).class,rustme/iliIliilII,java/lang/Object,misc
iliIliiliI(4).class,rustme/iliIliiliI,rustme/lIlIIiiliI,gui-screen
iliIlilIiI(20).class,rustme/iliIlilIiI,java/lang/Object,misc
iliIliliII(34).class,rustme/iliIliliII,java/lang/Object,misc
iliIliliiI(4).class,rustme/iliIliliiI,rustme/IlIlliliiI,gui-screen
iliIlillII(18).class,rustme/iliIlillII,java/lang/Object,misc
iliIlilliI(4).class,rustme/iliIlilliI,java/lang/Object,misc
iliIllIIII(42).class,rustme/iliIllIIII,java/lang/Object,misc
iliIllIIiI(20).class,rustme/iliIllIIiI,rustme/ilIIllIIiI,world-related
iliIllIiiI(4).class,rustme/iliIllIiiI,rustme/IillilIiiI,item-related
iliIllIilI(6).class,rustme/iliIllIilI,java/lang/Object,misc
iliIllIliI(12).class,rustme/iliIllIliI,java/lang/Object,gui-textures
iliIlliIiI(12).class,rustme/iliIlliIiI,java/lang/Enum,enum
iliIlliiII(28).class,rustme/iliIlliiII,java/lang/Object,kotlin-lambda-ish
iliIllilII(18).class,rustme/iliIllilII,java/lang/Object,misc
iliIlliliI(4).class,rustme/iliIlliliI,kotlin/jvm/internal/FunctionReferenceImpl,kotlin-lambda-ish
iliIlllIiI(12).class,rustme/iliIlllIiI,java/lang/Object,misc
iliIllliII(18).class,rustme/iliIllliII,java/lang/Object,misc
iliIllliiI(4).class,rustme/iliIllliiI,java/lang/Object,misc
iliIllllII(10).class,rustme/iliIllllII,java/lang/Object,misc
iliIlllliI(4).class,rustme/iliIlllliI,java/lang/Object,kotlin-lambda-ish
iliiIIIIiI(56).class,rustme/iliiIIIIiI,rustme/llliiIIIiI,tileentity
iliiIIIiII(120).class,rustme/iliiIIIiII,java/lang/Object,misc
iliiIIIlII(92).class,rustme/iliiIIIlII,java/lang/Object,misc
iliiIIIliI(56).class,rustme/iliiIIIliI,rustme/IliIIiIliI,gui-textures
iliiIIiIII(136).class,rustme/iliiIIiIII,java/lang/Object,misc
iliiIIiIiI(24).class,rustme/iliiIIiIiI,rustme/IIlliIiIiI,entity-related
iliiIIiiII(88).class,rustme/iliiIIiiII,java/lang/Object,kotlin-lambda-ish
iliiIIiilI(12).class,rustme/iliiIIiilI,java/lang/Object,misc
iliiIIiliI(24).class,rustme/iliiIIiliI,java/lang/Object,json-gson
iliiIIlIII(92).class,rustme/iliiIIlIII,java/lang/Object,misc
iliiIIlIiI(56).class,rustme/iliiIIlIiI,rustme/iiIiIIlIiI,block
iliiIIliiI(24).class,rustme/iliiIIliiI,rustme/iliIIIliiI,misc
iliiIIlliI(24).class,rustme/iliiIIlliI,java/lang/Object,kotlin-lambda-ish
iliiIiIIII(144).class,rustme/iliiIiIIII,java/lang/Object,misc
iliiIiIIiI(40).class,rustme/iliiIiIIiI,rustme/iliIiliIiI,math-user
iliiIiIiII(104).class,rustme/iliiIiIiII,java/lang/Object,kotlin-lambda-ish
iliiIiIilI(20).class,rustme/iliiIiIilI,java/lang/Object,misc
iliiIiIliI(40).class,rustme/iliiIiIliI,java/lang/Object,misc
iliiIiiIiI(8).class,rustme/iliiIiiIiI,rustme/iIlIiiiIiI,entity-renderer
iliiIiiiII(72).class,rustme/iliiIiiiII,java/lang/Object,kotlin-lambda-ish
iliiIiilII(68).class,rustme/iliiIiilII,java/lang/Object,misc
iliiIiiliI(8).class,rustme/iliiIiiliI,rustme/IiIiIiiliI,misc
iliiIilIiI(40).class,rustme/iliiIilIiI,java/lang/Object,nbt
iliiIiliII(68).class,rustme/iliiIiliII,java/lang/Object,misc
iliiIiliiI(8).class,rustme/iliiIiliiI,java/lang/Object,misc
iliiIillII(36).class,rustme/iliiIillII,java/lang/Object,misc
iliiIilliI(8).class,rustme/iliiIilliI,java/lang/Object,kotlin-lambda-ish
iliiIlIIII(76).class,rustme/iliiIlIIII,java/lang/Object,misc
iliiIlIIiI(32).class,rustme/iliiIlIIiI,java/lang/Object,network-packet
iliiIlIiiI.class,rustme/iliiIlIiiI,rustme/lIIillIiiI,tileentity
iliiIlIilI(12).class,rustme/iliiIlIilI,java/lang/Object,misc
iliiIlIliI(24).class,rustme/iliiIlIliI,java/lang/Object,misc
iliiIliIiI(16).class,rustme/iliiIliIiI,rustme/lIiiIliIiI,block
iliiIliiII(48).class,rustme/iliiIliiII,java/lang/Object,kotlin-lambda-ish
iliiIlilII(36).class,rustme/iliiIlilII,java/lang/Object,misc
iliiIliliI(8).class,rustme/iliiIliliI,rustme/IlilIIIliI,mod-widget
iliiIllIiI(24).class,rustme/iliiIllIiI,java/lang/Enum,entity-related
iliiIlliII(36).class,rustme/iliiIlliII,java/lang/Object,misc
iliiIlliiI(8).class,rustme/iliiIlliiI,java/lang/Object,misc
iliiIlllII(20).class,rustme/iliiIlllII,java/lang/Object,misc
iliiIllliI(8).class,rustme/iliiIllliI,java/lang/Object,kotlin-lambda-ish
iliiiIIIII(148).class,rustme/iliiiIIIII,java/lang/Object,misc
iliiiIIIiI(48).class,rustme/iliiiIIIiI,java/lang/Object,tileentity
iliiiIIiII(112).class,rustme/iliiiIIiII,java/lang/Object,misc
iliiiIIilI(24).class,rustme/iliiiIIilI,java/lang/Object,misc
iliiiIIliI(48).class,rustme/iliiiIIliI,java/lang/Object,misc
iliiiIiIiI(16).class,rustme/iliiiIiIiI,rustme/IiIlliiIiI,misc
iliiiIiiII(80).class,rustme/iliiiIiiII,java/lang/Object,kotlin-lambda-ish
iliiiIilII(72).class,rustme/iliiiIilII,java/lang/Object,misc
iliiiIiliI(16).class,rustme/iliiiIiliI,java/lang/Object,kotlin-lambda-ish
iliiiIlIiI(48).class,rustme/iliiiIlIiI,java/lang/Enum,enum
iliiiIliII(72).class,rustme/iliiiIliII,java/lang/Object,misc
iliiiIliiI(16).class,rustme/iliiiIliiI,java/lang/Object,misc
iliiiIllII(40).class,rustme/iliiiIllII,java/lang/Object,misc
iliiiIlliI(16).class,rustme/iliiiIlliI,java/lang/Object,kotlin-lambda-ish
iliiiiIIiI(32).class,rustme/iliiiiIIiI,java/lang/Object,entity-related
iliiiiIiII(96).class,rustme/iliiiiIiII,java/lang/Object,kotlin-lambda-ish
iliiiiIlII(80).class,rustme/iliiiiIlII,java/lang/Object,misc
iliiiiIliI(32).class,rustme/iliiiiIliI,java/lang/Object,kotlin-lambda-ish
iliiiiiIII(124).class,rustme/iliiiiiIII,java/lang/Object,misc
iliiiiiIiI.class,rustme/iliiiiiIiI,java/lang/Object,misc
iliiiiiiII(64).class,rustme/iliiiiiiII,java/lang/Object,kotlin-lambda-ish
iliiiiiilI.class,rustme/iliiiiiilI,java/lang/Object,misc
iliiiiiliI.class,rustme/iliiiiiliI,java/lang/Object,world-related
iliiiilIII(80).class,rustme/iliiiilIII,java/lang/Object,misc
iliiiilIiI(32).class,rustme/iliiiilIiI,java/lang/Object,world-related
iliiiiliiI.class,rustme/iliiiiliiI,rustme/IillilIiiI,item-related
iliiiililI.class,rustme/iliiiililI,java/lang/Object,misc
iliiiilliI.class,rustme/iliiiilliI,java/lang/Object,auth-profile
iliiilIIiI(24).class,rustme/iliiilIIiI,java/lang/Object,misc
iliiilIiII(56).class,rustme/iliiilIiII,java/lang/Object,misc
iliiilIlII(40).class,rustme/iliiilIlII,java/lang/Object,misc
iliiilIliI(16).class,rustme/iliiilIliI,kotlin/coroutines/jvm/internal/SuspendLambda,gui-screen
iliiiliIII(64).class,rustme/iliiiliIII,java/lang/Object,misc
iliiiliIiI(8).class,rustme/iliiiliIiI,rustme/llIiiliIiI,tileentity
iliiiliiII(40).class,rustme/iliiiliiII,java/lang/Object,kotlin-lambda-ish
iliiiliilI.class,rustme/iliiiliilI,java/lang/Object,misc
iliiililiI.class,rustme/iliiililiI,java/lang/Object,misc
iliiillIII(40).class,rustme/iliiillIII,java/lang/Object,misc
iliiillIiI(16).class,rustme/iliiillIiI,java/lang/Object,misc
iliiilliiI.class,rustme/iliiilliiI,rustme/lliiilliiI,misc
iliiillliI.class,rustme/iliiillliI,java/lang/Object,kotlin-lambda-ish
iliilIIIII(72).class,rustme/iliilIIIII,java/lang/Object,misc
iliilIIIiI(24).class,rustme/iliilIIIiI,java/lang/Object,network-netty
iliilIIilI(12).class,rustme/iliilIIilI,java/lang/Object,misc
iliilIIliI(24).class,rustme/iliilIIliI,java/lang/Object,misc
iliilIiIiI(8).class,rustme/iliilIiIiI,rustme/IIlliIiIiI,entity-related
iliilIiiII(40).class,rustme/iliilIiiII,java/lang/Object,kotlin-lambda-ish
iliilIilII(36).class,rustme/iliilIilII,java/lang/Object,misc
iliilIiliI(8).class,rustme/iliilIiliI,java/lang/Object,kotlin-lambda-ish
iliilIlIiI(24).class,rustme/iliilIlIiI,rustme/IlllIIlIiI,json-gson
iliilIliII(36).class,rustme/iliilIliII,java/lang/Object,misc
iliilIliiI(8).class,rustme/iliilIliiI,java/lang/Object,network-netty
iliilIllII(20).class,rustme/iliilIllII,java/lang/Object,misc
iliilIlliI(8).class,rustme/iliilIlliI,java/lang/Object,kotlin-lambda-ish
iliiliIIiI(16).class,rustme/iliiliIIiI,java/lang/Object,tileentity
iliiliIiII(48).class,rustme/iliiliIiII,java/lang/Object,misc
iliiliIlII(40).class,rustme/iliiliIlII,java/lang/Object,misc
iliiliIliI(16).class,rustme/iliiliIliI,kotlin/properties/ObservableProperty,misc
iliiliiIII(60).class,rustme/iliiliiIII,java/lang/Object,misc
iliiliiIiI.class,rustme/iliiliiIiI,java/lang/Object,misc
iliiliiiII(32).class,rustme/iliiliiiII,java/lang/Object,kotlin-lambda-ish
iliiliiilI.class,rustme/iliiliiilI,java/lang/Object,misc
iliiliiliI.class,rustme/iliiliiliI,rustme/IliiliiliI,misc
iliililIII(40).class,rustme/iliililIII,java/lang/Object,misc
iliililIiI(16).class,rustme/iliililIiI,java/lang/Object,misc
iliililiiI.class,rustme/iliililiiI,java/lang/Object,json-gson
iliilililI.class,rustme/iliilililI,java/lang/Object,misc
iliililliI.class,rustme/iliililliI,java/lang/Object,misc
iliillIIiI(16).class,rustme/iliillIIiI,java/util/TimerTask,json-gson
iliillIiII(32).class,rustme/iliillIiII,java/lang/Object,misc
iliillIiiI.class,rustme/iliillIiiI,rustme/IillilIiiI,tileentity
iliillIlII(20).class,rustme/iliillIlII,java/lang/Object,misc
iliillIliI(8).class,rustme/iliillIliI,java/lang/Object,misc
iliilliIII(36).class,rustme/iliilliIII,java/lang/Object,misc
iliilliIiI(8).class,rustme/iliilliIiI,rustme/IIlIIliIiI,world-related
iliilliiII(24).class,rustme/iliilliiII,java/lang/Object,kotlin-lambda-ish
iliilliilI.class,rustme/iliilliilI,java/lang/Object,misc
iliilliliI.class,rustme/iliilliliI,java/lang/Object,misc
iliilllIII(20).class,rustme/iliilllIII,java/lang/Object,misc
iliilllIiI(8).class,rustme/iliilllIiI,rustme/IIliIllIiI,misc
iliillliiI.class,rustme/iliillliiI,java/lang/Object,misc
iliilllliI.class,rustme/iliilllliI,java/lang/Object,kotlin-lambda-ish
ililIIIIiI(28).class,rustme/ililIIIIiI,rustme/IIlIIIIIiI,misc
ililIIIiII(60).class,rustme/ililIIIiII,java/lang/Object,misc
ililIIIlII(46).class,rustme/ililIIIlII,java/lang/Object,misc
ililIIIliI(28).class,rustme/ililIIIliI,kotlin/jvm/internal/FunctionReferenceImpl,mod-widget
ililIIiIII(68).class,rustme/ililIIiIII,java/lang/Object,misc
ililIIiIiI(12).class,rustme/ililIIiIiI,java/lang/Object,misc
ililIIiiII(44).class,rustme/ililIIiiII,java/lang/Object,kotlin-lambda-ish
ililIIiilI(6).class,rustme/ililIIiilI,java/lang/Object,misc
ililIIiliI(12).class,rustme/ililIIiliI,java/lang/Object,misc
ililIIlIII(46).class,rustme/ililIIlIII,java/lang/Object,misc
ililIIlIiI(28).class,rustme/ililIIlIiI,rustme/iIIlIIlIiI,json-gson
ililIIliiI(12).class,rustme/ililIIliiI,it/unimi/dsi/fastutil/longs/Long2ObjectOpenHashMap,misc
ililIIlliI(12).class,rustme/ililIIlliI,java/lang/Object,kotlin-lambda-ish
ililIiIIII(72).class,rustme/ililIiIIII,java/lang/Object,misc
ililIiIIiI(20).class,rustme/ililIiIIiI,java/lang/Object,world-related
ililIiIiII(52).class,rustme/ililIiIiII,java/lang/Object,kotlin-lambda-ish
ililIiIilI(10).class,rustme/ililIiIilI,java/lang/Object,misc
ililIiIliI(20).class,rustme/ililIiIliI,kotlin/properties/ObservableProperty,misc
ililIiiIiI(4).class,rustme/ililIiiIiI,java/lang/Object,tileentity
ililIiiiII(36).class,rustme/ililIiiiII,java/lang/Object,kotlin-lambda-ish
ililIiilII(34).class,rustme/ililIiilII,java/lang/Object,misc
ililIiiliI(4).class,rustme/ililIiiliI,kotlin/jvm/internal/FunctionReferenceImpl,kotlin-lambda-ish
ililIilIiI(20).class,rustme/ililIilIiI,java/lang/Object,misc
ililIiliII(34).class,rustme/ililIiliII,java/lang/Object,misc
ililIiliiI(4).class,rustme/ililIiliiI,java/lang/Object,misc
ililIillII(18).class,rustme/ililIillII,java/lang/Object,misc
ililIilliI(4).class,rustme/ililIilliI,java/lang/Object,misc
ililIlIIII(40).class,rustme/ililIlIIII,java/lang/Object,misc
ililIlIIiI(18).class,rustme/ililIlIIiI,java/lang/Object,misc
ililIlIiiI(2).class,rustme/ililIlIiiI,java/lang/Object,misc
ililIlIilI(6).class,rustme/ililIlIilI,java/lang/Object,misc
ililIlIliI(12).class,rustme/ililIlIliI,java/lang/Object,misc
ililIliIiI(10).class,rustme/ililIliIiI,java/lang/Object,world-related
ililIliiII(26).class,rustme/ililIliiII,java/lang/Object,kotlin-lambda-ish
ililIlilII(18).class,rustme/ililIlilII,java/lang/Object,misc
ililIliliI(4).class,rustme/ililIliliI,rustme/iiIliiIliI,network-packet
ililIllIiI(12).class,rustme/ililIllIiI,rustme/iiIlIllIiI,misc
ililIlliII(18).class,rustme/ililIlliII,java/lang/Object,misc
ililIlliiI(4).class,rustme/ililIlliiI,rustme/IIlIIlliiI,misc
ililIlllII(10).class,rustme/ililIlllII,java/lang/Object,misc
ililIllliI(4).class,rustme/ililIllliI,java/lang/Object,kotlin-lambda-ish
ililiIIIII(74).class,rustme/ililiIIIII,java/lang/Object,misc
ililiIIIiI(24).class,rustme/ililiIIIiI,rustme/llliiIIIiI,tileentity
ililiIIiII(56).class,rustme/ililiIIiII,java/lang/Object,misc
ililiIIilI(12).class,rustme/ililiIIilI,java/lang/Object,misc
ililiIIliI(24).class,rustme/ililiIIliI,rustme/IliIIiIliI,mod-widget
ililiIiIiI(8).class,rustme/ililiIiIiI,java/lang/Object,misc
ililiIiiII(40).class,rustme/ililiIiiII,java/lang/Object,kotlin-lambda-ish
ililiIilII(36).class,rustme/ililiIilII,java/lang/Object,misc
ililiIiliI(8).class,rustme/ililiIiliI,java/lang/Object,misc
ililiIlIiI(24).class,rustme/ililiIlIiI,java/lang/Object,misc
ililiIliII(36).class,rustme/ililiIliII,java/lang/Object,misc
ililiIliiI(8).class,rustme/ililiIliiI,java/lang/Object,misc
ililiIllII(20).class,rustme/ililiIllII,java/lang/Object,misc
ililiIlliI(8).class,rustme/ililiIlliI,java/lang/Object,kotlin-lambda-ish
ililiiIIiI(16).class,rustme/ililiiIIiI,rustme/IllIiiIIiI,misc
ililiiIiII(48).class,rustme/ililiiIiII,java/lang/Object,kotlin-lambda-ish
ililiiIlII(40).class,rustme/ililiiIlII,java/lang/Object,misc
ililiiIliI(16).class,rustme/ililiiIliI,java/lang/Object,kotlin-lambda-ish
ililiiiIII(62).class,rustme/ililiiiIII,java/lang/Object,misc
ililiiiIiI.class,rustme/ililiiiIiI,rustme/iIlIiiiIiI,entity-renderer
ililiiiiII(32).class,rustme/ililiiiiII,java/lang/Object,kotlin-lambda-ish
ililiiiilI.class,rustme/ililiiiilI,java/lang/Object,misc
ililiiiliI.class,rustme/ililiiiliI,java/lang/Object,math-user
ililiilIII(40).class,rustme/ililiilIII,java/lang/Object,misc
ililiilIiI(16).class,rustme/ililiilIiI,java/lang/Object,nbt
ililiiliiI.class,rustme/ililiiliiI,java/lang/Object,misc
ililiililI.class,rustme/ililiililI,java/lang/Object,misc
ililiilliI.class,rustme/ililiilliI,java/lang/Object,lambdas
ilililIIiI(14).class,rustme/ilililIIiI,java/lang/Object,network-packet
ilililIiII(30).class,rustme/ilililIiII,java/lang/Object,misc
ilililIlII(20).class,rustme/ilililIlII,java/lang/Object,misc
ilililIliI(8).class,rustme/ilililIliI,java/lang/Object,misc
ilililiIII(34).class,rustme/ilililiIII,java/lang/Object,misc
ilililiIiI(6).class,rustme/ilililiIiI,rustme/iliIiliIiI,misc
ilililiiII(22).class,rustme/ilililiiII,java/lang/Object,kotlin-lambda-ish
ilililiilI.class,rustme/ilililiilI,java/lang/Object,misc
ililililiI.class,rustme/ililililiI,java/lang/Object,kotlin-lambda-ish
ililillIII(20).class,rustme/ililillIII,java/lang/Object,misc
ililillIiI(8).class,rustme/ililillIiI,java/lang/Object,misc
ilililliiI.class,rustme/ilililliiI,java/lang/Object,math-user
ililillliI.class,rustme/ililillliI,java/lang/Object,kotlin-lambda-ish
ilillIIIII(36).class,rustme/ilillIIIII,java/lang/Object,misc
ilillIIIiI(12).class,rustme/ilillIIIiI,java/lang/Object,network-netty
ilillIIilI(6).class,rustme/ilillIIilI,java/lang/Object,misc
ilillIIliI(12).class,rustme/ilillIIliI,kotlin/jvm/internal/FunctionReferenceImpl,kotlin-lambda-ish
ilillIiIiI(4).class,rustme/ilillIiIiI,rustme/IiillIiIiI,misc
ilillIiiII(20).class,rustme/ilillIiiII,java/lang/Object,kotlin-lambda-ish
ilillIilII(18).class,rustme/ilillIilII,java/lang/Object,misc
ilillIiliI(4).class,rustme/ilillIiliI,java/lang/Object,misc
ilillIlIiI(12).class,rustme/ilillIlIiI,java/lang/Object,misc
ilillIliII(18).class,rustme/ilillIliII,java/lang/Object,misc
ilillIliiI(4).class,rustme/ilillIliiI,java/lang/Object,misc
ilillIllII(10).class,rustme/ilillIllII,java/lang/Object,misc
ilillIlliI(4).class,rustme/ilillIlliI,java/lang/Object,kotlin-lambda-ish
ililliIIiI(8).class,rustme/ililliIIiI,java/lang/Object,tileentity
ililliIiII(24).class,rustme/ililliIiII,java/lang/Object,misc
ililliIlII(20).class,rustme/ililliIlII,java/lang/Object,misc
ililliIliI(8).class,rustme/ililliIliI,java/lang/Object,mod-widget
ililliiIII(30).class,rustme/ililliiIII,java/lang/Object,misc
ililliiIiI.class,rustme/ililliiIiI,rustme/iiIlliiIiI,misc
ililliiiII(16).class,rustme/ililliiiII,java/lang/Object,kotlin-lambda-ish
ililliiilI.class,rustme/ililliiilI,java/lang/Object,misc
ililliiliI.class,rustme/ililliiliI,rustme/lilliiiliI,mod-command-ish
ilillilIII(20).class,rustme/ilillilIII,java/lang/Object,misc
ilillilIiI(8).class,rustme/ilillilIiI,java/lang/Object,misc
ililliliiI.class,rustme/ililliliiI,java/lang/Object,misc
ilillililI.class,rustme/ilillililI,java/lang/Object,misc
ilillilliI.class,rustme/ilillilliI,java/lang/Object,kotlin-lambda-ish
ililllIIiI(8).class,rustme/ililllIIiI,rustme/IiilllIIiI,misc
ililllIiII(16).class,rustme/ililllIiII,java/lang/Object,misc
ililllIiiI.class,rustme/ililllIiiI,java/lang/Enum,enum
ililllIlII(10).class,rustme/ililllIlII,java/lang/Object,misc
ililllIliI(4).class,rustme/ililllIliI,java/lang/Object,kotlin-lambda-ish
ilillliIII(18).class,rustme/ilillliIII,java/lang/Object,misc
ilillliIiI(4).class,rustme/ilillliIiI,rustme/iiilIliIiI,world-related
ilillliiII(12).class,rustme/ilillliiII,java/lang/Object,kotlin-lambda-ish
ilillliilI.class,rustme/ilillliilI,java/lang/Object,misc
ilillliliI.class,rustme/ilillliliI,java/lang/Object,misc
ilillllIII(10).class,rustme/ilillllIII,java/lang/Object,misc
ilillllIiI(4).class,rustme/ilillllIiI,java/lang/Object,tileentity
ililllliiI.class,rustme/ililllliiI,java/lang/Object,misc
ilillllliI.class,rustme/ilillllliI,java/lang/Object,kotlin-lambda-ish
illIIIIIII(77).class,rustme/illIIIIIII,java/lang/Object,misc
illIIIIIiI(30).class,rustme/illIIIIIiI,java/lang/Object,misc
illIIIIilI(15).class,rustme/illIIIIilI,java/lang/Object,misc
illIIIIliI(30).class,rustme/illIIIIliI,java/lang/Object,mod-widget
illIIIiIiI(14).class,rustme/illIIIiIiI,java/lang/Object,entity-related
illIIIiiII(46).class,rustme/illIIIiiII,java/lang/Object,kotlin-lambda-ish
illIIIilII(39).class,rustme/illIIIilII,java/lang/Object,misc
illIIIiliI(14).class,rustme/illIIIiliI,java/lang/Object,misc
illIIIlIiI(30).class,rustme/illIIIlIiI,java/lang/Exception,misc
illIIIliII(39).class,rustme/illIIIliII,java/lang/Object,misc
illIIIliiI(14).class,rustme/illIIIliiI,rustme/lIlIIIliiI,entity-related
illIIIllII(23).class,rustme/illIIIllII,java/lang/Object,misc
illIIIlliI(14).class,rustme/illIIIlliI,java/lang/Object,kotlin-lambda-ish
illIIiIIiI(22).class,rustme/illIIiIIiI,rustme/liilIiIIiI,block
illIIiIiII(54).class,rustme/illIIiIiII,java/lang/Object,kotlin-lambda-ish
illIIiIlII(43).class,rustme/illIIiIlII,java/lang/Object,misc
illIIiIliI(22).class,rustme/illIIiIliI,kotlin/properties/ObservableProperty,misc
illIIiiIII(65).class,rustme/illIIiiIII,java/lang/Object,misc
illIIiiIiI(6).class,rustme/illIIiiIiI,java/lang/Enum,enum
illIIiiiII(38).class,rustme/illIIiiiII,java/lang/Object,kotlin-lambda-ish
illIIiiilI(3).class,rustme/illIIiiilI,java/lang/Object,misc
illIIiiliI(6).class,rustme/illIIiiliI,rustme/lIlIIiiliI,misc
illIIilIII(43).class,rustme/illIIilIII,java/lang/Object,misc
illIIilIiI(22).class,rustme/illIIilIiI,java/lang/Object,misc
illIIiliiI(6).class,rustme/illIIiliiI,java/lang/Object,misc
illIIililI(3).class,rustme/illIIililI,java/lang/Object,misc
illIIilliI(6).class,rustme/illIIilliI,java/lang/Object,misc
illIIlIIiI(18).class,rustme/illIIlIIiI,java/lang/Object,misc
illIIlIiII(31).class,rustme/illIIlIiII,java/lang/Object,misc
illIIlIiiI(2).class,rustme/illIIlIiiI,rustme/IillilIiiI,item-related
illIIlIlII(23).class,rustme/illIIlIlII,java/lang/Object,misc
illIIlIliI(14).class,rustme/illIIlIliI,java/lang/Object,misc
illIIliIII(35).class,rustme/illIIliIII,java/lang/Object,misc
illIIliIiI(10).class,rustme/illIIliIiI,rustme/IIlIIliIiI,world-related
illIIliiII(26).class,rustme/illIIliiII,java/lang/Object,kotlin-lambda-ish
illIIliilI(3).class,rustme/illIIliilI,java/lang/Object,misc
illIIliliI(6).class,rustme/illIIliliI,rustme/IlilIIIliI,mod-widget
illIIllIII(23).class,rustme/illIIllIII,java/lang/Object,misc
illIIllIiI(14).class,rustme/illIIllIiI,rustme/iiIlIllIiI,misc
illIIlliiI(6).class,rustme/illIIlliiI,java/lang/Object,misc
illIIllliI(6).class,rustme/illIIllliI,java/lang/Object,kotlin-lambda-ish
illIiIIIiI(26).class,rustme/illIiIIIiI,rustme/liIIiIIIiI,misc
illIiIIiII(58).class,rustme/illIiIIiII,java/lang/Object,misc
illIiIIlII(45).class,rustme/illIiIIlII,java/lang/Object,misc
illIiIIliI(26).class,rustme/illIiIIliI,java/lang/Object,misc
illIiIiIII(67).class,rustme/illIiIiIII,java/lang/Object,misc
illIiIiIiI(10).class,rustme/illIiIiIiI,rustme/iIiliIiIiI,misc
illIiIiiII(42).class,rustme/illIiIiiII,java/lang/Object,kotlin-lambda-ish
illIiIiilI(5).class,rustme/illIiIiilI,java/lang/Object,misc
illIiIiliI(10).class,rustme/illIiIiliI,java/lang/Object,render-gl-wrapper
illIiIlIII(45).class,rustme/illIiIlIII,java/lang/Object,misc
illIiIlIiI(26).class,rustme/illIiIlIiI,java/lang/Object,nbt
illIiIliiI(10).class,rustme/illIiIliiI,java/lang/Object,misc
illIiIlilI(5).class,rustme/illIiIlilI,java/lang/Object,misc
illIiIlliI(10).class,rustme/illIiIlliI,java/lang/Object,kotlin-lambda-ish
illIiiIIII(71).class,rustme/illIiiIIII,java/lang/Object,misc
illIiiIIiI(18).class,rustme/illIiiIIiI,java/lang/Object,misc
illIiiIiII(50).class,rustme/illIiiIiII,java/lang/Object,kotlin-lambda-ish
illIiiIilI(9).class,rustme/illIiiIilI,java/lang/Object,misc
illIiiIliI(18).class,rustme/illIiiIliI,java/lang/Object,kotlin-lambda-ish
illIiiiIiI(2).class,rustme/illIiiiIiI,rustme/iIlIiiiIiI,entity-renderer
illIiiiiII(34).class,rustme/illIiiiiII,java/lang/Object,kotlin-lambda-ish
illIiiilII(33).class,rustme/illIiiilII,java/lang/Object,misc
illIiiiliI(2).class,rustme/illIiiiliI,java/lang/Object,misc
illIiilIiI(18).class,rustme/illIiilIiI,java/util/AbstractSet,misc
illIiiliII(33).class,rustme/illIiiliII,java/lang/Object,misc
illIiiliiI(2).class,rustme/illIiiliiI,java/lang/Enum,enum
illIiillII(17).class,rustme/illIiillII,java/lang/Object,misc
illIiilliI(2).class,rustme/illIiilliI,java/lang/Enum,enum
illIilIIII(37).class,rustme/illIilIIII,java/lang/Object,misc
illIilIIiI(14).class,rustme/illIilIIiI,rustme/IllIilIIiI,network-packet
illIilIilI(5).class,rustme/illIilIilI,java/lang/Object,misc
illIilIliI(10).class,rustme/illIilIliI,rustme/lllIilIliI,misc
illIiliIiI(6).class,rustme/illIiliIiI,rustme/illliliIiI,world-related
illIiliiII(22).class,rustme/illIiliiII,java/lang/Object,kotlin-lambda-ish
illIililII(17).class,rustme/illIililII,java/lang/Object,misc
illIililiI(2).class,rustme/illIililiI,java/lang/Object,misc
illIillIiI(10).class,rustme/illIillIiI,java/lang/Object,misc
illIilliII(17).class,rustme/illIilliII,java/lang/Object,misc
illIilliiI(2).class,rustme/illIilliiI,rustme/IiililliiI,misc
illIilllII(9).class,rustme/illIilllII,java/lang/Object,misc
illIillliI(2).class,rustme/illIillliI,java/lang/Object,kotlin-lambda-ish
illIlIIIiI(14).class,rustme/illIlIIIiI,java/lang/Object,misc
illIlIIiII(29).class,rustme/illIlIIiII,java/lang/Object,misc
illIlIIlII(23).class,rustme/illIlIIlII,java/lang/Object,misc
illIlIIliI(14).class,rustme/illIlIIliI,java/lang/Object,kotlin-lambda-ish
illIlIiIII(33).class,rustme/illIlIiIII,java/lang/Object,misc
illIlIiIiI(6).class,rustme/illIlIiIiI,java/lang/Object,misc
illIlIiiII(22).class,rustme/illIlIiiII,java/lang/Object,kotlin-lambda-ish
illIlIiilI(3).class,rustme/illIlIiilI,java/lang/Object,misc
illIlIiliI(6).class,rustme/illIlIiliI,java/lang/Object,misc
illIlIlIII(23).class,rustme/illIlIlIII,java/lang/Object,misc
illIlIlIiI(14).class,rustme/illIlIlIiI,java/lang/Object,nbt
illIlIliiI(6).class,rustme/illIlIliiI,java/lang/Object,misc
illIlIlliI(6).class,rustme/illIlIlliI,java/lang/Object,kotlin-lambda-ish
illIliIIII(35).class,rustme/illIliIIII,java/lang/Object,misc
illIliIIiI(10).class,rustme/illIliIIiI,java/lang/Object,nbt
illIliIiII(26).class,rustme/illIliIiII,java/lang/Object,misc
illIliIilI(5).class,rustme/illIliIilI,java/lang/Object,misc
illIliIliI(10).class,rustme/illIliIliI,java/lang/Object,misc
illIliiIiI(2).class,rustme/illIliiIiI,java/lang/Object,misc
illIliiiII(18).class,rustme/illIliiiII,java/lang/Object,kotlin-lambda-ish
illIliilII(17).class,rustme/illIliilII,java/lang/Object,misc
illIliiliI(2).class,rustme/illIliiliI,rustme/lilliiiliI,mod-command-ish
illIlilIiI(10).class,rustme/illIlilIiI,rustme/IIlIlilIiI,misc
illIliliII(17).class,rustme/illIliliII,java/lang/Object,misc
illIliliiI(2).class,rustme/illIliliiI,rustme/iIlililiiI,gui-screen
illIlillII(9).class,rustme/illIlillII,java/lang/Object,misc
illIlilliI(2).class,rustme/illIlilliI,java/lang/Object,lambdas
illIllIIII(21).class,rustme/illIllIIII,java/lang/Object,misc
illIllIIiI(10).class,rustme/illIllIIiI,java/lang/Object,auth-profile
illIllIiiI(2).class,rustme/illIllIiiI,java/lang/Object,misc
illIllIilI(3).class,rustme/illIllIilI,java/lang/Object,misc
illIllIliI(6).class,rustme/illIllIliI,java/lang/Object,kotlin-lambda-ish
illIlliIiI(6).class,rustme/illIlliIiI,rustme/IIliiiIIiI,misc
illIlliiII(14).class,rustme/illIlliiII,java/lang/Object,kotlin-lambda-ish
illIllilII(9).class,rustme/illIllilII,java/lang/Object,misc
illIlliliI(2).class,rustme/illIlliliI,rustme/llIIlliliI,mod-widget
illIlllIiI(6).class,rustme/illIlllIiI,java/lang/Object,misc
illIllliII(9).class,rustme/illIllliII,java/lang/Object,misc
illIllliiI(2).class,rustme/illIllliiI,java/lang/Object,world-related
illIllllII(5).class,rustme/illIllllII,java/lang/Object,misc
illIlllliI(2).class,rustme/illIlllliI,java/lang/Object,kotlin-lambda-ish
illiIIIIiI(28).class,rustme/illiIIIIiI,rustme/llliiIIIiI,tileentity
illiIIIiII(60).class,rustme/illiIIIiII,java/lang/Object,misc
illiIIIlII(46).class,rustme/illiIIIlII,java/lang/Object,misc
illiIIIliI(28).class,rustme/illiIIIliI,rustme/IliIIiIliI,mod-widget
illiIIiIII(68).class,rustme/illiIIiIII,java/lang/Object,misc
illiIIiIiI(12).class,rustme/illiIIiIiI,java/lang/Object,world-related
illiIIiiII(44).class,rustme/illiIIiiII,java/lang/Object,kotlin-lambda-ish
illiIIiilI(6).class,rustme/illiIIiilI,java/lang/Object,misc
illiIIiliI(12).class,rustme/illiIIiliI,java/lang/Object,misc
illiIIlIII(46).class,rustme/illiIIlIII,java/lang/Object,misc
illiIIlIiI(28).class,rustme/illiIIlIiI,rustme/IIIiIIlIiI,misc
illiIIliiI(12).class,rustme/illiIIliiI,rustme/lIlliIliiI,network-packet
illiIIlliI(12).class,rustme/illiIIlliI,java/lang/Object,kotlin-lambda-ish
illiIiIIII(72).class,rustme/illiIiIIII,java/lang/Object,misc
illiIiIIiI(20).class,rustme/illiIiIIiI,java/lang/Object,misc
illiIiIiII(52).class,rustme/illiIiIiII,rustme/IlIlIiIiII,misc
illiIiIilI(10).class,rustme/illiIiIilI,java/lang/Object,misc
illiIiIliI(20).class,rustme/illiIiIliI,java/lang/Object,misc
illiIiiIiI(4).class,rustme/illiIiiIiI,java/lang/Object,misc
illiIiiiII(36).class,rustme/illiIiiiII,java/lang/Object,kotlin-lambda-ish
illiIiilII(34).class,rustme/illiIiilII,java/lang/Object,misc
illiIiiliI(4).class,rustme/illiIiiliI,rustme/IIiIIiiliI,misc
illiIilIiI(20).class,rustme/illiIilIiI,java/lang/Object,misc
illiIiliII(34).class,rustme/illiIiliII,java/lang/Object,misc
illiIiliiI(4).class,rustme/illiIiliiI,java/lang/Object,misc
illiIillII(18).class,rustme/illiIillII,java/lang/Object,misc
illiIilliI(4).class,rustme/illiIilliI,rustme/llliIilliI,misc
illiIlIIII(38).class,rustme/illiIlIIII,java/lang/Object,misc
illiIlIIiI(16).class,rustme/illiIlIIiI,java/lang/Object,network-packet
illiIlIiiI.class,rustme/illiIlIiiI,rustme/IillilIiiI,tileentity
illiIlIilI(6).class,rustme/illiIlIilI,java/lang/Object,misc
illiIlIliI(12).class,rustme/illiIlIliI,rustme/lIliIlIliI,misc
illiIliIiI(8).class,rustme/illiIliIiI,rustme/liliIliIiI,misc
illiIliiII(24).class,rustme/illiIliiII,java/lang/Object,kotlin-lambda-ish
illiIlilII(18).class,rustme/illiIlilII,java/lang/Object,misc
illiIliliI(4).class,rustme/illiIliliI,rustme/iiIliiIliI,mod-widget
illiIllIiI(12).class,rustme/illiIllIiI,rustme/llIiIllIiI,misc
illiIlliII(18).class,rustme/illiIlliII,java/lang/Object,misc
illiIlliiI(4).class,rustme/illiIlliiI,rustme/iIiIIlliiI,misc
illiIlllII(10).class,rustme/illiIlllII,java/lang/Object,misc
illiIllliI(4).class,rustme/illiIllliI,java/lang/Object,kotlin-lambda-ish
illiiIIIII(74).class,rustme/illiiIIIII,java/lang/Object,misc
illiiIIIiI(24).class,rustme/illiiIIIiI,java/lang/Object,tileentity
illiiIIiII(56).class,rustme/illiiIIiII,java/lang/Enum,enum
illiiIIilI(12).class,rustme/illiiIIilI,java/lang/Object,misc
illiiIIliI(24).class,rustme/illiiIIliI,rustme/IliIIiIliI,gui-textures
illiiIiIiI(8).class,rustme/illiiIiIiI,java/lang/Object,misc
illiiIiiII(40).class,rustme/illiiIiiII,java/lang/Object,kotlin-lambda-ish
illiiIilII(36).class,rustme/illiiIilII,java/lang/Object,misc
illiiIiliI(8).class,rustme/illiiIiliI,java/lang/Enum,enum
illiiIlIiI(24).class,rustme/illiiIlIiI,rustme/IIlllilIiI,block
illiiIliII(36).class,rustme/illiiIliII,java/lang/Object,misc
illiiIliiI(8).class,rustme/illiiIliiI,rustme/IiliiIliiI,gui-textures
illiiIllII(20).class,rustme/illiiIllII,java/lang/Object,misc
illiiIlliI(8).class,rustme/illiiIlliI,java/lang/Object,kotlin-lambda-ish
illiiiIIiI(16).class,rustme/illiiiIIiI,java/lang/Enum,enum
illiiiIiII(48).class,rustme/illiiiIiII,java/lang/Object,kotlin-lambda-ish
illiiiIlII(40).class,rustme/illiiiIlII,java/lang/Object,misc
illiiiIliI(16).class,rustme/illiiiIliI,java/lang/Object,kotlin-lambda-ish
illiiiiIII(62).class,rustme/illiiiiIII,java/lang/Object,misc
illiiiiIiI.class,rustme/illiiiiIiI,rustme/iIIIiiiIiI,entity-renderer
illiiiiiII(32).class,rustme/illiiiiiII,java/lang/Object,kotlin-lambda-ish
illiiiiilI.class,rustme/illiiiiilI,java/lang/Object,misc
illiiiiliI.class,rustme/illiiiiliI,java/lang/Enum,enum
illiiilIII(40).class,rustme/illiiilIII,java/lang/Object,misc
illiiilIiI(16).class,rustme/illiiilIiI,rustme/lliiiilIiI,block
illiiiliiI.class,rustme/illiiiliiI,rustme/liiiIiliiI,tileentity
illiiililI.class,rustme/illiiililI,java/lang/Object,misc
illiiilliI.class,rustme/illiiilliI,kotlinx/coroutines/CoroutineDispatcher,lambdas
illiilIIiI(12).class,rustme/illiilIIiI,java/lang/Object,network-packet
illiilIiII(28).class,rustme/illiilIiII,java/lang/Object,misc
illiilIlII(20).class,rustme/illiilIlII,java/lang/Object,misc
illiilIliI(8).class,rustme/illiilIliI,java/lang/Object,kotlin-lambda-ish
illiiliIII(32).class,rustme/illiiliIII,java/lang/Object,misc
illiiliIiI(4).class,rustme/illiiliIiI,java/lang/Object,misc
illiiliiII(20).class,rustme/illiiliiII,java/lang/Object,kotlin-lambda-ish
illiiliilI.class,rustme/illiiliilI,java/lang/Object,misc
illiililiI.class,rustme/illiililiI,rustme/IlilIIIliI,mod-widget
illiillIII(20).class,rustme/illiillIII,java/lang/Object,misc
illiillIiI(8).class,rustme/illiillIiI,java/lang/Object,misc
illiilliiI.class,rustme/illiilliiI,java/lang/Object,misc
illiillliI.class,rustme/illiillliI,java/lang/Object,kotlin-lambda-ish
illilIIIII(36).class,rustme/illilIIIII,java/lang/Object,misc
illilIIIiI(12).class,rustme/illilIIIiI,java/lang/Object,misc
illilIIilI(6).class,rustme/illilIIilI,java/lang/Object,misc
illilIIliI(12).class,rustme/illilIIliI,java/lang/Object,kotlin-lambda-ish
illilIiIiI(4).class,rustme/illilIiIiI,java/lang/Object,misc
illilIiiII(20).class,rustme/illilIiiII,java/lang/Object,kotlin-lambda-ish
illilIilII(18).class,rustme/illilIilII,java/lang/Object,misc
illilIiliI(4).class,rustme/illilIiliI,java/lang/Object,kotlin-lambda-ish
illilIlIiI(12).class,rustme/illilIlIiI,java/lang/Object,math-user
illilIliII(18).class,rustme/illilIliII,java/lang/Object,misc
illilIliiI(4).class,rustme/illilIliiI,java/lang/Object,misc
illilIllII(10).class,rustme/illilIllII,java/lang/Object,misc
illilIlliI(4).class,rustme/illilIlliI,java/lang/Object,kotlin-lambda-ish
illiliIIiI(8).class,rustme/illiliIIiI,rustme/lllIliIIiI,misc
illiliIiII(24).class,rustme/illiliIiII,java/lang/Object,misc
illiliIlII(20).class,rustme/illiliIlII,java/lang/Object,misc
illiliIliI(8).class,rustme/illiliIliI,rustme/IliIIiIliI,mod-widget
illiliiIII(30).class,rustme/illiliiIII,java/lang/Object,misc
illiliiIiI.class,rustme/illiliiIiI,java/lang/Object,misc
illiliiiII(16).class,rustme/illiliiiII,java/lang/Object,kotlin-lambda-ish
illiliiilI.class,rustme/illiliiilI,java/lang/Object,misc
illiliiliI.class,rustme/illiliiliI,rustme/IililiiliI,misc
illililIII(20).class,rustme/illililIII,java/lang/Object,misc
illililIiI(8).class,rustme/illililIiI,java/lang/RuntimeException,misc
illililiiI.class,rustme/illililiiI,rustme/lIlililiiI,misc
illilililI.class,rustme/illilililI,java/lang/Object,misc
illililliI.class,rustme/illililliI,java/lang/Object,misc
illillIIiI(8).class,rustme/illillIIiI,java/lang/Object,misc
illillIiII(16).class,rustme/illillIiII,java/lang/Object,misc
illillIiiI.class,rustme/illillIiiI,java/lang/Object,misc
illillIlII(10).class,rustme/illillIlII,java/lang/Object,misc
illillIliI(4).class,rustme/illillIliI,java/lang/Object,mod-widget
illilliIII(18).class,rustme/illilliIII,java/lang/Object,misc
illilliIiI(4).class,rustme/illilliIiI,rustme/iIiiiilIiI,world-related
illilliiII(12).class,rustme/illilliiII,java/lang/Object,kotlin-lambda-ish
illilliilI.class,rustme/illilliilI,java/lang/Object,misc
illilliliI.class,rustme/illilliliI,java/lang/Object,misc
illilllIII(10).class,rustme/illilllIII,java/lang/Object,misc
illilllIiI(4).class,rustme/illilllIiI,java/lang/Object,misc
illillliiI.class,rustme/illillliiI,java/lang/Object,misc
illilllliI.class,rustme/illilllliI,java/lang/Object,kotlin-lambda-ish
illlIIIIiI(14).class,rustme/illlIIIIiI,java/lang/Object,misc
illlIIIiII(30).class,rustme/illlIIIiII,java/lang/Object,misc
illlIIIlII(23).class,rustme/illlIIIlII,java/lang/Object,misc
illlIIIliI(14).class,rustme/illlIIIliI,java/lang/Object,lambdas
illlIIiIII(34).class,rustme/illlIIiIII,java/lang/Object,misc
illlIIiIiI(6).class,rustme/illlIIiIiI,rustme/IIlliIiIiI,misc
illlIIiiII(22).class,rustme/illlIIiiII,java/lang/Object,kotlin-lambda-ish
illlIIiilI(3).class,rustme/illlIIiilI,java/lang/Object,misc
illlIIiliI(6).class,rustme/illlIIiliI,kotlin/coroutines/jvm/internal/SuspendLambda,kotlin-coroutines
illlIIlIII(23).class,rustme/illlIIlIII,java/lang/Object,misc
illlIIlIiI(14).class,rustme/illlIIlIiI,rustme/llllIIlIiI,misc
illlIIliiI(6).class,rustme/illlIIliiI,java/lang/Object,misc
illlIIlliI(6).class,rustme/illlIIlliI,java/lang/Object,kotlin-lambda-ish
illlIiIIII(36).class,rustme/illlIiIIII,java/lang/Object,misc
illlIiIIiI(10).class,rustme/illlIiIIiI,rustme/iilIlIiIiI,misc
illlIiIiII(26).class,rustme/illlIiIiII,java/lang/Object,misc
illlIiIilI(5).class,rustme/illlIiIilI,java/lang/Object,misc
illlIiIliI(10).class,rustme/illlIiIliI,rustme/IlilIIIliI,mod-widget
illlIiiIiI(2).class,rustme/illlIiiIiI,java/lang/Object,misc
illlIiiiII(18).class,rustme/illlIiiiII,java/lang/Object,kotlin-lambda-ish
illlIiilII(17).class,rustme/illlIiilII,java/lang/Object,misc
illlIiiliI(2).class,rustme/illlIiiliI,rustme/IililiiliI,misc
illlIilIiI(10).class,rustme/illlIilIiI,java/lang/Object,misc
illlIiliII(17).class,rustme/illlIiliII,java/lang/Object,misc
illlIiliiI(2).class,rustme/illlIiliiI,rustme/lIllIiliiI,misc
illlIillII(9).class,rustme/illlIillII,java/lang/Object,misc
illlIilliI(2).class,rustme/illlIilliI,java/lang/Object,misc
illlIlIIII(21).class,rustme/illlIlIIII,java/lang/Object,misc
illlIlIIiI(10).class,rustme/illlIlIIiI,java/lang/Object,misc
illlIlIiiI(2).class,rustme/illlIlIiiI,rustme/iilillIiiI,world-related
illlIlIilI(3).class,rustme/illlIlIilI,java/lang/Object,misc
illlIlIliI(6).class,rustme/illlIlIliI,java/lang/Object,misc
illlIliIiI(6).class,rustme/illlIliIiI,java/lang/Object,misc
illlIliiII(14).class,rustme/illlIliiII,java/lang/Object,kotlin-lambda-ish
illlIlilII(9).class,rustme/illlIlilII,java/lang/Object,misc
illlIliliI(2).class,rustme/illlIliliI,java/lang/Object,misc
illlIllIiI(6).class,rustme/illlIllIiI,rustme/IIliIllIiI,misc
illlIlliII(9).class,rustme/illlIlliII,java/lang/Object,misc
illlIlliiI(2).class,rustme/illlIlliiI,java/lang/Object,misc
illlIlllII(5).class,rustme/illlIlllII,java/lang/Object,misc
illlIllliI(2).class,rustme/illlIllliI,java/lang/Object,kotlin-lambda-ish
illliIIIII(37).class,rustme/illliIIIII,java/lang/Object,misc
illliIIIiI(12).class,rustme/illliIIIiI,rustme/llliiIIIiI,tileentity
illliIIiII(28).class,rustme/illliIIiII,java/lang/Object,misc
illliIIilI(6).class,rustme/illliIIilI,java/lang/Object,misc
illliIIliI(12).class,rustme/illliIIliI,rustme/IlilIIIliI,mod-widget
illliIiIiI(4).class,rustme/illliIiIiI,rustme/IIlliIiIiI,tileentity
illliIiiII(20).class,rustme/illliIiiII,java/lang/Object,kotlin-lambda-ish
illliIilII(18).class,rustme/illliIilII,java/lang/Object,misc
illliIiliI(4).class,rustme/illliIiliI,java/lang/Object,misc
illliIlIiI(12).class,rustme/illliIlIiI,java/lang/Enum,enum
illliIliII(18).class,rustme/illliIliII,java/lang/Object,misc
illliIliiI(4).class,rustme/illliIliiI,rustme/lIlliIliiI,network-packet
illliIllII(10).class,rustme/illliIllII,java/lang/Object,misc
illliIlliI(4).class,rustme/illliIlliI,java/lang/Object,kotlin-lambda-ish
illliiIIiI(8).class,rustme/illliiIIiI,rustme/liIiIliIiI,misc
illliiIiII(24).class,rustme/illliiIiII,java/lang/Object,kotlin-lambda-ish
illliiIlII(20).class,rustme/illliiIlII,java/lang/Object,misc
illliiIliI(8).class,rustme/illliiIliI,kotlin/properties/ObservableProperty,misc
illliiiIII(31).class,rustme/illliiiIII,java/lang/Object,misc
illliiiIiI.class,rustme/illliiiIiI,rustme/iIlIiiiIiI,entity-renderer
illliiiiII(16).class,rustme/illliiiiII,java/lang/Object,kotlin-lambda-ish
illliiiilI.class,rustme/illliiiilI,java/lang/Object,misc
illliiiliI.class,rustme/illliiiliI,rustme/lilliiiliI,mod-command-ish
illliilIII(20).class,rustme/illliilIII,java/lang/Object,misc
illliilIiI(8).class,rustme/illliilIiI,java/lang/Object,nbt
illliiliiI.class,rustme/illliiliiI,java/lang/Enum,enum
illliililI.class,rustme/illliililI,java/lang/Object,misc
illliilliI.class,rustme/illliilliI,java/lang/Object,misc
illlilIIiI(8).class,rustme/illlilIIiI,java/lang/Object,network-packet
illlilIiII(16).class,rustme/illlilIiII,java/lang/Object,misc
illlilIiiI.class,rustme/illlilIiiI,rustme/llllilIiiI,world-related
illlilIlII(10).class,rustme/illlilIlII,java/lang/Object,misc
illlilIliI(4).class,rustme/illlilIliI,java/lang/Object,misc
illliliIII(18).class,rustme/illliliIII,java/lang/Object,misc
illliliIiI(4).class,rustme/illliliIiI,rustme/iliIiliIiI,entity-related
illliliiII(12).class,rustme/illliliiII,java/lang/Object,kotlin-lambda-ish
illliliilI.class,rustme/illliliilI,java/lang/Object,misc
illlililiI.class,rustme/illlililiI,rustme/IlilIIIliI,mod-widget
illlillIII(10).class,rustme/illlillIII,java/lang/Object,misc
illlillIiI(4).class,rustme/illlillIiI,java/lang/Object,misc
illlilliiI.class,rustme/illlilliiI,java/lang/RuntimeException,misc
illlillliI.class,rustme/illlillliI,java/lang/Object,kotlin-lambda-ish
illllIIIII(18).class,rustme/illllIIIII,java/lang/Object,misc
illllIIIiI(6).class,rustme/illllIIIiI,java/lang/Enum,enum
illllIIilI(3).class,rustme/illllIIilI,java/lang/Object,misc
illllIIliI(6).class,rustme/illllIIliI,java/lang/Object,kotlin-lambda-ish
illllIiIiI(2).class,rustme/illllIiIiI,java/lang/Enum,enum
illllIiiII(10).class,rustme/illllIiiII,java/lang/Object,kotlin-lambda-ish
illllIilII(9).class,rustme/illllIilII,java/lang/Object,misc
illllIiliI(2).class,rustme/illllIiliI,java/lang/Object,misc
illllIlIiI(6).class,rustme/illllIlIiI,java/lang/Object,block
illllIliII(9).class,rustme/illllIliII,java/lang/Object,misc
illllIliiI(2).class,rustme/illllIliiI,rustme/lililIliiI,particle
illllIllII(5).class,rustme/illllIllII,java/lang/Object,misc
illllIlliI(2).class,rustme/illllIlliI,java/lang/Object,kotlin-lambda-ish
illlliIIiI(4).class,rustme/illlliIIiI,java/lang/Object,misc
illlliIiII(12).class,rustme/illlliIiII,java/lang/Object,kotlin-lambda-ish
illlliIlII(10).class,rustme/illlliIlII,java/lang/Object,misc
illlliIliI(4).class,rustme/illlliIliI,rustme/lllIIiIliI,mod-widget
illlliiIII(15).class,rustme/illlliiIII,java/lang/Object,misc
illlliiIiI.class,rustme/illlliiIiI,java/lang/Object,misc
illlliiiII(8).class,rustme/illlliiiII,java/lang/Object,kotlin-lambda-ish
illlliiilI.class,rustme/illlliiilI,java/lang/Object,misc
illlliiliI.class,rustme/illlliiliI,rustme/lilliiiliI,mod-command-ish
illllilIII(10).class,rustme/illllilIII,java/lang/Object,misc
illllilIiI(4).class,rustme/illllilIiI,java/lang/Object,misc
illlliliiI.class,rustme/illlliliiI,rustme/IlIIlllIiI,gui-screen
illllililI.class,rustme/illllililI,java/lang/Object,misc
illllilliI.class,rustme/illllilliI,java/lang/Object,kotlin-lambda-ish
illlllIIiI(4).class,rustme/illlllIIiI,java/lang/Object,misc
illlllIiII(8).class,rustme/illlllIiII,java/lang/Object,misc
illlllIiiI.class,rustme/illlllIiiI,java/lang/Enum,enum
illlllIlII(5).class,rustme/illlllIlII,java/lang/Object,misc
illlllIliI(2).class,rustme/illlllIliI,java/lang/Object,mod-widget
illllliIII(9).class,rustme/illllliIII,java/lang/Object,misc
illllliIiI(2).class,rustme/illllliIiI,rustme/liIliliIiI,world-related
illllliiII(6).class,rustme/illllliiII,java/lang/Object,kotlin-lambda-ish
illllliilI.class,rustme/illllliilI,java/lang/Object,misc
illllliliI.class,rustme/illllliliI,rustme/iiIliiIliI,gui-textures
illllllIII(5).class,rustme/illllllIII,java/lang/Object,misc
illllllIiI(2).class,rustme/illllllIiI,rustme/liIlIIliiI,misc
illlllliiI.class,rustme/illlllliiI,java/lang/Object,entity-renderer
illllllliI.class,rustme/illllllliI,java/lang/Object,kotlin-lambda-ish
lIIIIIIIII(155).class,rustme/lIIIIIIIII,java/lang/Object,misc
lIIIIIIIiI(63).class,rustme/lIIIIIIIiI,rustme/llliiIIIiI,tileentity
lIIIIIIilI(31).class,rustme/lIIIIIIilI,java/lang/Object,misc
lIIIIIIliI(63).class,rustme/lIIIIIIliI,kotlin/properties/ObservableProperty,misc
lIIIIIiIiI(31).class,rustme/lIIIIIiIiI,rustme/IliiIIiIiI,misc
lIIIIIiiII(95).class,rustme/lIIIIIiiII,java/lang/Object,kotlin-lambda-ish
lIIIIIilII(79).class,rustme/lIIIIIilII,java/lang/Object,misc
lIIIIIiliI(31).class,rustme/lIIIIIiliI,java/lang/Object,render-gl-wrapper
lIIIIIlIiI(63).class,rustme/lIIIIIlIiI,java/lang/Object,misc
lIIIIIliII(79).class,rustme/lIIIIIliII,java/lang/Object,misc
lIIIIIliiI(31).class,rustme/lIIIIIliiI,rustme/lIlliIliiI,network-packet
lIIIIIllII(47).class,rustme/lIIIIIllII,java/lang/Object,misc
lIIIIIlliI(31).class,rustme/lIIIIIlliI,java/lang/Object,kotlin-lambda-ish
lIIIIiIIiI(47).class,rustme/lIIIIiIIiI,rustme/IIlIIliIiI,world-related
lIIIIiIiII(111).class,rustme/lIIIIiIiII,java/lang/Object,kotlin-lambda-ish
lIIIIiIlII(87).class,rustme/lIIIIiIlII,java/lang/Object,misc
lIIIIiIliI(47).class,rustme/lIIIIiIliI,kotlin/jvm/internal/FunctionReferenceImpl,kotlin-lambda-ish
lIIIIiiIII(131).class,rustme/lIIIIiiIII,java/lang/Object,misc
lIIIIiiIiI(15).class,rustme/lIIIIiiIiI,java/lang/Object,misc
lIIIIiiiII(79).class,rustme/lIIIIiiiII,java/lang/Object,kotlin-lambda-ish
lIIIIiiilI(7).class,rustme/lIIIIiiilI,java/lang/Object,misc
lIIIIiiliI(15).class,rustme/lIIIIiiliI,java/lang/Object,lambdas
lIIIIilIII(87).class,rustme/lIIIIilIII,java/lang/Object,misc
lIIIIilIiI(47).class,rustme/lIIIIilIiI,java/lang/Enum,enum
lIIIIiliiI(15).class,rustme/lIIIIiliiI,java/lang/Enum,enum
lIIIIililI(7).class,rustme/lIIIIililI,java/lang/Object,misc
lIIIIilliI(15).class,rustme/lIIIIilliI,java/lang/Object,misc
lIIIIlIIiI(39).class,rustme/lIIIIlIIiI,java/lang/Object,json-gson
lIIIIlIiII(63).class,rustme/lIIIIlIiII,java/lang/Object,misc
lIIIIlIiiI(7).class,rustme/lIIIIlIiiI,java/lang/Object,misc
lIIIIlIlII(47).class,rustme/lIIIIlIlII,java/lang/Object,misc
lIIIIlIliI(31).class,rustme/lIIIIlIliI,java/lang/Object,misc
lIIIIliIII(71).class,rustme/lIIIIliIII,java/lang/Object,misc
lIIIIliIiI(23).class,rustme/lIIIIliIiI,rustme/IIlIIliIiI,entity-related
lIIIIliiII(55).class,rustme/lIIIIliiII,java/lang/Object,kotlin-lambda-ish
lIIIIliilI(7).class,rustme/lIIIIliilI,java/lang/Object,misc
lIIIIliliI(15).class,rustme/lIIIIliliI,java/lang/Object,misc
lIIIIllIII(47).class,rustme/lIIIIllIII,java/lang/Object,misc
lIIIIllIiI(31).class,rustme/lIIIIllIiI,rustme/llIiIllIiI,misc
lIIIIlliiI(15).class,rustme/lIIIIlliiI,rustme/iIIllilIiI,misc
lIIIIllliI(15).class,rustme/lIIIIllliI,java/lang/Object,kotlin-lambda-ish
lIIIiIIIiI(55).class,rustme/lIIIiIIIiI,rustme/llliiIIIiI,tileentity
lIIIiIIiII(119).class,rustme/lIIIiIIiII,java/lang/Object,lambdas
lIIIiIIlII(91).class,rustme/lIIIiIIlII,java/lang/Object,misc
lIIIiIIliI(55).class,rustme/lIIIiIIliI,rustme/IliIIiIliI,mod-ui
lIIIiIiIII(135).class,rustme/lIIIiIiIII,java/lang/Object,misc
lIIIiIiIiI(23).class,rustme/lIIIiIiIiI,java/lang/Object,auth-profile
lIIIiIiiII(87).class,rustme/lIIIiIiiII,java/lang/Object,kotlin-lambda-ish
lIIIiIiilI(11).class,rustme/lIIIiIiilI,java/lang/Object,misc
lIIIiIiliI(23).class,rustme/lIIIiIiliI,java/lang/Object,entity-related
lIIIiIlIII(91).class,rustme/lIIIiIlIII,java/lang/Object,misc
lIIIiIlIiI(55).class,rustme/lIIIiIlIiI,java/lang/Object,misc
lIIIiIliiI(23).class,rustme/lIIIiIliiI,java/lang/Object,misc
lIIIiIlilI(11).class,rustme/lIIIiIlilI,java/lang/Object,misc
lIIIiIlliI(23).class,rustme/lIIIiIlliI,java/lang/Object,kotlin-lambda-ish
lIIIiiIIII(143).class,rustme/lIIIiiIIII,java/lang/Object,misc
lIIIiiIIiI(39).class,rustme/lIIIiiIIiI,java/lang/Object,misc
lIIIiiIiII(103).class,rustme/lIIIiiIiII,java/lang/Object,kotlin-lambda-ish
lIIIiiIilI(19).class,rustme/lIIIiiIilI,java/lang/Object,misc
lIIIiiIliI(39).class,rustme/lIIIiiIliI,kotlin/jvm/internal/FunctionReferenceImpl,kotlin-lambda-ish
lIIIiiiIiI(7).class,rustme/lIIIiiiIiI,rustme/IlIiIiiIiI,entity-renderer
lIIIiiiiII(71).class,rustme/lIIIiiiiII,java/lang/Object,kotlin-lambda-ish
lIIIiiilII(67).class,rustme/lIIIiiilII,java/lang/Object,misc
lIIIiiiliI(7).class,rustme/lIIIiiiliI,java/lang/Object,misc
lIIIiilIiI(39).class,rustme/lIIIiilIiI,rustme/IIiIiilIiI,world-related
lIIIiiliII(67).class,rustme/lIIIiiliII,java/lang/Object,misc
lIIIiiliiI(7).class,rustme/lIIIiiliiI,rustme/IilIiiliiI,block
lIIIiillII(35).class,rustme/lIIIiillII,java/lang/Object,misc
lIIIiilliI(7).class,rustme/lIIIiilliI,java/lang/Object,misc
lIIIilIIII(75).class,rustme/lIIIilIIII,java/lang/Object,misc
lIIIilIIiI(31).class,rustme/lIIIilIIiI,java/lang/Object,network-packet
lIIIilIilI(11).class,rustme/lIIIilIilI,java/lang/Object,misc
lIIIilIliI(23).class,rustme/lIIIilIliI,java/lang/Object,misc
lIIIiliIiI(15).class,rustme/lIIIiliIiI,java/lang/Object,entity-related
lIIIiliiII(47).class,rustme/lIIIiliiII,java/lang/Object,kotlin-lambda-ish
lIIIililII(35).class,rustme/lIIIililII,java/lang/Object,misc
lIIIililiI(7).class,rustme/lIIIililiI,kotlin/coroutines/jvm/internal/SuspendLambda,kotlin-coroutines
lIIIillIiI(23).class,rustme/lIIIillIiI,java/lang/Object,misc
lIIIilliII(35).class,rustme/lIIIilliII,java/lang/Object,misc
lIIIilliiI(7).class,rustme/lIIIilliiI,java/lang/Object,json-gson
lIIIilllII(19).class,rustme/lIIIilllII,java/lang/Object,misc
lIIIillliI(7).class,rustme/lIIIillliI,java/lang/Object,kotlin-lambda-ish
lIIIlIIIiI(31).class,rustme/lIIIlIIIiI,io/netty/handler/codec/ByteToMessageDecoder,network-netty
lIIIlIIiII(59).class,rustme/lIIIlIIiII,java/lang/Object,misc
lIIIlIIlII(47).class,rustme/lIIIlIIlII,java/lang/Object,misc
lIIIlIIliI(31).class,rustme/lIIIlIIliI,java/lang/Object,kotlin-lambda-ish
lIIIlIiIII(67).class,rustme/lIIIlIiIII,java/lang/Object,misc
lIIIlIiIiI(15).class,rustme/lIIIlIiIiI,rustme/ilIIlIiIiI,misc
lIIIlIiiII(47).class,rustme/lIIIlIiiII,java/lang/Object,kotlin-lambda-ish
lIIIlIiilI(7).class,rustme/lIIIlIiilI,java/lang/Object,misc
lIIIlIiliI(15).class,rustme/lIIIlIiliI,java/lang/Object,kotlin-lambda-ish
lIIIlIlIII(47).class,rustme/lIIIlIlIII,java/lang/Object,misc
lIIIlIlIiI(31).class,rustme/lIIIlIlIiI,java/lang/Object,misc
lIIIlIliiI(15).class,rustme/lIIIlIliiI,rustme/lililIliiI,particle
lIIIlIlliI(15).class,rustme/lIIIlIlliI,java/lang/Object,kotlin-lambda-ish
lIIIliIIII(71).class,rustme/lIIIliIIII,java/lang/Object,misc
lIIIliIIiI(23).class,rustme/lIIIliIIiI,java/lang/Object,misc
lIIIliIiII(55).class,rustme/lIIIliIiII,java/lang/Object,misc
lIIIliIilI(11).class,rustme/lIIIliIilI,java/lang/Object,misc
lIIIliIliI(23).class,rustme/lIIIliIliI,rustme/IliIIiIliI,mod-widget
lIIIliiIiI(7).class,rustme/lIIIliiIiI,rustme/IIlIliiIiI,entity-related
lIIIliiiII(39).class,rustme/lIIIliiiII,java/lang/Object,kotlin-lambda-ish
lIIIliilII(35).class,rustme/lIIIliilII,java/lang/Object,misc
lIIIliiliI(7).class,rustme/lIIIliiliI,java/lang/Object,entity-related
lIIIlilIiI(23).class,rustme/lIIIlilIiI,java/lang/Object,json-gson
lIIIliliII(35).class,rustme/lIIIliliII,java/lang/Object,misc
lIIIliliiI(7).class,rustme/lIIIliliiI,java/lang/Object,misc
lIIIlillII(19).class,rustme/lIIIlillII,java/lang/Object,misc
lIIIlilliI(7).class,rustme/lIIIlilliI,java/lang/Object,misc
lIIIllIIII(43).class,rustme/lIIIllIIII,java/lang/Object,misc
lIIIllIIiI(23).class,rustme/lIIIllIIiI,java/lang/Object,misc
lIIIllIiiI(7).class,rustme/lIIIllIiiI,rustme/lIlillIiiI,tileentity
lIIIllIilI(7).class,rustme/lIIIllIilI,java/lang/Object,misc
lIIIllIliI(15).class,rustme/lIIIllIliI,kotlin/coroutines/jvm/internal/SuspendLambda,kotlin-coroutines
lIIIlliIiI(15).class,rustme/lIIIlliIiI,java/lang/Object,misc
lIIIlliiII(31).class,rustme/lIIIlliiII,java/lang/Object,kotlin-lambda-ish
lIIIllilII(19).class,rustme/lIIIllilII,java/lang/Object,misc
lIIIlliliI(7).class,rustme/lIIIlliliI,kotlin/jvm/internal/FunctionReferenceImpl,kotlin-lambda-ish
lIIIlllIiI(15).class,rustme/lIIIlllIiI,java/lang/Object,misc
lIIIllliII(19).class,rustme/lIIIllliII,java/lang/Object,misc
lIIIllliiI(7).class,rustme/lIIIllliiI,java/lang/Object,misc
lIIIllllII(11).class,rustme/lIIIllllII,java/lang/Object,misc
lIIIlllliI(7).class,rustme/lIIIlllliI,java/lang/Object,kotlin-lambda-ish
lIIiIIIIiI(59).class,rustme/lIIiIIIIiI,java/lang/Object,entity-related
lIIiIIIiII(121).class,rustme/lIIiIIIiII,java/lang/Object,misc
lIIiIIIlII(93).class,rustme/lIIiIIIlII,java/lang/Object,misc
lIIiIIIliI(59).class,rustme/lIIiIIIliI,rustme/lllIIiIliI,mod-widget
lIIiIIiIII(137).class,rustme/lIIiIIiIII,java/lang/Object,misc
lIIiIIiIiI(27).class,rustme/lIIiIIiIiI,rustme/IIlliIiIiI,math-user
lIIiIIiiII(91).class,rustme/lIIiIIiiII,java/lang/Object,kotlin-lambda-ish
lIIiIIiilI(13).class,rustme/lIIiIIiilI,java/lang/Object,misc
lIIiIIiliI(27).class,rustme/lIIiIIiliI,rustme/illIiIiliI,render-gl-wrapper
lIIiIIlIII(93).class,rustme/lIIiIIlIII,java/lang/Object,misc
lIIiIIlIiI(59).class,rustme/lIIiIIlIiI,rustme/IIIiIIlIiI,misc
lIIiIIliiI(27).class,rustme/lIIiIIliiI,rustme/lIlliIliiI,network-packet
lIIiIIlliI(27).class,rustme/lIIiIIlliI,java/lang/Object,kotlin-lambda-ish
lIIiIiIIII(145).class,rustme/lIIiIiIIII,java/lang/Object,misc
lIIiIiIIiI(43).class,rustme/lIIiIiIIiI,java/lang/Object,misc
lIIiIiIiII(107).class,rustme/lIIiIiIiII,java/lang/Object,kotlin-lambda-ish
lIIiIiIilI(21).class,rustme/lIIiIiIilI,java/lang/Object,misc
lIIiIiIliI(43).class,rustme/lIIiIiIliI,rustme/IIIiIiIliI,mod-widget
lIIiIiiIiI(11).class,rustme/lIIiIiiIiI,rustme/lliiiiiIiI,entity-renderer
lIIiIiiiII(75).class,rustme/lIIiIiiiII,java/lang/Object,kotlin-lambda-ish
lIIiIiilII(69).class,rustme/lIIiIiilII,java/lang/Object,misc
lIIiIiiliI(11).class,rustme/lIIiIiiliI,rustme/lilliiiliI,mod-command-ish
lIIiIilIiI(43).class,rustme/lIIiIilIiI,java/lang/Object,misc
lIIiIiliII(69).class,rustme/lIIiIiliII,java/lang/Object,misc
lIIiIiliiI(11).class,rustme/lIIiIiliiI,java/lang/Object,misc
lIIiIillII(37).class,rustme/lIIiIillII,java/lang/Object,misc
lIIiIilliI(11).class,rustme/lIIiIilliI,java/lang/Object,misc
lIIiIlIIII(77).class,rustme/lIIiIlIIII,java/lang/Object,misc
lIIiIlIIiI(35).class,rustme/lIIiIlIIiI,java/lang/Object,network-packet
lIIiIlIiiI(3).class,rustme/lIIiIlIiiI,rustme/IiIIIlIiiI,block
lIIiIlIilI(13).class,rustme/lIIiIlIilI,java/lang/Object,misc
lIIiIlIliI(27).class,rustme/lIIiIlIliI,java/lang/Object,misc
lIIiIliIiI(19).class,rustme/lIIiIliIiI,java/lang/Object,math-user
lIIiIliiII(51).class,rustme/lIIiIliiII,java/lang/Object,kotlin-lambda-ish
lIIiIlilII(37).class,rustme/lIIiIlilII,java/lang/Object,misc
lIIiIliliI(11).class,rustme/lIIiIliliI,rustme/IlilIIIliI,mod-widget
lIIiIllIiI(27).class,rustme/lIIiIllIiI,java/lang/Object,misc
lIIiIlliII(37).class,rustme/lIIiIlliII,java/lang/Object,misc
lIIiIlliiI(11).class,rustme/lIIiIlliiI,java/lang/Object,json-gson
lIIiIlllII(21).class,rustme/lIIiIlllII,java/lang/Object,misc
lIIiIllliI(11).class,rustme/lIIiIllliI,java/lang/Object,kotlin-lambda-ish
lIIiiIIIII(149).class,rustme/lIIiiIIIII,java/lang/Object,misc
lIIiiIIIiI(51).class,rustme/lIIiiIIIiI,java/lang/Object,tileentity
lIIiiIIiII(115).class,rustme/lIIiiIIiII,java/lang/Object,misc
lIIiiIIilI(25).class,rustme/lIIiiIIilI,java/lang/Object,misc
lIIiiIIliI(51).class,rustme/lIIiiIIliI,java/lang/Object,misc
lIIiiIiIiI(19).class,rustme/lIIiiIiIiI,java/lang/Object,misc
lIIiiIiiII(83).class,rustme/lIIiiIiiII,java/lang/Object,kotlin-lambda-ish
lIIiiIilII(73).class,rustme/lIIiiIilII,java/lang/Object,misc
lIIiiIiliI(19).class,rustme/lIIiiIiliI,java/lang/Object,misc
lIIiiIlIiI(51).class,rustme/lIIiiIlIiI,rustme/IIlllilIiI,block
lIIiiIliII(73).class,rustme/lIIiiIliII,java/lang/Object,misc
lIIiiIliiI(19).class,rustme/lIIiiIliiI,rustme/iIIiiIliiI,misc
lIIiiIllII(41).class,rustme/lIIiiIllII,java/lang/Object,misc
lIIiiIlliI(19).class,rustme/lIIiiIlliI,java/lang/Object,kotlin-lambda-ish
lIIiiiIIiI(35).class,rustme/lIIiiiIIiI,rustme/iiIIlliIiI,misc
lIIiiiIiII(99).class,rustme/lIIiiiIiII,java/lang/Object,kotlin-lambda-ish
lIIiiiIlII(81).class,rustme/lIIiiiIlII,java/lang/Object,misc
lIIiiiIliI(35).class,rustme/lIIiiiIliI,java/lang/Object,mod-widget
lIIiiiiIII(125).class,rustme/lIIiiiiIII,java/lang/Object,misc
lIIiiiiIiI(3).class,rustme/lIIiiiiIiI,rustme/iIlIiiiIiI,entity-renderer
lIIiiiiiII(67).class,rustme/lIIiiiiiII,java/lang/Object,kotlin-lambda-ish
lIIiiiiilI(1).class,rustme/lIIiiiiilI,java/lang/Object,misc
lIIiiiiliI(3).class,rustme/lIIiiiiliI,java/lang/Object,entity-related
lIIiiilIII(81).class,rustme/lIIiiilIII,java/lang/Object,misc
lIIiiilIiI(35).class,rustme/lIIiiilIiI,java/lang/Object,misc
lIIiiiliiI(3).class,rustme/lIIiiiliiI,java/lang/Enum,enum
lIIiiililI(1).class,rustme/lIIiiililI,java/lang/Object,misc
lIIiiilliI(3).class,rustme/lIIiiilliI,java/lang/Object,kotlin-lambda-ish
lIIiilIIiI(27).class,rustme/lIIiilIIiI,java/lang/Object,misc
lIIiilIiII(57).class,rustme/lIIiilIiII,java/lang/Object,misc
lIIiilIlII(41).class,rustme/lIIiilIlII,java/lang/Object,misc
lIIiilIliI(19).class,rustme/lIIiilIliI,java/lang/Object,kotlin-lambda-ish
lIIiiliIII(65).class,rustme/lIIiiliIII,java/lang/Object,misc
lIIiiliIiI(11).class,rustme/lIIiiliIiI,rustme/llIiiliIiI,misc
lIIiiliiII(43).class,rustme/lIIiiliiII,java/lang/Object,kotlin-lambda-ish
lIIiiliilI(1).class,rustme/lIIiiliilI,java/lang/Object,misc
lIIiililiI(3).class,rustme/lIIiililiI,java/lang/Object,mod-widget
lIIiillIII(41).class,rustme/lIIiillIII,java/lang/Object,misc
lIIiillIiI(19).class,rustme/lIIiillIiI,java/lang/Object,misc
lIIiilliiI(3).class,rustme/lIIiilliiI,java/lang/Object,misc
lIIiillliI(3).class,rustme/lIIiillliI,java/lang/Object,kotlin-lambda-ish
lIIilIIIII(73).class,rustme/lIIilIIIII,java/lang/Object,misc
lIIilIIIiI(27).class,rustme/lIIilIIIiI,java/lang/Object,misc
lIIilIIilI(13).class,rustme/lIIilIIilI,java/lang/Object,misc
lIIilIIliI(27).class,rustme/lIIilIIliI,rustme/IililIIliI,misc
lIIilIiIiI(11).class,rustme/lIIilIiIiI,java/lang/Object,misc
lIIilIiiII(43).class,rustme/lIIilIiiII,java/lang/Object,kotlin-lambda-ish
lIIilIilII(37).class,rustme/lIIilIilII,java/lang/Object,misc
lIIilIiliI(11).class,rustme/lIIilIiliI,java/lang/Object,misc
lIIilIlIiI(27).class,rustme/lIIilIlIiI,rustme/IlllIIlIiI,json-gson
lIIilIliII(37).class,rustme/lIIilIliII,java/lang/Object,misc
lIIilIliiI(11).class,rustme/lIIilIliiI,java/lang/Object,network-netty
lIIilIllII(21).class,rustme/lIIilIllII,java/lang/Object,misc
lIIilIlliI(11).class,rustme/lIIilIlliI,java/lang/Object,kotlin-lambda-ish
lIIiliIIiI(19).class,rustme/lIIiliIIiI,rustme/lllIliIIiI,tileentity
lIIiliIiII(51).class,rustme/lIIiliIiII,java/lang/Enum,enum
lIIiliIlII(41).class,rustme/lIIiliIlII,java/lang/Object,misc
lIIiliIliI(19).class,rustme/lIIiliIliI,java/lang/Object,misc
lIIiliiIII(61).class,rustme/lIIiliiIII,java/lang/Object,misc
lIIiliiIiI(3).class,rustme/lIIiliiIiI,java/lang/Object,misc
lIIiliiiII(35).class,rustme/lIIiliiiII,java/lang/Object,kotlin-lambda-ish
lIIiliiilI(1).class,rustme/lIIiliiilI,java/lang/Object,misc
lIIiliiliI(3).class,rustme/lIIiliiliI,rustme/iililiiliI,misc
lIIililIII(41).class,rustme/lIIililIII,java/lang/Object,misc
lIIililIiI(19).class,rustme/lIIililIiI,rustme/IIIililIiI,misc
lIIililiiI(3).class,rustme/lIIililiiI,rustme/lliIiIlIiI,math-user
lIIilililI(1).class,rustme/lIIilililI,java/lang/Object,misc
lIIililliI(3).class,rustme/lIIililliI,java/lang/Object,misc
lIIillIIiI(19).class,rustme/lIIillIIiI,rustme/iIIllIlIiI,nbt
lIIillIiII(33).class,rustme/lIIillIiII,java/lang/Object,misc
lIIillIiiI(3).class,rustme/lIIillIiiI,rustme/IillilIiiI,item-related
lIIillIlII(21).class,rustme/lIIillIlII,java/lang/Object,misc
lIIillIliI(11).class,rustme/lIIillIliI,java/lang/Object,misc
lIIilliIII(37).class,rustme/lIIilliIII,java/lang/Object,misc
lIIilliIiI(11).class,rustme/lIIilliIiI,java/lang/Enum,enum
lIIilliiII(27).class,rustme/lIIilliiII,java/lang/Object,kotlin-lambda-ish
lIIilliilI(1).class,rustme/lIIilliilI,java/lang/Object,misc
lIIilliliI(3).class,rustme/lIIilliliI,kotlin/jvm/internal/MutablePropertyReference1Impl,misc
lIIilllIII(21).class,rustme/lIIilllIII,java/lang/Object,misc
lIIilllIiI(11).class,rustme/lIIilllIiI,java/lang/Enum,enum
lIIillliiI(3).class,rustme/lIIillliiI,java/lang/Object,misc
lIIilllliI(3).class,rustme/lIIilllliI,java/lang/Object,kotlin-lambda-ish
lIIlIIIIiI(31).class,rustme/lIIlIIIIiI,java/lang/Object,misc
lIIlIIIiII(61).class,rustme/lIIlIIIiII,java/lang/Object,misc
lIIlIIIlII(47).class,rustme/lIIlIIIlII,java/lang/Object,misc
lIIlIIIliI(31).class,rustme/lIIlIIIliI,java/lang/Object,misc
lIIlIIiIII(69).class,rustme/lIIlIIiIII,java/lang/Object,misc
lIIlIIiIiI(15).class,rustme/lIIlIIiIiI,rustme/IIlliIiIiI,auth-profile
lIIlIIiiII(47).class,rustme/lIIlIIiiII,java/lang/Object,kotlin-lambda-ish
lIIlIIiilI(7).class,rustme/lIIlIIiilI,java/lang/Object,misc
lIIlIIiliI(15).class,rustme/lIIlIIiliI,java/lang/Object,misc
lIIlIIlIII(47).class,rustme/lIIlIIlIII,java/lang/Object,misc
lIIlIIlIiI(31).class,rustme/lIIlIIlIiI,java/lang/Object,json-gson
lIIlIIliiI(15).class,rustme/lIIlIIliiI,java/lang/Object,nbt
lIIlIIlliI(15).class,rustme/lIIlIIlliI,java/lang/Object,kotlin-lambda-ish
lIIlIiIIII(73).class,rustme/lIIlIiIIII,java/lang/Object,misc
lIIlIiIIiI(23).class,rustme/lIIlIiIIiI,rustme/llIIlIiIiI,tileentity
lIIlIiIiII(55).class,rustme/lIIlIiIiII,java/lang/Object,misc
lIIlIiIilI(11).class,rustme/lIIlIiIilI,java/lang/Object,misc
lIIlIiIliI(23).class,rustme/lIIlIiIliI,java/lang/Object,mod-widget
lIIlIiiIiI(7).class,rustme/lIIlIiiIiI,java/lang/Object,misc
lIIlIiiiII(39).class,rustme/lIIlIiiiII,java/lang/Object,kotlin-lambda-ish
lIIlIiilII(35).class,rustme/lIIlIiilII,java/lang/Object,misc
lIIlIiiliI(7).class,rustme/lIIlIiiliI,rustme/IililiiliI,misc
lIIlIilIiI(23).class,rustme/lIIlIilIiI,java/lang/Object,misc
lIIlIiliII(35).class,rustme/lIIlIiliII,java/lang/Object,misc
lIIlIiliiI(7).class,rustme/lIIlIiliiI,java/lang/Object,misc
lIIlIillII(19).class,rustme/lIIlIillII,java/lang/Object,misc
lIIlIilliI(7).class,rustme/lIIlIilliI,java/lang/Object,misc
lIIlIlIIII(39).class,rustme/lIIlIlIIII,java/lang/Object,misc
lIIlIlIIiI(19).class,rustme/lIIlIlIIiI,java/lang/Object,misc
lIIlIlIiiI(3).class,rustme/lIIlIlIiiI,rustme/lIIillIiiI,block
lIIlIlIilI(7).class,rustme/lIIlIlIilI,java/lang/Object,misc
lIIlIlIliI(15).class,rustme/lIIlIlIliI,java/lang/Object,misc
lIIlIliIiI(11).class,rustme/lIIlIliIiI,java/lang/Object,entity-related
lIIlIliiII(27).class,rustme/lIIlIliiII,java/lang/Object,kotlin-lambda-ish
lIIlIlilII(19).class,rustme/lIIlIlilII,java/lang/Object,misc
lIIlIliliI(7).class,rustme/lIIlIliliI,java/lang/Object,gui-screen
lIIlIllIiI(15).class,rustme/lIIlIllIiI,rustme/llIiIllIiI,misc
lIIlIlliII(19).class,rustme/lIIlIlliII,java/lang/Object,misc
lIIlIlliiI(7).class,rustme/lIIlIlliiI,java/lang/Object,misc
lIIlIlllII(11).class,rustme/lIIlIlllII,java/lang/Object,misc
lIIlIllliI(7).class,rustme/lIIlIllliI,java/lang/Object,kotlin-lambda-ish
lIIliIIIII(75).class,rustme/lIIliIIIII,java/lang/Object,misc
lIIliIIIiI(27).class,rustme/lIIliIIIiI,rustme/llliiIIIiI,tileentity
lIIliIIiII(59).class,rustme/lIIliIIiII,java/lang/Object,misc
lIIliIIilI(13).class,rustme/lIIliIIilI,java/lang/Object,misc
lIIliIIliI(27).class,rustme/lIIliIIliI,java/lang/Object,misc
lIIliIiIiI(11).class,rustme/lIIliIiIiI,java/lang/Object,lambdas
lIIliIiiII(43).class,rustme/lIIliIiiII,java/lang/Object,kotlin-lambda-ish
lIIliIilII(37).class,rustme/lIIliIilII,java/lang/Object,misc
lIIliIiliI(11).class,rustme/lIIliIiliI,java/lang/Enum,enum
lIIliIlIiI(27).class,rustme/lIIliIlIiI,java/lang/Object,math-user
lIIliIliII(37).class,rustme/lIIliIliII,java/lang/Object,misc
lIIliIliiI(11).class,rustme/lIIliIliiI,java/lang/Thread,misc
lIIliIllII(21).class,rustme/lIIliIllII,java/lang/Object,misc
lIIliIlliI(11).class,rustme/lIIliIlliI,java/lang/Object,kotlin-lambda-ish
lIIliiIIiI(19).class,rustme/lIIliiIIiI,rustme/lIiliiIIiI,block
lIIliiIiII(51).class,rustme/lIIliiIiII,java/lang/Object,kotlin-lambda-ish
lIIliiIlII(41).class,rustme/lIIliiIlII,java/lang/Object,misc
lIIliiIliI(19).class,rustme/lIIliiIliI,kotlin/properties/ObservableProperty,misc
lIIliiiIII(63).class,rustme/lIIliiiIII,java/lang/Object,misc
lIIliiiIiI(3).class,rustme/lIIliiiIiI,rustme/iIlIiiiIiI,entity-renderer
lIIliiiiII(35).class,rustme/lIIliiiiII,java/lang/Object,kotlin-lambda-ish
lIIliiiilI(1).class,rustme/lIIliiiilI,java/lang/Object,misc
lIIliiiliI(3).class,rustme/lIIliiiliI,java/lang/Object,misc
lIIliilIII(41).class,rustme/lIIliilIII,java/lang/Object,misc
lIIliilIiI(19).class,rustme/lIIliilIiI,java/lang/Object,nbt
lIIliiliiI(3).class,rustme/lIIliiliiI,rustme/IiiIllIiiI,block
lIIliililI(1).class,rustme/lIIliililI,java/lang/Object,misc
lIIliilliI(3).class,rustme/lIIliilliI,java/lang/Object,misc
lIIlilIIiI(15).class,rustme/lIIlilIIiI,java/lang/Object,network-packet
lIIlilIiII(29).class,rustme/lIIlilIiII,java/lang/Object,misc
lIIlilIlII(21).class,rustme/lIIlilIlII,java/lang/Object,misc
lIIlilIliI(11).class,rustme/lIIlilIliI,rustme/iIIlilIliI,misc
lIIliliIII(33).class,rustme/lIIliliIII,java/lang/Object,misc
lIIliliIiI(7).class,rustme/lIIliliIiI,rustme/IiIIiliIiI,misc
lIIliliiII(23).class,rustme/lIIliliiII,java/lang/Object,kotlin-lambda-ish
lIIliliilI(1).class,rustme/lIIliliilI,java/lang/Object,misc
lIIlililiI(3).class,rustme/lIIlililiI,java/lang/Object,kotlin-lambda-ish
lIIlillIII(21).class,rustme/lIIlillIII,java/lang/Object,misc
lIIlillIiI(11).class,rustme/lIIlillIiI,java/lang/Object,tileentity
lIIlilliiI(3).class,rustme/lIIlilliiI,java/lang/Object,misc
lIIlillliI(3).class,rustme/lIIlillliI,java/lang/Object,kotlin-lambda-ish
lIIllIIIII(37).class,rustme/lIIllIIIII,java/lang/Object,misc
lIIllIIIiI(15).class,rustme/lIIllIIIiI,java/lang/Object,misc
lIIllIIilI(7).class,rustme/lIIllIIilI,java/lang/Object,misc
lIIllIIliI(15).class,rustme/lIIllIIliI,kotlin/jvm/internal/FunctionReferenceImpl,kotlin-lambda-ish
lIIllIiIiI(7).class,rustme/lIIllIiIiI,java/lang/Object,misc
lIIllIiiII(23).class,rustme/lIIllIiiII,java/lang/Object,kotlin-lambda-ish
lIIllIilII(19).class,rustme/lIIllIilII,java/lang/Object,misc
lIIllIiliI(7).class,rustme/lIIllIiliI,kotlin/coroutines/jvm/internal/SuspendLambda,kotlin-coroutines
lIIllIlIiI(15).class,rustme/lIIllIlIiI,java/lang/Object,misc
lIIllIliII(19).class,rustme/lIIllIliII,java/lang/Object,misc
lIIllIliiI(7).class,rustme/lIIllIliiI,java/lang/Object,misc
lIIllIllII(11).class,rustme/lIIllIllII,java/lang/Object,misc
lIIllIlliI(7).class,rustme/lIIllIlliI,java/lang/Object,kotlin-lambda-ish
lIIlliIIiI(11).class,rustme/lIIlliIIiI,java/lang/Object,tileentity
lIIlliIiII(27).class,rustme/lIIlliIiII,rustme/IIIlliIiII,kotlin-lambda-ish
lIIlliIlII(21).class,rustme/lIIlliIlII,java/lang/Object,misc
lIIlliIliI(11).class,rustme/lIIlliIliI,rustme/IliIIiIliI,mod-widget
lIIlliiIII(31).class,rustme/lIIlliiIII,java/lang/Object,misc
lIIlliiIiI(3).class,rustme/lIIlliiIiI,java/lang/Object,misc
lIIlliiiII(19).class,rustme/lIIlliiiII,java/lang/Object,kotlin-lambda-ish
lIIlliiilI(1).class,rustme/lIIlliiilI,java/lang/Object,misc
lIIlliiliI(3).class,rustme/lIIlliiliI,rustme/lilliiiliI,mod-command-ish
lIIllilIII(21).class,rustme/lIIllilIII,java/lang/Object,misc
lIIllilIiI(11).class,rustme/lIIllilIiI,rustme/iIIllilIiI,nbt
lIIlliliiI(3).class,rustme/lIIlliliiI,rustme/ilIIliliiI,misc
lIIllililI(1).class,rustme/lIIllililI,java/lang/Object,misc
lIIllilliI(3).class,rustme/lIIllilliI,java/lang/Object,kotlin-lambda-ish
lIIlllIIiI(11).class,rustme/lIIlllIIiI,java/lang/Object,misc
lIIlllIiII(17).class,rustme/lIIlllIiII,java/lang/Object,misc
lIIlllIiiI(3).class,rustme/lIIlllIiiI,rustme/IliIIlIiiI,world-related
lIIlllIlII(11).class,rustme/lIIlllIlII,java/lang/Object,misc
lIIlllIliI(7).class,rustme/lIIlllIliI,java/lang/Object,kotlin-lambda-ish
lIIllliIII(19).class,rustme/lIIllliIII,java/lang/Object,misc
lIIllliIiI(7).class,rustme/lIIllliIiI,rustme/lIliiiIIiI,world-related
lIIllliiII(15).class,rustme/lIIllliiII,java/lang/Object,kotlin-lambda-ish
lIIllliilI(1).class,rustme/lIIllliilI,java/lang/Object,misc
lIIllliliI(3).class,rustme/lIIllliliI,java/lang/Object,misc
lIIllllIII(11).class,rustme/lIIllllIII,java/lang/Object,misc
lIIllllIiI(7).class,rustme/lIIllllIiI,java/lang/Object,misc
lIIlllliiI(3).class,rustme/lIIlllliiI,java/lang/Object,entity-renderer
lIIllllliI(3).class,rustme/lIIllllliI,java/lang/Object,kotlin-lambda-ish
lIiIIIIIiI(61).class,rustme/lIiIIIIIiI,rustme/liIIiIIIiI,world-related
lIiIIIIiII(122).class,rustme/lIiIIIIiII,java/lang/Object,misc
lIiIIIIlII(94).class,rustme/lIiIIIIlII,java/lang/Object,misc
lIiIIIIliI(61).class,rustme/lIiIIIIliI,java/lang/Object,misc
lIiIIIiIII(138).class,rustme/lIiIIIiIII,java/lang/Object,misc
lIiIIIiIiI(29).class,rustme/lIiIIIiIiI,rustme/IIlliIiIiI,network-netty
lIiIIIiiII(93).class,rustme/lIiIIIiiII,java/lang/Object,kotlin-lambda-ish
lIiIIIiilI(14).class,rustme/lIiIIIiilI,java/lang/Object,misc
lIiIIIiliI(29).class,rustme/lIiIIIiliI,java/lang/Object,misc
lIiIIIlIII(94).class,rustme/lIiIIIlIII,java/lang/Object,misc
lIiIIIlIiI(61).class,rustme/lIiIIIlIiI,rustme/IIIiIIlIiI,misc
lIiIIIliiI(29).class,rustme/lIiIIIliiI,rustme/iliIIIliiI,entity-related
lIiIIIlliI(29).class,rustme/lIiIIIlliI,java/lang/Object,kotlin-lambda-ish
lIiIIiIIII(146).class,rustme/lIiIIiIIII,java/lang/Object,misc
lIiIIiIIiI(45).class,rustme/lIiIIiIIiI,java/lang/Object,nbt
lIiIIiIiII(109).class,rustme/lIiIIiIiII,java/lang/Object,kotlin-lambda-ish
lIiIIiIilI(22).class,rustme/lIiIIiIilI,java/lang/Object,misc
lIiIIiIliI(45).class,rustme/lIiIIiIliI,kotlin/properties/ObservableProperty,misc
lIiIIiiIiI(13).class,rustme/lIiIIiiIiI,java/lang/Object,misc
lIiIIiiiII(77).class,rustme/lIiIIiiiII,java/lang/Object,kotlin-lambda-ish
lIiIIiilII(70).class,rustme/lIiIIiilII,java/lang/Object,misc
lIiIIiiliI(13).class,rustme/lIiIIiiliI,java/lang/Object,lambdas
lIiIIilIiI(45).class,rustme/lIiIIilIiI,java/lang/Object,entity-related
lIiIIiliII(70).class,rustme/lIiIIiliII,java/lang/Object,misc
lIiIIiliiI(13).class,rustme/lIiIIiliiI,java/lang/Object,misc
lIiIIillII(38).class,rustme/lIiIIillII,java/lang/Object,misc
lIiIIilliI(13).class,rustme/lIiIIilliI,java/lang/Object,misc
lIiIIlIIII(78).class,rustme/lIiIIlIIII,java/lang/Object,misc
lIiIIlIIiI(37).class,rustme/lIiIIlIIiI,java/lang/Object,network-packet
lIiIIlIiiI(5).class,rustme/lIiIIlIiiI,rustme/IillilIiiI,item-related
lIiIIlIilI(14).class,rustme/lIiIIlIilI,java/lang/Object,misc
lIiIIlIliI(29).class,rustme/lIiIIlIliI,kotlin/properties/ObservableProperty,misc
lIiIIliIiI(21).class,rustme/lIiIIliIiI,rustme/iIiIIliIiI,world-related
lIiIIliiII(53).class,rustme/lIiIIliiII,java/lang/Object,kotlin-lambda-ish
lIiIIlilII(38).class,rustme/lIiIIlilII,java/lang/Object,misc
lIiIIliliI(13).class,rustme/lIiIIliliI,java/lang/Object,misc
lIiIIllIiI(29).class,rustme/lIiIIllIiI,rustme/IilIIllIiI,misc
lIiIIlliII(38).class,rustme/lIiIIlliII,java/lang/Object,misc
lIiIIlliiI(13).class,rustme/lIiIIlliiI,it/unimi/dsi/fastutil/objects/AbstractObject2ObjectSortedMap,misc
lIiIIlllII(22).class,rustme/lIiIIlllII,java/lang/Object,misc
lIiIIllliI(13).class,rustme/lIiIIllliI,java/lang/Object,kotlin-lambda-ish
lIiIiIIIII(150).class,rustme/lIiIiIIIII,java/lang/Object,misc
lIiIiIIIiI(53).class,rustme/lIiIiIIIiI,rustme/llliiIIIiI,tileentity
lIiIiIIiII(117).class,rustme/lIiIiIIiII,java/lang/Enum,enum
lIiIiIIilI(26).class,rustme/lIiIiIIilI,java/lang/Object,misc
lIiIiIIliI(53).class,rustme/lIiIiIIliI,java/lang/Object,misc
lIiIiIiIiI(21).class,rustme/lIiIiIiIiI,java/lang/Object,misc
lIiIiIiiII(85).class,rustme/lIiIiIiiII,java/lang/Object,kotlin-lambda-ish
lIiIiIilII(74).class,rustme/lIiIiIilII,java/lang/Object,misc
lIiIiIiliI(21).class,rustme/lIiIiIiliI,java/lang/Object,misc
lIiIiIlIiI(53).class,rustme/lIiIiIlIiI,java/lang/Object,entity-related
lIiIiIliII(74).class,rustme/lIiIiIliII,java/lang/Object,misc
lIiIiIliiI(21).class,rustme/lIiIiIliiI,rustme/IiliiIliiI,gui-textures
lIiIiIllII(42).class,rustme/lIiIiIllII,java/lang/Object,misc
lIiIiIlliI(21).class,rustme/lIiIiIlliI,java/lang/Object,kotlin-lambda-ish
lIiIiiIIiI(37).class,rustme/lIiIiiIIiI,rustme/illliliIiI,misc
lIiIiiIiII(101).class,rustme/lIiIiiIiII,java/lang/Object,kotlin-lambda-ish
lIiIiiIlII(82).class,rustme/lIiIiiIlII,java/lang/Object,misc
lIiIiiIliI(37).class,rustme/lIiIiiIliI,java/lang/Object,mod-widget
lIiIiiiIII(126).class,rustme/lIiIiiiIII,java/lang/Object,misc
lIiIiiiIiI(5).class,rustme/lIiIiiiIiI,rustme/lliiiiiIiI,entity-renderer
lIiIiiiiII(69).class,rustme/lIiIiiiiII,java/lang/Object,kotlin-lambda-ish
lIiIiiiilI(2).class,rustme/lIiIiiiilI,java/lang/Object,misc
lIiIiiiliI(5).class,rustme/lIiIiiiliI,java/lang/Object,misc
lIiIiilIII(82).class,rustme/lIiIiilIII,java/lang/Object,misc
lIiIiilIiI(37).class,rustme/lIiIiilIiI,rustme/iIiiiilIiI,block
lIiIiiliiI(5).class,rustme/lIiIiiliiI,rustme/IillilIiiI,item-related
lIiIiililI(2).class,rustme/lIiIiililI,java/lang/Object,misc
lIiIiilliI(5).class,rustme/lIiIiilliI,java/lang/Object,network-netty
lIiIilIIiI(29).class,rustme/lIiIilIIiI,java/lang/Object,network-packet
lIiIilIiII(58).class,rustme/lIiIilIiII,java/lang/Object,misc
lIiIilIlII(42).class,rustme/lIiIilIlII,java/lang/Object,misc
lIiIilIliI(21).class,rustme/lIiIilIliI,java/lang/Object,kotlin-lambda-ish
lIiIiliIII(66).class,rustme/lIiIiliIII,java/lang/Object,misc
lIiIiliIiI(13).class,rustme/lIiIiliIiI,rustme/iliIiliIiI,world-related
lIiIiliiII(45).class,rustme/lIiIiliiII,java/lang/Object,kotlin-lambda-ish
lIiIiliilI(2).class,rustme/lIiIiliilI,java/lang/Object,misc
lIiIililiI(5).class,rustme/lIiIililiI,java/lang/Object,kotlin-lambda-ish
lIiIillIII(42).class,rustme/lIiIillIII,java/lang/Object,misc
lIiIillIiI(21).class,rustme/lIiIillIiI,java/lang/Object,misc
lIiIilliiI(5).class,rustme/lIiIilliiI,rustme/IlIIliIIiI,misc
lIiIillliI(5).class,rustme/lIiIillliI,java/lang/Object,kotlin-lambda-ish
lIiIlIIIII(74).class,rustme/lIiIlIIIII,java/lang/Object,misc
lIiIlIIIiI(29).class,rustme/lIiIlIIIiI,java/lang/Object,misc
lIiIlIIilI(14).class,rustme/lIiIlIIilI,java/lang/Object,misc
lIiIlIIliI(29).class,rustme/lIiIlIIliI,java/lang/Object,misc
lIiIlIiIiI(13).class,rustme/lIiIlIiIiI,rustme/ilIIlIiIiI,block
lIiIlIiiII(45).class,rustme/lIiIlIiiII,java/lang/Object,kotlin-lambda-ish
lIiIlIilII(38).class,rustme/lIiIlIilII,java/lang/Object,misc
lIiIlIiliI(13).class,rustme/lIiIlIiliI,java/lang/Object,misc
lIiIlIlIiI(29).class,rustme/lIiIlIlIiI,java/lang/Object,misc
lIiIlIliII(38).class,rustme/lIiIlIliII,java/lang/Object,misc
lIiIlIliiI(13).class,rustme/lIiIlIliiI,java/lang/Object,misc
lIiIlIllII(22).class,rustme/lIiIlIllII,java/lang/Object,misc
lIiIlIlliI(13).class,rustme/lIiIlIlliI,java/lang/Object,kotlin-lambda-ish
lIiIliIIiI(21).class,rustme/lIiIliIIiI,rustme/IIIiliIIiI,world-related
lIiIliIiII(53).class,rustme/lIiIliIiII,java/lang/Object,kotlin-lambda-ish
lIiIliIlII(42).class,rustme/lIiIliIlII,java/lang/Object,misc
lIiIliIliI(21).class,rustme/lIiIliIliI,kotlin/properties/ObservableProperty,misc
lIiIliiIII(62).class,rustme/lIiIliiIII,java/lang/Object,misc
lIiIliiIiI(5).class,rustme/lIiIliiIiI,rustme/IIlIliiIiI,block
lIiIliiiII(37).class,rustme/lIiIliiiII,java/lang/Object,kotlin-lambda-ish
lIiIliiilI(2).class,rustme/lIiIliiilI,java/lang/Object,misc
lIiIliiliI(5).class,rustme/lIiIliiliI,rustme/lIlIIiiliI,gui-screen
lIiIlilIII(42).class,rustme/lIiIlilIII,java/lang/Object,misc
lIiIlilIiI(21).class,rustme/lIiIlilIiI,java/lang/Object,misc
lIiIliliiI(5).class,rustme/lIiIliliiI,rustme/IlIlliliiI,gui-screen
lIiIlililI(2).class,rustme/lIiIlililI,java/lang/Object,misc
lIiIlilliI(5).class,rustme/lIiIlilliI,java/lang/Object,misc
lIiIllIIiI(21).class,rustme/lIiIllIIiI,java/lang/Object,misc
lIiIllIiII(34).class,rustme/lIiIllIiII,java/lang/Object,misc
lIiIllIiiI(5).class,rustme/lIiIllIiiI,rustme/IillilIiiI,item-related
lIiIllIlII(22).class,rustme/lIiIllIlII,java/lang/Object,misc
lIiIllIliI(13).class,rustme/lIiIllIliI,java/lang/Object,misc
lIiIlliIII(38).class,rustme/lIiIlliIII,java/lang/Object,misc
lIiIlliIiI(13).class,rustme/lIiIlliIiI,java/lang/Object,misc
lIiIlliiII(29).class,rustme/lIiIlliiII,java/lang/Object,kotlin-lambda-ish
lIiIlliilI(2).class,rustme/lIiIlliilI,java/lang/Object,misc
lIiIlliliI(5).class,rustme/lIiIlliliI,kotlin/jvm/internal/FunctionReferenceImpl,kotlin-lambda-ish
lIiIlllIII(22).class,rustme/lIiIlllIII,java/lang/Object,misc
lIiIlllIiI(13).class,rustme/lIiIlllIiI,java/lang/Object,misc
lIiIllliiI(5).class,rustme/lIiIllliiI,java/lang/Object,misc
lIiIlllliI(5).class,rustme/lIiIlllliI,java/lang/Object,kotlin-lambda-ish
lIiiIIIIII(152).class,rustme/lIiiIIIIII,java/lang/Object,misc
lIiiIIIIiI(57).class,rustme/lIiiIIIIiI,rustme/iliiIIIIiI,block
lIiiIIIilI(28).class,rustme/lIiiIIIilI,java/lang/Object,misc
lIiiIIIliI(57).class,rustme/lIiiIIIliI,rustme/iIllIiIliI,lambdas
lIiiIIiIiI(25).class,rustme/lIiiIIiIiI,rustme/IIlliIiIiI,entity-related
lIiiIIiiII(89).class,rustme/lIiiIIiiII,java/lang/Object,kotlin-lambda-ish
lIiiIIilII(76).class,rustme/lIiiIIilII,java/lang/Object,misc
lIiiIIiliI(25).class,rustme/lIiiIIiliI,java/lang/Object,json-gson
lIiiIIlIiI(57).class,rustme/lIiiIIlIiI,java/lang/Object,misc
lIiiIIliII(76).class,rustme/lIiiIIliII,java/lang/Object,misc
lIiiIIliiI(25).class,rustme/lIiiIIliiI,rustme/lIlliIliiI,network-packet
lIiiIIllII(44).class,rustme/lIiiIIllII,java/lang/Object,misc
lIiiIIlliI(25).class,rustme/lIiiIIlliI,java/lang/Object,kotlin-lambda-ish
lIiiIiIIiI(41).class,rustme/lIiiIiIIiI,rustme/iiiliiIIiI,nbt
lIiiIiIiII(105).class,rustme/lIiiIiIiII,java/lang/Object,kotlin-lambda-ish
lIiiIiIlII(84).class,rustme/lIiiIiIlII,java/lang/Object,misc
lIiiIiIliI(41).class,rustme/lIiiIiIliI,rustme/IlilIIIliI,mod-widget
lIiiIiiIII(128).class,rustme/lIiiIiiIII,java/lang/Object,misc
lIiiIiiIiI(9).class,rustme/lIiiIiiIiI,rustme/ilIiiiiIiI,entity-renderer
lIiiIiiiII(73).class,rustme/lIiiIiiiII,java/lang/Object,kotlin-lambda-ish
lIiiIiiilI(4).class,rustme/lIiiIiiilI,java/lang/Object,misc
lIiiIiiliI(9).class,rustme/lIiiIiiliI,rustme/iliiIiiliI,misc
lIiiIilIII(84).class,rustme/lIiiIilIII,java/lang/Object,misc
lIiiIilIiI(41).class,rustme/lIiiIilIiI,java/lang/Object,nbt
lIiiIiliiI(9).class,rustme/lIiiIiliiI,rustme/IillilIiiI,item-related
lIiiIililI(4).class,rustme/lIiiIililI,java/lang/Object,misc
lIiiIilliI(9).class,rustme/lIiiIilliI,java/lang/Object,misc
lIiiIlIIiI(33).class,rustme/lIiiIlIIiI,java/lang/Object,network-packet
lIiiIlIiII(60).class,rustme/lIiiIlIiII,java/lang/Object,misc
lIiiIlIiiI(1).class,rustme/lIiiIlIiiI,java/lang/Enum,enum
lIiiIlIlII(44).class,rustme/lIiiIlIlII,java/lang/Object,misc
lIiiIlIliI(25).class,rustme/lIiiIlIliI,java/lang/Object,kotlin-lambda-ish
lIiiIliIII(68).class,rustme/lIiiIliIII,java/lang/Object,misc
lIiiIliIiI(17).class,rustme/lIiiIliIiI,rustme/IIiiIliIiI,misc
lIiiIliiII(49).class,rustme/lIiiIliiII,java/lang/Object,kotlin-lambda-ish
lIiiIliilI(4).class,rustme/lIiiIliilI,java/lang/Object,misc
lIiiIliliI(9).class,rustme/lIiiIliliI,java/lang/Object,kotlin-lambda-ish
lIiiIllIII(44).class,rustme/lIiiIllIII,java/lang/Object,misc
lIiiIllIiI(25).class,rustme/lIiiIllIiI,java/lang/Object,misc
lIiiIlliiI(9).class,rustme/lIiiIlliiI,java/lang/Object,misc
lIiiIllliI(9).class,rustme/lIiiIllliI,java/lang/Object,kotlin-lambda-ish
lIiiiIIIiI(49).class,rustme/lIiiiIIIiI,java/lang/Object,tileentity
lIiiiIIiII(113).class,rustme/lIiiiIIiII,java/lang/Object,kotlin-lambda-ish
lIiiiIIlII(88).class,rustme/lIiiiIIlII,java/lang/Object,misc
lIiiiIIliI(49).class,rustme/lIiiiIIliI,rustme/IliIIiIliI,mod-widget
lIiiiIiIII(132).class,rustme/lIiiiIiIII,java/lang/Object,misc
lIiiiIiIiI(17).class,rustme/lIiiiIiIiI,rustme/IiIlliiIiI,misc
lIiiiIiiII(81).class,rustme/lIiiiIiiII,java/lang/Object,kotlin-lambda-ish
lIiiiIiilI(8).class,rustme/lIiiiIiilI,java/lang/Object,misc
lIiiiIiliI(17).class,rustme/lIiiiIiliI,java/lang/Object,tileentity
lIiiiIlIII(88).class,rustme/lIiiiIlIII,java/lang/Object,misc
lIiiiIlIiI(49).class,rustme/lIiiiIlIiI,rustme/IIlllilIiI,block
lIiiiIliiI(17).class,rustme/lIiiiIliiI,rustme/iIlililiiI,gui-screen
lIiiiIlilI(8).class,rustme/lIiiiIlilI,java/lang/Object,misc
lIiiiIlliI(17).class,rustme/lIiiiIlliI,java/lang/Object,kotlin-lambda-ish
lIiiiiIIII(140).class,rustme/lIiiiiIIII,java/lang/Object,misc
lIiiiiIIiI(33).class,rustme/lIiiiiIIiI,rustme/liIliliIiI,world-related
lIiiiiIiII(97).class,rustme/lIiiiiIiII,java/lang/Object,kotlin-lambda-ish
lIiiiiIilI(16).class,rustme/lIiiiiIilI,java/lang/Object,misc
lIiiiiIliI(33).class,rustme/lIiiiiIliI,java/lang/Object,misc
lIiiiiiIiI(1).class,rustme/lIiiiiiIiI,java/lang/Object,entity-renderer
lIiiiiiiII(65).class,rustme/lIiiiiiiII,java/lang/Object,kotlin-lambda-ish
lIiiiiilII(64).class,rustme/lIiiiiilII,java/lang/Object,misc
lIiiiiiliI(1).class,rustme/lIiiiiiliI,java/lang/Object,misc
lIiiiilIiI(33).class,rustme/lIiiiilIiI,java/lang/Object,misc
lIiiiiliII(64).class,rustme/lIiiiiliII,java/lang/Object,misc
lIiiiiliiI(1).class,rustme/lIiiiiliiI,java/lang/Object,world-related
lIiiiillII(32).class,rustme/lIiiiillII,java/lang/Object,misc
lIiiiilliI(1).class,rustme/lIiiiilliI,java/lang/Object,misc
lIiiilIIII(72).class,rustme/lIiiilIIII,java/lang/Object,misc
lIiiilIIiI(25).class,rustme/lIiiilIIiI,rustme/iliiilIIiI,misc
lIiiilIilI(8).class,rustme/lIiiilIilI,java/lang/Object,misc
lIiiilIliI(17).class,rustme/lIiiilIliI,java/lang/Object,kotlin-lambda-ish
lIiiiliIiI(9).class,rustme/lIiiiliIiI,rustme/llIiiliIiI,misc
lIiiiliiII(41).class,rustme/lIiiiliiII,java/lang/Object,kotlin-lambda-ish
lIiiililII(32).class,rustme/lIiiililII,java/lang/Object,misc
lIiiililiI(1).class,rustme/lIiiililiI,rustme/llIiIliliI,mod-widget
lIiiillIiI(17).class,rustme/lIiiillIiI,rustme/IIiiillIiI,misc
lIiiilliII(32).class,rustme/lIiiilliII,java/lang/Object,misc
lIiiilliiI(1).class,rustme/lIiiilliiI,java/lang/Object,misc
lIiiilllII(16).class,rustme/lIiiilllII,java/lang/Object,misc
lIiiillliI(1).class,rustme/lIiiillliI,java/lang/Object,kotlin-lambda-ish
lIiilIIIiI(25).class,rustme/lIiilIIIiI,java/lang/Object,misc
lIiilIIiII(56).class,rustme/lIiilIIiII,java/lang/Object,misc
lIiilIIlII(44).class,rustme/lIiilIIlII,java/lang/Object,misc
lIiilIIliI(25).class,rustme/lIiilIIliI,rustme/IililIIliI,misc
lIiilIiIII(64).class,rustme/lIiilIiIII,java/lang/Object,misc
lIiilIiIiI(9).class,rustme/lIiilIiIiI,rustme/IIlliIiIiI,entity-related
lIiilIiiII(41).class,rustme/lIiilIiiII,java/lang/Object,kotlin-lambda-ish
lIiilIiilI(4).class,rustme/lIiilIiilI,java/lang/Object,misc
lIiilIiliI(9).class,rustme/lIiilIiliI,java/lang/Object,kotlin-lambda-ish
lIiilIlIII(44).class,rustme/lIiilIlIII,java/lang/Object,misc
lIiilIlIiI(25).class,rustme/lIiilIlIiI,java/lang/Object,json-gson
lIiilIliiI(9).class,rustme/lIiilIliiI,java/lang/Object,network-packet
lIiilIlliI(9).class,rustme/lIiilIlliI,java/lang/Object,kotlin-lambda-ish
lIiiliIIII(68).class,rustme/lIiiliIIII,java/lang/Object,misc
lIiiliIIiI(17).class,rustme/lIiiliIIiI,rustme/IIiiliIIiI,world-related
lIiiliIiII(49).class,rustme/lIiiliIiII,java/lang/Object,kotlin-lambda-ish
lIiiliIilI(8).class,rustme/lIiiliIilI,java/lang/Object,misc
lIiiliIliI(17).class,rustme/lIiiliIliI,kotlin/properties/ObservableProperty,misc
lIiiliiIiI(1).class,rustme/lIiiliiIiI,java/lang/Object,misc
lIiiliiiII(33).class,rustme/lIiiliiiII,java/lang/Object,kotlin-lambda-ish
lIiiliilII(32).class,rustme/lIiiliilII,java/lang/Object,misc
lIiiliiliI(1).class,rustme/lIiiliiliI,rustme/IliiliiliI,misc
lIiililIiI(17).class,rustme/lIiililIiI,java/lang/Object,entity-related
lIiililiII(32).class,rustme/lIiililiII,java/lang/Object,misc
lIiililiiI(1).class,rustme/lIiililiiI,java/lang/Object,misc
lIiilillII(16).class,rustme/lIiilillII,java/lang/Object,misc
lIiililliI(1).class,rustme/lIiililliI,java/lang/Object,misc
lIiillIIII(40).class,rustme/lIiillIIII,java/lang/Object,misc
lIiillIIiI(17).class,rustme/lIiillIIiI,java/lang/Object,misc
lIiillIiiI(1).class,rustme/lIiillIiiI,rustme/IillilIiiI,item-related
lIiillIilI(4).class,rustme/lIiillIilI,java/lang/Object,misc
lIiillIliI(9).class,rustme/lIiillIliI,rustme/iliillIliI,misc
lIiilliIiI(9).class,rustme/lIiilliIiI,rustme/IIlIIliIiI,block
lIiilliiII(25).class,rustme/lIiilliiII,java/lang/Object,kotlin-lambda-ish
lIiillilII(16).class,rustme/lIiillilII,java/lang/Object,misc
lIiilliliI(1).class,rustme/lIiilliliI,rustme/llIIlliliI,mod-widget
lIiilllIiI(9).class,rustme/lIiilllIiI,rustme/llIiIllIiI,misc
lIiillliII(16).class,rustme/lIiillliII,java/lang/Object,misc
lIiillliiI(1).class,rustme/lIiillliiI,java/lang/Object,misc
lIiillllII(8).class,rustme/lIiillllII,java/lang/Object,misc
lIiilllliI(1).class,rustme/lIiilllliI,java/lang/Object,kotlin-lambda-ish
lIilIIIIII(76).class,rustme/lIilIIIIII,java/lang/Object,misc
lIilIIIIiI(29).class,rustme/lIilIIIIiI,rustme/IIlIIIIIiI,math-user
lIilIIIilI(14).class,rustme/lIilIIIilI,java/lang/Object,misc
lIilIIIliI(29).class,rustme/lIilIIIliI,kotlin/properties/ObservableProperty,mod-widget
lIilIIiIiI(13).class,rustme/lIilIIiIiI,java/lang/Object,misc
lIilIIiiII(45).class,rustme/lIilIIiiII,java/lang/Object,kotlin-lambda-ish
lIilIIilII(38).class,rustme/lIilIIilII,java/lang/Object,misc
lIilIIiliI(13).class,rustme/lIilIIiliI,java/lang/Object,entity-related
lIilIIlIiI(29).class,rustme/lIilIIlIiI,java/lang/Object,misc
lIilIIliII(38).class,rustme/lIilIIliII,java/lang/Object,misc
lIilIIliiI(13).class,rustme/lIilIIliiI,java/lang/Object,misc
lIilIIllII(22).class,rustme/lIilIIllII,java/lang/Object,misc
lIilIIlliI(13).class,rustme/lIilIIlliI,java/lang/Object,kotlin-lambda-ish
lIilIiIIiI(21).class,rustme/lIilIiIIiI,java/lang/Object,misc
lIilIiIiII(53).class,rustme/lIilIiIiII,java/lang/Object,kotlin-lambda-ish
lIilIiIlII(42).class,rustme/lIilIiIlII,java/lang/Object,misc
lIilIiIliI(21).class,rustme/lIilIiIliI,kotlin/properties/ObservableProperty,misc
lIilIiiIII(64).class,rustme/lIilIiiIII,java/lang/Object,misc
lIilIiiIiI(5).class,rustme/lIilIiiIiI,java/lang/Object,misc
lIilIiiiII(37).class,rustme/lIilIiiiII,java/lang/Object,kotlin-lambda-ish
lIilIiiilI(2).class,rustme/lIilIiiilI,java/lang/Object,misc
lIilIiiliI(5).class,rustme/lIilIiiliI,rustme/lIlIIiiliI,misc
lIilIilIII(42).class,rustme/lIilIilIII,java/lang/Object,misc
lIilIilIiI(21).class,rustme/lIilIilIiI,java/lang/Object,misc
lIilIiliiI(5).class,rustme/lIilIiliiI,java/lang/Object,misc
lIilIililI(2).class,rustme/lIilIililI,java/lang/Object,misc
lIilIilliI(5).class,rustme/lIilIilliI,java/lang/Object,misc
lIilIlIIiI(17).class,rustme/lIilIlIIiI,java/lang/Object,entity-related
lIilIlIiII(30).class,rustme/lIilIlIiII,java/lang/Object,misc
lIilIlIiiI(1).class,rustme/lIilIlIiiI,rustme/IillilIiiI,item-related
lIilIlIlII(22).class,rustme/lIilIlIlII,java/lang/Object,misc
lIilIlIliI(13).class,rustme/lIilIlIliI,java/lang/Object,misc
lIilIliIII(34).class,rustme/lIilIliIII,java/lang/Object,misc
lIilIliIiI(9).class,rustme/lIilIliIiI,java/lang/Object,misc
lIilIliiII(25).class,rustme/lIilIliiII,java/lang/Object,kotlin-lambda-ish
lIilIliilI(2).class,rustme/lIilIliilI,java/lang/Object,misc
lIilIliliI(5).class,rustme/lIilIliliI,java/lang/Object,misc
lIilIllIII(22).class,rustme/lIilIllIII,java/lang/Object,misc
lIilIllIiI(13).class,rustme/lIilIllIiI,rustme/llIiIllIiI,misc
lIilIlliiI(5).class,rustme/lIilIlliiI,rustme/IIlIIlliiI,misc
lIilIllliI(5).class,rustme/lIilIllliI,java/lang/Object,kotlin-lambda-ish
lIiliIIIiI(25).class,rustme/lIiliIIIiI,java/lang/Object,misc
lIiliIIiII(57).class,rustme/lIiliIIiII,java/lang/Object,misc
lIiliIIlII(44).class,rustme/lIiliIIlII,java/lang/Object,misc
lIiliIIliI(25).class,rustme/lIiliIIliI,kotlin/properties/ObservableProperty,misc
lIiliIiIII(66).class,rustme/lIiliIiIII,java/lang/Object,misc
lIiliIiIiI(9).class,rustme/lIiliIiIiI,java/lang/Enum,enum
lIiliIiiII(41).class,rustme/lIiliIiiII,java/lang/Object,kotlin-lambda-ish
lIiliIiilI(4).class,rustme/lIiliIiilI,java/lang/Object,misc
lIiliIiliI(9).class,rustme/lIiliIiliI,java/lang/Object,misc
lIiliIlIII(44).class,rustme/lIiliIlIII,java/lang/Object,misc
lIiliIlIiI(25).class,rustme/lIiliIlIiI,java/lang/Object,misc
lIiliIliiI(9).class,rustme/lIiliIliiI,java/lang/Object,misc
lIiliIlilI(4).class,rustme/lIiliIlilI,java/lang/Object,misc
lIiliIlliI(9).class,rustme/lIiliIlliI,java/lang/Object,kotlin-lambda-ish
lIiliiIIII(70).class,rustme/lIiliiIIII,java/lang/Object,misc
lIiliiIIiI(17).class,rustme/lIiliiIIiI,rustme/liiliiIIiI,misc
lIiliiIiII(49).class,rustme/lIiliiIiII,java/lang/Object,kotlin-lambda-ish
lIiliiIilI(8).class,rustme/lIiliiIilI,java/lang/Object,misc
lIiliiIliI(17).class,rustme/lIiliiIliI,java/lang/Object,mod-ui
lIiliiiIiI(1).class,rustme/lIiliiiIiI,rustme/lliiiiiIiI,world-related
lIiliiiiII(33).class,rustme/lIiliiiiII,java/lang/Object,kotlin-lambda-ish
lIiliiilII(32).class,rustme/lIiliiilII,java/lang/Object,misc
lIiliiiliI(1).class,rustme/lIiliiiliI,java/util/Properties,misc
lIiliilIiI(17).class,rustme/lIiliilIiI,java/lang/Object,nbt
lIiliiliII(32).class,rustme/lIiliiliII,java/lang/Object,misc
lIiliiliiI(1).class,rustme/lIiliiliiI,rustme/IiIiIlIiiI,world-related
lIiliillII(16).class,rustme/lIiliillII,java/lang/Object,misc
lIiliilliI(1).class,rustme/lIiliilliI,java/lang/Object,misc
lIililIIII(36).class,rustme/lIililIIII,java/lang/Object,misc
lIililIIiI(13).class,rustme/lIililIIiI,java/lang/Object,network-packet
lIililIilI(4).class,rustme/lIililIilI,java/lang/Object,misc
lIililIliI(9).class,rustme/lIililIliI,rustme/iIililIliI,misc
lIililiIiI(5).class,rustme/lIililiIiI,rustme/iliIiliIiI,misc
lIililiiII(21).class,rustme/lIililiiII,java/lang/Object,kotlin-lambda-ish
lIilililII(16).class,rustme/lIilililII,java/lang/Object,misc
lIilililiI(1).class,rustme/lIilililiI,java/lang/Object,kotlin-lambda-ish
lIilillIiI(9).class,rustme/lIilillIiI,java/lang/Object,misc
lIililliII(16).class,rustme/lIililliII,java/lang/Object,misc
lIililliiI(1).class,rustme/lIililliiI,java/lang/Enum,enum
lIililllII(8).class,rustme/lIililllII,java/lang/Object,misc
lIilillliI(1).class,rustme/lIilillliI,java/lang/Object,kotlin-lambda-ish
lIillIIIiI(13).class,rustme/lIillIIIiI,java/lang/Object,network-netty
lIillIIiII(28).class,rustme/lIillIIiII,java/lang/Object,misc
lIillIIlII(22).class,rustme/lIillIIlII,java/lang/Object,misc
lIillIIliI(13).class,rustme/lIillIIliI,kotlin/jvm/internal/FunctionReferenceImpl,kotlin-lambda-ish
lIillIiIII(32).class,rustme/lIillIiIII,java/lang/Object,misc
lIillIiIiI(5).class,rustme/lIillIiIiI,rustme/IiillIiIiI,misc
lIillIiiII(21).class,rustme/lIillIiiII,java/lang/Object,kotlin-lambda-ish
lIillIiilI(2).class,rustme/lIillIiilI,java/lang/Object,misc
lIillIiliI(5).class,rustme/lIillIiliI,java/lang/Object,math-user
lIillIlIII(22).class,rustme/lIillIlIII,java/lang/Object,misc
lIillIlIiI(13).class,rustme/lIillIlIiI,java/lang/Object,misc
lIillIliiI(5).class,rustme/lIillIliiI,java/lang/Object,misc
lIillIlliI(5).class,rustme/lIillIlliI,java/lang/Object,kotlin-lambda-ish
lIilliIIII(34).class,rustme/lIilliIIII,java/lang/Object,misc
lIilliIIiI(9).class,rustme/lIilliIIiI,java/lang/Object,json-gson
lIilliIiII(25).class,rustme/lIilliIiII,java/lang/Object,kotlin-lambda-ish
lIilliIilI(4).class,rustme/lIilliIilI,java/lang/Object,misc
lIilliIliI(9).class,rustme/lIilliIliI,kotlin/coroutines/jvm/internal/SuspendLambda,kotlin-coroutines
lIilliiIiI(1).class,rustme/lIilliiIiI,java/lang/Object,misc
lIilliiiII(17).class,rustme/lIilliiiII,java/lang/Object,kotlin-lambda-ish
lIilliilII(16).class,rustme/lIilliilII,java/lang/Object,misc
lIilliiliI(1).class,rustme/lIilliiliI,rustme/lilliiiliI,mod-command-ish
lIillilIiI(9).class,rustme/lIillilIiI,java/lang/Object,misc
lIilliliII(16).class,rustme/lIilliliII,java/lang/Object,misc
lIilliliiI(1).class,rustme/lIilliliiI,rustme/ililliliiI,misc
lIillillII(8).class,rustme/lIillillII,java/lang/Object,misc
lIillilliI(1).class,rustme/lIillilliI,java/lang/Object,kotlin-lambda-ish
lIilllIIII(20).class,rustme/lIilllIIII,java/lang/Object,misc
lIilllIIiI(9).class,rustme/lIilllIIiI,rustme/IIilllIIiI,json-gson
lIilllIiiI(1).class,rustme/lIilllIiiI,java/lang/Object,misc
lIilllIilI(2).class,rustme/lIilllIilI,java/lang/Object,misc
lIilllIliI(5).class,rustme/lIilllIliI,java/lang/Object,kotlin-lambda-ish
lIillliIiI(5).class,rustme/lIillliIiI,rustme/lIIiIliIiI,world-related
lIillliiII(13).class,rustme/lIillliiII,java/lang/Object,kotlin-lambda-ish
lIilllilII(8).class,rustme/lIilllilII,java/lang/Object,misc
lIillliliI(1).class,rustme/lIillliliI,rustme/llIIlliliI,mod-widget
lIillllIiI(5).class,rustme/lIillllIiI,java/lang/Object,misc
lIilllliII(8).class,rustme/lIilllliII,java/lang/Object,misc
lIilllliiI(1).class,rustme/lIilllliiI,java/lang/Object,entity-related
lIilllllII(4).class,rustme/lIilllllII,java/lang/Object,misc
lIillllliI(1).class,rustme/lIillllliI,java/lang/Object,kotlin-lambda-ish
lIlIIIIIiI(31).class,rustme/lIlIIIIIiI,rustme/illIIIIIiI,misc
lIlIIIIiII(61).class,rustme/lIlIIIIiII,java/lang/Object,misc
lIlIIIIlII(47).class,rustme/lIlIIIIlII,java/lang/Object,misc
lIlIIIIliI(31).class,rustme/lIlIIIIliI,java/lang/Object,misc
lIlIIIiIII(69).class,rustme/lIlIIIiIII,java/lang/Object,misc
lIlIIIiIiI(15).class,rustme/lIlIIIiIiI,java/lang/Object,entity-related
lIlIIIiiII(47).class,rustme/lIlIIIiiII,java/lang/Object,kotlin-lambda-ish
lIlIIIiilI(7).class,rustme/lIlIIIiilI,java/lang/Object,misc
lIlIIIiliI(15).class,rustme/lIlIIIiliI,java/lang/Object,render-gl-wrapper
lIlIIIlIII(47).class,rustme/lIlIIIlIII,java/lang/Object,misc
lIlIIIlIiI(31).class,rustme/lIlIIIlIiI,java/lang/Object,nbt
lIlIIIliiI(15).class,rustme/lIlIIIliiI,rustme/lIlliIliiI,network-packet
lIlIIIlliI(15).class,rustme/lIlIIIlliI,java/lang/Object,kotlin-lambda-ish
lIlIIiIIII(73).class,rustme/lIlIIiIIII,java/lang/Object,misc
lIlIIiIIiI(23).class,rustme/lIlIIiIIiI,java/lang/Object,entity-related
lIlIIiIiII(55).class,rustme/lIlIIiIiII,java/lang/Object,kotlin-lambda-ish
lIlIIiIilI(11).class,rustme/lIlIIiIilI,java/lang/Object,misc
lIlIIiIliI(23).class,rustme/lIlIIiIliI,kotlin/properties/ObservableProperty,misc
lIlIIiiIiI(7).class,rustme/lIlIIiiIiI,java/lang/Object,misc
lIlIIiiiII(39).class,rustme/lIlIIiiiII,java/lang/Object,kotlin-lambda-ish
lIlIIiilII(35).class,rustme/lIlIIiilII,java/lang/Object,misc
lIlIIiiliI(7).class,rustme/lIlIIiiliI,rustme/IIIiliIIiI,kotlin-lambda-ish
lIlIIilIiI(23).class,rustme/lIlIIilIiI,java/lang/Object,misc
lIlIIiliII(35).class,rustme/lIlIIiliII,java/lang/Object,misc
lIlIIiliiI(7).class,rustme/lIlIIiliiI,java/lang/Object,world-related
lIlIIillII(19).class,rustme/lIlIIillII,java/lang/Object,misc
lIlIIilliI(7).class,rustme/lIlIIilliI,java/lang/Object,misc
lIlIIlIIII(39).class,rustme/lIlIIlIIII,java/lang/Object,misc
lIlIIlIIiI(19).class,rustme/lIlIIlIIiI,java/lang/Object,misc
lIlIIlIiiI(3).class,rustme/lIlIIlIiiI,rustme/llIiIiliiI,misc
lIlIIlIilI(7).class,rustme/lIlIIlIilI,java/lang/Object,misc
lIlIIlIliI(15).class,rustme/lIlIIlIliI,java/lang/Object,misc
lIlIIliIiI(11).class,rustme/lIlIIliIiI,rustme/lllIIliIiI,world-related
lIlIIliiII(27).class,rustme/lIlIIliiII,java/lang/Object,kotlin-lambda-ish
lIlIIlilII(19).class,rustme/lIlIIlilII,java/lang/Object,misc
lIlIIliliI(7).class,rustme/lIlIIliliI,java/lang/Enum,enum
lIlIIllIiI(15).class,rustme/lIlIIllIiI,rustme/llIiIllIiI,misc
lIlIIlliII(19).class,rustme/lIlIIlliII,java/lang/Object,misc
lIlIIlliiI(7).class,rustme/lIlIIlliiI,java/lang/Object,block
lIlIIlllII(11).class,rustme/lIlIIlllII,java/lang/Object,misc
lIlIIllliI(7).class,rustme/lIlIIllliI,java/lang/Object,kotlin-lambda-ish
lIlIiIIIII(75).class,rustme/lIlIiIIIII,java/lang/Object,misc
lIlIiIIIiI(27).class,rustme/lIlIiIIIiI,rustme/llliiIIIiI,tileentity
lIlIiIIiII(59).class,rustme/lIlIiIIiII,java/lang/Object,misc
lIlIiIIilI(13).class,rustme/lIlIiIIilI,java/lang/Object,misc
lIlIiIIliI(27).class,rustme/lIlIiIIliI,rustme/ilIIiIIliI,mod-widget
lIlIiIiIiI(11).class,rustme/lIlIiIiIiI,java/lang/Object,misc
lIlIiIiiII(43).class,rustme/lIlIiIiiII,java/lang/Object,kotlin-lambda-ish
lIlIiIilII(37).class,rustme/lIlIiIilII,java/lang/Object,misc
lIlIiIiliI(11).class,rustme/lIlIiIiliI,java/lang/Object,misc
lIlIiIlIiI(27).class,rustme/lIlIiIlIiI,java/lang/Object,misc
lIlIiIliII(37).class,rustme/lIlIiIliII,java/lang/Object,misc
lIlIiIliiI(11).class,rustme/lIlIiIliiI,java/lang/Object,misc
lIlIiIllII(21).class,rustme/lIlIiIllII,java/lang/Object,misc
lIlIiIlliI(11).class,rustme/lIlIiIlliI,java/lang/Object,kotlin-lambda-ish
lIlIiiIIiI(19).class,rustme/lIlIiiIIiI,java/lang/Object,misc
lIlIiiIiII(51).class,rustme/lIlIiiIiII,java/lang/Object,kotlin-lambda-ish
lIlIiiIlII(41).class,rustme/lIlIiiIlII,java/lang/Object,misc
lIlIiiIliI(19).class,rustme/lIlIiiIliI,java/lang/Object,kotlin-lambda-ish
lIlIiiiIII(63).class,rustme/lIlIiiiIII,java/lang/Object,misc
lIlIiiiIiI(3).class,rustme/lIlIiiiIiI,rustme/lliiiiiIiI,entity-related
lIlIiiiiII(35).class,rustme/lIlIiiiiII,java/lang/Object,kotlin-lambda-ish
lIlIiiiilI(1).class,rustme/lIlIiiiilI,java/lang/Object,misc
lIlIiiiliI(3).class,rustme/lIlIiiiliI,java/lang/Object,misc
lIlIiilIII(41).class,rustme/lIlIiilIII,java/lang/Object,misc
lIlIiilIiI(19).class,rustme/lIlIiilIiI,java/lang/Object,misc
lIlIiiliiI(3).class,rustme/lIlIiiliiI,rustme/iliIIlIiiI,block
lIlIiililI(1).class,rustme/lIlIiililI,java/lang/Object,misc
lIlIiilliI(3).class,rustme/lIlIiilliI,java/lang/Object,lambdas
lIlIilIIiI(15).class,rustme/lIlIilIIiI,rustme/IllIilIIiI,network-packet
lIlIilIiII(29).class,rustme/lIlIilIiII,java/lang/Object,misc
lIlIilIlII(21).class,rustme/lIlIilIlII,java/lang/Object,misc
lIlIilIliI(11).class,rustme/lIlIilIliI,rustme/lllIilIliI,kotlin-lambda-ish
lIlIiliIII(33).class,rustme/lIlIiliIII,java/lang/Object,misc
lIlIiliIiI(7).class,rustme/lIlIiliIiI,rustme/lIililiIiI,block
lIlIiliiII(23).class,rustme/lIlIiliiII,java/lang/Object,kotlin-lambda-ish
lIlIiliilI(1).class,rustme/lIlIiliilI,java/lang/Object,misc
lIlIililiI(3).class,rustme/lIlIililiI,rustme/llIiIliliI,gui-screen
lIlIillIII(21).class,rustme/lIlIillIII,java/lang/Object,misc
lIlIillIiI(11).class,rustme/lIlIillIiI,java/lang/Object,misc
lIlIilliiI(3).class,rustme/lIlIilliiI,rustme/IiililliiI,misc
lIlIillliI(3).class,rustme/lIlIillliI,java/lang/Object,kotlin-lambda-ish
lIlIlIIIII(37).class,rustme/lIlIlIIIII,java/lang/Object,misc
lIlIlIIIiI(15).class,rustme/lIlIlIIIiI,io/netty/channel/ChannelInitializer,network-netty
lIlIlIIilI(7).class,rustme/lIlIlIIilI,java/lang/Object,misc
lIlIlIIliI(15).class,rustme/lIlIlIIliI,java/lang/Object,kotlin-lambda-ish
lIlIlIiIiI(7).class,rustme/lIlIlIiIiI,java/lang/Object,misc
lIlIlIiiII(23).class,rustme/lIlIlIiiII,java/lang/Object,misc
lIlIlIilII(19).class,rustme/lIlIlIilII,java/lang/Object,misc
lIlIlIiliI(7).class,rustme/lIlIlIiliI,java/lang/Object,kotlin-lambda-ish
lIlIlIlIiI(15).class,rustme/lIlIlIlIiI,rustme/iIlIlIlIiI,misc
lIlIlIliII(19).class,rustme/lIlIlIliII,java/lang/Object,misc
lIlIlIliiI(7).class,rustme/lIlIlIliiI,rustme/lililIliiI,particle
lIlIlIllII(11).class,rustme/lIlIlIllII,java/lang/Object,misc
lIlIlIlliI(7).class,rustme/lIlIlIlliI,java/lang/Object,kotlin-lambda-ish
lIlIliIIiI(11).class,rustme/lIlIliIIiI,java/lang/Object,misc
lIlIliIiII(27).class,rustme/lIlIliIiII,java/lang/Object,kotlin-lambda-ish
lIlIliIlII(21).class,rustme/lIlIliIlII,java/lang/Object,misc
lIlIliIliI(11).class,rustme/lIlIliIliI,rustme/IliIIiIliI,mod-widget
lIlIliiIII(31).class,rustme/lIlIliiIII,java/lang/Object,misc
lIlIliiIiI(3).class,rustme/lIlIliiIiI,rustme/ilIillliiI,misc
lIlIliiiII(19).class,rustme/lIlIliiiII,java/lang/Object,kotlin-lambda-ish
lIlIliiilI(1).class,rustme/lIlIliiilI,java/lang/Object,misc
lIlIliiliI(3).class,rustme/lIlIliiliI,rustme/lliiiiiIiI,entity-related
lIlIlilIII(21).class,rustme/lIlIlilIII,java/lang/Object,misc
lIlIlilIiI(11).class,rustme/lIlIlilIiI,rustme/IIlIlilIiI,lambdas
lIlIliliiI(3).class,rustme/lIlIliliiI,rustme/IlIlliliiI,gui-screen
lIlIlililI(1).class,rustme/lIlIlililI,java/lang/Object,misc
lIlIlilliI(3).class,rustme/lIlIlilliI,kotlin/properties/ObservableProperty,kotlin-lambda-ish
lIlIllIIiI(11).class,rustme/lIlIllIIiI,java/lang/Object,misc
lIlIllIiII(17).class,rustme/lIlIllIiII,java/lang/Object,misc
lIlIllIiiI(3).class,rustme/lIlIllIiiI,java/lang/Object,misc
lIlIllIlII(11).class,rustme/lIlIllIlII,java/lang/Object,misc
lIlIllIliI(7).class,rustme/lIlIllIliI,java/lang/Object,kotlin-lambda-ish
lIlIlliIII(19).class,rustme/lIlIlliIII,java/lang/Object,misc
lIlIlliIiI(7).class,rustme/lIlIlliIiI,rustme/lIliiiIIiI,world-related
lIlIlliiII(15).class,rustme/lIlIlliiII,java/lang/Object,kotlin-lambda-ish
lIlIlliilI(1).class,rustme/lIlIlliilI,java/lang/Object,misc
lIlIlliliI(3).class,rustme/lIlIlliliI,java/lang/Object,misc
lIlIlllIII(11).class,rustme/lIlIlllIII,java/lang/Object,misc
lIlIlllIiI(7).class,rustme/lIlIlllIiI,java/lang/Thread,misc
lIlIllliiI(3).class,rustme/lIlIllliiI,java/lang/Object,block
lIlIlllliI(3).class,rustme/lIlIlllliI,java/lang/Object,kotlin-lambda-ish
lIliIIIIII(76).class,rustme/lIliIIIIII,java/lang/Object,misc
lIliIIIIiI(29).class,rustme/lIliIIIIiI,rustme/llliiIIIiI,tileentity
lIliIIIilI(14).class,rustme/lIliIIIilI,java/lang/Object,misc
lIliIIIliI(29).class,rustme/lIliIIIliI,kotlin/properties/ObservableProperty,misc
lIliIIiIiI(13).class,rustme/lIliIIiIiI,java/lang/Object,world-related
lIliIIiiII(45).class,rustme/lIliIIiiII,java/lang/Object,kotlin-lambda-ish
lIliIIilII(38).class,rustme/lIliIIilII,java/lang/Object,misc
lIliIIiliI(13).class,rustme/lIliIIiliI,java/lang/Object,render-gl-wrapper
lIliIIlIiI(29).class,rustme/lIliIIlIiI,rustme/IIIiIIlIiI,misc
lIliIIliII(38).class,rustme/lIliIIliII,java/lang/Object,misc
lIliIIliiI(13).class,rustme/lIliIIliiI,rustme/iliIIIliiI,misc
lIliIIllII(22).class,rustme/lIliIIllII,java/lang/Object,misc
lIliIIlliI(13).class,rustme/lIliIIlliI,java/lang/Object,kotlin-lambda-ish
lIliIiIIiI(21).class,rustme/lIliIiIIiI,java/lang/Enum,entity-renderer
lIliIiIiII(53).class,rustme/lIliIiIiII,java/lang/Object,misc
lIliIiIlII(42).class,rustme/lIliIiIlII,java/lang/Object,misc
lIliIiIliI(21).class,rustme/lIliIiIliI,rustme/IlilIIIliI,mod-widget
lIliIiiIII(64).class,rustme/lIliIiiIII,java/lang/Object,misc
lIliIiiIiI(5).class,rustme/lIliIiiIiI,java/lang/Object,render-shader-loader
lIliIiiiII(37).class,rustme/lIliIiiiII,java/lang/Object,kotlin-lambda-ish
lIliIiiilI(2).class,rustme/lIliIiiilI,java/lang/Object,misc
lIliIiiliI(5).class,rustme/lIliIiiliI,rustme/illiIiiliI,misc
lIliIilIII(42).class,rustme/lIliIilIII,java/lang/Object,misc
lIliIilIiI(21).class,rustme/lIliIilIiI,rustme/iIliIilIiI,misc
lIliIiliiI(5).class,rustme/lIliIiliiI,java/lang/Enum,enum
lIliIililI(2).class,rustme/lIliIililI,java/lang/Object,misc
lIliIilliI(5).class,rustme/lIliIilliI,rustme/llliIilliI,misc
lIliIlIIiI(17).class,rustme/lIliIlIIiI,java/lang/Enum,enum
lIliIlIiII(30).class,rustme/lIliIlIiII,java/lang/Object,misc
lIliIlIiiI(1).class,rustme/lIliIlIiiI,rustme/iliIIlIiiI,world-related
lIliIlIlII(22).class,rustme/lIliIlIlII,java/lang/Object,misc
lIliIlIliI(13).class,rustme/lIliIlIliI,java/lang/Object,misc
lIliIliIII(34).class,rustme/lIliIliIII,java/lang/Object,misc
lIliIliIiI(9).class,rustme/lIliIliIiI,rustme/liliIliIiI,world-related
lIliIliiII(25).class,rustme/lIliIliiII,java/lang/Object,kotlin-lambda-ish
lIliIliilI(2).class,rustme/lIliIliilI,java/lang/Object,misc
lIliIliliI(5).class,rustme/lIliIliliI,kotlin/jvm/internal/FunctionReferenceImpl,kotlin-lambda-ish
lIliIllIII(22).class,rustme/lIliIllIII,java/lang/Object,misc
lIliIllIiI(13).class,rustme/lIliIllIiI,rustme/llIiIllIiI,misc
lIliIlliiI(5).class,rustme/lIliIlliiI,it/unimi/dsi/fastutil/objects/AbstractObjectCollection,misc
lIliIllliI(5).class,rustme/lIliIllliI,java/lang/Object,kotlin-lambda-ish
lIliiIIIiI(25).class,rustme/lIliiIIIiI,java/lang/Object,tileentity
lIliiIIiII(57).class,rustme/lIliiIIiII,java/lang/Object,kotlin-lambda-ish
lIliiIIlII(44).class,rustme/lIliiIIlII,java/lang/Object,misc
lIliiIIliI(25).class,rustme/lIliiIIliI,rustme/IlilIIIliI,mod-widget
lIliiIiIII(66).class,rustme/lIliiIiIII,java/lang/Object,misc
lIliiIiIiI(9).class,rustme/lIliiIiIiI,java/io/FileNotFoundException,misc
lIliiIiiII(41).class,rustme/lIliiIiiII,java/lang/Object,kotlin-lambda-ish
lIliiIiilI(4).class,rustme/lIliiIiilI,java/lang/Object,misc
lIliiIiliI(9).class,rustme/lIliiIiliI,java/lang/Object,misc
lIliiIlIII(44).class,rustme/lIliiIlIII,java/lang/Object,misc
lIliiIlIiI(25).class,rustme/lIliiIlIiI,rustme/IIlllilIiI,block
lIliiIliiI(9).class,rustme/lIliiIliiI,rustme/IIilIiiIiI,tileentity
lIliiIlilI(4).class,rustme/lIliiIlilI,java/lang/Object,misc
lIliiIlliI(9).class,rustme/lIliiIlliI,java/lang/Object,kotlin-lambda-ish
lIliiiIIII(70).class,rustme/lIliiiIIII,java/lang/Object,misc
lIliiiIIiI(17).class,rustme/lIliiiIIiI,rustme/iliIiliIiI,misc
lIliiiIiII(49).class,rustme/lIliiiIiII,java/lang/Object,kotlin-lambda-ish
lIliiiIilI(8).class,rustme/lIliiiIilI,java/lang/Object,misc
lIliiiIliI(17).class,rustme/lIliiiIliI,java/lang/Object,kotlin-lambda-ish
lIliiiiIiI(1).class,rustme/lIliiiiIiI,rustme/lliiiiiIiI,entity-renderer
lIliiiiiII(33).class,rustme/lIliiiiiII,java/lang/Object,kotlin-lambda-ish
lIliiiilII(32).class,rustme/lIliiiilII,java/lang/Object,misc
lIliiiiliI(1).class,rustme/lIliiiiliI,java/lang/Enum,enum
lIliiilIiI(17).class,rustme/lIliiilIiI,rustme/lliiiilIiI,world-related
lIliiiliII(32).class,rustme/lIliiiliII,java/lang/Object,misc
lIliiiliiI(1).class,rustme/lIliiiliiI,java/lang/Object,misc
lIliiillII(16).class,rustme/lIliiillII,java/lang/Object,misc
lIliiilliI(1).class,rustme/lIliiilliI,java/lang/Object,misc
lIliilIIII(36).class,rustme/lIliilIIII,java/lang/Object,misc
lIliilIIiI(13).class,rustme/lIliilIIiI,java/lang/Object,misc
lIliilIilI(4).class,rustme/lIliilIilI,java/lang/Object,misc
lIliilIliI(9).class,rustme/lIliilIliI,java/lang/Object,kotlin-lambda-ish
lIliiliIiI(5).class,rustme/lIliiliIiI,java/lang/Object,misc
lIliiliiII(21).class,rustme/lIliiliiII,java/lang/Object,kotlin-lambda-ish
lIliililII(16).class,rustme/lIliililII,java/lang/Object,misc
lIliililiI(1).class,rustme/lIliililiI,java/lang/Object,misc
lIliillIiI(9).class,rustme/lIliillIiI,com/google/common/collect/AbstractIterator,misc
lIliilliII(16).class,rustme/lIliilliII,java/lang/Object,misc
lIliilliiI(1).class,rustme/lIliilliiI,java/lang/Object,misc
lIliilllII(8).class,rustme/lIliilllII,java/lang/Object,misc
lIliillliI(1).class,rustme/lIliillliI,java/lang/Object,kotlin-lambda-ish
lIlilIIIiI(13).class,rustme/lIlilIIIiI,java/lang/Object,misc
lIlilIIiII(28).class,rustme/lIlilIIiII,java/lang/Object,misc
lIlilIIlII(22).class,rustme/lIlilIIlII,java/lang/Object,misc
lIlilIIliI(13).class,rustme/lIlilIIliI,java/lang/Object,misc
lIlilIiIII(32).class,rustme/lIlilIiIII,java/lang/Object,misc
lIlilIiIiI(5).class,rustme/lIlilIiIiI,java/lang/Object,misc
lIlilIiiII(21).class,rustme/lIlilIiiII,java/lang/Object,kotlin-lambda-ish
lIlilIiilI(2).class,rustme/lIlilIiilI,java/lang/Object,misc
lIlilIiliI(5).class,rustme/lIlilIiliI,java/lang/Object,misc
lIlilIlIII(22).class,rustme/lIlilIlIII,java/lang/Object,misc
lIlilIlIiI(13).class,rustme/lIlilIlIiI,java/lang/Object,json-gson
lIlilIliiI(5).class,rustme/lIlilIliiI,java/lang/Object,tileentity
lIlilIlliI(5).class,rustme/lIlilIlliI,java/lang/Object,kotlin-lambda-ish
lIliliIIII(34).class,rustme/lIliliIIII,java/lang/Object,misc
lIliliIIiI(9).class,rustme/lIliliIIiI,rustme/lllIliIIiI,misc
lIliliIiII(25).class,rustme/lIliliIiII,rustme/illlIiIiII,misc
lIliliIilI(4).class,rustme/lIliliIilI,java/lang/Object,misc
lIliliIliI(9).class,rustme/lIliliIliI,java/lang/Object,mod-widget
lIliliiIiI(1).class,rustme/lIliliiIiI,java/lang/Object,misc
lIliliiiII(17).class,rustme/lIliliiiII,java/lang/Object,kotlin-lambda-ish
lIliliilII(16).class,rustme/lIliliilII,java/lang/Object,misc
lIliliiliI(1).class,rustme/lIliliiliI,rustme/illiliiliI,misc
lIlililIiI(9).class,rustme/lIlililIiI,java/lang/Object,misc
lIlililiII(16).class,rustme/lIlililiII,java/lang/Object,misc
lIlililiiI(1).class,rustme/lIlililiiI,rustme/iIlililiiI,gui-screen
lIlilillII(8).class,rustme/lIlilillII,java/lang/Object,misc
lIlililliI(1).class,rustme/lIlililliI,java/lang/Object,misc
lIlillIIII(20).class,rustme/lIlillIIII,java/lang/Object,misc
lIlillIIiI(9).class,rustme/lIlillIIiI,java/lang/Enum,enum
lIlillIiiI(1).class,rustme/lIlillIiiI,rustme/IillilIiiI,item-related
lIlillIilI(2).class,rustme/lIlillIilI,java/lang/Object,misc
lIlillIliI(5).class,rustme/lIlillIliI,java/lang/Object,mod-widget
lIlilliIiI(5).class,rustme/lIlilliIiI,rustme/lililliIiI,tileentity
lIlilliiII(13).class,rustme/lIlilliiII,java/lang/Object,kotlin-lambda-ish
lIlillilII(8).class,rustme/lIlillilII,java/lang/Object,misc
lIlilliliI(1).class,rustme/lIlilliliI,java/lang/Object,misc
lIlilllIiI(5).class,rustme/lIlilllIiI,java/lang/Object,misc
lIlillliII(8).class,rustme/lIlillliII,java/lang/Object,misc
lIlillliiI(1).class,rustme/lIlillliiI,java/lang/Object,misc
lIlillllII(4).class,rustme/lIlillllII,java/lang/Object,misc
lIlilllliI(1).class,rustme/lIlilllliI,java/lang/Object,kotlin-lambda-ish
lIllIIIIII(38).class,rustme/lIllIIIIII,java/lang/Object,misc
lIllIIIIiI(15).class,rustme/lIllIIIIiI,java/lang/Object,misc
lIllIIIilI(7).class,rustme/lIllIIIilI,java/lang/Object,misc
lIllIIIliI(15).class,rustme/lIllIIIliI,java/lang/Object,misc
lIllIIiIiI(7).class,rustme/lIllIIiIiI,rustme/IIlliIiIiI,misc
lIllIIiiII(23).class,rustme/lIllIIiiII,java/lang/Object,kotlin-lambda-ish
lIllIIilII(19).class,rustme/lIllIIilII,java/lang/Object,misc
lIllIIiliI(7).class,rustme/lIllIIiliI,kotlin/coroutines/jvm/internal/ContinuationImpl,kotlin-coroutines
lIllIIlIiI(15).class,rustme/lIllIIlIiI,rustme/IlllIIlIiI,json-gson
lIllIIliII(19).class,rustme/lIllIIliII,java/lang/Object,misc
lIllIIliiI(7).class,rustme/lIllIIliiI,java/lang/Thread,misc
lIllIIllII(11).class,rustme/lIllIIllII,java/lang/Object,misc
lIllIIlliI(7).class,rustme/lIllIIlliI,java/lang/Object,kotlin-lambda-ish
lIllIiIIiI(11).class,rustme/lIllIiIIiI,rustme/iilIlIiIiI,misc
lIllIiIiII(27).class,rustme/lIllIiIiII,rustme/iIllIiIiII,kotlin-lambda-ish
lIllIiIlII(21).class,rustme/lIllIiIlII,java/lang/Object,misc
lIllIiIliI(11).class,rustme/lIllIiIliI,java/lang/Object,misc
lIllIiiIII(32).class,rustme/lIllIiiIII,java/lang/Object,misc
lIllIiiIiI(3).class,rustme/lIllIiiIiI,java/lang/Object,misc
lIllIiiiII(19).class,rustme/lIllIiiiII,java/lang/Object,kotlin-lambda-ish
lIllIiiilI(1).class,rustme/lIllIiiilI,java/lang/Object,misc
lIllIiiliI(3).class,rustme/lIllIiiliI,java/lang/Object,misc
lIllIilIII(21).class,rustme/lIllIilIII,java/lang/Object,misc
lIllIilIiI(11).class,rustme/lIllIilIiI,rustme/iiIililIiI,entity-related
lIllIiliiI(3).class,rustme/lIllIiliiI,java/lang/Object,misc
lIllIililI(1).class,rustme/lIllIililI,java/lang/Object,misc
lIllIilliI(3).class,rustme/lIllIilliI,java/lang/Object,kotlin-lambda-ish
lIllIlIIiI(11).class,rustme/lIllIlIIiI,rustme/iillIlIIiI,entity-related
lIllIlIiII(17).class,rustme/lIllIlIiII,java/lang/Object,misc
lIllIlIiiI(3).class,rustme/lIllIlIiiI,rustme/iliIIlIiiI,tileentity
lIllIlIlII(11).class,rustme/lIllIlIlII,java/lang/Object,misc
lIllIlIliI(7).class,rustme/lIllIlIliI,java/lang/Object,misc
lIllIliIII(19).class,rustme/lIllIliIII,java/lang/Object,misc
lIllIliIiI(7).class,rustme/lIllIliIiI,java/lang/Object,misc
lIllIliiII(15).class,rustme/lIllIliiII,java/lang/Object,kotlin-lambda-ish
lIllIliilI(1).class,rustme/lIllIliilI,java/lang/Object,misc
lIllIliliI(3).class,rustme/lIllIliliI,rustme/iiIliiIliI,network-packet
lIllIllIII(11).class,rustme/lIllIllIII,java/lang/Object,misc
lIllIllIiI(7).class,rustme/lIllIllIiI,rustme/llIiIllIiI,misc
lIllIlliiI(3).class,rustme/lIllIlliiI,java/lang/Object,misc
lIllIllliI(3).class,rustme/lIllIllliI,java/lang/Object,kotlin-lambda-ish
lIlliIIIiI(13).class,rustme/lIlliIIIiI,rustme/llliiIIIiI,tileentity
lIlliIIiII(29).class,rustme/lIlliIIiII,java/lang/Object,misc
lIlliIIlII(22).class,rustme/lIlliIIlII,java/lang/Object,misc
lIlliIIliI(13).class,rustme/lIlliIIliI,java/lang/Object,misc
lIlliIiIII(33).class,rustme/lIlliIiIII,java/lang/Object,misc
lIlliIiIiI(5).class,rustme/lIlliIiIiI,rustme/IIlliIiIiI,world-related
lIlliIiiII(21).class,rustme/lIlliIiiII,java/lang/Object,kotlin-lambda-ish
lIlliIiilI(2).class,rustme/lIlliIiilI,java/lang/Object,misc
lIlliIiliI(5).class,rustme/lIlliIiliI,java/lang/Object,entity-related
lIlliIlIII(22).class,rustme/lIlliIlIII,java/lang/Object,misc
lIlliIlIiI(13).class,rustme/lIlliIlIiI,java/lang/Object,misc
lIlliIliiI(5).class,rustme/lIlliIliiI,java/lang/Object,misc
lIlliIlilI(2).class,rustme/lIlliIlilI,java/lang/Object,misc
lIlliIlliI(5).class,rustme/lIlliIlliI,java/lang/Object,kotlin-lambda-ish
lIlliiIIII(35).class,rustme/lIlliiIIII,java/lang/Object,misc
lIlliiIIiI(9).class,rustme/lIlliiIIiI,rustme/lIililiIiI,block
lIlliiIiII(25).class,rustme/lIlliiIiII,java/lang/Object,kotlin-lambda-ish
lIlliiIilI(4).class,rustme/lIlliiIilI,java/lang/Object,misc
lIlliiIliI(9).class,rustme/lIlliiIliI,rustme/IlilIIIliI,mod-widget
lIlliiiIiI(1).class,rustme/lIlliiiIiI,rustme/lliiiiiIiI,misc
lIlliiiiII(17).class,rustme/lIlliiiiII,java/lang/Object,kotlin-lambda-ish
lIlliiilII(16).class,rustme/lIlliiilII,java/lang/Object,misc
lIlliiiliI(1).class,rustme/lIlliiiliI,rustme/lilliiiliI,mod-command-ish
lIlliilIiI(9).class,rustme/lIlliilIiI,java/lang/Object,nbt
lIlliiliII(16).class,rustme/lIlliiliII,java/lang/Object,misc
lIlliiliiI(1).class,rustme/lIlliiliiI,rustme/IllIiiliiI,tileentity
lIlliillII(8).class,rustme/lIlliillII,java/lang/Object,misc
lIlliilliI(1).class,rustme/lIlliilliI,java/lang/Object,misc
lIllilIIII(20).class,rustme/lIllilIIII,java/lang/Object,misc
lIllilIIiI(9).class,rustme/lIllilIIiI,java/lang/Object,misc
lIllilIiiI(1).class,rustme/lIllilIiiI,java/lang/Object,misc
lIllilIilI(2).class,rustme/lIllilIilI,java/lang/Object,misc
lIllilIliI(5).class,rustme/lIllilIliI,java/lang/Object,misc
lIlliliIiI(5).class,rustme/lIlliliIiI,rustme/iliIiliIiI,misc
lIlliliiII(13).class,rustme/lIlliliiII,java/lang/Object,kotlin-lambda-ish
lIllililII(8).class,rustme/lIllililII,java/lang/Object,misc
lIllililiI(1).class,rustme/lIllililiI,rustme/IliIIiIliI,mod-ui
lIllillIiI(5).class,rustme/lIllillIiI,java/lang/Object,tileentity
lIllilliII(8).class,rustme/lIllilliII,java/lang/Object,misc
lIllilliiI(1).class,rustme/lIllilliiI,java/lang/Object,json-gson
lIllilllII(4).class,rustme/lIllilllII,java/lang/Object,misc
lIllillliI(1).class,rustme/lIllillliI,java/lang/Object,kotlin-lambda-ish
lIlllIIIiI(7).class,rustme/lIlllIIIiI,java/lang/Object,misc
lIlllIIiII(14).class,rustme/lIlllIIiII,java/lang/Object,misc
lIlllIIlII(11).class,rustme/lIlllIIlII,java/lang/Object,misc
lIlllIIliI(7).class,rustme/lIlllIIliI,java/lang/Object,kotlin-lambda-ish
lIlllIiIII(16).class,rustme/lIlllIiIII,java/lang/Object,misc
lIlllIiIiI(3).class,rustme/lIlllIiIiI,rustme/IiillIiIiI,misc
lIlllIiiII(11).class,rustme/lIlllIiiII,java/lang/Object,kotlin-lambda-ish
lIlllIiilI(1).class,rustme/lIlllIiilI,java/lang/Object,misc
lIlllIiliI(3).class,rustme/lIlllIiliI,java/lang/Object,misc
lIlllIlIII(11).class,rustme/lIlllIlIII,java/lang/Object,misc
lIlllIlIiI(7).class,rustme/lIlllIlIiI,java/lang/Object,block
lIlllIliiI(3).class,rustme/lIlllIliiI,java/lang/Object,misc
lIlllIlliI(3).class,rustme/lIlllIlliI,java/lang/Object,kotlin-lambda-ish
lIllliIIII(17).class,rustme/lIllliIIII,java/lang/Object,misc
lIllliIIiI(5).class,rustme/lIllliIIiI,java/lang/Object,tileentity
lIllliIiII(13).class,rustme/lIllliIiII,java/lang/Object,kotlin-lambda-ish
lIllliIilI(2).class,rustme/lIllliIilI,java/lang/Object,misc
lIllliIliI(5).class,rustme/lIllliIliI,rustme/lllIIiIliI,gui-textures
lIllliiIiI(1).class,rustme/lIllliiIiI,java/lang/Object,misc
lIllliiiII(9).class,rustme/lIllliiiII,java/lang/Object,kotlin-lambda-ish
lIllliilII(8).class,rustme/lIllliilII,java/lang/Object,misc
lIllliiliI(1).class,rustme/lIllliiliI,rustme/lilliiiliI,mod-command-ish
lIlllilIiI(5).class,rustme/lIlllilIiI,rustme/IIlllilIiI,block
lIllliliII(8).class,rustme/lIllliliII,java/lang/Object,misc
lIllliliiI(1).class,rustme/lIllliliiI,rustme/IlIlliliiI,gui-screen
lIlllillII(4).class,rustme/lIlllillII,java/lang/Object,misc
lIlllilliI(1).class,rustme/lIlllilliI,java/lang/Object,kotlin-lambda-ish
lIllllIIII(10).class,rustme/lIllllIIII,java/lang/Object,misc
lIllllIIiI(5).class,rustme/lIllllIIiI,java/lang/Object,misc
lIllllIiiI(1).class,rustme/lIllllIiiI,rustme/IlllllIiiI,misc
lIllllIilI(1).class,rustme/lIllllIilI,java/lang/Object,misc
lIllllIliI(3).class,rustme/lIllllIliI,java/lang/Object,kotlin-lambda-ish
lIlllliIiI(3).class,rustme/lIlllliIiI,rustme/ilIIiiIIiI,world-related
lIlllliiII(7).class,rustme/lIlllliiII,java/lang/Object,kotlin-lambda-ish
lIllllilII(4).class,rustme/lIllllilII,java/lang/Object,misc
lIlllliliI(1).class,rustme/lIlllliliI,java/lang/Object,misc
lIlllllIiI(3).class,rustme/lIlllllIiI,java/lang/Object,misc
lIllllliII(4).class,rustme/lIllllliII,java/lang/Object,misc
lIllllliiI(1).class,rustme/lIllllliiI,java/lang/Object,misc
lIllllllII(2).class,rustme/lIllllllII,java/lang/Object,misc
lIlllllliI(1).class,rustme/lIlllllliI,java/lang/Object,kotlin-lambda-ish
liIIIIIIiI(62).class,rustme/liIIIIIIiI,java/lang/Object,tileentity
liIIIIIiII(123).class,rustme/liIIIIIiII,java/lang/Object,misc
liIIIIIlII(95).class,rustme/liIIIIIlII,java/lang/Object,misc
liIIIIIliI(62).class,rustme/liIIIIIliI,java/lang/Object,misc
liIIIIiIII(139).class,rustme/liIIIIiIII,java/lang/Object,misc
liIIIIiIiI(30).class,rustme/liIIIIiIiI,rustme/IIlliIiIiI,world-related
liIIIIiiII(94).class,rustme/liIIIIiiII,java/lang/Object,kotlin-lambda-ish
liIIIIiilI(15).class,rustme/liIIIIiilI,java/lang/Object,misc
liIIIIiliI(30).class,rustme/liIIIIiliI,java/lang/Object,render-shader-loader
liIIIIlIII(95).class,rustme/liIIIIlIII,java/lang/Object,misc
liIIIIlIiI(62).class,rustme/liIIIIlIiI,rustme/iiIIIIlIiI,math-user
liIIIIliiI(30).class,rustme/liIIIIliiI,rustme/lIlliIliiI,network-packet
liIIIIlliI(30).class,rustme/liIIIIlliI,java/lang/Object,kotlin-lambda-ish
liIIIiIIII(147).class,rustme/liIIIiIIII,java/lang/Object,misc
liIIIiIIiI(46).class,rustme/liIIIiIIiI,java/lang/Object,nbt
liIIIiIiII(110).class,rustme/liIIIiIiII,java/lang/Object,kotlin-lambda-ish
liIIIiIilI(23).class,rustme/liIIIiIilI,java/lang/Object,misc
liIIIiIliI(46).class,rustme/liIIIiIliI,rustme/IlilIIIliI,mod-widget
liIIIiiIiI(14).class,rustme/liIIIiiIiI,java/lang/Object,misc
liIIIiiiII(78).class,rustme/liIIIiiiII,java/lang/Object,kotlin-lambda-ish
liIIIiilII(71).class,rustme/liIIIiilII,java/lang/Object,misc
liIIIiiliI(14).class,rustme/liIIIiiliI,java/lang/Object,misc
liIIIilIiI(46).class,rustme/liIIIilIiI,java/lang/Enum,enum
liIIIiliII(71).class,rustme/liIIIiliII,java/lang/Object,misc
liIIIiliiI(14).class,rustme/liIIIiliiI,java/lang/Object,misc
liIIIillII(39).class,rustme/liIIIillII,java/lang/Object,misc
liIIIilliI(14).class,rustme/liIIIilliI,java/lang/Object,misc
liIIIlIIII(79).class,rustme/liIIIlIIII,java/lang/Object,misc
liIIIlIIiI(38).class,rustme/liIIIlIIiI,java/lang/Object,misc
liIIIlIiiI(6).class,rustme/liIIIlIiiI,java/lang/Enum,enum
liIIIlIilI(15).class,rustme/liIIIlIilI,java/lang/Object,misc
liIIIlIliI(30).class,rustme/liIIIlIliI,java/lang/Object,json-gson
liIIIliIiI(22).class,rustme/liIIIliIiI,rustme/lilllliIiI,block
liIIIliiII(54).class,rustme/liIIIliiII,java/lang/Object,kotlin-lambda-ish
liIIIlilII(39).class,rustme/liIIIlilII,java/lang/Object,misc
liIIIliliI(14).class,rustme/liIIIliliI,rustme/IlilIIIliI,mod-widget
liIIIllIiI(30).class,rustme/liIIIllIiI,rustme/llIiIllIiI,misc
liIIIlliII(39).class,rustme/liIIIlliII,java/lang/Object,misc
liIIIlliiI(14).class,rustme/liIIIlliiI,java/lang/Object,json-gson
liIIIlllII(23).class,rustme/liIIIlllII,java/lang/Object,misc
liIIIllliI(14).class,rustme/liIIIllliI,java/lang/Object,kotlin-lambda-ish
liIIiIIIII(151).class,rustme/liIIiIIIII,java/lang/Object,misc
liIIiIIIiI(54).class,rustme/liIIiIIIiI,rustme/llliiIIIiI,tileentity
liIIiIIiII(118).class,rustme/liIIiIIiII,java/lang/Object,misc
liIIiIIilI(27).class,rustme/liIIiIIilI,java/lang/Object,misc
liIIiIIliI(54).class,rustme/liIIiIIliI,kotlin/properties/ObservableProperty,misc
liIIiIiIiI(22).class,rustme/liIIiIiIiI,java/lang/Object,auth-profile
liIIiIiiII(86).class,rustme/liIIiIiiII,java/lang/Object,kotlin-lambda-ish
liIIiIilII(75).class,rustme/liIIiIilII,java/lang/Object,misc
liIIiIiliI(22).class,rustme/liIIiIiliI,java/lang/Object,misc
liIIiIlIiI(54).class,rustme/liIIiIlIiI,java/lang/Object,misc
liIIiIliII(75).class,rustme/liIIiIliII,java/lang/Object,misc
liIIiIliiI(22).class,rustme/liIIiIliiI,java/lang/Object,math-user
liIIiIllII(43).class,rustme/liIIiIllII,java/lang/Object,misc
liIIiIlliI(22).class,rustme/liIIiIlliI,java/lang/Object,kotlin-lambda-ish
liIIiiIIiI(38).class,rustme/liIIiiIIiI,rustme/IliIlliIiI,entity-related
liIIiiIiII(102).class,rustme/liIIiiIiII,java/lang/Object,kotlin-lambda-ish
liIIiiIlII(83).class,rustme/liIIiiIlII,java/lang/Object,misc
liIIiiIliI(38).class,rustme/liIIiiIliI,rustme/IlilIIIliI,mod-widget
liIIiiiIII(127).class,rustme/liIIiiiIII,java/lang/Object,misc
liIIiiiIiI(6).class,rustme/liIIiiiIiI,rustme/iIlIiiiIiI,entity-renderer
liIIiiiiII(70).class,rustme/liIIiiiiII,java/lang/Object,kotlin-lambda-ish
liIIiiiilI(3).class,rustme/liIIiiiilI,java/lang/Object,misc
liIIiiiliI(6).class,rustme/liIIiiiliI,java/lang/Object,misc
liIIiilIII(83).class,rustme/liIIiilIII,java/lang/Object,misc
liIIiilIiI(38).class,rustme/liIIiilIiI,rustme/lliiiilIiI,block
liIIiiliiI(6).class,rustme/liIIiiliiI,rustme/iliIIlIiiI,tileentity
liIIiililI(3).class,rustme/liIIiililI,java/lang/Object,misc
liIIiilliI(6).class,rustme/liIIiilliI,rustme/liiIiilliI,lambdas
liIIilIIiI(30).class,rustme/liIIilIIiI,java/lang/Object,network-packet
liIIilIiII(59).class,rustme/liIIilIiII,java/lang/Object,misc
liIIilIlII(43).class,rustme/liIIilIlII,java/lang/Object,misc
liIIilIliI(22).class,rustme/liIIilIliI,java/lang/Object,misc
liIIiliIII(67).class,rustme/liIIiliIII,java/lang/Object,misc
liIIiliIiI(14).class,rustme/liIIiliIiI,rustme/iliIiliIiI,block
liIIiliiII(46).class,rustme/liIIiliiII,java/lang/Object,misc
liIIiliilI(3).class,rustme/liIIiliilI,java/lang/Object,misc
liIIililiI(6).class,rustme/liIIililiI,java/lang/Object,misc
liIIillIII(43).class,rustme/liIIillIII,java/lang/Object,misc
liIIillIiI(22).class,rustme/liIIillIiI,java/lang/Object,misc
liIIilliiI(6).class,rustme/liIIilliiI,java/lang/Object,entity-renderer
liIIillliI(6).class,rustme/liIIillliI,java/lang/Object,kotlin-lambda-ish
liIIlIIIII(75).class,rustme/liIIlIIIII,java/lang/Object,misc
liIIlIIIiI(30).class,rustme/liIIlIIIiI,io/netty/handler/codec/MessageToMessageDecoder,network-netty
liIIlIIilI(15).class,rustme/liIIlIIilI,java/lang/Object,misc
liIIlIIliI(30).class,rustme/liIIlIIliI,java/lang/Object,misc
liIIlIiIiI(14).class,rustme/liIIlIiIiI,rustme/ilIIlIiIiI,misc
liIIlIiiII(46).class,rustme/liIIlIiiII,java/lang/Object,lambdas
liIIlIilII(39).class,rustme/liIIlIilII,java/lang/Object,misc
liIIlIiliI(14).class,rustme/liIIlIiliI,java/lang/Object,misc
liIIlIlIiI(30).class,rustme/liIIlIlIiI,java/lang/Object,misc
liIIlIliII(39).class,rustme/liIIlIliII,java/lang/Object,misc
liIIlIliiI(14).class,rustme/liIIlIliiI,rustme/lililIliiI,particle
liIIlIllII(23).class,rustme/liIIlIllII,java/lang/Object,misc
liIIlIlliI(14).class,rustme/liIIlIlliI,java/lang/Object,kotlin-lambda-ish
liIIliIIiI(22).class,rustme/liIIliIIiI,rustme/IIIiliIIiI,misc
liIIliIiII(54).class,rustme/liIIliIiII,java/lang/Object,misc
liIIliIlII(43).class,rustme/liIIliIlII,java/lang/Object,misc
liIIliIliI(22).class,rustme/liIIliIliI,java/lang/Object,mod-widget
liIIliiIII(63).class,rustme/liIIliiIII,java/lang/Object,misc
liIIliiIiI(6).class,rustme/liIIliiIiI,rustme/iIIIliiIiI,entity-renderer
liIIliiiII(38).class,rustme/liIIliiiII,java/lang/Object,kotlin-lambda-ish
liIIliiilI(3).class,rustme/liIIliiilI,java/lang/Object,misc
liIIliiliI(6).class,rustme/liIIliiliI,java/lang/Object,misc
liIIlilIII(43).class,rustme/liIIlilIII,java/lang/Object,misc
liIIlilIiI(22).class,rustme/liIIlilIiI,java/lang/Enum,enum
liIIliliiI(6).class,rustme/liIIliliiI,rustme/iIlililiiI,network-packet
liIIlililI(3).class,rustme/liIIlililI,java/lang/Object,misc
liIIlilliI(6).class,rustme/liIIlilliI,java/lang/Object,misc
liIIllIIiI(22).class,rustme/liIIllIIiI,java/lang/Object,misc
liIIllIiII(35).class,rustme/liIIllIiII,java/lang/Object,misc
liIIllIiiI(6).class,rustme/liIIllIiiI,rustme/IillilIiiI,item-related
liIIllIlII(23).class,rustme/liIIllIlII,java/lang/Object,misc
liIIllIliI(14).class,rustme/liIIllIliI,java/lang/Object,misc
liIIlliIII(39).class,rustme/liIIlliIII,java/lang/Object,misc
liIIlliIiI(14).class,rustme/liIIlliIiI,rustme/lilllliIiI,world-related
liIIlliiII(30).class,rustme/liIIlliiII,java/lang/Object,kotlin-lambda-ish
liIIlliilI(3).class,rustme/liIIlliilI,java/lang/Object,misc
liIIlliliI(6).class,rustme/liIIlliliI,kotlin/properties/ObservableProperty,misc
liIIlllIII(23).class,rustme/liIIlllIII,java/lang/Object,misc
liIIlllIiI(14).class,rustme/liIIlllIiI,rustme/IlIlliliiI,gui-screen
liIIllliiI(6).class,rustme/liIIllliiI,java/lang/Object,misc
liIIlllliI(6).class,rustme/liIIlllliI,java/lang/Object,kotlin-lambda-ish
liIiIIIIII(153).class,rustme/liIiIIIIII,java/lang/Object,misc
liIiIIIIiI(58).class,rustme/liIiIIIIiI,java/lang/Object,misc
liIiIIIilI(29).class,rustme/liIiIIIilI,java/lang/Object,misc
liIiIIIliI(58).class,rustme/liIiIIIliI,rustme/IliIIiIliI,mod-widget
liIiIIiIiI(26).class,rustme/liIiIIiIiI,rustme/IIlliIiIiI,misc
liIiIIiiII(90).class,rustme/liIiIIiiII,java/lang/Object,kotlin-lambda-ish
liIiIIilII(77).class,rustme/liIiIIilII,java/lang/Object,misc
liIiIIiliI(26).class,rustme/liIiIIiliI,java/lang/Object,misc
liIiIIlIiI(58).class,rustme/liIiIIlIiI,java/lang/Object,misc
liIiIIliII(77).class,rustme/liIiIIliII,java/lang/Object,misc
liIiIIliiI(26).class,rustme/liIiIIliiI,rustme/lIlliIliiI,network-packet
liIiIIllII(45).class,rustme/liIiIIllII,java/lang/Object,misc
liIiIIlliI(26).class,rustme/liIiIIlliI,java/lang/Object,kotlin-lambda-ish
liIiIiIIiI(42).class,rustme/liIiIiIIiI,java/lang/Object,misc
liIiIiIiII(106).class,rustme/liIiIiIiII,java/lang/Object,kotlin-lambda-ish
liIiIiIlII(85).class,rustme/liIiIiIlII,java/lang/Object,misc
liIiIiIliI(42).class,rustme/liIiIiIliI,java/lang/Object,misc
liIiIiiIII(129).class,rustme/liIiIiiIII,java/lang/Object,misc
liIiIiiIiI(10).class,rustme/liIiIiiIiI,rustme/iIlliiiIiI,entity-renderer
liIiIiiiII(74).class,rustme/liIiIiiiII,java/lang/Object,kotlin-lambda-ish
liIiIiiilI(5).class,rustme/liIiIiiilI,java/lang/Object,misc
liIiIiiliI(10).class,rustme/liIiIiiliI,rustme/lilliiiliI,mod-command-ish
liIiIilIII(85).class,rustme/liIiIilIII,java/lang/Object,misc
liIiIilIiI(42).class,rustme/liIiIilIiI,java/lang/Object,nbt
liIiIiliiI(10).class,rustme/liIiIiliiI,rustme/IillilIiiI,item-related
liIiIililI(5).class,rustme/liIiIililI,java/lang/Object,misc
liIiIilliI(10).class,rustme/liIiIilliI,rustme/iIIiIilliI,misc
liIiIlIIiI(34).class,rustme/liIiIlIIiI,java/lang/Object,network-packet
liIiIlIiII(61).class,rustme/liIiIlIiII,java/lang/Object,misc
liIiIlIiiI(2).class,rustme/liIiIlIiiI,rustme/iliIIlIiiI,world-related
liIiIlIlII(45).class,rustme/liIiIlIlII,java/lang/Object,misc
liIiIlIliI(26).class,rustme/liIiIlIliI,java/lang/Object,misc
liIiIliIII(69).class,rustme/liIiIliIII,java/lang/Object,misc
liIiIliIiI(18).class,rustme/liIiIliIiI,java/lang/Object,misc
liIiIliiII(50).class,rustme/liIiIliiII,java/lang/Object,kotlin-lambda-ish
liIiIliilI(5).class,rustme/liIiIliilI,java/lang/Object,misc
liIiIliliI(10).class,rustme/liIiIliliI,java/lang/Object,misc
liIiIllIII(45).class,rustme/liIiIllIII,java/lang/Object,misc
liIiIllIiI(26).class,rustme/liIiIllIiI,java/lang/Object,json-gson
liIiIlliiI(10).class,rustme/liIiIlliiI,java/lang/Object,misc
liIiIllliI(10).class,rustme/liIiIllliI,java/lang/Object,kotlin-lambda-ish
liIiiIIIiI(50).class,rustme/liIiiIIIiI,java/lang/Object,tileentity
liIiiIIiII(114).class,rustme/liIiiIIiII,java/lang/Object,misc
liIiiIIlII(89).class,rustme/liIiiIIlII,java/lang/Object,misc
liIiiIIliI(50).class,rustme/liIiiIIliI,kotlin/properties/ObservableProperty,mod-ui
liIiiIiIII(133).class,rustme/liIiiIiIII,java/lang/Object,misc
liIiiIiIiI(18).class,rustme/liIiiIiIiI,java/lang/Object,misc
liIiiIiiII(82).class,rustme/liIiiIiiII,java/lang/Object,kotlin-lambda-ish
liIiiIiilI(9).class,rustme/liIiiIiilI,java/lang/Object,misc
liIiiIiliI(18).class,rustme/liIiiIiliI,java/lang/Object,misc
liIiiIlIII(89).class,rustme/liIiiIlIII,java/lang/Object,misc
liIiiIlIiI(50).class,rustme/liIiiIlIiI,rustme/IIlllilIiI,misc
liIiiIliiI(18).class,rustme/liIiiIliiI,java/lang/Object,misc
liIiiIlilI(9).class,rustme/liIiiIlilI,java/lang/Object,misc
liIiiIlliI(18).class,rustme/liIiiIlliI,java/lang/Object,kotlin-lambda-ish
liIiiiIIII(141).class,rustme/liIiiiIIII,java/lang/Object,misc
liIiiiIIiI(34).class,rustme/liIiiiIIiI,rustme/IIiiIliIiI,block
liIiiiIiII(98).class,rustme/liIiiiIiII,java/lang/Object,kotlin-lambda-ish
liIiiiIilI(17).class,rustme/liIiiiIilI,java/lang/Object,misc
liIiiiIliI(34).class,rustme/liIiiiIliI,rustme/IliIIiIliI,mod-ui
liIiiiiIiI(2).class,rustme/liIiiiiIiI,rustme/IlilllliiI,misc
liIiiiiiII(66).class,rustme/liIiiiiiII,java/lang/Object,kotlin-lambda-ish
liIiiiilII(65).class,rustme/liIiiiilII,java/lang/Object,misc
liIiiiiliI(2).class,rustme/liIiiiiliI,rustme/ilIlIilIiI,misc
liIiiilIiI(34).class,rustme/liIiiilIiI,rustme/iIiIiilIiI,block
liIiiiliII(65).class,rustme/liIiiiliII,java/lang/Object,misc
liIiiiliiI(2).class,rustme/liIiiiliiI,java/lang/Object,misc
liIiiillII(33).class,rustme/liIiiillII,java/lang/Object,misc
liIiiilliI(2).class,rustme/liIiiilliI,java/lang/Object,misc
liIiilIIII(73).class,rustme/liIiilIIII,java/lang/Object,misc
liIiilIIiI(26).class,rustme/liIiilIIiI,java/lang/Object,misc
liIiilIilI(9).class,rustme/liIiilIilI,java/lang/Object,misc
liIiilIliI(18).class,rustme/liIiilIliI,java/lang/Object,kotlin-lambda-ish
liIiiliIiI(10).class,rustme/liIiiliIiI,rustme/llIiiliIiI,misc
liIiiliiII(42).class,rustme/liIiiliiII,java/lang/Object,kotlin-lambda-ish
liIiililII(33).class,rustme/liIiililII,java/lang/Object,misc
liIiililiI(2).class,rustme/liIiililiI,rustme/liliililiI,misc
liIiillIiI(18).class,rustme/liIiillIiI,java/lang/Object,misc
liIiilliII(33).class,rustme/liIiilliII,java/lang/Object,misc
liIiilliiI(2).class,rustme/liIiilliiI,java/lang/Object,misc
liIiilllII(17).class,rustme/liIiilllII,java/lang/Object,misc
liIiillliI(2).class,rustme/liIiillliI,java/lang/Object,kotlin-lambda-ish
liIilIIIiI(26).class,rustme/liIilIIIiI,rustme/iIIilIIIiI,misc
liIilIIiII(57).class,rustme/liIilIIiII,java/lang/Object,misc
liIilIIlII(45).class,rustme/liIilIIlII,java/lang/Object,misc
liIilIIliI(26).class,rustme/liIilIIliI,rustme/IililIIliI,misc
liIilIiIII(65).class,rustme/liIilIiIII,java/lang/Object,misc
liIilIiIiI(10).class,rustme/liIilIiIiI,rustme/IliiIIiIiI,misc
liIilIiiII(42).class,rustme/liIilIiiII,java/lang/Object,kotlin-lambda-ish
liIilIiilI(5).class,rustme/liIilIiilI,java/lang/Object,misc
liIilIiliI(10).class,rustme/liIilIiliI,java/lang/Object,kotlin-lambda-ish
liIilIlIII(45).class,rustme/liIilIlIII,java/lang/Object,misc
liIilIlIiI(26).class,rustme/liIilIlIiI,rustme/llllIIlIiI,math-user
liIilIliiI(10).class,rustme/liIilIliiI,java/lang/Object,auth-profile
liIilIlliI(10).class,rustme/liIilIlliI,java/lang/Object,kotlin-lambda-ish
liIiliIIII(69).class,rustme/liIiliIIII,java/lang/Object,misc
liIiliIIiI(18).class,rustme/liIiliIIiI,java/lang/Object,misc
liIiliIiII(50).class,rustme/liIiliIiII,java/lang/Object,kotlin-lambda-ish
liIiliIilI(9).class,rustme/liIiliIilI,java/lang/Object,misc
liIiliIliI(18).class,rustme/liIiliIliI,java/lang/Object,misc
liIiliiIiI(2).class,rustme/liIiliiIiI,java/lang/Object,misc
liIiliiiII(34).class,rustme/liIiliiiII,java/lang/Object,kotlin-lambda-ish
liIiliilII(33).class,rustme/liIiliilII,java/lang/Object,misc
liIiliiliI(2).class,rustme/liIiliiliI,rustme/IIIiliiliI,misc
liIililIiI(18).class,rustme/liIililIiI,java/lang/Enum,enum
liIililiII(33).class,rustme/liIililiII,java/lang/Object,misc
liIililiiI(2).class,rustme/liIililiiI,rustme/iiIililiiI,network-packet
liIilillII(17).class,rustme/liIilillII,java/lang/Object,misc
liIililliI(2).class,rustme/liIililliI,java/lang/Object,misc
liIillIIII(41).class,rustme/liIillIIII,java/lang/Object,misc
liIillIIiI(18).class,rustme/liIillIIiI,java/lang/Object,misc
liIillIiiI(2).class,rustme/liIillIiiI,rustme/iIiIiiliiI,entity-related
liIillIilI(5).class,rustme/liIillIilI,java/lang/Object,misc
liIillIliI(10).class,rustme/liIillIliI,java/lang/Object,misc
liIilliIiI(10).class,rustme/liIilliIiI,rustme/IIlIIliIiI,tileentity
liIilliiII(26).class,rustme/liIilliiII,java/lang/Object,kotlin-lambda-ish
liIillilII(17).class,rustme/liIillilII,java/lang/Object,misc
liIilliliI(2).class,rustme/liIilliliI,java/lang/Object,misc
liIilllIiI(10).class,rustme/liIilllIiI,java/lang/Object,misc
liIillliII(17).class,rustme/liIillliII,java/lang/Object,misc
liIillliiI(2).class,rustme/liIillliiI,java/lang/Object,misc
liIillllII(9).class,rustme/liIillllII,java/lang/Object,misc
liIilllliI(2).class,rustme/liIilllliI,java/lang/Object,kotlin-lambda-ish
liIlIIIIII(77).class,rustme/liIlIIIIII,java/lang/Object,misc
liIlIIIIiI(30).class,rustme/liIlIIIIiI,rustme/IIlIIIIIiI,misc
liIlIIIilI(15).class,rustme/liIlIIIilI,java/lang/Object,misc
liIlIIIliI(30).class,rustme/liIlIIIliI,java/lang/Object,kotlin-lambda-ish
liIlIIiIiI(14).class,rustme/liIlIIiIiI,rustme/IIlliIiIiI,misc
liIlIIiiII(46).class,rustme/liIlIIiiII,java/lang/Object,kotlin-lambda-ish
liIlIIilII(39).class,rustme/liIlIIilII,java/lang/Object,misc
liIlIIiliI(14).class,rustme/liIlIIiliI,java/lang/Object,misc
liIlIIlIiI(30).class,rustme/liIlIIlIiI,java/lang/Object,misc
liIlIIliII(39).class,rustme/liIlIIliII,java/lang/Object,misc
liIlIIliiI(14).class,rustme/liIlIIliiI,java/lang/Object,network-netty
liIlIIllII(23).class,rustme/liIlIIllII,java/lang/Object,misc
liIlIIlliI(14).class,rustme/liIlIIlliI,java/lang/Object,kotlin-lambda-ish
liIlIiIIiI(22).class,rustme/liIlIiIIiI,rustme/llIIlIiIiI,world-related
liIlIiIiII(54).class,rustme/liIlIiIiII,java/lang/Object,kotlin-lambda-ish
liIlIiIlII(43).class,rustme/liIlIiIlII,java/lang/Object,misc
liIlIiIliI(22).class,rustme/liIlIiIliI,java/lang/Object,misc
liIlIiiIII(65).class,rustme/liIlIiiIII,java/lang/Object,misc
liIlIiiIiI(6).class,rustme/liIlIiiIiI,java/lang/Object,misc
liIlIiiiII(38).class,rustme/liIlIiiiII,java/lang/Object,kotlin-lambda-ish
liIlIiiilI(3).class,rustme/liIlIiiilI,java/lang/Object,misc
liIlIiiliI(6).class,rustme/liIlIiiliI,rustme/IIIiliIIiI,gui-screen
liIlIilIII(43).class,rustme/liIlIilIII,java/lang/Object,misc
liIlIilIiI(22).class,rustme/liIlIilIiI,java/lang/Object,misc
liIlIiliiI(6).class,rustme/liIlIiliiI,rustme/llIlIiliiI,misc
liIlIililI(3).class,rustme/liIlIililI,java/lang/Object,misc
liIlIilliI(6).class,rustme/liIlIilliI,java/lang/Object,misc
liIlIlIIiI(18).class,rustme/liIlIlIIiI,rustme/IlilIlIIiI,world-related
liIlIlIiII(31).class,rustme/liIlIlIiII,java/lang/Object,misc
liIlIlIiiI(2).class,rustme/liIlIlIiiI,rustme/IillilIiiI,item-related
liIlIlIlII(23).class,rustme/liIlIlIlII,java/lang/Object,misc
liIlIlIliI(14).class,rustme/liIlIlIliI,java/lang/Object,misc
liIlIliIII(35).class,rustme/liIlIliIII,java/lang/Object,misc
liIlIliIiI(10).class,rustme/liIlIliIiI,rustme/IIlIIliIiI,tileentity
liIlIliiII(26).class,rustme/liIlIliiII,java/lang/Object,kotlin-lambda-ish
liIlIliilI(3).class,rustme/liIlIliilI,java/lang/Object,misc
liIlIliliI(6).class,rustme/liIlIliliI,rustme/llIIlliliI,mod-widget
liIlIllIII(23).class,rustme/liIlIllIII,java/lang/Object,misc
liIlIllIiI(14).class,rustme/liIlIllIiI,rustme/iiIlIllIiI,misc
liIlIlliiI(6).class,rustme/liIlIlliiI,java/lang/Object,block
liIlIllliI(6).class,rustme/liIlIllliI,java/lang/Object,kotlin-lambda-ish
liIliIIIiI(26).class,rustme/liIliIIIiI,rustme/llliiIIIiI,tileentity
liIliIIiII(58).class,rustme/liIliIIiII,java/lang/Object,misc
liIliIIlII(45).class,rustme/liIliIIlII,java/lang/Object,misc
liIliIIliI(26).class,rustme/liIliIIliI,java/lang/Object,kotlin-lambda-ish
liIliIiIII(67).class,rustme/liIliIiIII,java/lang/Object,misc
liIliIiIiI(10).class,rustme/liIliIiIiI,java/lang/Object,lambdas
liIliIiiII(42).class,rustme/liIliIiiII,java/lang/Object,kotlin-lambda-ish
liIliIiilI(5).class,rustme/liIliIiilI,java/lang/Object,misc
liIliIiliI(10).class,rustme/liIliIiliI,rustme/iIIliIiliI,render-shader-loader
liIliIlIII(45).class,rustme/liIliIlIII,java/lang/Object,misc
liIliIlIiI(26).class,rustme/liIliIlIiI,java/lang/Object,block
liIliIliiI(10).class,rustme/liIliIliiI,java/lang/Object,misc
liIliIlilI(5).class,rustme/liIliIlilI,java/lang/Object,misc
liIliIlliI(10).class,rustme/liIliIlliI,java/lang/Object,kotlin-lambda-ish
liIliiIIII(71).class,rustme/liIliiIIII,java/lang/Object,misc
liIliiIIiI(18).class,rustme/liIliiIIiI,rustme/illIiliIiI,misc
liIliiIiII(50).class,rustme/liIliiIiII,java/lang/Object,kotlin-lambda-ish
liIliiIilI(9).class,rustme/liIliiIilI,java/lang/Object,misc
liIliiIliI(18).class,rustme/liIliiIliI,kotlin/properties/ObservableProperty,misc
liIliiiIiI(2).class,rustme/liIliiiIiI,rustme/iIlIiiiIiI,entity-renderer
liIliiiiII(34).class,rustme/liIliiiiII,java/lang/Object,kotlin-lambda-ish
liIliiilII(33).class,rustme/liIliiilII,java/lang/Object,misc
liIliiiliI(2).class,rustme/liIliiiliI,java/lang/Object,misc
liIliilIiI(18).class,rustme/liIliilIiI,java/lang/Object,nbt
liIliiliII(33).class,rustme/liIliiliII,java/lang/Object,misc
liIliiliiI(2).class,rustme/liIliiliiI,java/lang/Enum,enum
liIliillII(17).class,rustme/liIliillII,java/lang/Object,misc
liIliilliI(2).class,rustme/liIliilliI,java/lang/Object,entity-related
liIlilIIII(37).class,rustme/liIlilIIII,java/lang/Object,misc
liIlilIIiI(14).class,rustme/liIlilIIiI,java/lang/Object,network-packet
liIlilIilI(5).class,rustme/liIlilIilI,java/lang/Object,misc
liIlilIliI(10).class,rustme/liIlilIliI,rustme/iilIilIliI,misc
liIliliIiI(6).class,rustme/liIliliIiI,rustme/illliliIiI,world-related
liIliliiII(22).class,rustme/liIliliiII,java/lang/Object,kotlin-lambda-ish
liIlililII(17).class,rustme/liIlililII,java/lang/Object,misc
liIlililiI(2).class,rustme/liIlililiI,java/lang/Object,kotlin-lambda-ish
liIlillIiI(10).class,rustme/liIlillIiI,java/lang/Object,gui-screen
liIlilliII(17).class,rustme/liIlilliII,java/lang/Object,misc
liIlilliiI(2).class,rustme/liIlilliiI,java/lang/Object,tileentity
liIlilllII(9).class,rustme/liIlilllII,java/lang/Object,misc
liIlillliI(2).class,rustme/liIlillliI,java/lang/Object,kotlin-lambda-ish
liIllIIIiI(14).class,rustme/liIllIIIiI,java/lang/Object,misc
liIllIIiII(29).class,rustme/liIllIIiII,java/lang/Object,misc
liIllIIlII(23).class,rustme/liIllIIlII,java/lang/Object,misc
liIllIIliI(14).class,rustme/liIllIIliI,kotlin/jvm/internal/FunctionReferenceImpl,kotlin-lambda-ish
liIllIiIII(33).class,rustme/liIllIiIII,java/lang/Object,misc
liIllIiIiI(6).class,rustme/liIllIiIiI,rustme/IiillIiIiI,misc
liIllIiiII(22).class,rustme/liIllIiiII,java/lang/Object,kotlin-lambda-ish
liIllIiilI(3).class,rustme/liIllIiilI,java/lang/Object,misc
liIllIiliI(6).class,rustme/liIllIiliI,kotlin/coroutines/jvm/internal/ContinuationImpl,kotlin-coroutines
liIllIlIII(23).class,rustme/liIllIlIII,java/lang/Object,misc
liIllIlIiI(14).class,rustme/liIllIlIiI,java/lang/Object,nbt
liIllIliiI(6).class,rustme/liIllIliiI,java/lang/Object,misc
liIllIlliI(6).class,rustme/liIllIlliI,java/lang/Object,kotlin-lambda-ish
liIlliIIII(35).class,rustme/liIlliIIII,java/lang/Object,misc
liIlliIIiI(10).class,rustme/liIlliIIiI,java/lang/Object,nbt
liIlliIiII(26).class,rustme/liIlliIiII,java/lang/Object,misc
liIlliIilI(5).class,rustme/liIlliIilI,java/lang/Object,misc
liIlliIliI(10).class,rustme/liIlliIliI,rustme/IliIIiIliI,gui-textures
liIlliiIiI(2).class,rustme/liIlliiIiI,java/lang/Object,misc
liIlliiiII(18).class,rustme/liIlliiiII,java/lang/Object,kotlin-lambda-ish
liIlliilII(17).class,rustme/liIlliilII,java/lang/Object,misc
liIlliiliI(2).class,rustme/liIlliiliI,rustme/lilliiiliI,mod-command-ish
liIllilIiI(10).class,rustme/liIllilIiI,java/lang/Object,misc
liIlliliII(17).class,rustme/liIlliliII,java/lang/Object,misc
liIlliliiI(2).class,rustme/liIlliliiI,rustme/iIlililiiI,network-packet
liIllillII(9).class,rustme/liIllillII,java/lang/Object,misc
liIllilliI(2).class,rustme/liIllilliI,java/lang/Object,kotlin-lambda-ish
liIlllIIII(21).class,rustme/liIlllIIII,java/lang/Object,misc
liIlllIIiI(10).class,rustme/liIlllIIiI,rustme/IIilllIIiI,auth-profile
liIlllIiiI(2).class,rustme/liIlllIiiI,java/lang/Object,misc
liIlllIilI(3).class,rustme/liIlllIilI,java/lang/Object,misc
liIlllIliI(6).class,rustme/liIlllIliI,rustme/IlilIIIliI,mod-widget
liIllliIiI(6).class,rustme/liIllliIiI,java/lang/Object,entity-related
liIllliiII(14).class,rustme/liIllliiII,java/lang/Object,kotlin-lambda-ish
liIlllilII(9).class,rustme/liIlllilII,java/lang/Object,misc
liIllliliI(2).class,rustme/liIllliliI,rustme/llIIlliliI,mod-widget
liIllllIiI(6).class,rustme/liIllllIiI,java/lang/Object,world-related
liIlllliII(9).class,rustme/liIlllliII,java/lang/Object,misc
liIlllliiI(2).class,rustme/liIlllliiI,java/lang/Object,entity-renderer
liIlllllII(5).class,rustme/liIlllllII,java/lang/Object,misc
liIllllliI(2).class,rustme/liIllllliI,java/lang/Object,kotlin-lambda-ish
liiIIIIIII(154).class,rustme/liiIIIIIII,java/lang/Object,misc
liiIIIIIiI(60).class,rustme/liiIIIIIiI,rustme/llliiIIIiI,tileentity
liiIIIIilI(30).class,rustme/liiIIIIilI,java/lang/Object,misc
liiIIIIliI(60).class,rustme/liiIIIIliI,rustme/IliIIiIliI,mod-widget
liiIIIiIiI(28).class,rustme/liiIIIiIiI,java/lang/Object,world-related
liiIIIiiII(92).class,rustme/liiIIIiiII,java/lang/Object,kotlin-lambda-ish
liiIIIilII(78).class,rustme/liiIIIilII,java/lang/Object,misc
liiIIIiliI(28).class,rustme/liiIIIiliI,rustme/illIiIiliI,render-gl-wrapper
liiIIIlIiI(60).class,rustme/liiIIIlIiI,rustme/IIIiIIlIiI,misc
liiIIIliII(78).class,rustme/liiIIIliII,java/lang/Object,misc
liiIIIliiI(28).class,rustme/liiIIIliiI,rustme/lIlliIliiI,network-packet
liiIIIllII(46).class,rustme/liiIIIllII,java/lang/Object,misc
liiIIIlliI(28).class,rustme/liiIIIlliI,java/lang/Object,kotlin-lambda-ish
liiIIiIIiI(44).class,rustme/liiIIiIIiI,java/lang/Object,misc
liiIIiIiII(108).class,rustme/liiIIiIiII,java/lang/Object,kotlin-lambda-ish
liiIIiIlII(86).class,rustme/liiIIiIlII,java/lang/Object,misc
liiIIiIliI(44).class,rustme/liiIIiIliI,rustme/IlilIIIliI,mod-widget
liiIIiiIII(130).class,rustme/liiIIiiIII,java/lang/Object,misc
liiIIiiIiI(12).class,rustme/liiIIiiIiI,java/lang/Object,misc
liiIIiiiII(76).class,rustme/liiIIiiiII,java/lang/Object,kotlin-lambda-ish
liiIIiiilI(6).class,rustme/liiIIiiilI,java/lang/Object,misc
liiIIiiliI(12).class,rustme/liiIIiiliI,rustme/iIiIIiiliI,misc
liiIIilIII(86).class,rustme/liiIIilIII,java/lang/Object,misc
liiIIilIiI(44).class,rustme/liiIIilIiI,java/lang/Object,entity-related
liiIIiliiI(12).class,rustme/liiIIiliiI,rustme/llliIiliiI,misc
liiIIililI(6).class,rustme/liiIIililI,java/lang/Object,misc
liiIIilliI(12).class,rustme/liiIIilliI,rustme/iIiIIilliI,misc
liiIIlIIiI(36).class,rustme/liiIIlIIiI,java/lang/Enum,enum
liiIIlIiII(62).class,rustme/liiIIlIiII,java/lang/Object,misc
liiIIlIiiI(4).class,rustme/liiIIlIiiI,rustme/IillilIiiI,item-related
liiIIlIlII(46).class,rustme/liiIIlIlII,java/lang/Object,misc
liiIIlIliI(28).class,rustme/liiIIlIliI,java/lang/Object,misc
liiIIliIII(70).class,rustme/liiIIliIII,java/lang/Object,misc
liiIIliIiI(20).class,rustme/liiIIliIiI,rustme/iIiIIliIiI,world-related
liiIIliiII(52).class,rustme/liiIIliiII,java/lang/Object,kotlin-lambda-ish
liiIIliilI(6).class,rustme/liiIIliilI,java/lang/Object,misc
liiIIliliI(12).class,rustme/liiIIliliI,java/lang/Object,kotlin-lambda-ish
liiIIllIII(46).class,rustme/liiIIllIII,java/lang/Object,misc
liiIIllIiI(28).class,rustme/liiIIllIiI,rustme/llIiIllIiI,misc
liiIIlliiI(12).class,rustme/liiIIlliiI,it/unimi/dsi/fastutil/objects/AbstractObjectSortedSet,misc
liiIIllliI(12).class,rustme/liiIIllliI,java/lang/Object,kotlin-lambda-ish
liiIiIIIiI(52).class,rustme/liiIiIIIiI,rustme/iIlliIIIiI,world-related
liiIiIIiII(116).class,rustme/liiIiIIiII,java/lang/Object,misc
liiIiIIlII(90).class,rustme/liiIiIIlII,java/lang/Object,misc
liiIiIIliI(52).class,rustme/liiIiIIliI,rustme/IliIIiIliI,network-packet
liiIiIiIII(134).class,rustme/liiIiIiIII,java/lang/Object,misc
liiIiIiIiI(20).class,rustme/liiIiIiIiI,java/lang/Object,misc
liiIiIiiII(84).class,rustme/liiIiIiiII,java/lang/Object,kotlin-lambda-ish
liiIiIiilI(10).class,rustme/liiIiIiilI,java/lang/Object,misc
liiIiIiliI(20).class,rustme/liiIiIiliI,java/lang/Object,misc
liiIiIlIII(90).class,rustme/liiIiIlIII,java/lang/Object,misc
liiIiIlIiI(52).class,rustme/liiIiIlIiI,java/lang/Enum,enum
liiIiIliiI(20).class,rustme/liiIiIliiI,rustme/IiliiIliiI,gui-textures
liiIiIlilI(10).class,rustme/liiIiIlilI,java/lang/Object,misc
liiIiIlliI(20).class,rustme/liiIiIlliI,java/lang/Object,kotlin-lambda-ish
liiIiiIIII(142).class,rustme/liiIiiIIII,java/lang/Object,misc
liiIiiIIiI(36).class,rustme/liiIiiIIiI,rustme/lilllliIiI,world-related
liiIiiIiII(100).class,rustme/liiIiiIiII,java/lang/Object,kotlin-lambda-ish
liiIiiIilI(18).class,rustme/liiIiiIilI,java/lang/Object,misc
liiIiiIliI(36).class,rustme/liiIiiIliI,java/lang/Object,kotlin-lambda-ish
liiIiiiIiI(4).class,rustme/liiIiiiIiI,rustme/lliiiiiIiI,tileentity
liiIiiiiII(68).class,rustme/liiIiiiiII,java/lang/Object,kotlin-lambda-ish
liiIiiilII(66).class,rustme/liiIiiilII,java/lang/Object,misc
liiIiiiliI(4).class,rustme/liiIiiiliI,java/lang/Object,misc
liiIiilIiI(36).class,rustme/liiIiilIiI,rustme/IIiIiilIiI,world-related
liiIiiliII(66).class,rustme/liiIiiliII,java/lang/Object,misc
liiIiiliiI(4).class,rustme/liiIiiliiI,java/lang/Object,misc
liiIiillII(34).class,rustme/liiIiillII,java/lang/Object,misc
liiIiilliI(4).class,rustme/liiIiilliI,java/lang/Object,kotlin-lambda-ish
liiIilIIII(74).class,rustme/liiIilIIII,java/lang/Object,misc
liiIilIIiI(28).class,rustme/liiIilIIiI,java/lang/Object,network-packet
liiIilIilI(10).class,rustme/liiIilIilI,java/lang/Object,misc
liiIilIliI(20).class,rustme/liiIilIliI,java/lang/Object,kotlin-lambda-ish
liiIiliIiI(12).class,rustme/liiIiliIiI,rustme/iliIiliIiI,entity-related
liiIiliiII(44).class,rustme/liiIiliiII,java/lang/Object,kotlin-lambda-ish
liiIililII(34).class,rustme/liiIililII,java/lang/Object,misc
liiIililiI(4).class,rustme/liiIililiI,java/lang/Object,kotlin-lambda-ish
liiIillIiI(20).class,rustme/liiIillIiI,java/lang/Object,misc
liiIilliII(34).class,rustme/liiIilliII,java/lang/Object,misc
liiIilliiI(4).class,rustme/liiIilliiI,rustme/IIiiilliiI,world-related
liiIilllII(18).class,rustme/liiIilllII,java/lang/Object,misc
liiIillliI(4).class,rustme/liiIillliI,java/lang/Object,kotlin-lambda-ish
liiIlIIIiI(28).class,rustme/liiIlIIIiI,java/lang/Object,misc
liiIlIIiII(58).class,rustme/liiIlIIiII,java/lang/Object,misc
liiIlIIlII(46).class,rustme/liiIlIIlII,java/lang/Object,misc
liiIlIIliI(28).class,rustme/liiIlIIliI,java/lang/Object,kotlin-coroutines
liiIlIiIII(66).class,rustme/liiIlIiIII,java/lang/Object,misc
liiIlIiIiI(12).class,rustme/liiIlIiIiI,java/lang/Object,misc
liiIlIiiII(44).class,rustme/liiIlIiiII,java/lang/Object,kotlin-lambda-ish
liiIlIiilI(6).class,rustme/liiIlIiilI,java/lang/Object,misc
liiIlIiliI(12).class,rustme/liiIlIiliI,java/lang/Object,lambdas
liiIlIlIII(46).class,rustme/liiIlIlIII,java/lang/Object,misc
liiIlIlIiI(28).class,rustme/liiIlIlIiI,java/lang/Object,math-user
liiIlIliiI(12).class,rustme/liiIlIliiI,java/lang/Object,misc
liiIlIlliI(12).class,rustme/liiIlIlliI,java/lang/Object,kotlin-lambda-ish
liiIliIIII(70).class,rustme/liiIliIIII,java/lang/Object,misc
liiIliIIiI(20).class,rustme/liiIliIIiI,rustme/lllIliIIiI,misc
liiIliIiII(52).class,rustme/liiIliIiII,java/lang/Object,misc
liiIliIilI(10).class,rustme/liiIliIilI,java/lang/Object,misc
liiIliIliI(20).class,rustme/liiIliIliI,java/lang/Object,misc
liiIliiIiI(4).class,rustme/liiIliiIiI,java/lang/Thread,misc
liiIliiiII(36).class,rustme/liiIliiiII,java/lang/Object,kotlin-lambda-ish
liiIliilII(34).class,rustme/liiIliilII,java/lang/Object,misc
liiIliiliI(4).class,rustme/liiIliiliI,java/lang/Object,misc
liiIlilIiI(20).class,rustme/liiIlilIiI,java/lang/Enum,enum
liiIliliII(34).class,rustme/liiIliliII,java/lang/Object,misc
liiIliliiI(4).class,rustme/liiIliliiI,rustme/IlIlliliiI,network-netty
liiIlillII(18).class,rustme/liiIlillII,java/lang/Object,misc
liiIlilliI(4).class,rustme/liiIlilliI,java/lang/Object,kotlin-lambda-ish
liiIllIIII(42).class,rustme/liiIllIIII,java/lang/Object,misc
liiIllIIiI(20).class,rustme/liiIllIIiI,java/lang/Object,misc
liiIllIiiI(4).class,rustme/liiIllIiiI,java/lang/Object,misc
liiIllIilI(6).class,rustme/liiIllIilI,java/lang/Object,misc
liiIllIliI(12).class,rustme/liiIllIliI,java/lang/Object,misc
liiIlliIiI(12).class,rustme/liiIlliIiI,rustme/iIilIliIiI,world-related
liiIlliiII(28).class,rustme/liiIlliiII,java/lang/Object,kotlin-lambda-ish
liiIllilII(18).class,rustme/liiIllilII,java/lang/Object,misc
liiIlliliI(4).class,rustme/liiIlliliI,kotlin/jvm/internal/PropertyReference0Impl,misc
liiIlllIiI(12).class,rustme/liiIlllIiI,java/lang/Exception,misc
liiIllliII(18).class,rustme/liiIllliII,java/lang/Object,misc
liiIllliiI(4).class,rustme/liiIllliiI,java/lang/Object,misc
liiIllllII(10).class,rustme/liiIllllII,java/lang/Object,misc
liiIlllliI(4).class,rustme/liiIlllliI,java/lang/Object,kotlin-lambda-ish
liiiIIIIiI(56).class,rustme/liiiIIIIiI,rustme/liIIiIIIiI,misc
liiiIIIiII(120).class,rustme/liiiIIIiII,java/lang/Object,misc
liiiIIIlII(92).class,rustme/liiiIIIlII,java/lang/Object,misc
liiiIIIliI(56).class,rustme/liiiIIIliI,kotlin/properties/ObservableProperty,misc
liiiIIiIII(136).class,rustme/liiiIIiIII,java/lang/Object,misc
liiiIIiIiI(24).class,rustme/liiiIIiIiI,rustme/IiIiIIiIiI,misc
liiiIIiiII(88).class,rustme/liiiIIiiII,java/lang/Object,kotlin-lambda-ish
liiiIIiilI(12).class,rustme/liiiIIiilI,java/lang/Object,misc
liiiIIiliI(24).class,rustme/liiiIIiliI,rustme/lllliIiliI,entity-related
liiiIIlIII(92).class,rustme/liiiIIlIII,java/lang/Object,misc
liiiIIlIiI(56).class,rustme/liiiIIlIiI,java/lang/Object,nbt
liiiIIliiI(24).class,rustme/liiiIIliiI,rustme/lIlliIliiI,network-packet
liiiIIlilI(12).class,rustme/liiiIIlilI,java/lang/Object,misc
liiiIIlliI(24).class,rustme/liiiIIlliI,java/lang/Object,kotlin-lambda-ish
liiiIiIIII(144).class,rustme/liiiIiIIII,java/lang/Object,misc
liiiIiIIiI(40).class,rustme/liiiIiIIiI,java/lang/Object,misc
liiiIiIiII(104).class,rustme/liiiIiIiII,java/lang/Object,kotlin-lambda-ish
liiiIiIilI(20).class,rustme/liiiIiIilI,java/lang/Object,misc
liiiIiIliI(40).class,rustme/liiiIiIliI,java/lang/Object,misc
liiiIiiIiI(8).class,rustme/liiiIiiIiI,rustme/IIIiiiiIiI,entity-renderer
liiiIiiiII(72).class,rustme/liiiIiiiII,java/lang/Object,kotlin-lambda-ish
liiiIiilII(68).class,rustme/liiiIiilII,java/lang/Object,misc
liiiIiiliI(8).class,rustme/liiiIiiliI,rustme/iIiiIiiliI,misc
liiiIilIiI(40).class,rustme/liiiIilIiI,java/lang/Object,nbt
liiiIiliII(68).class,rustme/liiiIiliII,java/lang/Object,misc
liiiIiliiI(8).class,rustme/liiiIiliiI,rustme/IillilIiiI,item-related
liiiIillII(36).class,rustme/liiiIillII,java/lang/Object,misc
liiiIilliI(8).class,rustme/liiiIilliI,java/lang/Object,misc
liiiIlIIII(76).class,rustme/liiiIlIIII,java/lang/Object,misc
liiiIlIIiI(32).class,rustme/liiiIlIIiI,java/lang/Object,network-packet
liiiIlIiiI.class,rustme/liiiIlIiiI,java/lang/Object,block
liiiIlIilI(12).class,rustme/liiiIlIilI,java/lang/Object,misc
liiiIlIliI(24).class,rustme/liiiIlIliI,java/lang/Object,misc
liiiIliIiI(16).class,rustme/liiiIliIiI,rustme/iliIiliIiI,misc
liiiIliiII(48).class,rustme/liiiIliiII,java/lang/Object,kotlin-lambda-ish
liiiIlilII(36).class,rustme/liiiIlilII,java/lang/Object,misc
liiiIliliI(8).class,rustme/liiiIliliI,rustme/IlilIIIliI,mod-widget
liiiIllIiI(24).class,rustme/liiiIllIiI,java/lang/Object,misc
liiiIlliII(36).class,rustme/liiiIlliII,java/lang/Object,misc
liiiIlliiI(8).class,rustme/liiiIlliiI,java/lang/Object,misc
liiiIlllII(20).class,rustme/liiiIlllII,java/lang/Object,misc
liiiIllliI(8).class,rustme/liiiIllliI,java/lang/Object,kotlin-lambda-ish
liiiiIIIII(148).class,rustme/liiiiIIIII,java/lang/Object,misc
liiiiIIIiI(48).class,rustme/liiiiIIIiI,java/lang/Enum,enum
liiiiIIiII(112).class,rustme/liiiiIIiII,java/lang/Object,misc
liiiiIIilI(24).class,rustme/liiiiIIilI,java/lang/Object,misc
liiiiIIliI(48).class,rustme/liiiiIIliI,java/lang/Object,misc
liiiiIiIiI(16).class,rustme/liiiiIiIiI,java/lang/Object,misc
liiiiIiiII(80).class,rustme/liiiiIiiII,java/lang/Object,kotlin-lambda-ish
liiiiIilII(72).class,rustme/liiiiIilII,java/lang/Object,misc
liiiiIiliI(16).class,rustme/liiiiIiliI,rustme/lilliiiliI,mod-command-ish
liiiiIlIiI(48).class,rustme/liiiiIlIiI,java/lang/Object,misc
liiiiIliII(72).class,rustme/liiiiIliII,java/lang/Object,misc
liiiiIliiI(16).class,rustme/liiiiIliiI,rustme/lIlililiiI,misc
liiiiIllII(40).class,rustme/liiiiIllII,java/lang/Object,misc
liiiiIlliI(16).class,rustme/liiiiIlliI,java/lang/Object,kotlin-lambda-ish
liiiiiIIiI(32).class,rustme/liiiiiIIiI,rustme/liiliiIIiI,world-related
liiiiiIiII(96).class,rustme/liiiiiIiII,java/lang/Object,kotlin-lambda-ish
liiiiiIlII(80).class,rustme/liiiiiIlII,java/lang/Object,misc
liiiiiIliI(32).class,rustme/liiiiiIliI,rustme/iiIliiIliI,gui-screen
liiiiiiIII(124).class,rustme/liiiiiiIII,java/lang/Object,misc
liiiiiiIiI.class,rustme/liiiiiiIiI,java/lang/Object,entity-renderer
liiiiiiiII(64).class,rustme/liiiiiiiII,java/lang/Object,kotlin-lambda-ish
liiiiiiilI.class,rustme/liiiiiiilI,java/lang/Object,misc
liiiiiiliI.class,rustme/liiiiiiliI,java/lang/Object,misc
liiiiilIII(80).class,rustme/liiiiilIII,java/lang/Object,misc
liiiiilIiI(32).class,rustme/liiiiilIiI,java/lang/Object,misc
liiiiiliiI.class,rustme/liiiiiliiI,java/lang/Object,misc
liiiiililI.class,rustme/liiiiililI,java/lang/Object,misc
liiiiilliI.class,rustme/liiiiilliI,java/lang/Object,kotlin-lambda-ish
liiiilIIiI(24).class,rustme/liiiilIIiI,java/lang/Object,misc
liiiilIiII(56).class,rustme/liiiilIiII,java/lang/Object,misc
liiiilIlII(40).class,rustme/liiiilIlII,java/lang/Object,misc
liiiilIliI(16).class,rustme/liiiilIliI,java/lang/Object,kotlin-lambda-ish
liiiiliIII(64).class,rustme/liiiiliIII,java/lang/Object,misc
liiiiliIiI(8).class,rustme/liiiiliIiI,rustme/IiillIiIiI,misc
liiiiliiII(40).class,rustme/liiiiliiII,java/lang/Object,kotlin-lambda-ish
liiiiliilI.class,rustme/liiiiliilI,java/lang/Object,misc
liiiililiI.class,rustme/liiiililiI,java/lang/Object,misc
liiiillIII(40).class,rustme/liiiillIII,java/lang/Object,misc
liiiillIiI(16).class,rustme/liiiillIiI,java/lang/Object,entity-related
liiiilliiI.class,rustme/liiiilliiI,java/lang/Object,misc
liiiillliI.class,rustme/liiiillliI,java/lang/Object,kotlin-lambda-ish
liiilIIIII(72).class,rustme/liiilIIIII,java/lang/Object,misc
liiilIIIiI(24).class,rustme/liiilIIIiI,java/lang/Object,misc
liiilIIilI(12).class,rustme/liiilIIilI,java/lang/Object,misc
liiilIIliI(24).class,rustme/liiilIIliI,rustme/IililIIliI,misc
liiilIiIiI(8).class,rustme/liiilIiIiI,rustme/IIlliIiIiI,world-related
liiilIiiII(40).class,rustme/liiilIiiII,java/lang/Object,kotlin-lambda-ish
liiilIilII(36).class,rustme/liiilIilII,java/lang/Object,misc
liiilIiliI(8).class,rustme/liiilIiliI,java/lang/Object,kotlin-lambda-ish
liiilIlIiI(24).class,rustme/liiilIlIiI,rustme/IlllIIlIiI,json-gson
liiilIliII(36).class,rustme/liiilIliII,java/lang/Object,misc
liiilIliiI(8).class,rustme/liiilIliiI,java/lang/Object,network-packet
liiilIllII(20).class,rustme/liiilIllII,java/lang/Object,misc
liiilIlliI(8).class,rustme/liiilIlliI,java/lang/Object,kotlin-lambda-ish
liiiliIIiI(16).class,rustme/liiiliIIiI,rustme/llIIlIiIiI,entity-related
liiiliIiII(48).class,rustme/liiiliIiII,java/lang/Enum,enum
liiiliIlII(40).class,rustme/liiiliIlII,java/lang/Object,misc
liiiliIliI(16).class,rustme/liiiliIliI,java/lang/Object,misc
liiiliiIII(60).class,rustme/liiiliiIII,java/lang/Object,misc
liiiliiIiI.class,rustme/liiiliiIiI,java/lang/Object,tileentity
liiiliiiII(32).class,rustme/liiiliiiII,java/lang/Object,kotlin-lambda-ish
liiiliiilI.class,rustme/liiiliiilI,java/lang/Object,misc
liiiliiliI.class,rustme/liiiliiliI,rustme/IililiiliI,misc
liiililIII(40).class,rustme/liiililIII,java/lang/Object,misc
liiililIiI(16).class,rustme/liiililIiI,java/lang/Object,math-user
liiililiiI.class,rustme/liiililiiI,java/lang/Object,misc
liiilililI.class,rustme/liiilililI,java/lang/Object,misc
liiililliI.class,rustme/liiililliI,java/lang/Object,misc
liiillIIiI(16).class,rustme/liiillIIiI,java/lang/Object,misc
liiillIiII(32).class,rustme/liiillIiII,java/lang/Object,misc
liiillIiiI.class,rustme/liiillIiiI,rustme/IillilIiiI,item-related
liiillIlII(20).class,rustme/liiillIlII,java/lang/Object,misc
liiillIliI(8).class,rustme/liiillIliI,java/lang/Object,misc
liiilliIII(36).class,rustme/liiilliIII,java/lang/Object,misc
liiilliIiI(8).class,rustme/liiilliIiI,java/lang/Enum,enum
liiilliiII(24).class,rustme/liiilliiII,java/lang/Object,kotlin-lambda-ish
liiilliilI.class,rustme/liiilliilI,java/lang/Object,misc
liiilliliI.class,rustme/liiilliliI,java/lang/Object,misc
liiilllIII(20).class,rustme/liiilllIII,java/lang/Object,misc
liiilllIiI(8).class,rustme/liiilllIiI,rustme/llIiIllIiI,misc
liiillliiI.class,rustme/liiillliiI,java/lang/Object,misc
liiilllliI.class,rustme/liiilllliI,java/lang/Object,kotlin-lambda-ish
liilIIIIiI(28).class,rustme/liilIIIIiI,rustme/lilIIIIIiI,nbt
liilIIIiII(60).class,rustme/liilIIIiII,java/lang/Object,misc
liilIIIlII(46).class,rustme/liilIIIlII,java/lang/Object,misc
liilIIIliI(28).class,rustme/liilIIIliI,java/lang/Object,misc
liilIIiIII(68).class,rustme/liilIIiIII,java/lang/Object,misc
liilIIiIiI(12).class,rustme/liilIIiIiI,java/lang/Object,world-related
liilIIiiII(44).class,rustme/liilIIiiII,java/lang/Object,kotlin-lambda-ish
liilIIiilI(6).class,rustme/liilIIiilI,java/lang/Object,misc
liilIIiliI(12).class,rustme/liilIIiliI,java/lang/Object,render-gl-wrapper
liilIIlIII(46).class,rustme/liilIIlIII,java/lang/Object,misc
liilIIlIiI(28).class,rustme/liilIIlIiI,java/lang/Object,misc
liilIIliiI(12).class,rustme/liilIIliiI,java/lang/Object,misc
liilIIlliI(12).class,rustme/liilIIlliI,java/lang/Object,kotlin-lambda-ish
liilIiIIII(72).class,rustme/liilIiIIII,java/lang/Object,misc
liilIiIIiI(20).class,rustme/liilIiIIiI,rustme/IIlIIliIiI,block
liilIiIiII(52).class,rustme/liilIiIiII,java/lang/Object,kotlin-lambda-ish
liilIiIilI(10).class,rustme/liilIiIilI,java/lang/Object,misc
liilIiIliI(20).class,rustme/liilIiIliI,java/lang/Object,mod-widget
liilIiiIiI(4).class,rustme/liilIiiIiI,java/lang/Object,misc
liilIiiiII(36).class,rustme/liilIiiiII,java/lang/Object,kotlin-lambda-ish
liilIiilII(34).class,rustme/liilIiilII,java/lang/Object,misc
liilIiiliI(4).class,rustme/liilIiiliI,java/lang/Object,misc
liilIilIiI(20).class,rustme/liilIilIiI,java/lang/Object,misc
liilIiliII(34).class,rustme/liilIiliII,java/lang/Object,misc
liilIiliiI(4).class,rustme/liilIiliiI,java/lang/Object,misc
liilIillII(18).class,rustme/liilIillII,java/lang/Object,misc
liilIilliI(4).class,rustme/liilIilliI,java/lang/Object,misc
liilIlIIII(38).class,rustme/liilIlIIII,java/lang/Object,misc
liilIlIIiI(16).class,rustme/liilIlIIiI,java/lang/Object,math-user
liilIlIiiI.class,rustme/liilIlIiiI,rustme/iliIIlIiiI,tileentity
liilIlIilI(6).class,rustme/liilIlIilI,java/lang/Object,misc
liilIlIliI(12).class,rustme/liilIlIliI,rustme/illIIlIliI,misc
liilIliIiI(8).class,rustme/liilIliIiI,java/lang/Object,misc
liilIliiII(24).class,rustme/liilIliiII,java/lang/Object,kotlin-lambda-ish
liilIlilII(18).class,rustme/liilIlilII,java/lang/Object,misc
liilIliliI(4).class,rustme/liilIliliI,java/lang/Object,kotlin-lambda-ish
liilIllIiI(12).class,rustme/liilIllIiI,rustme/iiIlIllIiI,misc
liilIlliII(18).class,rustme/liilIlliII,java/lang/Object,misc
liilIlliiI(4).class,rustme/liilIlliiI,java/lang/Object,math-user
liilIlllII(10).class,rustme/liilIlllII,java/lang/Object,misc
liilIllliI(4).class,rustme/liilIllliI,java/lang/Object,kotlin-lambda-ish
liiliIIIII(74).class,rustme/liiliIIIII,java/lang/Object,misc
liiliIIIiI(24).class,rustme/liiliIIIiI,rustme/llliiIIIiI,tileentity
liiliIIiII(56).class,rustme/liiliIIiII,java/lang/Enum,enum
liiliIIilI(12).class,rustme/liiliIIilI,java/lang/Object,misc
liiliIIliI(24).class,rustme/liiliIIliI,java/lang/Enum,mod-widget
liiliIiIiI(8).class,rustme/liiliIiIiI,java/lang/Object,render-shader-loader
liiliIiiII(40).class,rustme/liiliIiiII,java/lang/Object,kotlin-lambda-ish
liiliIilII(36).class,rustme/liiliIilII,java/lang/Object,misc
liiliIiliI(8).class,rustme/liiliIiliI,java/lang/Object,misc
liiliIlIiI(24).class,rustme/liiliIlIiI,java/lang/Object,misc
liiliIliII(36).class,rustme/liiliIliII,java/lang/Object,misc
liiliIliiI(8).class,rustme/liiliIliiI,java/lang/Object,misc
liiliIllII(20).class,rustme/liiliIllII,java/lang/Object,misc
liiliIlliI(8).class,rustme/liiliIlliI,java/lang/Object,kotlin-lambda-ish
liiliiIIiI(16).class,rustme/liiliiIIiI,rustme/lIlIIliIiI,block
liiliiIiII(48).class,rustme/liiliiIiII,java/lang/Object,kotlin-lambda-ish
liiliiIlII(40).class,rustme/liiliiIlII,java/lang/Object,misc
liiliiIliI(16).class,rustme/liiliiIliI,java/lang/Object,mod-ui
liiliiiIII(62).class,rustme/liiliiiIII,java/lang/Object,misc
liiliiiIiI.class,rustme/liiliiiIiI,rustme/IiiliiiIiI,misc
liiliiiiII(32).class,rustme/liiliiiiII,java/lang/Object,kotlin-lambda-ish
liiliiiilI.class,rustme/liiliiiilI,java/lang/Object,misc
liiliiiliI.class,rustme/liiliiiliI,java/lang/Object,misc
liiliilIII(40).class,rustme/liiliilIII,java/lang/Object,misc
liiliilIiI(16).class,rustme/liiliilIiI,java/lang/Object,entity-related
liiliiliiI.class,rustme/liiliiliiI,rustme/IillilIiiI,item-related
liiliililI.class,rustme/liiliililI,java/lang/Object,misc
liiliilliI.class,rustme/liiliilliI,java/lang/Object,misc
liililIIiI(12).class,rustme/liililIIiI,java/lang/Object,network-packet
liililIiII(28).class,rustme/liililIiII,java/lang/Object,misc
liililIlII(20).class,rustme/liililIlII,java/lang/Object,misc
liililIliI(8).class,rustme/liililIliI,rustme/IiililIliI,misc
liililiIII(32).class,rustme/liililiIII,java/lang/Object,misc
liililiIiI(4).class,rustme/liililiIiI,rustme/iliIiliIiI,world-related
liililiiII(20).class,rustme/liililiiII,java/lang/Object,kotlin-lambda-ish
liililiilI.class,rustme/liililiilI,java/lang/Object,misc
liilililiI.class,rustme/liilililiI,java/lang/Object,kotlin-lambda-ish
liilillIII(20).class,rustme/liilillIII,java/lang/Object,misc
liilillIiI(8).class,rustme/liilillIiI,java/lang/Object,misc
liililliiI.class,rustme/liililliiI,java/lang/Object,math-user
liilillliI.class,rustme/liilillliI,java/lang/Object,kotlin-lambda-ish
liillIIIII(36).class,rustme/liillIIIII,java/lang/Object,misc
liillIIIiI(12).class,rustme/liillIIIiI,io/netty/channel/ChannelInitializer,network-netty
liillIIilI(6).class,rustme/liillIIilI,java/lang/Object,misc
liillIIliI(12).class,rustme/liillIIliI,kotlin/jvm/internal/FunctionReferenceImpl,kotlin-lambda-ish
liillIiIiI(4).class,rustme/liillIiIiI,rustme/IiillIiIiI,misc
liillIiiII(20).class,rustme/liillIiiII,java/lang/Object,kotlin-lambda-ish
liillIilII(18).class,rustme/liillIilII,java/lang/Object,misc
liillIiliI(4).class,rustme/liillIiliI,java/lang/Object,misc
liillIlIiI(12).class,rustme/liillIlIiI,java/lang/Object,misc
liillIliII(18).class,rustme/liillIliII,java/lang/Object,misc
liillIliiI(4).class,rustme/liillIliiI,rustme/lililIliiI,particle
liillIllII(10).class,rustme/liillIllII,java/lang/Object,misc
liillIlliI(4).class,rustme/liillIlliI,java/lang/Object,kotlin-lambda-ish
liilliIIiI(8).class,rustme/liilliIIiI,rustme/lllIliIIiI,world-related
liilliIiII(24).class,rustme/liilliIiII,java/lang/Object,misc
liilliIlII(20).class,rustme/liilliIlII,java/lang/Object,misc
liilliIliI(8).class,rustme/liilliIliI,rustme/IliIIiIliI,gui-textures
liilliiIII(30).class,rustme/liilliiIII,java/lang/Object,misc
liilliiIiI.class,rustme/liilliiIiI,java/lang/Object,misc
liilliiiII(16).class,rustme/liilliiiII,java/lang/Object,kotlin-lambda-ish
liilliiilI.class,rustme/liilliiilI,java/lang/Object,misc
liilliiliI.class,rustme/liilliiliI,rustme/lilliiiliI,mod-command-ish
liillilIII(20).class,rustme/liillilIII,java/lang/Object,misc
liillilIiI(8).class,rustme/liillilIiI,java/lang/Object,entity-related
liilliliiI.class,rustme/liilliliiI,rustme/ililliliiI,misc
liillililI.class,rustme/liillililI,java/lang/Object,misc
liillilliI.class,rustme/liillilliI,java/lang/Object,kotlin-lambda-ish
liilllIIiI(8).class,rustme/liilllIIiI,rustme/IiilllIIiI,auth-profile
liilllIiII(16).class,rustme/liilllIiII,java/lang/Object,misc
liilllIiiI.class,rustme/liilllIiiI,rustme/IillilIiiI,tileentity
liilllIlII(10).class,rustme/liilllIlII,java/lang/Object,misc
liilllIliI(4).class,rustme/liilllIliI,java/lang/Object,mod-widget
liillliIII(18).class,rustme/liillliIII,java/lang/Object,misc
liillliIiI(4).class,rustme/liillliIiI,rustme/iliIiliIiI,world-related
liillliiII(12).class,rustme/liillliiII,java/lang/Object,kotlin-lambda-ish
liillliilI.class,rustme/liillliilI,java/lang/Object,misc
liillliliI.class,rustme/liillliliI,java/lang/Object,misc
liillllIII(10).class,rustme/liillllIII,java/lang/Object,misc
liillllIiI(4).class,rustme/liillllIiI,java/lang/Object,misc
liilllliiI.class,rustme/liilllliiI,java/lang/Object,misc
liillllliI.class,rustme/liillllliI,java/lang/Object,kotlin-lambda-ish
lilIIIIIII(77).class,rustme/lilIIIIIII,java/lang/Object,misc
lilIIIIIiI(30).class,rustme/lilIIIIIiI,java/lang/Object,nbt
lilIIIIilI(15).class,rustme/lilIIIIilI,java/lang/Object,misc
lilIIIIliI(30).class,rustme/lilIIIIliI,java/lang/Object,misc
lilIIIiIiI(14).class,rustme/lilIIIiIiI,java/lang/Object,entity-related
lilIIIiiII(46).class,rustme/lilIIIiiII,java/lang/Object,kotlin-lambda-ish
lilIIIilII(39).class,rustme/lilIIIilII,java/lang/Object,misc
lilIIIiliI(14).class,rustme/lilIIIiliI,java/lang/Object,misc
lilIIIlIiI(30).class,rustme/lilIIIlIiI,java/lang/Object,misc
lilIIIliII(39).class,rustme/lilIIIliII,java/lang/Object,misc
lilIIIliiI(14).class,rustme/lilIIIliiI,rustme/lIlliIliiI,network-packet
lilIIIllII(23).class,rustme/lilIIIllII,java/lang/Object,misc
lilIIIlliI(14).class,rustme/lilIIIlliI,java/lang/Object,kotlin-lambda-ish
lilIIiIIiI(22).class,rustme/lilIIiIIiI,rustme/IIlIIliIiI,block
lilIIiIiII(54).class,rustme/lilIIiIiII,java/lang/Object,kotlin-lambda-ish
lilIIiIlII(43).class,rustme/lilIIiIlII,java/lang/Object,misc
lilIIiIliI(22).class,rustme/lilIIiIliI,rustme/IlIliiIliI,misc
lilIIiiIII(65).class,rustme/lilIIiiIII,java/lang/Object,misc
lilIIiiIiI(6).class,rustme/lilIIiiIiI,java/lang/Enum,enum
lilIIiiiII(38).class,rustme/lilIIiiiII,java/lang/Object,kotlin-lambda-ish
lilIIiiilI(3).class,rustme/lilIIiiilI,java/lang/Object,misc
lilIIiiliI(6).class,rustme/lilIIiiliI,java/lang/Object,kotlin-lambda-ish
lilIIilIII(43).class,rustme/lilIIilIII,java/lang/Object,misc
lilIIilIiI(22).class,rustme/lilIIilIiI,com/google/gson/TypeAdapter,json-gson
lilIIiliiI(6).class,rustme/lilIIiliiI,rustme/llIIIiliiI,misc
lilIIililI(3).class,rustme/lilIIililI,java/lang/Object,misc
lilIIilliI(6).class,rustme/lilIIilliI,java/lang/Object,misc
lilIIlIIiI(18).class,rustme/lilIIlIIiI,java/lang/Object,misc
lilIIlIiII(31).class,rustme/lilIIlIiII,java/lang/Object,misc
lilIIlIiiI(2).class,rustme/lilIIlIiiI,rustme/iIIiIlIiiI,tileentity
lilIIlIlII(23).class,rustme/lilIIlIlII,java/lang/Object,misc
lilIIlIliI(14).class,rustme/lilIIlIliI,kotlin/coroutines/jvm/internal/SuspendLambda,kotlin-coroutines
lilIIliIII(35).class,rustme/lilIIliIII,java/lang/Object,misc
lilIIliIiI(10).class,rustme/lilIIliIiI,java/lang/Object,entity-related
lilIIliiII(26).class,rustme/lilIIliiII,java/lang/Object,kotlin-lambda-ish
lilIIliilI(3).class,rustme/lilIIliilI,java/lang/Object,misc
lilIIliliI(6).class,rustme/lilIIliliI,java/lang/Object,misc
lilIIllIII(23).class,rustme/lilIIllIII,java/lang/Object,misc
lilIIllIiI(14).class,rustme/lilIIllIiI,rustme/IIliIllIiI,misc
lilIIlliiI(6).class,rustme/lilIIlliiI,java/lang/Object,misc
lilIIllliI(6).class,rustme/lilIIllliI,java/lang/Object,kotlin-lambda-ish
lilIiIIIiI(26).class,rustme/lilIiIIIiI,rustme/llliiIIIiI,tileentity
lilIiIIiII(58).class,rustme/lilIiIIiII,java/lang/Object,misc
lilIiIIlII(45).class,rustme/lilIiIIlII,java/lang/Object,misc
lilIiIIliI(26).class,rustme/lilIiIIliI,rustme/IliIIiIliI,mod-widget
lilIiIiIII(67).class,rustme/lilIiIiIII,java/lang/Object,misc
lilIiIiIiI(10).class,rustme/lilIiIiIiI,java/lang/Object,misc
lilIiIiiII(42).class,rustme/lilIiIiiII,java/lang/Object,kotlin-lambda-ish
lilIiIiilI(5).class,rustme/lilIiIiilI,java/lang/Object,misc
lilIiIiliI(10).class,rustme/lilIiIiliI,java/lang/Object,misc
lilIiIlIII(45).class,rustme/lilIiIlIII,java/lang/Object,misc
lilIiIlIiI(26).class,rustme/lilIiIlIiI,java/lang/Object,misc
lilIiIliiI(10).class,rustme/lilIiIliiI,java/lang/Object,auth-profile
lilIiIlilI(5).class,rustme/lilIiIlilI,java/lang/Object,misc
lilIiIlliI(10).class,rustme/lilIiIlliI,java/lang/Object,kotlin-lambda-ish
lilIiiIIII(71).class,rustme/lilIiiIIII,java/lang/Object,misc
lilIiiIIiI(18).class,rustme/lilIiiIIiI,java/lang/Object,misc
lilIiiIiII(50).class,rustme/lilIiiIiII,java/lang/Object,kotlin-lambda-ish
lilIiiIilI(9).class,rustme/lilIiiIilI,java/lang/Object,misc
lilIiiIliI(18).class,rustme/lilIiiIliI,rustme/lIliIiIliI,mod-widget
lilIiiiIiI(2).class,rustme/lilIiiiIiI,rustme/lliiiiiIiI,misc
lilIiiiiII(34).class,rustme/lilIiiiiII,java/lang/Object,kotlin-lambda-ish
lilIiiilII(33).class,rustme/lilIiiilII,java/lang/Object,misc
lilIiiiliI(2).class,rustme/lilIiiiliI,java/lang/Object,json-gson
lilIiilIiI(18).class,rustme/lilIiilIiI,java/lang/Object,math-user
lilIiiliII(33).class,rustme/lilIiiliII,java/lang/Object,misc
lilIiiliiI(2).class,rustme/lilIiiliiI,rustme/IillilIiiI,item-related
lilIiillII(17).class,rustme/lilIiillII,java/lang/Object,misc
lilIiilliI(2).class,rustme/lilIiilliI,java/lang/Object,misc
lilIilIIII(37).class,rustme/lilIilIIII,java/lang/Object,misc
lilIilIIiI(14).class,rustme/lilIilIIiI,java/lang/Object,network-packet
lilIilIilI(5).class,rustme/lilIilIilI,java/lang/Object,misc
lilIilIliI(10).class,rustme/lilIilIliI,rustme/lllIilIliI,misc
lilIiliIiI(6).class,rustme/lilIiliIiI,rustme/iliIiliIiI,world-related
lilIiliiII(22).class,rustme/lilIiliiII,java/lang/Object,kotlin-lambda-ish
lilIililII(17).class,rustme/lilIililII,java/lang/Object,misc
lilIililiI(2).class,rustme/lilIililiI,rustme/llIiIliliI,gui-screen
lilIillIiI(10).class,rustme/lilIillIiI,java/lang/Object,misc
lilIilliII(17).class,rustme/lilIilliII,java/lang/Object,misc
lilIilliiI(2).class,rustme/lilIilliiI,java/lang/Object,misc
lilIilllII(9).class,rustme/lilIilllII,java/lang/Object,misc
lilIillliI(2).class,rustme/lilIillliI,java/lang/Object,kotlin-lambda-ish
lilIlIIIiI(14).class,rustme/lilIlIIIiI,rustme/liIlIilIiI,network-netty
lilIlIIiII(29).class,rustme/lilIlIIiII,java/lang/Object,misc
lilIlIIlII(23).class,rustme/lilIlIIlII,java/lang/Object,misc
lilIlIIliI(14).class,rustme/lilIlIIliI,java/lang/Object,kotlin-lambda-ish
lilIlIiIII(33).class,rustme/lilIlIiIII,java/lang/Object,misc
lilIlIiIiI(6).class,rustme/lilIlIiIiI,java/lang/Object,misc
lilIlIiiII(22).class,rustme/lilIlIiiII,java/lang/Object,kotlin-lambda-ish
lilIlIiilI(3).class,rustme/lilIlIiilI,java/lang/Object,misc
lilIlIiliI(6).class,rustme/lilIlIiliI,java/lang/Object,misc
lilIlIlIII(23).class,rustme/lilIlIlIII,java/lang/Object,misc
lilIlIlIiI(14).class,rustme/lilIlIlIiI,java/lang/Object,misc
lilIlIliiI(6).class,rustme/lilIlIliiI,java/lang/Object,misc
lilIlIlliI(6).class,rustme/lilIlIlliI,java/lang/Object,kotlin-lambda-ish
lilIliIIII(35).class,rustme/lilIliIIII,java/lang/Object,misc
lilIliIIiI(10).class,rustme/lilIliIIiI,java/lang/Object,world-related
lilIliIiII(26).class,rustme/lilIliIiII,rustme/iIllIiIiII,kotlin-lambda-ish
lilIliIilI(5).class,rustme/lilIliIilI,java/lang/Object,misc
lilIliIliI(10).class,rustme/lilIliIliI,rustme/IlilIIIliI,mod-widget
lilIliiIiI(2).class,rustme/lilIliiIiI,java/lang/Object,misc
lilIliiiII(18).class,rustme/lilIliiiII,java/lang/Object,kotlin-lambda-ish
lilIliilII(17).class,rustme/lilIliilII,java/lang/Object,misc
lilIliiliI(2).class,rustme/lilIliiliI,rustme/IIlIIliIiI,network-packet
lilIlilIiI(10).class,rustme/lilIlilIiI,java/lang/Object,misc
lilIliliII(17).class,rustme/lilIliliII,java/lang/Object,misc
lilIliliiI(2).class,rustme/lilIliliiI,rustme/IlIlliliiI,gui-screen
lilIlillII(9).class,rustme/lilIlillII,java/lang/Object,misc
lilIlilliI(2).class,rustme/lilIlilliI,java/lang/Object,misc
lilIllIIII(21).class,rustme/lilIllIIII,java/lang/Object,misc
lilIllIIiI(10).class,rustme/lilIllIIiI,java/lang/Object,misc
lilIllIiiI(2).class,rustme/lilIllIiiI,rustme/IillilIiiI,tileentity
lilIllIilI(3).class,rustme/lilIllIilI,java/lang/Object,misc
lilIllIliI(6).class,rustme/lilIllIliI,java/lang/Object,kotlin-lambda-ish
lilIlliIiI(6).class,rustme/lilIlliIiI,rustme/iliIiliIiI,world-related
lilIlliiII(14).class,rustme/lilIlliiII,java/lang/Object,kotlin-lambda-ish
lilIllilII(9).class,rustme/lilIllilII,java/lang/Object,misc
lilIlliliI(2).class,rustme/lilIlliliI,rustme/lIlilliliI,kotlin-lambda-ish
lilIlllIiI(6).class,rustme/lilIlllIiI,java/lang/Object,misc
lilIllliII(9).class,rustme/lilIllliII,java/lang/Object,misc
lilIllliiI(2).class,rustme/lilIllliiI,java/lang/Object,misc
lilIllllII(5).class,rustme/lilIllllII,java/lang/Object,misc
lilIlllliI(2).class,rustme/lilIlllliI,java/lang/Object,kotlin-lambda-ish
liliIIIIiI(28).class,rustme/liliIIIIiI,rustme/llliiIIIiI,tileentity
liliIIIiII(60).class,rustme/liliIIIiII,java/lang/Object,misc
liliIIIlII(46).class,rustme/liliIIIlII,java/lang/Object,misc
liliIIIliI(28).class,rustme/liliIIIliI,rustme/llIliiIliI,mod-widget
liliIIiIII(68).class,rustme/liliIIiIII,java/lang/Object,misc
liliIIiIiI(12).class,rustme/liliIIiIiI,rustme/IIlliIiIiI,tileentity
liliIIiiII(44).class,rustme/liliIIiiII,java/lang/Object,kotlin-lambda-ish
liliIIiilI(6).class,rustme/liliIIiilI,java/lang/Object,misc
liliIIiliI(12).class,rustme/liliIIiliI,rustme/lIlliIiliI,tileentity
liliIIlIII(46).class,rustme/liliIIlIII,java/lang/Object,misc
liliIIlIiI(28).class,rustme/liliIIlIiI,java/lang/Enum,enum
liliIIliiI(12).class,rustme/liliIIliiI,rustme/lIlliIliiI,network-packet
liliIIlliI(12).class,rustme/liliIIlliI,java/lang/Object,kotlin-lambda-ish
liliIiIIII(72).class,rustme/liliIiIIII,java/lang/Object,misc
liliIiIIiI(20).class,rustme/liliIiIIiI,rustme/lIiIiliIiI,entity-related
liliIiIiII(52).class,rustme/liliIiIiII,java/lang/Object,kotlin-lambda-ish
liliIiIilI(10).class,rustme/liliIiIilI,java/lang/Object,misc
liliIiIliI(20).class,rustme/liliIiIliI,rustme/IIIiIiIliI,misc
liliIiiIiI(4).class,rustme/liliIiiIiI,java/lang/Object,gui-screen
liliIiiiII(36).class,rustme/liliIiiiII,java/lang/Object,kotlin-lambda-ish
liliIiilII(34).class,rustme/liliIiilII,java/lang/Object,misc
liliIiiliI(4).class,rustme/liliIiiliI,rustme/iIliIiiliI,misc
liliIilIiI(20).class,rustme/liliIilIiI,java/lang/Object,nbt
liliIiliII(34).class,rustme/liliIiliII,java/lang/Object,misc
liliIiliiI(4).class,rustme/liliIiliiI,rustme/lillIlIiiI,misc
liliIillII(18).class,rustme/liliIillII,java/lang/Object,misc
liliIilliI(4).class,rustme/liliIilliI,java/lang/Object,kotlin-lambda-ish
liliIlIIII(38).class,rustme/liliIlIIII,java/lang/Object,misc
liliIlIIiI(16).class,rustme/liliIlIIiI,java/lang/Object,network-packet
liliIlIiiI.class,rustme/liliIlIiiI,rustme/IliIIlIiiI,misc
liliIlIilI(6).class,rustme/liliIlIilI,java/lang/Object,misc
liliIlIliI(12).class,rustme/liliIlIliI,rustme/IIliIlIliI,misc
liliIliIiI(8).class,rustme/liliIliIiI,java/lang/Object,math-user
liliIliiII(24).class,rustme/liliIliiII,java/lang/Object,kotlin-lambda-ish
liliIlilII(18).class,rustme/liliIlilII,java/lang/Object,misc
liliIliliI(4).class,rustme/liliIliliI,kotlin/jvm/internal/FunctionReferenceImpl,kotlin-lambda-ish
liliIllIiI(12).class,rustme/liliIllIiI,rustme/llIiIllIiI,misc
liliIlliII(18).class,rustme/liliIlliII,java/lang/Object,misc
liliIlliiI(4).class,rustme/liliIlliiI,java/lang/Object,misc
liliIlllII(10).class,rustme/liliIlllII,java/lang/Object,misc
liliIllliI(4).class,rustme/liliIllliI,java/lang/Object,kotlin-lambda-ish
liliiIIIII(74).class,rustme/liliiIIIII,java/lang/Object,misc
liliiIIIiI(24).class,rustme/liliiIIIiI,java/lang/Object,tileentity
liliiIIiII(56).class,rustme/liliiIIiII,java/lang/Enum,enum
liliiIIilI(12).class,rustme/liliiIIilI,java/lang/Object,misc
liliiIIliI(24).class,rustme/liliiIIliI,rustme/IlilIIIliI,mod-widget
liliiIiIiI(8).class,rustme/liliiIiIiI,java/lang/Object,misc
liliiIiiII(40).class,rustme/liliiIiiII,java/lang/Object,kotlin-lambda-ish
liliiIilII(36).class,rustme/liliiIilII,java/lang/Object,misc
liliiIiliI(8).class,rustme/liliiIiliI,java/lang/Enum,enum
liliiIlIiI(24).class,rustme/liliiIlIiI,rustme/IIlllilIiI,misc
liliiIliII(36).class,rustme/liliiIliII,java/lang/Object,misc
liliiIliiI(8).class,rustme/liliiIliiI,rustme/IIIiliIIiI,misc
liliiIllII(20).class,rustme/liliiIllII,java/lang/Object,misc
liliiIlliI(8).class,rustme/liliiIlliI,java/lang/Object,kotlin-lambda-ish
liliiiIIiI(16).class,rustme/liliiiIIiI,rustme/iiIlIliIiI,tileentity
liliiiIiII(48).class,rustme/liliiiIiII,java/lang/Object,kotlin-lambda-ish
liliiiIlII(40).class,rustme/liliiiIlII,java/lang/Object,misc
liliiiIliI(16).class,rustme/liliiiIliI,kotlin/coroutines/jvm/internal/SuspendLambda,kotlin-coroutines
liliiiiIII(62).class,rustme/liliiiiIII,java/lang/Object,misc
liliiiiIiI.class,rustme/liliiiiIiI,rustme/iIlIiiiIiI,entity-renderer
liliiiiiII(32).class,rustme/liliiiiiII,java/lang/Object,kotlin-lambda-ish
liliiiiilI.class,rustme/liliiiiilI,java/lang/Object,misc
liliiiiliI.class,rustme/liliiiiliI,java/lang/Object,misc
liliiilIII(40).class,rustme/liliiilIII,java/lang/Object,misc
liliiilIiI(16).class,rustme/liliiilIiI,rustme/lliiiilIiI,world-related
liliiiliiI.class,rustme/liliiiliiI,rustme/IillilIiiI,tileentity
liliiililI.class,rustme/liliiililI,java/lang/Object,misc
liliiilliI.class,rustme/liliiilliI,java/lang/Object,network-netty
liliilIIiI(12).class,rustme/liliilIIiI,java/lang/Enum,enum
liliilIiII(28).class,rustme/liliilIiII,java/lang/Object,misc
liliilIlII(20).class,rustme/liliilIlII,java/lang/Object,misc
liliilIliI(8).class,rustme/liliilIliI,java/lang/Object,kotlin-lambda-ish
liliiliIII(32).class,rustme/liliiliIII,java/lang/Object,misc
liliiliIiI(4).class,rustme/liliiliIiI,rustme/IiliiliIiI,misc
liliiliiII(20).class,rustme/liliiliiII,java/lang/Object,kotlin-lambda-ish
liliiliilI.class,rustme/liliiliilI,java/lang/Object,misc
liliililiI.class,rustme/liliililiI,rustme/iiliililiI,misc
liliillIII(20).class,rustme/liliillIII,java/lang/Object,misc
liliillIiI(8).class,rustme/liliillIiI,java/lang/Object,block
liliilliiI.class,rustme/liliilliiI,rustme/IiiiilliiI,world-related
liliillliI.class,rustme/liliillliI,java/lang/Object,kotlin-lambda-ish
lililIIIII(36).class,rustme/lililIIIII,java/lang/Object,misc
lililIIIiI(12).class,rustme/lililIIIiI,java/lang/Object,misc
lililIIilI(6).class,rustme/lililIIilI,java/lang/Object,misc
lililIIliI(12).class,rustme/lililIIliI,java/lang/Object,misc
lililIiIiI(4).class,rustme/lililIiIiI,java/lang/Object,misc
lililIiiII(20).class,rustme/lililIiiII,java/lang/Object,kotlin-lambda-ish
lililIilII(18).class,rustme/lililIilII,java/lang/Object,misc
lililIiliI(4).class,rustme/lililIiliI,java/lang/Object,kotlin-lambda-ish
lililIlIiI(12).class,rustme/lililIlIiI,com/google/gson/TypeAdapter,json-gson
lililIliII(18).class,rustme/lililIliII,java/lang/Object,misc
lililIliiI(4).class,rustme/lililIliiI,java/lang/Object,world-related
lililIllII(10).class,rustme/lililIllII,java/lang/Object,misc
lililIlliI(4).class,rustme/lililIlliI,java/lang/Object,kotlin-lambda-ish
lililiIIiI(8).class,rustme/lililiIIiI,rustme/IIIiliIIiI,misc
lililiIiII(24).class,rustme/lililiIiII,rustme/illlIiIiII,kotlin-lambda-ish
lililiIlII(20).class,rustme/lililiIlII,java/lang/Object,misc
lililiIliI(8).class,rustme/lililiIliI,java/lang/Object,kotlin-lambda-ish
lililiiIII(30).class,rustme/lililiiIII,java/lang/Object,misc
lililiiIiI.class,rustme/lililiiIiI,java/lang/Object,misc
lililiiiII(16).class,rustme/lililiiiII,java/lang/Object,kotlin-lambda-ish
lililiiilI.class,rustme/lililiiilI,java/lang/Object,misc
lililiiliI.class,rustme/lililiiliI,rustme/IililiiliI,lambdas
lilililIII(20).class,rustme/lilililIII,java/lang/Object,misc
lilililIiI(8).class,rustme/lilililIiI,rustme/lIlililIiI,misc
lilililiiI.class,rustme/lilililiiI,java/lang/Object,misc
lililililI.class,rustme/lililililI,java/lang/Object,misc
lilililliI.class,rustme/lilililliI,java/lang/Enum,enum
lilillIIiI(8).class,rustme/lilillIIiI,rustme/illillIIiI,misc
lilillIiII(16).class,rustme/lilillIiII,java/lang/Object,misc
lilillIiiI.class,rustme/lilillIiiI,rustme/iliIIlIiiI,tileentity
lilillIlII(10).class,rustme/lilillIlII,java/lang/Object,misc
lilillIliI(4).class,rustme/lilillIliI,java/lang/Object,misc
lililliIII(18).class,rustme/lililliIII,java/lang/Object,misc
lililliIiI(4).class,rustme/lililliIiI,rustme/ilIilliIiI,world-related
lililliiII(12).class,rustme/lililliiII,java/lang/Object,kotlin-lambda-ish
lililliilI.class,rustme/lililliilI,java/lang/Object,misc
lililliliI.class,rustme/lililliliI,rustme/lIlilliliI,mod-widget
lililllIII(10).class,rustme/lililllIII,java/lang/Object,misc
lililllIiI(4).class,rustme/lililllIiI,java/lang/Object,misc
lilillliiI.class,rustme/lilillliiI,java/lang/Object,misc
lililllliI.class,rustme/lililllliI,java/lang/Object,kotlin-lambda-ish
lillIIIIiI(14).class,rustme/lillIIIIiI,java/lang/Object,misc
lillIIIiII(30).class,rustme/lillIIIiII,java/lang/Object,misc
lillIIIlII(23).class,rustme/lillIIIlII,java/lang/Object,misc
lillIIIliI(14).class,rustme/lillIIIliI,java/lang/Object,misc
lillIIiIII(34).class,rustme/lillIIiIII,java/lang/Object,misc
lillIIiIiI(6).class,rustme/lillIIiIiI,rustme/IIlliIiIiI,auth-profile
lillIIiiII(22).class,rustme/lillIIiiII,java/lang/Object,kotlin-lambda-ish
lillIIiilI(3).class,rustme/lillIIiilI,java/lang/Object,misc
lillIIiliI(6).class,rustme/lillIIiliI,java/lang/Object,misc
lillIIlIII(23).class,rustme/lillIIlIII,java/lang/Object,misc
lillIIlIiI(14).class,rustme/lillIIlIiI,java/lang/Object,entity-related
lillIIliiI(6).class,rustme/lillIIliiI,java/lang/Object,misc
lillIIlliI(6).class,rustme/lillIIlliI,java/lang/Object,kotlin-lambda-ish
lillIiIIII(36).class,rustme/lillIiIIII,java/lang/Object,misc
lillIiIIiI(10).class,rustme/lillIiIIiI,rustme/iilIlIiIiI,misc
lillIiIiII(26).class,rustme/lillIiIiII,java/lang/Object,misc
lillIiIilI(5).class,rustme/lillIiIilI,java/lang/Object,misc
lillIiIliI(10).class,rustme/lillIiIliI,java/lang/Object,misc
lillIiiIiI(2).class,rustme/lillIiiIiI,java/lang/Object,misc
lillIiiiII(18).class,rustme/lillIiiiII,java/lang/Object,kotlin-lambda-ish
lillIiilII(17).class,rustme/lillIiilII,java/lang/Object,misc
lillIiiliI(2).class,rustme/lillIiiliI,rustme/iIllIiiliI,misc
lillIilIiI(10).class,rustme/lillIilIiI,java/lang/Object,misc
lillIiliII(17).class,rustme/lillIiliII,java/lang/Object,misc
lillIiliiI(2).class,rustme/lillIiliiI,java/lang/Enum,enum
lillIillII(9).class,rustme/lillIillII,java/lang/Object,misc
lillIilliI(2).class,rustme/lillIilliI,java/lang/Object,misc
lillIlIIII(21).class,rustme/lillIlIIII,java/lang/Object,misc
lillIlIIiI(10).class,rustme/lillIlIIiI,rustme/iillIlIIiI,misc
lillIlIiiI(2).class,rustme/lillIlIiiI,rustme/iIIiIlIiiI,world-related
lillIlIilI(3).class,rustme/lillIlIilI,java/lang/Object,misc
lillIlIliI(6).class,rustme/lillIlIliI,java/lang/Object,misc
lillIliIiI(6).class,rustme/lillIliIiI,java/lang/Object,misc
lillIliiII(14).class,rustme/lillIliiII,java/lang/Object,kotlin-lambda-ish
lillIlilII(9).class,rustme/lillIlilII,java/lang/Object,misc
lillIliliI(2).class,rustme/lillIliliI,java/lang/Object,mod-widget
lillIllIiI(6).class,rustme/lillIllIiI,rustme/llIiIllIiI,misc
lillIlliII(9).class,rustme/lillIlliII,java/lang/Object,misc
lillIlliiI(2).class,rustme/lillIlliiI,java/lang/Enum,enum
lillIlllII(5).class,rustme/lillIlllII,java/lang/Object,misc
lillIllliI(2).class,rustme/lillIllliI,java/lang/Object,kotlin-lambda-ish
lilliIIIII(37).class,rustme/lilliIIIII,java/lang/Object,misc
lilliIIIiI(12).class,rustme/lilliIIIiI,rustme/llliiIIIiI,tileentity
lilliIIiII(28).class,rustme/lilliIIiII,java/lang/Enum,enum
lilliIIilI(6).class,rustme/lilliIIilI,java/lang/Object,misc
lilliIIliI(12).class,rustme/lilliIIliI,java/lang/Enum,enum
lilliIiIiI(4).class,rustme/lilliIiIiI,java/lang/Object,misc
lilliIiiII(20).class,rustme/lilliIiiII,java/lang/Object,kotlin-lambda-ish
lilliIilII(18).class,rustme/lilliIilII,java/lang/Object,misc
lilliIiliI(4).class,rustme/lilliIiliI,java/lang/Object,render-gl-wrapper
lilliIlIiI(12).class,rustme/lilliIlIiI,rustme/IIlliIlIiI,misc
lilliIliII(18).class,rustme/lilliIliII,java/lang/Object,misc
lilliIliiI(4).class,rustme/lilliIliiI,rustme/iIlliIliiI,entity-related
lilliIllII(10).class,rustme/lilliIllII,java/lang/Object,misc
lilliIlliI(4).class,rustme/lilliIlliI,java/lang/Object,kotlin-lambda-ish
lilliiIIiI(8).class,rustme/lilliiIIiI,rustme/lIiIiliIiI,misc
lilliiIiII(24).class,rustme/lilliiIiII,java/lang/Object,kotlin-lambda-ish
lilliiIlII(20).class,rustme/lilliiIlII,java/lang/Object,misc
lilliiIliI(8).class,rustme/lilliiIliI,rustme/IlIliiIliI,kotlin-lambda-ish
lilliiiIII(31).class,rustme/lilliiiIII,java/lang/Object,misc
lilliiiIiI.class,rustme/lilliiiIiI,rustme/IlilllliiI,misc
lilliiiiII(16).class,rustme/lilliiiiII,java/lang/Object,kotlin-lambda-ish
lilliiiilI.class,rustme/lilliiiilI,java/lang/Object,misc
lilliiiliI.class,rustme/lilliiiliI,java/lang/Object,mod-command-ish
lilliilIII(20).class,rustme/lilliilIII,java/lang/Object,misc
lilliilIiI(8).class,rustme/lilliilIiI,java/lang/Object,nbt
lilliiliiI.class,rustme/lilliiliiI,java/lang/Enum,enum
lilliililI.class,rustme/lilliililI,java/lang/Object,misc
lilliilliI.class,rustme/lilliilliI,java/lang/Object,misc
lillilIIiI(8).class,rustme/lillilIIiI,java/lang/Object,network-packet
lillilIiII(16).class,rustme/lillilIiII,java/lang/Object,misc
lillilIiiI.class,rustme/lillilIiiI,rustme/IillilIiiI,item-related
lillilIlII(10).class,rustme/lillilIlII,java/lang/Object,misc
lillilIliI(4).class,rustme/lillilIliI,java/lang/Object,misc
lilliliIII(18).class,rustme/lilliliIII,java/lang/Object,misc
lilliliIiI(4).class,rustme/lilliliIiI,rustme/iliIiliIiI,world-related
lilliliiII(12).class,rustme/lilliliiII,java/lang/Object,kotlin-lambda-ish
lilliliilI.class,rustme/lilliliilI,java/lang/Object,misc
lillililiI.class,rustme/lillililiI,rustme/llIiIliliI,mod-widget
lillillIII(10).class,rustme/lillillIII,java/lang/Object,misc
lillillIiI(4).class,rustme/lillillIiI,java/lang/Object,world-related
lillilliiI.class,rustme/lillilliiI,java/lang/Object,json-gson
lillillliI.class,rustme/lillillliI,java/lang/Object,kotlin-lambda-ish
lilllIIIII(18).class,rustme/lilllIIIII,java/lang/Object,misc
lilllIIIiI(6).class,rustme/lilllIIIiI,java/lang/Object,misc
lilllIIilI(3).class,rustme/lilllIIilI,java/lang/Object,misc
lilllIIliI(6).class,rustme/lilllIIliI,kotlin/jvm/internal/FunctionReferenceImpl,kotlin-lambda-ish
lilllIiIiI(2).class,rustme/lilllIiIiI,rustme/IiillIiIiI,misc
lilllIiiII(10).class,rustme/lilllIiiII,java/lang/Object,kotlin-lambda-ish
lilllIilII(9).class,rustme/lilllIilII,java/lang/Object,misc
lilllIiliI(2).class,rustme/lilllIiliI,java/lang/Object,misc
lilllIlIiI(6).class,rustme/lilllIlIiI,java/lang/Object,world-related
lilllIliII(9).class,rustme/lilllIliII,java/lang/Object,misc
lilllIliiI(2).class,rustme/lilllIliiI,java/lang/Object,world-related
lilllIllII(5).class,rustme/lilllIllII,java/lang/Object,misc
lilllIlliI(2).class,rustme/lilllIlliI,java/lang/Object,kotlin-lambda-ish
lillliIIiI(4).class,rustme/lillliIIiI,java/lang/Object,tileentity
lillliIiII(12).class,rustme/lillliIiII,java/lang/Object,misc
lillliIlII(10).class,rustme/lillliIlII,java/lang/Object,misc
lillliIliI(4).class,rustme/lillliIliI,java/lang/Object,kotlin-lambda-ish
lillliiIII(15).class,rustme/lillliiIII,java/lang/Object,misc
lillliiIiI.class,rustme/lillliiIiI,rustme/lIIlliiIiI,json-gson
lillliiiII(8).class,rustme/lillliiiII,java/lang/Object,kotlin-lambda-ish
lillliiilI.class,rustme/lillliiilI,java/lang/Object,misc
lillliiliI.class,rustme/lillliiliI,rustme/lilliiiliI,mod-command-ish
lilllilIII(10).class,rustme/lilllilIII,java/lang/Object,misc
lilllilIiI(4).class,rustme/lilllilIiI,rustme/iIIllilIiI,misc
lillliliiI.class,rustme/lillliliiI,rustme/IlIlliliiI,network-netty
lilllililI.class,rustme/lilllililI,java/lang/Object,misc
lilllilliI.class,rustme/lilllilliI,java/lang/Object,kotlin-lambda-ish
lillllIIiI(4).class,rustme/lillllIIiI,java/lang/Enum,enum
lillllIiII(8).class,rustme/lillllIiII,java/lang/Object,misc
lillllIiiI.class,rustme/lillllIiiI,java/lang/Object,block
lillllIlII(5).class,rustme/lillllIlII,java/lang/Object,misc
lillllIliI(2).class,rustme/lillllIliI,java/lang/Object,mod-widget
lilllliIII(9).class,rustme/lilllliIII,java/lang/Object,misc
lilllliIiI(2).class,rustme/lilllliIiI,rustme/lllIIliIiI,world-related
lilllliiII(6).class,rustme/lilllliiII,java/lang/Object,kotlin-lambda-ish
lilllliilI.class,rustme/lilllliilI,java/lang/Object,misc
lilllliliI.class,rustme/lilllliliI,java/lang/Enum,enum
lilllllIII(5).class,rustme/lilllllIII,java/lang/Object,misc
lilllllIiI(2).class,rustme/lilllllIiI,java/lang/Object,misc
lillllliiI.class,rustme/lillllliiI,java/lang/Object,block
lilllllliI.class,rustme/lilllllliI,java/lang/Object,kotlin-lambda-ish
llIIIIIIiI(31).class,rustme/llIIIIIIiI,java/lang/Object,misc
llIIIIIiII(61).class,rustme/llIIIIIiII,java/lang/Object,misc
llIIIIIlII(47).class,rustme/llIIIIIlII,java/lang/Object,misc
llIIIIIliI(31).class,rustme/llIIIIIliI,rustme/IlilIIIliI,mod-widget
llIIIIiIII(69).class,rustme/llIIIIiIII,java/lang/Object,misc
llIIIIiIiI(15).class,rustme/llIIIIiIiI,java/lang/Object,entity-related
llIIIIiiII(47).class,rustme/llIIIIiiII,java/lang/Object,kotlin-lambda-ish
llIIIIiilI(7).class,rustme/llIIIIiilI,java/lang/Object,misc
llIIIIiliI(15).class,rustme/llIIIIiliI,java/lang/Object,misc
llIIIIlIII(47).class,rustme/llIIIIlIII,java/lang/Object,misc
llIIIIlIiI(31).class,rustme/llIIIIlIiI,java/lang/Object,misc
llIIIIliiI(15).class,rustme/llIIIIliiI,rustme/lIlliIliiI,network-packet
llIIIIlliI(15).class,rustme/llIIIIlliI,java/lang/Object,kotlin-lambda-ish
llIIIiIIII(73).class,rustme/llIIIiIIII,java/lang/Object,misc
llIIIiIIiI(23).class,rustme/llIIIiIIiI,rustme/IIlIIliIiI,world-related
llIIIiIiII(55).class,rustme/llIIIiIiII,java/lang/Object,kotlin-lambda-ish
llIIIiIilI(11).class,rustme/llIIIiIilI,java/lang/Object,misc
llIIIiIliI(23).class,rustme/llIIIiIliI,java/lang/Object,kotlin-lambda-ish
llIIIiiIiI(7).class,rustme/llIIIiiIiI,rustme/lilIIiiIiI,misc
llIIIiiiII(39).class,rustme/llIIIiiiII,java/lang/Object,kotlin-lambda-ish
llIIIiilII(35).class,rustme/llIIIiilII,java/lang/Object,misc
llIIIiiliI(7).class,rustme/llIIIiiliI,java/lang/Object,kotlin-lambda-ish
llIIIilIiI(23).class,rustme/llIIIilIiI,java/lang/Enum,enum
llIIIiliII(35).class,rustme/llIIIiliII,java/lang/Object,misc
llIIIiliiI(7).class,rustme/llIIIiliiI,java/lang/Object,misc
llIIIillII(19).class,rustme/llIIIillII,java/lang/Object,misc
llIIIilliI(7).class,rustme/llIIIilliI,java/lang/Object,misc
llIIIlIIII(39).class,rustme/llIIIlIIII,java/lang/Object,misc
llIIIlIIiI(19).class,rustme/llIIIlIIiI,java/lang/Object,misc
llIIIlIiiI(3).class,rustme/llIIIlIiiI,rustme/IillilIiiI,tileentity
llIIIlIilI(7).class,rustme/llIIIlIilI,java/lang/Object,misc
llIIIlIliI(15).class,rustme/llIIIlIliI,kotlin/coroutines/jvm/internal/ContinuationImpl,kotlin-coroutines
llIIIliIiI(11).class,rustme/llIIIliIiI,java/lang/Object,entity-related
llIIIliiII(27).class,rustme/llIIIliiII,java/lang/Object,kotlin-lambda-ish
llIIIlilII(19).class,rustme/llIIIlilII,java/lang/Object,misc
llIIIliliI(7).class,rustme/llIIIliliI,rustme/iiIliiIliI,gui-screen
llIIIllIiI(15).class,rustme/llIIIllIiI,rustme/llIiIllIiI,misc
llIIIlliII(19).class,rustme/llIIIlliII,java/lang/Object,misc
llIIIlliiI(7).class,rustme/llIIIlliiI,rustme/IIlIIlliiI,misc
llIIIlllII(11).class,rustme/llIIIlllII,java/lang/Object,misc
llIIIllliI(7).class,rustme/llIIIllliI,java/lang/Object,kotlin-lambda-ish
llIIiIIIII(75).class,rustme/llIIiIIIII,java/lang/Object,misc
llIIiIIIiI(27).class,rustme/llIIiIIIiI,rustme/llliiIIIiI,tileentity
llIIiIIiII(59).class,rustme/llIIiIIiII,java/lang/Enum,enum
llIIiIIilI(13).class,rustme/llIIiIIilI,java/lang/Object,misc
llIIiIIliI(27).class,rustme/llIIiIIliI,rustme/IliIIiIliI,mod-widget
llIIiIiIiI(11).class,rustme/llIIiIiIiI,java/lang/Object,network-packet
llIIiIiiII(43).class,rustme/llIIiIiiII,java/lang/Object,kotlin-lambda-ish
llIIiIilII(37).class,rustme/llIIiIilII,java/lang/Object,misc
llIIiIiliI(11).class,rustme/llIIiIiliI,rustme/liIliIiliI,render-shader-loader
llIIiIlIiI(27).class,rustme/llIIiIlIiI,java/lang/Object,block
llIIiIliII(37).class,rustme/llIIiIliII,java/lang/Object,misc
llIIiIliiI(11).class,rustme/llIIiIliiI,java/lang/Object,misc
llIIiIllII(21).class,rustme/llIIiIllII,java/lang/Object,misc
llIIiIlliI(11).class,rustme/llIIiIlliI,java/lang/Object,kotlin-lambda-ish
llIIiiIIiI(19).class,rustme/llIIiiIIiI,java/lang/Object,entity-related
llIIiiIiII(51).class,rustme/llIIiiIiII,java/lang/Object,kotlin-lambda-ish
llIIiiIlII(41).class,rustme/llIIiiIlII,java/lang/Object,misc
llIIiiIliI(19).class,rustme/llIIiiIliI,java/lang/Object,mod-widget
llIIiiiIII(63).class,rustme/llIIiiiIII,java/lang/Object,misc
llIIiiiIiI(3).class,rustme/llIIiiiIiI,rustme/iIlIiiiIiI,entity-renderer
llIIiiiiII(35).class,rustme/llIIiiiiII,java/lang/Object,kotlin-lambda-ish
llIIiiiilI(1).class,rustme/llIIiiiilI,java/lang/Object,misc
llIIiiiliI(3).class,rustme/llIIiiiliI,java/lang/Object,misc
llIIiilIII(41).class,rustme/llIIiilIII,java/lang/Object,misc
llIIiilIiI(19).class,rustme/llIIiilIiI,rustme/lliiiilIiI,entity-related
llIIiiliiI(3).class,rustme/llIIiiliiI,rustme/IilIiiliiI,block
llIIiililI(1).class,rustme/llIIiililI,java/lang/Object,misc
llIIiilliI(3).class,rustme/llIIiilliI,java/lang/Object,kotlin-lambda-ish
llIIilIIiI(15).class,rustme/llIIilIIiI,java/lang/Object,network-packet
llIIilIiII(29).class,rustme/llIIilIiII,java/lang/Object,misc
llIIilIlII(21).class,rustme/llIIilIlII,java/lang/Object,misc
llIIilIliI(11).class,rustme/llIIilIliI,java/lang/Enum,enum
llIIiliIII(33).class,rustme/llIIiliIII,java/lang/Object,misc
llIIiliIiI(7).class,rustme/llIIiliIiI,java/lang/Object,misc
llIIiliiII(23).class,rustme/llIIiliiII,java/lang/Object,kotlin-lambda-ish
llIIiliilI(1).class,rustme/llIIiliilI,java/lang/Object,misc
llIIililiI(3).class,rustme/llIIililiI,rustme/IlilIIIliI,mod-widget
llIIillIII(21).class,rustme/llIIillIII,java/lang/Object,misc
llIIillIiI(11).class,rustme/llIIillIiI,java/lang/Enum,world-related
llIIilliiI(3).class,rustme/llIIilliiI,java/lang/Object,json-gson
llIIillliI(3).class,rustme/llIIillliI,java/lang/Object,kotlin-lambda-ish
llIIlIIIII(37).class,rustme/llIIlIIIII,java/lang/Object,misc
llIIlIIIiI(15).class,rustme/llIIlIIIiI,io/netty/handler/codec/MessageToByteEncoder,network-netty
llIIlIIilI(7).class,rustme/llIIlIIilI,java/lang/Object,misc
llIIlIIliI(15).class,rustme/llIIlIIliI,java/lang/Object,kotlin-lambda-ish
llIIlIiIiI(7).class,rustme/llIIlIiIiI,java/lang/Object,world-related
llIIlIiiII(23).class,rustme/llIIlIiiII,java/lang/Object,kotlin-lambda-ish
llIIlIilII(19).class,rustme/llIIlIilII,java/lang/Object,misc
llIIlIiliI(7).class,rustme/llIIlIiliI,java/lang/Object,kotlin-lambda-ish
llIIlIlIiI(15).class,rustme/llIIlIlIiI,java/lang/Object,misc
llIIlIliII(19).class,rustme/llIIlIliII,java/lang/Object,misc
llIIlIliiI(7).class,rustme/llIIlIliiI,rustme/lililIliiI,particle
llIIlIllII(11).class,rustme/llIIlIllII,java/lang/Object,misc
llIIlIlliI(7).class,rustme/llIIlIlliI,java/lang/Object,kotlin-lambda-ish
llIIliIIiI(11).class,rustme/llIIliIIiI,java/lang/Object,misc
llIIliIiII(27).class,rustme/llIIliIiII,rustme/iIllIiIiII,kotlin-lambda-ish
llIIliIlII(21).class,rustme/llIIliIlII,java/lang/Object,misc
llIIliIliI(11).class,rustme/llIIliIliI,java/lang/Object,misc
llIIliiIII(31).class,rustme/llIIliiIII,java/lang/Object,misc
llIIliiIiI(3).class,rustme/llIIliiIiI,java/lang/Object,misc
llIIliiiII(19).class,rustme/llIIliiiII,java/lang/Object,kotlin-lambda-ish
llIIliiilI(1).class,rustme/llIIliiilI,java/lang/Object,misc
llIIliiliI(3).class,rustme/llIIliiliI,rustme/lliiiiiIiI,misc
llIIlilIII(21).class,rustme/llIIlilIII,java/lang/Object,misc
llIIlilIiI(11).class,rustme/llIIlilIiI,rustme/IilIlilIiI,misc
llIIliliiI(3).class,rustme/llIIliliiI,java/lang/Object,misc
llIIlililI(1).class,rustme/llIIlililI,java/lang/Object,misc
llIIlilliI(3).class,rustme/llIIlilliI,java/lang/Object,kotlin-lambda-ish
llIIllIIiI(11).class,rustme/llIIllIIiI,java/lang/Object,network-netty
llIIllIiII(17).class,rustme/llIIllIiII,java/lang/Object,misc
llIIllIiiI(3).class,rustme/llIIllIiiI,rustme/IIiIllIiiI,tileentity
llIIllIlII(11).class,rustme/llIIllIlII,java/lang/Object,misc
llIIllIliI(7).class,rustme/llIIllIliI,java/lang/Object,misc
llIIlliIII(19).class,rustme/llIIlliIII,java/lang/Object,misc
llIIlliIiI(7).class,rustme/llIIlliIiI,java/lang/Object,misc
llIIlliiII(15).class,rustme/llIIlliiII,java/lang/Object,kotlin-lambda-ish
llIIlliilI(1).class,rustme/llIIlliilI,java/lang/Object,misc
llIIlliliI(3).class,rustme/llIIlliliI,rustme/iiIliiIliI,network-packet
llIIlllIII(11).class,rustme/llIIlllIII,java/lang/Object,misc
llIIlllIiI(7).class,rustme/llIIlllIiI,java/lang/Thread,misc
llIIllliiI(3).class,rustme/llIIllliiI,java/lang/Object,misc
llIIlllliI(3).class,rustme/llIIlllliI,java/lang/Object,kotlin-lambda-ish
llIiIIIIII(76).class,rustme/llIiIIIIII,java/lang/Object,misc
llIiIIIIiI(29).class,rustme/llIiIIIIiI,rustme/liIIiIIIiI,misc
llIiIIIilI(14).class,rustme/llIiIIIilI,java/lang/Object,misc
llIiIIIliI(29).class,rustme/llIiIIIliI,java/lang/Object,misc
llIiIIiIiI(13).class,rustme/llIiIIiIiI,rustme/IIlliIiIiI,world-related
llIiIIiiII(45).class,rustme/llIiIIiiII,java/lang/Object,kotlin-lambda-ish
llIiIIilII(38).class,rustme/llIiIIilII,java/lang/Object,misc
llIiIIiliI(13).class,rustme/llIiIIiliI,java/lang/Object,misc
llIiIIlIiI(29).class,rustme/llIiIIlIiI,rustme/IIIiIIlIiI,misc
llIiIIliII(38).class,rustme/llIiIIliII,java/lang/Object,misc
llIiIIliiI(13).class,rustme/llIiIIliiI,rustme/lIlliIliiI,network-packet
llIiIIllII(22).class,rustme/llIiIIllII,java/lang/Object,misc
llIiIIlliI(13).class,rustme/llIiIIlliI,java/lang/Object,kotlin-lambda-ish
llIiIiIIiI(21).class,rustme/llIiIiIIiI,rustme/lIlIIliIiI,tileentity
llIiIiIiII(53).class,rustme/llIiIiIiII,java/lang/Object,kotlin-lambda-ish
llIiIiIlII(42).class,rustme/llIiIiIlII,java/lang/Object,misc
llIiIiIliI(21).class,rustme/llIiIiIliI,java/lang/Object,misc
llIiIiiIII(64).class,rustme/llIiIiiIII,java/lang/Object,misc
llIiIiiIiI(5).class,rustme/llIiIiiIiI,rustme/ilIiiiiIiI,entity-renderer
llIiIiiiII(37).class,rustme/llIiIiiiII,java/lang/Object,kotlin-lambda-ish
llIiIiiilI(2).class,rustme/llIiIiiilI,java/lang/Object,misc
llIiIiiliI(5).class,rustme/llIiIiiliI,rustme/iiliIiiliI,misc
llIiIilIII(42).class,rustme/llIiIilIII,java/lang/Object,misc
llIiIilIiI(21).class,rustme/llIiIilIiI,java/lang/Object,misc
llIiIiliiI(5).class,rustme/llIiIiliiI,rustme/IllIiiliiI,tileentity
llIiIililI(2).class,rustme/llIiIililI,java/lang/Object,misc
llIiIilliI(5).class,rustme/llIiIilliI,java/lang/Object,misc
llIiIlIIiI(17).class,rustme/llIiIlIIiI,java/lang/Object,network-packet
llIiIlIiII(30).class,rustme/llIiIlIiII,java/lang/Object,misc
llIiIlIiiI(1).class,rustme/llIiIlIiiI,rustme/IillilIiiI,item-related
llIiIlIlII(22).class,rustme/llIiIlIlII,java/lang/Object,misc
llIiIlIliI(13).class,rustme/llIiIlIliI,java/lang/Object,misc
llIiIliIII(34).class,rustme/llIiIliIII,java/lang/Object,misc
llIiIliIiI(9).class,rustme/llIiIliIiI,java/lang/Object,world-related
llIiIliiII(25).class,rustme/llIiIliiII,java/lang/Object,kotlin-lambda-ish
llIiIliilI(2).class,rustme/llIiIliilI,java/lang/Object,misc
llIiIliliI(5).class,rustme/llIiIliliI,java/lang/Object,mod-widget
llIiIllIII(22).class,rustme/llIiIllIII,java/lang/Object,misc
llIiIllIiI(13).class,rustme/llIiIllIiI,java/lang/Object,misc
llIiIlliiI(5).class,rustme/llIiIlliiI,java/lang/Object,json-gson
llIiIllliI(5).class,rustme/llIiIllliI,java/lang/Object,kotlin-lambda-ish
llIiiIIIiI(25).class,rustme/llIiiIIIiI,java/lang/Object,tileentity
llIiiIIiII(57).class,rustme/llIiiIIiII,java/lang/Enum,enum
llIiiIIlII(44).class,rustme/llIiiIIlII,java/lang/Object,misc
llIiiIIliI(25).class,rustme/llIiiIIliI,java/lang/Object,kotlin-lambda-ish
llIiiIiIII(66).class,rustme/llIiiIiIII,java/lang/Object,misc
llIiiIiIiI(9).class,rustme/llIiiIiIiI,rustme/lllililIiI,misc
llIiiIiiII(41).class,rustme/llIiiIiiII,java/lang/Object,kotlin-lambda-ish
llIiiIiilI(4).class,rustme/llIiiIiilI,java/lang/Object,misc
llIiiIiliI(9).class,rustme/llIiiIiliI,java/lang/Object,lambdas
llIiiIlIII(44).class,rustme/llIiiIlIII,java/lang/Object,misc
llIiiIlIiI(25).class,rustme/llIiiIlIiI,java/lang/Object,misc
llIiiIliiI(9).class,rustme/llIiiIliiI,rustme/IiliiIliiI,gui-textures
llIiiIlilI(4).class,rustme/llIiiIlilI,java/lang/Object,misc
llIiiIlliI(9).class,rustme/llIiiIlliI,java/lang/Object,kotlin-lambda-ish
llIiiiIIII(70).class,rustme/llIiiiIIII,java/lang/Object,misc
llIiiiIIiI(17).class,rustme/llIiiiIIiI,rustme/iliIiliIiI,misc
llIiiiIiII(49).class,rustme/llIiiiIiII,java/lang/Object,kotlin-lambda-ish
llIiiiIilI(8).class,rustme/llIiiiIilI,java/lang/Object,misc
llIiiiIliI(17).class,rustme/llIiiiIliI,java/lang/Object,mod-widget
llIiiiiIiI(1).class,rustme/llIiiiiIiI,rustme/lliiiiiIiI,entity-renderer
llIiiiiiII(33).class,rustme/llIiiiiiII,java/lang/Object,kotlin-lambda-ish
llIiiiilII(32).class,rustme/llIiiiilII,java/lang/Object,misc
llIiiiiliI(1).class,rustme/llIiiiiliI,java/lang/Object,misc
llIiiilIiI(17).class,rustme/llIiiilIiI,java/lang/Enum,enum
llIiiiliII(32).class,rustme/llIiiiliII,java/lang/Object,misc
llIiiiliiI(1).class,rustme/llIiiiliiI,java/lang/Enum,enum
llIiiillII(16).class,rustme/llIiiillII,java/lang/Object,misc
llIiiilliI(1).class,rustme/llIiiilliI,java/lang/Object,gui-screen
llIiilIIII(36).class,rustme/llIiilIIII,java/lang/Object,misc
llIiilIIiI(13).class,rustme/llIiilIIiI,java/lang/Object,misc
llIiilIilI(4).class,rustme/llIiilIilI,java/lang/Object,misc
llIiilIliI(9).class,rustme/llIiilIliI,java/lang/Object,kotlin-lambda-ish
llIiiliIiI(5).class,rustme/llIiiliIiI,java/lang/Enum,enum
llIiiliiII(21).class,rustme/llIiiliiII,java/lang/Object,kotlin-lambda-ish
llIiililII(16).class,rustme/llIiililII,java/lang/Object,misc
llIiililiI(1).class,rustme/llIiililiI,rustme/IlilIIIliI,mod-widget
llIiillIiI(9).class,rustme/llIiillIiI,java/lang/Object,misc
llIiilliII(16).class,rustme/llIiilliII,java/lang/Object,misc
llIiilliiI(1).class,rustme/llIiilliiI,java/lang/Object,misc
llIiilllII(8).class,rustme/llIiilllII,java/lang/Object,misc
llIiillliI(1).class,rustme/llIiillliI,java/lang/Object,kotlin-lambda-ish
llIilIIIiI(13).class,rustme/llIilIIIiI,java/lang/Object,misc
llIilIIiII(28).class,rustme/llIilIIiII,java/lang/Object,misc
llIilIIlII(22).class,rustme/llIilIIlII,java/lang/Object,misc
llIilIIliI(13).class,rustme/llIilIIliI,rustme/IililIIliI,misc
llIilIiIII(32).class,rustme/llIilIiIII,java/lang/Object,misc
llIilIiIiI(5).class,rustme/llIilIiIiI,java/lang/Object,misc
llIilIiiII(21).class,rustme/llIilIiiII,java/lang/Object,kotlin-lambda-ish
llIilIiilI(2).class,rustme/llIilIiilI,java/lang/Object,misc
llIilIiliI(5).class,rustme/llIilIiliI,java/lang/Object,misc
llIilIlIII(22).class,rustme/llIilIlIII,java/lang/Object,misc
llIilIlIiI(13).class,rustme/llIilIlIiI,rustme/llllIIlIiI,misc
llIilIliiI(5).class,rustme/llIilIliiI,rustme/lililIliiI,particle
llIilIlliI(5).class,rustme/llIilIlliI,java/lang/Object,kotlin-lambda-ish
llIiliIIII(34).class,rustme/llIiliIIII,java/lang/Object,misc
llIiliIIiI(9).class,rustme/llIiliIIiI,rustme/lllIliIIiI,misc
llIiliIiII(25).class,rustme/llIiliIiII,java/lang/Object,kotlin-lambda-ish
llIiliIilI(4).class,rustme/llIiliIilI,java/lang/Object,misc
llIiliIliI(9).class,rustme/llIiliIliI,java/lang/Object,misc
llIiliiIiI(1).class,rustme/llIiliiIiI,java/lang/Object,misc
llIiliiiII(17).class,rustme/llIiliiiII,java/lang/Object,kotlin-lambda-ish
llIiliilII(16).class,rustme/llIiliilII,java/lang/Object,misc
llIiliiliI(1).class,rustme/llIiliiliI,rustme/iililiiliI,misc
llIililIiI(9).class,rustme/llIililIiI,java/lang/Object,misc
llIililiII(16).class,rustme/llIililiII,java/lang/Object,misc
llIililiiI(1).class,rustme/llIililiiI,java/lang/Object,misc
llIilillII(8).class,rustme/llIilillII,java/lang/Object,misc
llIililliI(1).class,rustme/llIililliI,java/lang/Object,misc
llIillIIII(20).class,rustme/llIillIIII,java/lang/Object,misc
llIillIIiI(9).class,rustme/llIillIIiI,rustme/ilIillIIiI,misc
llIillIiiI(1).class,rustme/llIillIiiI,rustme/IillilIiiI,tileentity
llIillIilI(2).class,rustme/llIillIilI,java/lang/Object,misc
llIillIliI(5).class,rustme/llIillIliI,java/lang/Object,misc
llIilliIiI(5).class,rustme/llIilliIiI,rustme/IiiiiilIiI,network-netty
llIilliiII(13).class,rustme/llIilliiII,java/lang/Object,kotlin-lambda-ish
llIillilII(8).class,rustme/llIillilII,java/lang/Object,misc
llIilliliI(1).class,rustme/llIilliliI,kotlin/jvm/internal/MutablePropertyReference1Impl,misc
llIilllIiI(5).class,rustme/llIilllIiI,java/lang/Object,misc
llIillliII(8).class,rustme/llIillliII,java/lang/Object,misc
llIillliiI(1).class,rustme/llIillliiI,java/lang/Object,misc
llIillllII(4).class,rustme/llIillllII,java/lang/Object,misc
llIilllliI(1).class,rustme/llIilllliI,java/lang/Object,kotlin-lambda-ish
llIlIIIIII(38).class,rustme/llIlIIIIII,java/lang/Object,misc
llIlIIIIiI(15).class,rustme/llIlIIIIiI,java/lang/Object,misc
llIlIIIilI(7).class,rustme/llIlIIIilI,java/lang/Object,misc
llIlIIIliI(15).class,rustme/llIlIIIliI,java/lang/Object,misc
llIlIIiIiI(7).class,rustme/llIlIIiIiI,rustme/IIlliIiIiI,misc
llIlIIiiII(23).class,rustme/llIlIIiiII,java/lang/Object,kotlin-lambda-ish
llIlIIilII(19).class,rustme/llIlIIilII,java/lang/Object,misc
llIlIIiliI(7).class,rustme/llIlIIiliI,java/lang/Object,world-related
llIlIIlIiI(15).class,rustme/llIlIIlIiI,rustme/iIIlIIlIiI,json-gson
llIlIIliII(19).class,rustme/llIlIIliII,java/lang/Object,misc
llIlIIliiI(7).class,rustme/llIlIIliiI,java/lang/Object,misc
llIlIIllII(11).class,rustme/llIlIIllII,java/lang/Object,misc
llIlIIlliI(7).class,rustme/llIlIIlliI,java/lang/Object,kotlin-lambda-ish
llIlIiIIiI(11).class,rustme/llIlIiIIiI,rustme/llIIlIiIiI,world-related
llIlIiIiII(27).class,rustme/llIlIiIiII,rustme/IillIiIiII,misc
llIlIiIlII(21).class,rustme/llIlIiIlII,java/lang/Object,misc
llIlIiIliI(11).class,rustme/llIlIiIliI,rustme/IliIIiIliI,mod-widget
llIlIiiIII(32).class,rustme/llIlIiiIII,java/lang/Object,misc
llIlIiiIiI(3).class,rustme/llIlIiiIiI,java/lang/Object,render-shader-loader
llIlIiiiII(19).class,rustme/llIlIiiiII,java/lang/Object,kotlin-lambda-ish
llIlIiiilI(1).class,rustme/llIlIiiilI,java/lang/Object,misc
llIlIiiliI(3).class,rustme/llIlIiiliI,rustme/iillIiiliI,misc
llIlIilIII(21).class,rustme/llIlIilIII,java/lang/Object,misc
llIlIilIiI(11).class,rustme/llIlIilIiI,java/lang/Object,misc
llIlIiliiI(3).class,rustme/llIlIiliiI,rustme/lIllIiliiI,misc
llIlIililI(1).class,rustme/llIlIililI,java/lang/Object,misc
llIlIilliI(3).class,rustme/llIlIilliI,java/lang/Object,misc
llIlIlIIiI(10).class,rustme/llIlIlIIiI,java/lang/Object,misc
llIlIlIiII(16).class,rustme/llIlIlIiII,java/lang/Object,misc
llIlIlIiiI(2).class,rustme/llIlIlIiiI,java/lang/Enum,block
llIlIlIlII(11).class,rustme/llIlIlIlII,java/lang/Object,misc
llIlIlIliI(7).class,rustme/llIlIlIliI,java/lang/Object,misc
llIlIliIII(18).class,rustme/llIlIliIII,java/lang/Object,misc
llIlIliIiI(6).class,rustme/llIlIliIiI,java/lang/Enum,enum
llIlIliiII(14).class,rustme/llIlIliiII,java/lang/Object,kotlin-lambda-ish
llIlIliilI(1).class,rustme/llIlIliilI,java/lang/Object,misc
llIlIliliI(3).class,rustme/llIlIliliI,java/lang/Object,kotlin-lambda-ish
llIlIllIII(11).class,rustme/llIlIllIII,java/lang/Object,misc
llIlIllIiI(7).class,rustme/llIlIllIiI,rustme/llIiIllIiI,misc
llIlIlliiI(3).class,rustme/llIlIlliiI,java/lang/Object,math-user
llIlIllliI(3).class,rustme/llIlIllliI,java/lang/Object,kotlin-lambda-ish
llIliIIIiI(13).class,rustme/llIliIIIiI,rustme/iIlliIIIiI,misc
llIliIIiII(29).class,rustme/llIliIIiII,java/lang/Object,misc
llIliIIlII(22).class,rustme/llIliIIlII,java/lang/Object,misc
llIliIIliI(13).class,rustme/llIliIIliI,java/lang/Object,misc
llIliIiIII(33).class,rustme/llIliIiIII,java/lang/Object,misc
llIliIiIiI(5).class,rustme/llIliIiIiI,java/lang/Object,misc
llIliIiiII(21).class,rustme/llIliIiiII,java/lang/Object,kotlin-lambda-ish
llIliIiilI(2).class,rustme/llIliIiilI,java/lang/Object,misc
llIliIiliI(5).class,rustme/llIliIiliI,java/lang/Object,misc
llIliIlIII(22).class,rustme/llIliIlIII,java/lang/Object,misc
llIliIlIiI(13).class,rustme/llIliIlIiI,rustme/IIlliIlIiI,misc
llIliIliiI(5).class,rustme/llIliIliiI,java/lang/Object,misc
llIliIlilI(2).class,rustme/llIliIlilI,java/lang/Object,misc
llIliIlliI(5).class,rustme/llIliIlliI,java/lang/Object,kotlin-lambda-ish
llIliiIIII(35).class,rustme/llIliiIIII,java/lang/Object,misc
llIliiIIiI(9).class,rustme/llIliiIIiI,java/lang/Object,misc
llIliiIiII(25).class,rustme/llIliiIiII,java/lang/Object,kotlin-lambda-ish
llIliiIilI(4).class,rustme/llIliiIilI,java/lang/Object,misc
llIliiIliI(9).class,rustme/llIliiIliI,rustme/IliIIiIliI,mod-ui
llIliiiIiI(1).class,rustme/llIliiiIiI,rustme/iIlIiiiIiI,entity-renderer
llIliiiiII(17).class,rustme/llIliiiiII,java/lang/Object,kotlin-lambda-ish
llIliiilII(16).class,rustme/llIliiilII,java/lang/Object,misc
llIliiiliI(1).class,rustme/llIliiiliI,rustme/lilliiiliI,mod-command-ish
llIliilIiI(9).class,rustme/llIliilIiI,java/lang/Object,nbt
llIliiliII(16).class,rustme/llIliiliII,java/lang/Object,misc
llIliiliiI(1).class,rustme/llIliiliiI,rustme/IillilIiiI,tileentity
llIliillII(8).class,rustme/llIliillII,java/lang/Object,misc
llIliilliI(1).class,rustme/llIliilliI,java/lang/Object,misc
llIlilIIII(19).class,rustme/llIlilIIII,java/lang/Object,misc
llIlilIIiI(8).class,rustme/llIlilIIiI,java/lang/Object,network-packet
llIlilIiiI.class,rustme/llIlilIiiI,java/lang/Object,misc
llIlilIilI(2).class,rustme/llIlilIilI,java/lang/Object,misc
llIlilIliI(5).class,rustme/llIlilIliI,java/lang/Object,kotlin-lambda-ish
llIliliIiI(4).class,rustme/llIliliIiI,rustme/iliIiliIiI,world-related
llIliliiII(12).class,rustme/llIliliiII,java/lang/Object,kotlin-lambda-ish
llIlililII(8).class,rustme/llIlililII,java/lang/Object,misc
llIlililiI(1).class,rustme/llIlililiI,java/lang/Object,kotlin-lambda-ish
llIlillIiI(5).class,rustme/llIlillIiI,java/lang/Object,misc
llIlilliII(8).class,rustme/llIlilliII,java/lang/Object,misc
llIlilliiI(1).class,rustme/llIlilliiI,java/lang/Object,misc
llIlilllII(4).class,rustme/llIlilllII,java/lang/Object,misc
llIlillliI(1).class,rustme/llIlillliI,java/lang/Object,kotlin-lambda-ish
llIllIIIiI(7).class,rustme/llIllIIIiI,java/lang/Object,misc
llIllIIiII(14).class,rustme/llIllIIiII,java/lang/Object,misc
llIllIIlII(11).class,rustme/llIllIIlII,java/lang/Object,misc
llIllIIliI(7).class,rustme/llIllIIliI,kotlin/jvm/internal/FunctionReferenceImpl,kotlin-lambda-ish
llIllIiIII(16).class,rustme/llIllIiIII,java/lang/Object,misc
llIllIiIiI(3).class,rustme/llIllIiIiI,java/lang/Object,misc
llIllIiiII(11).class,rustme/llIllIiiII,java/lang/Object,kotlin-lambda-ish
llIllIiilI(1).class,rustme/llIllIiilI,java/lang/Object,misc
llIllIiliI(3).class,rustme/llIllIiliI,java/lang/Object,gui-screen
llIllIlIII(11).class,rustme/llIllIlIII,java/lang/Object,misc
llIllIlIiI(7).class,rustme/llIllIlIiI,java/lang/Object,world-related
llIllIliiI(3).class,rustme/llIllIliiI,java/lang/Object,misc
llIllIlliI(3).class,rustme/llIllIlliI,java/lang/Object,kotlin-lambda-ish
llIlliIIII(17).class,rustme/llIlliIIII,java/lang/Object,misc
llIlliIIiI(5).class,rustme/llIlliIIiI,java/lang/Object,misc
llIlliIiII(13).class,rustme/llIlliIiII,java/lang/Object,misc
llIlliIilI(2).class,rustme/llIlliIilI,java/lang/Object,misc
llIlliIliI(5).class,rustme/llIlliIliI,rustme/IliIIiIliI,mod-widget
llIlliiIiI(1).class,rustme/llIlliiIiI,java/lang/Object,misc
llIlliiiII(9).class,rustme/llIlliiiII,java/lang/Object,kotlin-lambda-ish
llIlliilII(8).class,rustme/llIlliilII,java/lang/Object,misc
llIlliiliI(1).class,rustme/llIlliiliI,rustme/lilliiiliI,mod-command-ish
llIllilIiI(5).class,rustme/llIllilIiI,java/lang/Object,misc
llIlliliII(8).class,rustme/llIlliliII,java/lang/Object,misc
llIlliliiI(1).class,rustme/llIlliliiI,java/lang/Object,misc
llIllillII(4).class,rustme/llIllillII,java/lang/Object,misc
llIllilliI(1).class,rustme/llIllilliI,java/lang/Object,kotlin-lambda-ish
llIlllIIII(10).class,rustme/llIlllIIII,java/lang/Object,misc
llIlllIIiI(5).class,rustme/llIlllIIiI,java/lang/Object,misc
llIlllIiiI(1).class,rustme/llIlllIiiI,rustme/IiiiIlIiiI,world-related
llIlllIilI(1).class,rustme/llIlllIilI,java/lang/Object,misc
llIlllIliI(3).class,rustme/llIlllIliI,java/lang/Object,kotlin-lambda-ish
llIllliIiI(3).class,rustme/llIllliIiI,java/lang/Object,misc
llIllliiII(7).class,rustme/llIllliiII,java/lang/Object,kotlin-lambda-ish
llIlllilII(4).class,rustme/llIlllilII,java/lang/Object,misc
llIllliliI(1).class,rustme/llIllliliI,rustme/llIIlliliI,mod-widget
llIllllIiI(3).class,rustme/llIllllIiI,java/lang/Object,math-user
llIlllliII(4).class,rustme/llIlllliII,java/lang/Object,misc
llIlllliiI(1).class,rustme/llIlllliiI,java/lang/Object,misc
llIlllllII(2).class,rustme/llIlllllII,java/lang/Object,misc
llIllllliI(1).class,rustme/llIllllliI,java/lang/Object,kotlin-lambda-ish
lliIIIIIII(77).class,rustme/lliIIIIIII,java/lang/Object,misc
lliIIIIIiI(30).class,rustme/lliIIIIIiI,rustme/lIIIIIIIiI,block
lliIIIIilI(15).class,rustme/lliIIIIilI,java/lang/Object,misc
lliIIIIliI(30).class,rustme/lliIIIIliI,java/lang/Enum,mod-widget
lliIIIiIiI(14).class,rustme/lliIIIiIiI,rustme/IIlliIiIiI,misc
lliIIIiiII(46).class,rustme/lliIIIiiII,java/lang/Object,kotlin-lambda-ish
lliIIIilII(39).class,rustme/lliIIIilII,java/lang/Object,misc
lliIIIiliI(14).class,rustme/lliIIIiliI,rustme/liIliIiliI,render-shader-loader
lliIIIlIiI(30).class,rustme/lliIIIlIiI,java/lang/Object,misc
lliIIIliII(39).class,rustme/lliIIIliII,java/lang/Object,misc
lliIIIliiI(14).class,rustme/lliIIIliiI,java/lang/Object,misc
lliIIIllII(23).class,rustme/lliIIIllII,java/lang/Object,misc
lliIIIlliI(14).class,rustme/lliIIIlliI,java/lang/Object,kotlin-lambda-ish
lliIIiIIiI(22).class,rustme/lliIIiIIiI,java/lang/Object,misc
lliIIiIiII(54).class,rustme/lliIIiIiII,java/lang/Object,kotlin-lambda-ish
lliIIiIlII(43).class,rustme/lliIIiIlII,java/lang/Object,misc
lliIIiIliI(22).class,rustme/lliIIiIliI,rustme/IlilIIIliI,mod-widget
lliIIiiIII(65).class,rustme/lliIIiiIII,java/lang/Object,misc
lliIIiiIiI(6).class,rustme/lliIIiiIiI,java/lang/Object,misc
lliIIiiiII(38).class,rustme/lliIIiiiII,java/lang/Object,kotlin-lambda-ish
lliIIiiilI(3).class,rustme/lliIIiiilI,java/lang/Object,misc
lliIIiiliI(6).class,rustme/lliIIiiliI,java/lang/Object,misc
lliIIilIII(43).class,rustme/lliIIilIII,java/lang/Object,misc
lliIIilIiI(22).class,rustme/lliIIilIiI,java/lang/Object,entity-related
lliIIiliiI(6).class,rustme/lliIIiliiI,rustme/liIIIiliiI,misc
lliIIililI(3).class,rustme/lliIIililI,java/lang/Object,misc
lliIIilliI(6).class,rustme/lliIIilliI,java/lang/Object,misc
lliIIlIIiI(18).class,rustme/lliIIlIIiI,java/lang/Enum,enum
lliIIlIiII(31).class,rustme/lliIIlIiII,java/lang/Object,misc
lliIIlIiiI(2).class,rustme/lliIIlIiiI,rustme/iliIIlIiiI,tileentity
lliIIlIlII(23).class,rustme/lliIIlIlII,java/lang/Object,misc
lliIIlIliI(14).class,rustme/lliIIlIliI,java/lang/Object,misc
lliIIliIII(35).class,rustme/lliIIliIII,java/lang/Object,misc
lliIIliIiI(10).class,rustme/lliIIliIiI,rustme/iiIlIliIiI,block
lliIIliiII(26).class,rustme/lliIIliiII,java/lang/Object,kotlin-lambda-ish
lliIIliilI(3).class,rustme/lliIIliilI,java/lang/Object,misc
lliIIliliI(6).class,rustme/lliIIliliI,java/lang/Object,kotlin-lambda-ish
lliIIllIII(23).class,rustme/lliIIllIII,java/lang/Object,misc
lliIIllIiI(14).class,rustme/lliIIllIiI,rustme/llIiIllIiI,misc
lliIIlliiI(6).class,rustme/lliIIlliiI,java/lang/Object,misc
lliIIllliI(6).class,rustme/lliIIllliI,java/lang/Object,kotlin-lambda-ish
lliIiIIIiI(26).class,rustme/lliIiIIIiI,rustme/lIIIIIIIiI,block
lliIiIIiII(58).class,rustme/lliIiIIiII,java/lang/Object,kotlin-lambda-ish
lliIiIIlII(45).class,rustme/lliIiIIlII,java/lang/Object,misc
lliIiIIliI(26).class,rustme/lliIiIIliI,rustme/IliIIiIliI,mod-widget
lliIiIiIII(67).class,rustme/lliIiIiIII,java/lang/Object,misc
lliIiIiIiI(10).class,rustme/lliIiIiIiI,java/lang/Object,misc
lliIiIiiII(42).class,rustme/lliIiIiiII,java/lang/Object,kotlin-lambda-ish
lliIiIiilI(5).class,rustme/lliIiIiilI,java/lang/Object,misc
lliIiIiliI(10).class,rustme/lliIiIiliI,java/lang/Object,misc
lliIiIlIII(45).class,rustme/lliIiIlIII,java/lang/Object,misc
lliIiIlIiI(26).class,rustme/lliIiIlIiI,java/lang/Object,misc
lliIiIliiI(10).class,rustme/lliIiIliiI,java/lang/Object,misc
lliIiIlilI(5).class,rustme/lliIiIlilI,java/lang/Object,misc
lliIiIlliI(10).class,rustme/lliIiIlliI,java/lang/Object,kotlin-lambda-ish
lliIiiIIII(71).class,rustme/lliIiiIIII,java/lang/Object,misc
lliIiiIIiI(18).class,rustme/lliIiiIIiI,rustme/lilllliIiI,nbt
lliIiiIiII(50).class,rustme/lliIiiIiII,java/lang/Object,kotlin-lambda-ish
lliIiiIilI(9).class,rustme/lliIiiIilI,java/lang/Object,misc
lliIiiIliI(18).class,rustme/lliIiiIliI,java/lang/Object,misc
lliIiiiIiI(2).class,rustme/lliIiiiIiI,rustme/lliiiiiIiI,math-user
lliIiiiiII(34).class,rustme/lliIiiiiII,java/lang/Object,kotlin-lambda-ish
lliIiiilII(33).class,rustme/lliIiiilII,java/lang/Object,misc
lliIiiiliI(2).class,rustme/lliIiiiliI,java/lang/Object,misc
lliIiilIiI(18).class,rustme/lliIiilIiI,rustme/lliiiilIiI,block
lliIiiliII(33).class,rustme/lliIiiliII,java/lang/Object,misc
lliIiiliiI(2).class,rustme/lliIiiliiI,rustme/iIIiIlIiiI,world-related
lliIiillII(17).class,rustme/lliIiillII,java/lang/Object,misc
lliIiilliI(2).class,rustme/lliIiilliI,java/lang/Object,lambdas
lliIilIIII(37).class,rustme/lliIilIIII,java/lang/Object,misc
lliIilIIiI(14).class,rustme/lliIilIIiI,java/lang/Object,network-packet
lliIilIilI(5).class,rustme/lliIilIilI,java/lang/Object,misc
lliIilIliI(10).class,rustme/lliIilIliI,java/lang/Object,kotlin-lambda-ish
lliIiliIiI(6).class,rustme/lliIiliIiI,rustme/IiIIiliIiI,world-related
lliIiliiII(22).class,rustme/lliIiliiII,java/lang/Object,kotlin-lambda-ish
lliIililII(17).class,rustme/lliIililII,java/lang/Object,misc
lliIililiI(2).class,rustme/lliIililiI,java/lang/Object,kotlin-lambda-ish
lliIillIiI(10).class,rustme/lliIillIiI,java/lang/Object,misc
lliIilliII(17).class,rustme/lliIilliII,java/lang/Object,misc
lliIilliiI(2).class,rustme/lliIilliiI,java/lang/Object,world-related
lliIilllII(9).class,rustme/lliIilllII,java/lang/Object,misc
lliIillliI(2).class,rustme/lliIillliI,java/lang/Object,kotlin-lambda-ish
lliIlIIIiI(14).class,rustme/lliIlIIIiI,java/lang/Object,network-netty
lliIlIIiII(29).class,rustme/lliIlIIiII,java/lang/Object,misc
lliIlIIlII(23).class,rustme/lliIlIIlII,java/lang/Object,misc
lliIlIIliI(14).class,rustme/lliIlIIliI,java/lang/Object,misc
lliIlIiIII(33).class,rustme/lliIlIiIII,java/lang/Object,misc
lliIlIiIiI(6).class,rustme/lliIlIiIiI,rustme/ilIIlIiIiI,misc
lliIlIiiII(22).class,rustme/lliIlIiiII,java/lang/Object,kotlin-lambda-ish
lliIlIiilI(3).class,rustme/lliIlIiilI,java/lang/Object,misc
lliIlIiliI(6).class,rustme/lliIlIiliI,java/lang/Object,misc
lliIlIlIII(23).class,rustme/lliIlIlIII,java/lang/Object,misc
lliIlIlIiI(14).class,rustme/lliIlIlIiI,java/lang/Object,misc
lliIlIliiI(6).class,rustme/lliIlIliiI,java/lang/Object,misc
lliIlIlliI(6).class,rustme/lliIlIlliI,java/lang/Object,kotlin-lambda-ish
lliIliIIII(35).class,rustme/lliIliIIII,java/lang/Object,misc
lliIliIIiI(10).class,rustme/lliIliIIiI,rustme/lllIliIIiI,block
lliIliIiII(26).class,rustme/lliIliIiII,java/lang/Enum,enum
lliIliIilI(5).class,rustme/lliIliIilI,java/lang/Object,misc
lliIliIliI(10).class,rustme/lliIliIliI,java/lang/Object,misc
lliIliiIiI(2).class,rustme/lliIliiIiI,rustme/IIlIliiIiI,entity-renderer
lliIliiiII(18).class,rustme/lliIliiiII,java/lang/Object,kotlin-lambda-ish
lliIliilII(17).class,rustme/lliIliilII,java/lang/Object,misc
lliIliiliI(2).class,rustme/lliIliiliI,java/lang/Object,misc
lliIlilIiI(10).class,rustme/lliIlilIiI,java/lang/Enum,enum
lliIliliII(17).class,rustme/lliIliliII,java/lang/Object,misc
lliIliliiI(2).class,rustme/lliIliliiI,rustme/IlIlliliiI,gui-screen
lliIlillII(9).class,rustme/lliIlillII,java/lang/Object,misc
lliIlilliI(2).class,rustme/lliIlilliI,java/lang/Object,misc
lliIllIIII(21).class,rustme/lliIllIIII,java/lang/Object,misc
lliIllIIiI(10).class,rustme/lliIllIIiI,java/lang/Object,misc
lliIllIiiI(2).class,rustme/lliIllIiiI,rustme/iIIiIlIiiI,block
lliIllIilI(3).class,rustme/lliIllIilI,java/lang/Object,misc
lliIllIliI(6).class,rustme/lliIllIliI,java/lang/Object,misc
lliIlliIiI(6).class,rustme/lliIlliIiI,rustme/IiiIiliIiI,misc
lliIlliiII(14).class,rustme/lliIlliiII,java/lang/Object,kotlin-lambda-ish
lliIllilII(9).class,rustme/lliIllilII,java/lang/Object,misc
lliIlliliI(2).class,rustme/lliIlliliI,kotlin/jvm/internal/FunctionReferenceImpl,kotlin-lambda-ish
lliIlllIiI(6).class,rustme/lliIlllIiI,java/lang/Enum,enum
lliIllliII(9).class,rustme/lliIllliII,java/lang/Object,misc
lliIllliiI(2).class,rustme/lliIllliiI,java/lang/Object,misc
lliIllllII(5).class,rustme/lliIllllII,java/lang/Object,misc
lliIlllliI(2).class,rustme/lliIlllliI,java/lang/Object,kotlin-lambda-ish
lliiIIIIiI(28).class,rustme/lliiIIIIiI,rustme/llliiIIIiI,tileentity
lliiIIIiII(60).class,rustme/lliiIIIiII,java/lang/Object,misc
lliiIIIlII(46).class,rustme/lliiIIIlII,java/lang/Object,misc
lliiIIIliI(28).class,rustme/lliiIIIliI,java/lang/Object,kotlin-lambda-ish
lliiIIiIII(68).class,rustme/lliiIIiIII,java/lang/Object,misc
lliiIIiIiI(12).class,rustme/lliiIIiIiI,rustme/IIlliIiIiI,world-related
lliiIIiiII(44).class,rustme/lliiIIiiII,java/lang/Object,kotlin-lambda-ish
lliiIIiilI(6).class,rustme/lliiIIiilI,java/lang/Object,misc
lliiIIiliI(12).class,rustme/lliiIIiliI,java/lang/Object,misc
lliiIIlIII(46).class,rustme/lliiIIlIII,java/lang/Object,misc
lliiIIlIiI(28).class,rustme/lliiIIlIiI,rustme/iiIiIIlIiI,block
lliiIIliiI(12).class,rustme/lliiIIliiI,rustme/lIlliIliiI,network-packet
lliiIIlliI(12).class,rustme/lliiIIlliI,java/lang/Object,kotlin-lambda-ish
lliiIiIIII(72).class,rustme/lliiIiIIII,java/lang/Object,misc
lliiIiIIiI(20).class,rustme/lliiIiIIiI,rustme/liiliiIIiI,world-related
lliiIiIiII(52).class,rustme/lliiIiIiII,java/lang/Object,kotlin-lambda-ish
lliiIiIilI(10).class,rustme/lliiIiIilI,java/lang/Object,misc
lliiIiIliI(20).class,rustme/lliiIiIliI,java/lang/Object,misc
lliiIiiIiI(4).class,rustme/lliiIiiIiI,rustme/iIlIiiiIiI,entity-renderer
lliiIiiiII(36).class,rustme/lliiIiiiII,java/lang/Object,kotlin-lambda-ish
lliiIiilII(34).class,rustme/lliiIiilII,java/lang/Object,misc
lliiIiiliI(4).class,rustme/lliiIiiliI,rustme/iiIiIiiliI,misc
lliiIilIiI(20).class,rustme/lliiIilIiI,java/lang/Object,nbt
lliiIiliII(34).class,rustme/lliiIiliII,java/lang/Object,misc
lliiIiliiI(4).class,rustme/lliiIiliiI,java/lang/Object,misc
lliiIillII(18).class,rustme/lliiIillII,java/lang/Object,misc
lliiIilliI(4).class,rustme/lliiIilliI,java/lang/Object,misc
lliiIlIIII(38).class,rustme/lliiIlIIII,java/lang/Object,misc
lliiIlIIiI(16).class,rustme/lliiIlIIiI,java/lang/Object,network-packet
lliiIlIiiI.class,rustme/lliiIlIiiI,rustme/iIiIiiliiI,misc
lliiIlIilI(6).class,rustme/lliiIlIilI,java/lang/Object,misc
lliiIlIliI(12).class,rustme/lliiIlIliI,java/lang/Object,misc
lliiIliIiI(8).class,rustme/lliiIliIiI,rustme/IliiIliIiI,misc
lliiIliiII(24).class,rustme/lliiIliiII,java/lang/Object,kotlin-lambda-ish
lliiIlilII(18).class,rustme/lliiIlilII,java/lang/Object,misc
lliiIliliI(4).class,rustme/lliiIliliI,rustme/llIiIliliI,mod-widget
lliiIllIiI(12).class,rustme/lliiIllIiI,java/lang/Object,misc
lliiIlliII(18).class,rustme/lliiIlliII,java/lang/Object,misc
lliiIlliiI(4).class,rustme/lliiIlliiI,java/lang/Object,misc
lliiIlllII(10).class,rustme/lliiIlllII,java/lang/Object,misc
lliiIllliI(4).class,rustme/lliiIllliI,java/lang/Object,kotlin-lambda-ish
lliiiIIIII(74).class,rustme/lliiiIIIII,java/lang/Object,misc
lliiiIIIiI(24).class,rustme/lliiiIIIiI,java/lang/Object,tileentity
lliiiIIiII(56).class,rustme/lliiiIIiII,java/lang/Object,kotlin-lambda-ish
lliiiIIilI(12).class,rustme/lliiiIIilI,java/lang/Object,misc
lliiiIIliI(24).class,rustme/lliiiIIliI,java/lang/Object,misc
lliiiIiIiI(8).class,rustme/lliiiIiIiI,java/lang/Object,misc
lliiiIiiII(40).class,rustme/lliiiIiiII,java/lang/Object,kotlin-lambda-ish
lliiiIilII(36).class,rustme/lliiiIilII,java/lang/Object,misc
lliiiIiliI(8).class,rustme/lliiiIiliI,java/lang/Object,misc
lliiiIlIiI(24).class,rustme/lliiiIlIiI,rustme/IliiiIlIiI,misc
lliiiIliII(36).class,rustme/lliiiIliII,java/lang/Object,misc
lliiiIliiI(8).class,rustme/lliiiIliiI,rustme/IlIlliliiI,gui-screen
lliiiIllII(20).class,rustme/lliiiIllII,java/lang/Object,misc
lliiiIlliI(8).class,rustme/lliiiIlliI,java/lang/Object,kotlin-lambda-ish
lliiiiIIiI(16).class,rustme/lliiiiIIiI,rustme/iliIiliIiI,misc
lliiiiIiII(48).class,rustme/lliiiiIiII,java/lang/Object,kotlin-lambda-ish
lliiiiIlII(40).class,rustme/lliiiiIlII,java/lang/Object,misc
lliiiiIliI(16).class,rustme/lliiiiIliI,java/lang/Object,misc
lliiiiiIII(62).class,rustme/lliiiiiIII,java/lang/Object,misc
lliiiiiIiI.class,rustme/lliiiiiIiI,java/lang/Object,world-related
lliiiiiiII(32).class,rustme/lliiiiiiII,java/lang/Object,kotlin-lambda-ish
lliiiiiilI.class,rustme/lliiiiiilI,java/lang/Object,misc
lliiiiiliI.class,rustme/lliiiiiliI,java/lang/Object,misc
lliiiilIII(40).class,rustme/lliiiilIII,java/lang/Object,misc
lliiiilIiI(16).class,rustme/lliiiilIiI,java/lang/Object,block
lliiiiliiI.class,rustme/lliiiiliiI,java/lang/Object,misc
lliiiililI.class,rustme/lliiiililI,java/lang/Object,misc
lliiiilliI.class,rustme/lliiiilliI,java/lang/Object,kotlin-lambda-ish
lliiilIIiI(12).class,rustme/lliiilIIiI,java/lang/Enum,enum
lliiilIiII(28).class,rustme/lliiilIiII,java/lang/Object,misc
lliiilIlII(20).class,rustme/lliiilIlII,java/lang/Object,misc
lliiilIliI(8).class,rustme/lliiilIliI,java/lang/Object,kotlin-lambda-ish
lliiiliIII(32).class,rustme/lliiiliIII,java/lang/Object,misc
lliiiliIiI(4).class,rustme/lliiiliIiI,rustme/llIiiliIiI,misc
lliiiliiII(20).class,rustme/lliiiliiII,java/lang/Object,kotlin-lambda-ish
lliiiliilI.class,rustme/lliiiliilI,java/lang/Object,misc
lliiililiI.class,rustme/lliiililiI,rustme/liliililiI,misc
lliiillIII(20).class,rustme/lliiillIII,java/lang/Object,misc
lliiillIiI(8).class,rustme/lliiillIiI,java/lang/Object,misc
lliiilliiI.class,rustme/lliiilliiI,rustme/lililIliiI,particle
lliiillliI.class,rustme/lliiillliI,java/lang/Object,kotlin-lambda-ish
lliilIIIII(36).class,rustme/lliilIIIII,java/lang/Object,misc
lliilIIIiI(12).class,rustme/lliilIIIiI,rustme/iIIilIIIiI,misc
lliilIIilI(6).class,rustme/lliilIIilI,java/lang/Object,misc
lliilIIliI(12).class,rustme/lliilIIliI,rustme/IililIIliI,misc
lliilIiIiI(4).class,rustme/lliilIiIiI,rustme/IIlliIiIiI,auth-profile
lliilIiiII(20).class,rustme/lliilIiiII,java/lang/Object,kotlin-lambda-ish
lliilIilII(18).class,rustme/lliilIilII,java/lang/Object,misc
lliilIiliI(4).class,rustme/lliilIiliI,java/lang/Object,misc
lliilIlIiI(12).class,rustme/lliilIlIiI,rustme/IlllIIlIiI,json-gson
lliilIliII(18).class,rustme/lliilIliII,java/lang/Object,misc
lliilIliiI(4).class,rustme/lliilIliiI,java/lang/Object,auth-profile
lliilIllII(10).class,rustme/lliilIllII,java/lang/Object,misc
lliilIlliI(4).class,rustme/lliilIlliI,java/lang/Object,kotlin-lambda-ish
lliiliIIiI(8).class,rustme/lliiliIIiI,java/lang/Object,tileentity
lliiliIiII(24).class,rustme/lliiliIiII,java/lang/Enum,enum
lliiliIlII(20).class,rustme/lliiliIlII,java/lang/Object,misc
lliiliIliI(8).class,rustme/lliiliIliI,rustme/IlilIIIliI,mod-widget
lliiliiIII(30).class,rustme/lliiliiIII,java/lang/Object,misc
lliiliiIiI.class,rustme/lliiliiIiI,java/lang/Object,misc
lliiliiiII(16).class,rustme/lliiliiiII,java/lang/Object,kotlin-lambda-ish
lliiliiilI.class,rustme/lliiliiilI,java/lang/Object,misc
lliiliiliI.class,rustme/lliiliiliI,java/lang/Object,misc
lliililIII(20).class,rustme/lliililIII,java/lang/Object,misc
lliililIiI(8).class,rustme/lliililIiI,java/lang/Object,math-user
lliililiiI.class,rustme/lliililiiI,java/lang/Object,misc
lliilililI.class,rustme/lliilililI,java/lang/Object,misc
lliililliI.class,rustme/lliililliI,java/lang/Object,misc
lliillIIiI(8).class,rustme/lliillIIiI,java/lang/Enum,enum
lliillIiII(16).class,rustme/lliillIiII,java/lang/Object,misc
lliillIiiI.class,rustme/lliillIiiI,rustme/lIlliiliiI,misc
lliillIlII(10).class,rustme/lliillIlII,java/lang/Object,misc
lliillIliI(4).class,rustme/lliillIliI,java/lang/Object,misc
lliilliIII(18).class,rustme/lliilliIII,java/lang/Object,misc
lliilliIiI(4).class,rustme/lliilliIiI,rustme/liilIiIIiI,world-related
lliilliiII(12).class,rustme/lliilliiII,java/lang/Object,kotlin-lambda-ish
lliilliilI.class,rustme/lliilliilI,java/lang/Object,misc
lliilliliI.class,rustme/lliilliliI,java/lang/Object,misc
lliilllIII(10).class,rustme/lliilllIII,java/lang/Object,misc
lliilllIiI(4).class,rustme/lliilllIiI,rustme/IIliIllIiI,misc
lliillliiI.class,rustme/lliillliiI,rustme/IiIillliiI,misc
lliilllliI.class,rustme/lliilllliI,java/lang/Object,kotlin-lambda-ish
llilIIIIiI(14).class,rustme/llilIIIIiI,rustme/lilIIIIIiI,nbt
llilIIIiII(30).class,rustme/llilIIIiII,java/lang/Object,misc
llilIIIlII(23).class,rustme/llilIIIlII,java/lang/Object,misc
llilIIIliI(14).class,rustme/llilIIIliI,java/lang/Object,kotlin-lambda-ish
llilIIiIII(34).class,rustme/llilIIiIII,java/lang/Object,misc
llilIIiIiI(6).class,rustme/llilIIiIiI,rustme/IliiIIiIiI,misc
llilIIiiII(22).class,rustme/llilIIiiII,java/lang/Object,kotlin-lambda-ish
llilIIiilI(3).class,rustme/llilIIiilI,java/lang/Object,misc
llilIIiliI(6).class,rustme/llilIIiliI,java/lang/Object,misc
llilIIlIII(23).class,rustme/llilIIlIII,java/lang/Object,misc
llilIIlIiI(14).class,rustme/llilIIlIiI,rustme/iIIlIIlIiI,json-gson
llilIIliiI(6).class,rustme/llilIIliiI,java/lang/Thread,misc
llilIIlliI(6).class,rustme/llilIIlliI,java/lang/Object,kotlin-lambda-ish
llilIiIIII(36).class,rustme/llilIiIIII,java/lang/Object,misc
llilIiIIiI(10).class,rustme/llilIiIIiI,java/lang/Object,misc
llilIiIiII(26).class,rustme/llilIiIiII,java/lang/Object,kotlin-lambda-ish
llilIiIilI(5).class,rustme/llilIiIilI,java/lang/Object,misc
llilIiIliI(10).class,rustme/llilIiIliI,java/lang/Object,mod-widget
llilIiiIiI(2).class,rustme/llilIiiIiI,java/lang/Object,tileentity
llilIiiiII(18).class,rustme/llilIiiiII,java/lang/Object,kotlin-lambda-ish
llilIiilII(17).class,rustme/llilIiilII,java/lang/Object,misc
llilIiiliI(2).class,rustme/llilIiiliI,rustme/lIlIIiiliI,gui-screen
llilIilIiI(10).class,rustme/llilIilIiI,java/lang/Object,misc
llilIiliII(17).class,rustme/llilIiliII,java/lang/Object,misc
llilIiliiI(2).class,rustme/llilIiliiI,java/lang/Object,misc
llilIillII(9).class,rustme/llilIillII,java/lang/Object,misc
llilIilliI(2).class,rustme/llilIilliI,java/lang/Enum,enum
llilIlIIII(20).class,rustme/llilIlIIII,java/lang/Object,misc
llilIlIIiI(9).class,rustme/llilIlIIiI,rustme/IiIlIlIIiI,math-user
llilIlIiiI(1).class,rustme/llilIlIiiI,java/lang/Object,misc
llilIlIilI(3).class,rustme/llilIlIilI,java/lang/Object,misc
llilIlIliI(6).class,rustme/llilIlIliI,java/lang/Object,misc
llilIliIiI(5).class,rustme/llilIliIiI,java/lang/Enum,enum
llilIliiII(13).class,rustme/llilIliiII,java/lang/Object,kotlin-lambda-ish
llilIlilII(9).class,rustme/llilIlilII,java/lang/Object,misc
llilIliliI(2).class,rustme/llilIliliI,kotlin/properties/ObservableProperty,misc
llilIllIiI(6).class,rustme/llilIllIiI,rustme/iiIlIllIiI,misc
llilIlliII(9).class,rustme/llilIlliII,java/lang/Object,misc
llilIlliiI(2).class,rustme/llilIlliiI,rustme/IIlIIlliiI,misc
llilIlllII(5).class,rustme/llilIlllII,java/lang/Object,misc
llilIllliI(2).class,rustme/llilIllliI,java/lang/Object,kotlin-lambda-ish
lliliIIIII(37).class,rustme/lliliIIIII,java/lang/Object,misc
lliliIIIiI(12).class,rustme/lliliIIIiI,rustme/llliiIIIiI,tileentity
lliliIIiII(28).class,rustme/lliliIIiII,java/lang/Object,misc
lliliIIilI(6).class,rustme/lliliIIilI,java/lang/Object,misc
lliliIIliI(12).class,rustme/lliliIIliI,java/lang/Object,mod-widget
lliliIiIiI(4).class,rustme/lliliIiIiI,java/lang/Object,misc
lliliIiiII(20).class,rustme/lliliIiiII,java/lang/Object,kotlin-lambda-ish
lliliIilII(18).class,rustme/lliliIilII,java/lang/Object,misc
lliliIiliI(4).class,rustme/lliliIiliI,java/lang/Object,render-gl-wrapper
lliliIlIiI(12).class,rustme/lliliIlIiI,java/io/ByteArrayOutputStream,misc
lliliIliII(18).class,rustme/lliliIliII,java/lang/Object,misc
lliliIliiI(4).class,rustme/lliliIliiI,java/lang/Object,misc
lliliIllII(10).class,rustme/lliliIllII,java/lang/Object,misc
lliliIlliI(4).class,rustme/lliliIlliI,java/lang/Object,kotlin-lambda-ish
lliliiIIiI(8).class,rustme/lliliiIIiI,java/lang/Object,misc
lliliiIiII(24).class,rustme/lliliiIiII,java/lang/Object,kotlin-lambda-ish
lliliiIlII(20).class,rustme/lliliiIlII,java/lang/Object,misc
lliliiIliI(8).class,rustme/lliliiIliI,rustme/iiIliiIliI,gui-textures
lliliiiIII(31).class,rustme/lliliiiIII,java/lang/Object,misc
lliliiiIiI.class,rustme/lliliiiIiI,rustme/IlilllliiI,misc
lliliiiiII(16).class,rustme/lliliiiiII,java/lang/Object,kotlin-lambda-ish
lliliiiilI.class,rustme/lliliiiilI,java/lang/Object,misc
lliliiiliI.class,rustme/lliliiiliI,java/lang/Object,misc
lliliilIII(20).class,rustme/lliliilIII,java/lang/Object,misc
lliliilIiI(8).class,rustme/lliliilIiI,java/lang/Object,nbt
lliliiliiI.class,rustme/lliliiliiI,rustme/liiIIlIiiI,misc
lliliililI.class,rustme/lliliililI,java/lang/Object,misc
lliliilliI.class,rustme/lliliilliI,java/lang/Object,lambdas
llililIIiI(7).class,rustme/llililIIiI,java/lang/Object,network-packet
llililIiII(15).class,rustme/llililIiII,java/lang/Object,misc
llililIlII(10).class,rustme/llililIlII,java/lang/Object,misc
llililIliI(4).class,rustme/llililIliI,java/lang/Object,misc
llililiIII(17).class,rustme/llililiIII,java/lang/Object,misc
llililiIiI(3).class,rustme/llililiIiI,java/lang/Object,entity-related
llililiiII(11).class,rustme/llililiiII,java/lang/Object,kotlin-lambda-ish
llililiilI.class,rustme/llililiilI,java/lang/Object,misc
llilililiI.class,rustme/llilililiI,java/lang/Object,kotlin-lambda-ish
llilillIII(10).class,rustme/llilillIII,java/lang/Object,misc
llilillIiI(4).class,rustme/llilillIiI,java/lang/Enum,enum
llililliiI.class,rustme/llililliiI,java/lang/Enum,enum
llilillliI.class,rustme/llilillliI,java/lang/Object,kotlin-lambda-ish
llillIIIII(18).class,rustme/llillIIIII,java/lang/Object,misc
llillIIIiI(6).class,rustme/llillIIIiI,java/lang/Object,misc
llillIIilI(3).class,rustme/llillIIilI,java/lang/Object,misc
llillIIliI(6).class,rustme/llillIIliI,kotlin/jvm/internal/FunctionReferenceImpl,kotlin-lambda-ish
llillIiIiI(2).class,rustme/llillIiIiI,rustme/iIIllilIiI,misc
llillIiiII(10).class,rustme/llillIiiII,java/lang/Object,kotlin-lambda-ish
llillIilII(9).class,rustme/llillIilII,java/lang/Object,misc
llillIiliI(2).class,rustme/llillIiliI,java/lang/Object,kotlin-lambda-ish
llillIlIiI(6).class,rustme/llillIlIiI,java/lang/Object,misc
llillIliII(9).class,rustme/llillIliII,java/lang/Object,misc
llillIliiI(2).class,rustme/llillIliiI,java/lang/Object,misc
llillIllII(5).class,rustme/llillIllII,java/lang/Object,misc
llillIlliI(2).class,rustme/llillIlliI,java/lang/Object,kotlin-lambda-ish
llilliIIiI(4).class,rustme/llilliIIiI,java/lang/Object,misc
llilliIiII(12).class,rustme/llilliIiII,java/lang/Object,misc
llilliIlII(10).class,rustme/llilliIlII,java/lang/Object,misc
llilliIliI(4).class,rustme/llilliIliI,rustme/IlilIIIliI,mod-widget
llilliiIII(15).class,rustme/llilliiIII,java/lang/Object,misc
llilliiIiI.class,rustme/llilliiIiI,java/lang/Object,misc
llilliiiII(8).class,rustme/llilliiiII,java/lang/Object,kotlin-lambda-ish
llilliiilI.class,rustme/llilliiilI,java/lang/Object,misc
llilliiliI.class,rustme/llilliiliI,rustme/lilliiiliI,mod-command-ish
llillilIII(10).class,rustme/llillilIII,java/lang/Object,misc
llillilIiI(4).class,rustme/llillilIiI,java/lang/Object,misc
llilliliiI.class,rustme/llilliliiI,rustme/ililliliiI,misc
llillililI.class,rustme/llillililI,java/lang/Object,misc
llillilliI.class,rustme/llillilliI,java/lang/Object,kotlin-lambda-ish
llilllIIiI(4).class,rustme/llilllIIiI,rustme/IiilllIIiI,auth-profile
llilllIiII(8).class,rustme/llilllIiII,java/lang/Object,misc
llilllIiiI.class,rustme/llilllIiiI,rustme/iliIIlIiiI,world-related
llilllIlII(5).class,rustme/llilllIlII,java/lang/Object,misc
llilllIliI(2).class,rustme/llilllIliI,java/lang/Object,kotlin-lambda-ish
llillliIII(9).class,rustme/llillliIII,java/lang/Object,misc
llillliIiI(2).class,rustme/llillliIiI,rustme/lllIIliIiI,misc
llillliiII(6).class,rustme/llillliiII,java/lang/Object,kotlin-lambda-ish
llillliilI.class,rustme/llillliilI,java/lang/Object,misc
llillliliI.class,rustme/llillliliI,java/lang/Object,misc
llillllIII(5).class,rustme/llillllIII,java/lang/Object,misc
llillllIiI(2).class,rustme/llillllIiI,java/lang/Object,misc
llilllliiI.class,rustme/llilllliiI,java/lang/Object,entity-renderer
llillllliI.class,rustme/llillllliI,java/lang/Object,kotlin-lambda-ish
lllIIIIIII(38).class,rustme/lllIIIIIII,java/lang/Object,misc
lllIIIIIiI(15).class,rustme/lllIIIIIiI,rustme/lilIIIIIiI,misc
lllIIIIilI(7).class,rustme/lllIIIIilI,java/lang/Object,misc
lllIIIIliI(15).class,rustme/lllIIIIliI,rustme/IlilIIIliI,mod-widget
lllIIIiIiI(7).class,rustme/lllIIIiIiI,java/lang/Object,entity-related
lllIIIiiII(23).class,rustme/lllIIIiiII,java/lang/Object,kotlin-lambda-ish
lllIIIilII(19).class,rustme/lllIIIilII,java/lang/Object,misc
lllIIIiliI(7).class,rustme/lllIIIiliI,java/lang/Object,lambdas
lllIIIlIiI(15).class,rustme/lllIIIlIiI,java/lang/Object,misc
lllIIIliII(19).class,rustme/lllIIIliII,java/lang/Object,misc
lllIIIliiI(7).class,rustme/lllIIIliiI,rustme/lIlliIliiI,network-packet
lllIIIllII(11).class,rustme/lllIIIllII,java/lang/Object,misc
lllIIIlliI(7).class,rustme/lllIIIlliI,java/lang/Object,kotlin-lambda-ish
lllIIiIIiI(11).class,rustme/lllIIiIIiI,rustme/iilIIiIIiI,block
lllIIiIiII(27).class,rustme/lllIIiIiII,java/lang/Object,kotlin-lambda-ish
lllIIiIlII(21).class,rustme/lllIIiIlII,java/lang/Object,misc
lllIIiIliI(11).class,rustme/lllIIiIliI,rustme/IlilIIIliI,mod-widget
lllIIiiIII(32).class,rustme/lllIIiiIII,java/lang/Object,misc
lllIIiiIiI(3).class,rustme/lllIIiiIiI,java/lang/Object,misc
lllIIiiiII(19).class,rustme/lllIIiiiII,java/lang/Object,kotlin-lambda-ish
lllIIiiilI(1).class,rustme/lllIIiiilI,java/lang/Object,misc
lllIIiiliI(3).class,rustme/lllIIiiliI,rustme/lIlIIiiliI,misc
lllIIilIII(21).class,rustme/lllIIilIII,java/lang/Object,misc
lllIIilIiI(11).class,rustme/lllIIilIiI,java/lang/Object,misc
lllIIiliiI(3).class,rustme/lllIIiliiI,java/lang/Object,misc
lllIIililI(1).class,rustme/lllIIililI,java/lang/Object,misc
lllIIilliI(3).class,rustme/lllIIilliI,java/lang/Object,misc
lllIIlIIiI(9).class,rustme/lllIIlIIiI,java/lang/Object,json-gson
lllIIlIiII(15).class,rustme/lllIIlIiII,java/lang/Object,misc
lllIIlIiiI(1).class,rustme/lllIIlIiiI,rustme/IiiIllIiiI,block
lllIIlIlII(11).class,rustme/lllIIlIlII,java/lang/Object,misc
lllIIlIliI(7).class,rustme/lllIIlIliI,java/lang/Enum,enum
lllIIliIII(17).class,rustme/lllIIliIII,java/lang/Object,misc
lllIIliIiI(5).class,rustme/lllIIliIiI,rustme/iiIlIliIiI,entity-related
lllIIliiII(13).class,rustme/lllIIliiII,java/lang/Object,kotlin-lambda-ish
lllIIliilI(1).class,rustme/lllIIliilI,java/lang/Object,misc
lllIIliliI(3).class,rustme/lllIIliliI,rustme/IlilIIIliI,mod-widget
lllIIllIII(11).class,rustme/lllIIllIII,java/lang/Object,misc
lllIIllIiI(7).class,rustme/lllIIllIiI,rustme/llIiIllIiI,misc
lllIIlliiI(3).class,rustme/lllIIlliiI,java/lang/Enum,enum
lllIIllliI(3).class,rustme/lllIIllliI,java/lang/Object,kotlin-lambda-ish
lllIiIIIiI(13).class,rustme/lllIiIIIiI,rustme/liIIiIIIiI,misc
lllIiIIiII(29).class,rustme/lllIiIIiII,java/lang/Enum,enum
lllIiIIlII(22).class,rustme/lllIiIIlII,java/lang/Object,misc
lllIiIIliI(13).class,rustme/lllIiIIliI,rustme/ilIIiIIliI,mod-widget
lllIiIiIII(33).class,rustme/lllIiIiIII,java/lang/Object,misc
lllIiIiIiI(5).class,rustme/lllIiIiIiI,java/lang/Object,misc
lllIiIiiII(21).class,rustme/lllIiIiiII,java/lang/Object,kotlin-lambda-ish
lllIiIiilI(2).class,rustme/lllIiIiilI,java/lang/Object,misc
lllIiIiliI(5).class,rustme/lllIiIiliI,java/lang/Object,misc
lllIiIlIII(22).class,rustme/lllIiIlIII,java/lang/Object,misc
lllIiIlIiI(13).class,rustme/lllIiIlIiI,java/lang/Object,misc
lllIiIliiI(5).class,rustme/lllIiIliiI,java/lang/Object,misc
lllIiIlilI(2).class,rustme/lllIiIlilI,java/lang/Object,misc
lllIiIlliI(5).class,rustme/lllIiIlliI,java/lang/Object,kotlin-lambda-ish
lllIiiIIII(35).class,rustme/lllIiiIIII,java/lang/Object,misc
lllIiiIIiI(9).class,rustme/lllIiiIIiI,java/lang/Object,entity-related
lllIiiIiII(25).class,rustme/lllIiiIiII,java/lang/Object,kotlin-lambda-ish
lllIiiIilI(4).class,rustme/lllIiiIilI,java/lang/Object,misc
lllIiiIliI(9).class,rustme/lllIiiIliI,rustme/IliIIiIliI,gui-textures
lllIiiiIiI(1).class,rustme/lllIiiiIiI,rustme/iIlIiiiIiI,entity-renderer
lllIiiiiII(17).class,rustme/lllIiiiiII,java/lang/Object,kotlin-lambda-ish
lllIiiilII(16).class,rustme/lllIiiilII,java/lang/Object,misc
lllIiiiliI(1).class,rustme/lllIiiiliI,java/lang/Object,misc
lllIiilIiI(9).class,rustme/lllIiilIiI,java/lang/Object,math-user
lllIiiliII(16).class,rustme/lllIiiliII,java/lang/Object,misc
lllIiiliiI(1).class,rustme/lllIiiliiI,rustme/IiIiIlIiiI,entity-related
lllIiillII(8).class,rustme/lllIiillII,java/lang/Object,misc
lllIiilliI(1).class,rustme/lllIiilliI,java/lang/Object,misc
lllIilIIII(18).class,rustme/lllIilIIII,java/lang/Object,misc
lllIilIIiI(7).class,rustme/lllIilIIiI,java/lang/Object,network-packet
lllIilIilI(2).class,rustme/lllIilIilI,java/lang/Object,misc
lllIilIliI(5).class,rustme/lllIilIliI,java/lang/Object,kotlin-lambda-ish
lllIiliIiI(3).class,rustme/lllIiliIiI,rustme/iliIiliIiI,entity-related
lllIiliiII(11).class,rustme/lllIiliiII,java/lang/Object,kotlin-lambda-ish
lllIililII(8).class,rustme/lllIililII,java/lang/Object,misc
lllIililiI(1).class,rustme/lllIililiI,java/lang/Object,kotlin-lambda-ish
lllIillIiI(5).class,rustme/lllIillIiI,java/lang/Object,misc
lllIilliII(8).class,rustme/lllIilliII,java/lang/Object,misc
lllIilliiI(1).class,rustme/lllIilliiI,rustme/IiililliiI,misc
lllIilllII(4).class,rustme/lllIilllII,java/lang/Object,misc
lllIillliI(1).class,rustme/lllIillliI,java/lang/Object,kotlin-lambda-ish
lllIlIIIiI(7).class,rustme/lllIlIIIiI,rustme/liIlIilIiI,network-netty
lllIlIIiII(14).class,rustme/lllIlIIiII,java/lang/Object,misc
lllIlIIlII(11).class,rustme/lllIlIIlII,java/lang/Object,misc
lllIlIIliI(7).class,rustme/lllIlIIliI,kotlin/jvm/internal/FunctionReferenceImpl,kotlin-lambda-ish
lllIlIiIII(16).class,rustme/lllIlIiIII,java/lang/Object,misc
lllIlIiIiI(3).class,rustme/lllIlIiIiI,java/lang/Object,misc
lllIlIiiII(11).class,rustme/lllIlIiiII,java/lang/Object,kotlin-lambda-ish
lllIlIiilI(1).class,rustme/lllIlIiilI,java/lang/Object,misc
lllIlIiliI(3).class,rustme/lllIlIiliI,java/lang/Object,math-user
lllIlIlIII(11).class,rustme/lllIlIlIII,java/lang/Object,misc
lllIlIlIiI(7).class,rustme/lllIlIlIiI,java/lang/Object,misc
lllIlIliiI(3).class,rustme/lllIlIliiI,java/lang/Object,block
lllIlIlliI(3).class,rustme/lllIlIlliI,java/lang/Object,kotlin-lambda-ish
lllIliIIII(17).class,rustme/lllIliIIII,java/lang/Object,misc
lllIliIIiI(5).class,rustme/lllIliIIiI,java/lang/Object,misc
lllIliIiII(13).class,rustme/lllIliIiII,java/lang/Object,kotlin-lambda-ish
lllIliIilI(2).class,rustme/lllIliIilI,java/lang/Object,misc
lllIliIliI(5).class,rustme/lllIliIliI,rustme/IliIIiIliI,mod-widget
lllIliiIiI(1).class,rustme/lllIliiIiI,java/lang/Object,misc
lllIliiiII(9).class,rustme/lllIliiiII,java/lang/Object,kotlin-lambda-ish
lllIliilII(8).class,rustme/lllIliilII,java/lang/Object,misc
lllIliiliI(1).class,rustme/lllIliiliI,rustme/lilliiiliI,mod-command-ish
lllIlilIiI(5).class,rustme/lllIlilIiI,rustme/IIlIlilIiI,misc
lllIliliII(8).class,rustme/lllIliliII,java/lang/Object,misc
lllIliliiI(1).class,rustme/lllIliliiI,rustme/lIlililiiI,math-user
lllIlillII(4).class,rustme/lllIlillII,java/lang/Object,misc
lllIlilliI(1).class,rustme/lllIlilliI,java/lang/Object,kotlin-lambda-ish
lllIllIIII(10).class,rustme/lllIllIIII,java/lang/Object,misc
lllIllIIiI(5).class,rustme/lllIllIIiI,java/lang/Object,misc
lllIllIiiI(1).class,rustme/lllIllIiiI,rustme/IillilIiiI,tileentity
lllIllIilI(1).class,rustme/lllIllIilI,java/lang/Object,misc
lllIllIliI(3).class,rustme/lllIllIliI,java/lang/Object,gui-screen
lllIlliIiI(3).class,rustme/lllIlliIiI,java/lang/Object,misc
lllIlliiII(7).class,rustme/lllIlliiII,java/lang/Object,kotlin-lambda-ish
lllIllilII(4).class,rustme/lllIllilII,java/lang/Object,misc
lllIlliliI(1).class,rustme/lllIlliliI,rustme/llIIlliliI,mod-widget
lllIlllIiI(3).class,rustme/lllIlllIiI,java/lang/Object,misc
lllIllliII(4).class,rustme/lllIllliII,java/lang/Object,misc
lllIllliiI(1).class,rustme/lllIllliiI,java/lang/Object,block
lllIllllII(2).class,rustme/lllIllllII,java/lang/Object,misc
lllIlllliI(1).class,rustme/lllIlllliI,java/lang/Object,kotlin-lambda-ish
llliIIIIiI(14).class,rustme/llliIIIIiI,rustme/llliiIIIiI,tileentity
llliIIIiII(30).class,rustme/llliIIIiII,java/lang/Object,misc
llliIIIlII(23).class,rustme/llliIIIlII,java/lang/Object,misc
llliIIIliI(14).class,rustme/llliIIIliI,kotlin/properties/ObservableProperty,misc
llliIIiIII(34).class,rustme/llliIIiIII,java/lang/Object,misc
llliIIiIiI(6).class,rustme/llliIIiIiI,rustme/IIlliIiIiI,misc
llliIIiiII(22).class,rustme/llliIIiiII,java/lang/Object,kotlin-lambda-ish
llliIIiilI(3).class,rustme/llliIIiilI,java/lang/Object,misc
llliIIiliI(6).class,rustme/llliIIiliI,java/lang/Object,misc
llliIIlIII(23).class,rustme/llliIIlIII,java/lang/Object,misc
llliIIlIiI(14).class,rustme/llliIIlIiI,rustme/IIIiIIlIiI,misc
llliIIliiI(6).class,rustme/llliIIliiI,rustme/lIlliIliiI,network-packet
llliIIlliI(6).class,rustme/llliIIlliI,java/lang/Object,kotlin-lambda-ish
llliIiIIII(36).class,rustme/llliIiIIII,java/lang/Object,misc
llliIiIIiI(10).class,rustme/llliIiIIiI,java/lang/Object,nbt
llliIiIiII(26).class,rustme/llliIiIiII,rustme/IillIiIiII,misc
llliIiIilI(5).class,rustme/llliIiIilI,java/lang/Object,misc
llliIiIliI(10).class,rustme/llliIiIliI,kotlin/properties/ObservableProperty,misc
llliIiiIiI(2).class,rustme/llliIiiIiI,java/lang/Enum,enum
llliIiiiII(18).class,rustme/llliIiiiII,java/lang/Object,kotlin-lambda-ish
llliIiilII(17).class,rustme/llliIiilII,java/lang/Object,misc
llliIiiliI(2).class,rustme/llliIiiliI,rustme/iiiIIiiliI,misc
llliIilIiI(10).class,rustme/llliIilIiI,rustme/liiliilIiI,entity-related
llliIiliII(17).class,rustme/llliIiliII,java/lang/Object,misc
llliIiliiI(2).class,rustme/llliIiliiI,java/lang/Object,misc
llliIillII(9).class,rustme/llliIillII,java/lang/Object,misc
llliIilliI(2).class,rustme/llliIilliI,java/lang/Object,misc
llliIlIIII(19).class,rustme/llliIlIIII,java/lang/Object,misc
llliIlIIiI(8).class,rustme/llliIlIIiI,java/lang/Enum,enum
llliIlIiiI.class,rustme/llliIlIiiI,rustme/IillilIiiI,item-related
llliIlIilI(3).class,rustme/llliIlIilI,java/lang/Object,misc
llliIlIliI(6).class,rustme/llliIlIliI,rustme/lIliIlIliI,misc
llliIliIiI(4).class,rustme/llliIliIiI,rustme/liliIliIiI,world-related
llliIliiII(12).class,rustme/llliIliiII,java/lang/Object,kotlin-lambda-ish
llliIlilII(9).class,rustme/llliIlilII,java/lang/Object,misc
llliIliliI(2).class,rustme/llliIliliI,kotlin/properties/ObservableProperty,misc
llliIllIiI(6).class,rustme/llliIllIiI,rustme/IIllIllIiI,misc
llliIlliII(9).class,rustme/llliIlliII,java/lang/Object,misc
llliIlliiI(2).class,rustme/llliIlliiI,rustme/iIiIIlliiI,misc
llliIlllII(5).class,rustme/llliIlllII,java/lang/Object,misc
llliIllliI(2).class,rustme/llliIllliI,java/lang/Object,kotlin-lambda-ish
llliiIIIII(37).class,rustme/llliiIIIII,java/lang/Object,misc
llliiIIIiI(12).class,rustme/llliiIIIiI,java/lang/Object,tileentity
llliiIIiII(28).class,rustme/llliiIIiII,java/lang/Object,misc
llliiIIilI(6).class,rustme/llliiIIilI,java/lang/Object,misc
llliiIIliI(12).class,rustme/llliiIIliI,rustme/IliIIiIliI,gui-textures
llliiIiIiI(4).class,rustme/llliiIiIiI,rustme/IiiIiIiIiI,misc
llliiIiiII(20).class,rustme/llliiIiiII,java/lang/Object,kotlin-lambda-ish
llliiIilII(18).class,rustme/llliiIilII,java/lang/Object,misc
llliiIiliI(4).class,rustme/llliiIiliI,java/lang/Object,kotlin-lambda-ish
llliiIlIiI(12).class,rustme/llliiIlIiI,rustme/IIlllilIiI,misc
llliiIliII(18).class,rustme/llliiIliII,java/lang/Object,misc
llliiIliiI(4).class,rustme/llliiIliiI,rustme/IliIlilIiI,misc
llliiIllII(10).class,rustme/llliiIllII,java/lang/Object,misc
llliiIlliI(4).class,rustme/llliiIlliI,java/lang/Object,kotlin-lambda-ish
llliiiIIiI(8).class,rustme/llliiiIIiI,rustme/IiiIiliIiI,entity-related
llliiiIiII(24).class,rustme/llliiiIiII,java/lang/Object,kotlin-lambda-ish
llliiiIlII(20).class,rustme/llliiiIlII,java/lang/Object,misc
llliiiIliI(8).class,rustme/llliiiIliI,java/lang/Object,kotlin-lambda-ish
llliiiiIII(31).class,rustme/llliiiiIII,java/lang/Object,misc
llliiiiIiI.class,rustme/llliiiiIiI,rustme/iIlIiiiIiI,entity-renderer
llliiiiiII(16).class,rustme/llliiiiiII,java/lang/Object,kotlin-lambda-ish
llliiiiilI.class,rustme/llliiiiilI,java/lang/Object,misc
llliiiiliI.class,rustme/llliiiiliI,java/lang/Enum,enum
llliiilIII(20).class,rustme/llliiilIII,java/lang/Object,misc
llliiilIiI(8).class,rustme/llliiilIiI,rustme/lliiiilIiI,misc
llliiiliiI.class,rustme/llliiiliiI,java/lang/Enum,enum
llliiililI.class,rustme/llliiililI,java/lang/Object,misc
llliiilliI.class,rustme/llliiilliI,java/lang/Object,world-related
llliilIIiI(6).class,rustme/llliilIIiI,java/lang/Object,misc
llliilIiII(14).class,rustme/llliilIiII,java/lang/Object,misc
llliilIlII(10).class,rustme/llliilIlII,java/lang/Object,misc
llliilIliI(4).class,rustme/llliilIliI,java/lang/Object,auth-profile
llliiliIII(16).class,rustme/llliiliIII,java/lang/Object,misc
llliiliIiI(2).class,rustme/llliiliIiI,java/lang/Object,misc
llliiliiII(10).class,rustme/llliiliiII,java/lang/Object,kotlin-lambda-ish
llliiliilI.class,rustme/llliiliilI,java/lang/Object,misc
llliililiI.class,rustme/llliililiI,java/lang/Object,misc
llliillIII(10).class,rustme/llliillIII,java/lang/Object,misc
llliillIiI(4).class,rustme/llliillIiI,java/lang/Object,math-user
llliilliiI.class,rustme/llliilliiI,java/lang/Object,misc
llliillliI.class,rustme/llliillliI,java/lang/Object,kotlin-lambda-ish
lllilIIIII(18).class,rustme/lllilIIIII,java/lang/Object,misc
lllilIIIiI(6).class,rustme/lllilIIIiI,java/lang/Object,misc
lllilIIilI(3).class,rustme/lllilIIilI,java/lang/Object,misc
lllilIIliI(6).class,rustme/lllilIIliI,java/util/LinkedHashMap,misc
lllilIiIiI(2).class,rustme/lllilIiIiI,java/lang/Object,misc
lllilIiiII(10).class,rustme/lllilIiiII,java/lang/Object,kotlin-lambda-ish
lllilIilII(9).class,rustme/lllilIilII,java/lang/Object,misc
lllilIiliI(2).class,rustme/lllilIiliI,java/lang/Object,kotlin-lambda-ish
lllilIlIiI(6).class,rustme/lllilIlIiI,rustme/illilIlIiI,json-gson
lllilIliII(9).class,rustme/lllilIliII,java/lang/Object,misc
lllilIliiI(2).class,rustme/lllilIliiI,rustme/lililIliiI,block
lllilIllII(5).class,rustme/lllilIllII,java/lang/Object,misc
lllilIlliI(2).class,rustme/lllilIlliI,java/lang/Object,kotlin-lambda-ish
llliliIIiI(4).class,rustme/llliliIIiI,rustme/IIIiliIIiI,misc
llliliIiII(12).class,rustme/llliliIiII,rustme/lIliliIiII,kotlin-lambda-ish
llliliIlII(10).class,rustme/llliliIlII,java/lang/Object,misc
llliliIliI(4).class,rustme/llliliIliI,java/lang/Object,kotlin-lambda-ish
llliliiIII(15).class,rustme/llliliiIII,java/lang/Object,misc
llliliiIiI.class,rustme/llliliiIiI,java/lang/Object,misc
llliliiiII(8).class,rustme/llliliiiII,java/lang/Object,kotlin-lambda-ish
llliliiilI.class,rustme/llliliiilI,java/lang/Object,misc
llliliiliI.class,rustme/llliliiliI,rustme/iiiIliiliI,misc
lllililIII(10).class,rustme/lllililIII,java/lang/Object,misc
lllililIiI(4).class,rustme/lllililIiI,java/lang/Object,misc
lllililiiI.class,rustme/lllililiiI,rustme/IlIlliliiI,gui-screen
lllilililI.class,rustme/lllilililI,java/lang/Object,misc
lllililliI.class,rustme/lllililliI,java/lang/Object,misc
lllillIIiI(4).class,rustme/lllillIIiI,rustme/llIIllIIiI,auth-profile
lllillIiII(8).class,rustme/lllillIiII,java/lang/Object,misc
lllillIiiI.class,rustme/lllillIiiI,rustme/IillilIiiI,item-related
lllillIlII(5).class,rustme/lllillIlII,java/lang/Object,misc
lllillIliI(2).class,rustme/lllillIliI,java/lang/Object,mod-widget
lllilliIII(9).class,rustme/lllilliIII,java/lang/Object,misc
lllilliIiI(2).class,rustme/lllilliIiI,rustme/ilIilliIiI,block
lllilliiII(6).class,rustme/lllilliiII,java/lang/Object,kotlin-lambda-ish
lllilliilI.class,rustme/lllilliilI,java/lang/Object,misc
lllilliliI.class,rustme/lllilliliI,java/lang/Object,misc
lllilllIII(5).class,rustme/lllilllIII,java/lang/Object,misc
lllilllIiI(2).class,rustme/lllilllIiI,java/lang/Object,misc
lllillliiI.class,rustme/lllillliiI,java/lang/Object,misc
lllilllliI.class,rustme/lllilllliI,java/lang/Object,kotlin-lambda-ish
llllIIIIiI(7).class,rustme/llllIIIIiI,java/lang/Object,misc
llllIIIiII(15).class,rustme/llllIIIiII,java/lang/Object,misc
llllIIIlII(11).class,rustme/llllIIIlII,java/lang/Object,misc
llllIIIliI(7).class,rustme/llllIIIliI,rustme/IililIIliI,misc
llllIIiIII(17).class,rustme/llllIIiIII,java/lang/Object,misc
llllIIiIiI(3).class,rustme/llllIIiIiI,rustme/IIlliIiIiI,misc
llllIIiiII(11).class,rustme/llllIIiiII,java/lang/Object,kotlin-lambda-ish
llllIIiilI(1).class,rustme/llllIIiilI,java/lang/Object,misc
llllIIiliI(3).class,rustme/llllIIiliI,kotlin/coroutines/jvm/internal/SuspendLambda,kotlin-coroutines
llllIIlIII(11).class,rustme/llllIIlIII,java/lang/Object,misc
llllIIlIiI(7).class,rustme/llllIIlIiI,java/lang/Object,misc
llllIIliiI(3).class,rustme/llllIIliiI,java/lang/Object,misc
llllIIlliI(3).class,rustme/llllIIlliI,java/lang/Object,kotlin-lambda-ish
llllIiIIII(18).class,rustme/llllIiIIII,java/lang/Object,misc
llllIiIIiI(5).class,rustme/llllIiIIiI,java/lang/Object,misc
llllIiIiII(13).class,rustme/llllIiIiII,java/lang/Object,misc
llllIiIilI(2).class,rustme/llllIiIilI,java/lang/Object,misc
llllIiIliI(5).class,rustme/llllIiIliI,java/lang/Object,misc
llllIiiIiI(1).class,rustme/llllIiiIiI,java/lang/Object,misc
llllIiiiII(9).class,rustme/llllIiiiII,java/lang/Object,kotlin-lambda-ish
llllIiilII(8).class,rustme/llllIiilII,java/lang/Object,misc
llllIiiliI(1).class,rustme/llllIiiliI,rustme/iiiiliiliI,misc
llllIilIiI(5).class,rustme/llllIilIiI,java/lang/Object,misc
llllIiliII(8).class,rustme/llllIiliII,java/lang/Object,misc
llllIiliiI(1).class,rustme/llllIiliiI,java/lang/Object,misc
llllIillII(4).class,rustme/llllIillII,java/lang/Object,misc
llllIilliI(1).class,rustme/llllIilliI,java/lang/Enum,enum
llllIlIIII(10).class,rustme/llllIlIIII,java/lang/Object,misc
llllIlIIiI(5).class,rustme/llllIlIIiI,java/lang/Object,tileentity
llllIlIiiI(1).class,rustme/llllIlIiiI,rustme/iliIIlIiiI,tileentity
llllIlIilI(1).class,rustme/llllIlIilI,java/lang/Object,misc
llllIlIliI(3).class,rustme/llllIlIliI,rustme/IiiillIliI,misc
llllIliIiI(3).class,rustme/llllIliIiI,java/lang/Object,entity-related
llllIliiII(7).class,rustme/llllIliiII,java/lang/Object,kotlin-lambda-ish
llllIlilII(4).class,rustme/llllIlilII,java/lang/Object,misc
llllIliliI(1).class,rustme/llllIliliI,java/lang/Object,misc
llllIllIiI(3).class,rustme/llllIllIiI,rustme/llIiIllIiI,misc
llllIlliII(4).class,rustme/llllIlliII,java/lang/Object,misc
llllIlliiI(1).class,rustme/llllIlliiI,java/lang/Object,misc
llllIlllII(2).class,rustme/llllIlllII,java/lang/Object,misc
llllIllliI(1).class,rustme/llllIllliI,java/lang/Object,kotlin-lambda-ish
lllliIIIII(19).class,rustme/lllliIIIII,java/lang/Object,misc
lllliIIIiI(6).class,rustme/lllliIIIiI,rustme/llliiIIIiI,tileentity
lllliIIiII(14).class,rustme/lllliIIiII,java/lang/Object,misc
lllliIIilI(3).class,rustme/lllliIIilI,java/lang/Object,misc
lllliIIliI(6).class,rustme/lllliIIliI,rustme/IlilIIIliI,mod-widget
lllliIiIiI(2).class,rustme/lllliIiIiI,rustme/IIlliIiIiI,block
lllliIiiII(10).class,rustme/lllliIiiII,java/lang/Object,kotlin-lambda-ish
lllliIilII(9).class,rustme/lllliIilII,java/lang/Object,misc
lllliIiliI(2).class,rustme/lllliIiliI,rustme/lIlliIiliI,entity-related
lllliIlIiI(6).class,rustme/lllliIlIiI,java/lang/Object,block
lllliIliII(9).class,rustme/lllliIliII,java/lang/Object,misc
lllliIliiI(2).class,rustme/lllliIliiI,rustme/lIlliIliiI,network-packet
lllliIllII(5).class,rustme/lllliIllII,java/lang/Object,misc
lllliIlliI(2).class,rustme/lllliIlliI,java/lang/Object,kotlin-lambda-ish
lllliiIIiI(4).class,rustme/lllliiIIiI,java/lang/Object,misc
lllliiIiII(12).class,rustme/lllliiIiII,java/lang/Object,kotlin-lambda-ish
lllliiIlII(10).class,rustme/lllliiIlII,java/lang/Object,misc
lllliiIliI(4).class,rustme/lllliiIliI,java/lang/Object,misc
lllliiiIII(16).class,rustme/lllliiiIII,java/lang/Object,misc
lllliiiIiI.class,rustme/lllliiiIiI,rustme/iIlIiiiIiI,entity-renderer
lllliiiiII(8).class,rustme/lllliiiiII,java/lang/Object,kotlin-lambda-ish
lllliiiilI.class,rustme/lllliiiilI,java/lang/Object,misc
lllliiiliI.class,rustme/lllliiiliI,rustme/iiiiIiiliI,misc
lllliilIII(10).class,rustme/lllliilIII,java/lang/Object,misc
lllliilIiI(4).class,rustme/lllliilIiI,java/lang/Object,nbt
lllliiliiI.class,rustme/lllliiliiI,rustme/IillilIiiI,item-related
lllliililI.class,rustme/lllliililI,java/lang/Object,misc
lllliilliI.class,rustme/lllliilliI,java/lang/Object,misc
llllilIIiI(4).class,rustme/llllilIIiI,java/lang/Object,network-packet
llllilIiII(8).class,rustme/llllilIiII,java/lang/Object,misc
llllilIiiI.class,rustme/llllilIiiI,rustme/iliIIlIiiI,world-related
llllilIlII(5).class,rustme/llllilIlII,java/lang/Object,misc
llllilIliI(2).class,rustme/llllilIliI,java/lang/Enum,enum
lllliliIII(9).class,rustme/lllliliIII,java/lang/Object,misc
lllliliIiI(2).class,rustme/lllliliIiI,java/lang/Object,misc
lllliliiII(6).class,rustme/lllliliiII,java/lang/Object,kotlin-lambda-ish
lllliliilI.class,rustme/lllliliilI,java/lang/Object,misc
llllililiI.class,rustme/llllililiI,rustme/llIiIliliI,mod-widget
llllillIII(5).class,rustme/llllillIII,java/lang/Object,misc
llllillIiI(2).class,rustme/llllillIiI,java/lang/Object,misc
llllilliiI.class,rustme/llllilliiI,java/lang/Object,misc
llllillliI.class,rustme/llllillliI,java/lang/Object,kotlin-lambda-ish
lllllIIIII(8).class,rustme/lllllIIIII,java/lang/Object,misc
lllllIIIiI(3).class,rustme/lllllIIIiI,java/lang/Object,misc
lllllIIilI(1).class,rustme/lllllIIilI,java/lang/Object,misc
lllllIIliI(3).class,rustme/lllllIIliI,java/lang/Object,kotlin-lambda-ish
lllllIiIiI(1).class,rustme/lllllIiIiI,rustme/IiillIiIiI,misc
lllllIiiII(5).class,rustme/lllllIiiII,java/lang/Object,kotlin-lambda-ish
lllllIilII(4).class,rustme/lllllIilII,java/lang/Object,misc
lllllIiliI(1).class,rustme/lllllIiliI,java/lang/Object,entity-related
lllllIlIiI(3).class,rustme/lllllIlIiI,rustme/lIiIiIlIiI,misc
lllllIliII(4).class,rustme/lllllIliII,java/lang/Object,misc
lllllIliiI(1).class,rustme/lllllIliiI,rustme/lililIliiI,particle
lllllIllII(2).class,rustme/lllllIllII,java/lang/Object,misc
lllllIlliI(1).class,rustme/lllllIlliI,java/lang/Object,kotlin-lambda-ish
llllliIIiI(2).class,rustme/llllliIIiI,java/lang/Object,misc
llllliIiII(6).class,rustme/llllliIiII,java/lang/Object,kotlin-lambda-ish
llllliIlII(5).class,rustme/llllliIlII,java/lang/Object,misc
llllliIliI(2).class,rustme/llllliIliI,java/lang/Object,kotlin-lambda-ish
llllliiIII(7).class,rustme/llllliiIII,java/lang/Object,misc
llllliiIiI.class,rustme/llllliiIiI,java/lang/Object,misc
llllliiiII(4).class,rustme/llllliiiII,java/lang/Object,kotlin-lambda-ish
llllliiilI.class,rustme/llllliiilI,java/lang/Object,misc
llllliiliI.class,rustme/llllliiliI,java/lang/Object,misc
lllllilIII(5).class,rustme/lllllilIII,java/lang/Object,misc
lllllilIiI(2).class,rustme/lllllilIiI,java/lang/Object,misc
llllliliiI.class,rustme/llllliliiI,rustme/IlIlliliiI,gui-screen
lllllililI.class,rustme/lllllililI,java/lang/Object,misc
lllllilliI.class,rustme/lllllilliI,java/lang/Object,kotlin-lambda-ish
llllllIIiI(2).class,rustme/llllllIIiI,java/lang/Object,misc
llllllIiII(4).class,rustme/llllllIiII,java/lang/Object,misc
llllllIiiI.class,rustme/llllllIiiI,java/lang/Object,misc
llllllIlII(2).class,rustme/llllllIlII,java/lang/Object,misc
llllllIliI(1).class,rustme/llllllIliI,java/lang/Object,mod-widget
lllllliIII(5).class,rustme/lllllliIII,java/lang/Object,misc
lllllliIiI(1).class,rustme/lllllliIiI,rustme/IiiIiliIiI,entity-related
lllllliiII(3).class,rustme/lllllliiII,java/lang/Object,kotlin-lambda-ish
lllllliilI.class,rustme/lllllliilI,java/lang/Object,misc
lllllliliI.class,rustme/lllllliliI,java/lang/Object,misc
lllllllIII(2).class,rustme/lllllllIII,java/lang/Object,misc
lllllllIiI(1).class,rustme/lllllllIiI,java/lang/Object,misc
llllllliiI.class,rustme/llllllliiI,java/lang/Object,misc
lllllllliI.class,rustme/lllllllliI,java/lang/Object,kotlin-lambda-ish
