file,class,super,ifaces,n_methods,n_fields,size,tags,anchor,note
IIIIIIIIiI(127).class,rustme/IIIIIIIIiI,rustme/IliIiIIIiI,,8,0,3084,,,
IIIIIIIiII(247).class,rustme/IIIIIIIiII,java/lang/Object,,0,1,173,,,
IIIIIIIlII(191).class,rustme/IIIIIIIlII,java/lang/Object,,0,1,174,,,
IIIIIIIliI(127).class,rustme/IIIIIIIliI,rustme/IIllIiIliI,,4,0,1897,Kotlin internals,,
IIIIIIiIII(279).class,rustme/IIIIIIiIII,java/lang/Object,,0,1,173,,,
IIIIIIiIiI(63).class,rustme/IIIIIIiIiI,rustme/IIlliIiIiI,,9,0,3798,,,
IIIIIIiiII(191).class,rustme/IIIIIIiiII,java/lang/Object,kotlin/jvm/functions/Function1,5,1,2472,Kotlin internals,,
IIIIIIiilI(31).class,rustme/IIIIIIiilI,java/lang/Object,,0,1,174,,,
IIIIIIiliI(63).class,rustme/IIIIIIiliI,java/lang/Object,,8,8,4172,Kotlin internals,,
IIIIIIlIII(191).class,rustme/IIIIIIlIII,java/lang/Object,,0,1,173,,,
IIIIIIlIiI(127).class,rustme/IIIIIIlIiI,java/lang/Object,,7,8,4174,,,
IIIIIIliiI(63).class,rustme/IIIIIIliiI,rustme/lIlliIliiI,,3,1,1258,,,
IIIIIIlliI(63).class,rustme/IIIIIIlliI,java/lang/Object,kotlin/jvm/functions/Function1,5,1,2913,Kotlin internals,,
IIIIIiIIII(295).class,rustme/IIIIIiIIII,java/lang/Object,,0,8,320,,,
IIIIIiIIiI(95).class,rustme/IIIIIiIIiI,java/lang/Enum,,7,4,1637,,,
IIIIIiIiII(223).class,rustme/IIIIIiIiII,java/lang/Object,kotlin/jvm/functions/Function1,5,1,1596,Kotlin internals,,
IIIIIiIilI(47).class,rustme/IIIIIiIilI,java/lang/Object,,0,1,174,,,
IIIIIiIliI(95).class,rustme/IIIIIiIliI,rustme/IlilIIIliI,,8,1,2594,GUI/Screen;Texture;Kotlin internals,,
IIIIIiiIiI(31).class,rustme/IIIIIiiIiI,java/lang/Enum,,6,5,1567,,,
IIIIIiiiII(159).class,rustme/IIIIIiiiII,java/lang/Object,kotlin/jvm/functions/Function1,5,1,1529,Kotlin internals,,
IIIIIiilII(143).class,rustme/IIIIIiilII,java/lang/Object,,0,1,174,,,
IIIIIiiliI(31).class,rustme/IIIIIiiliI,java/lang/Object,,11,4,8720,Kotlin internals,,
IIIIIilIiI(95).class,rustme/IIIIIilIiI,java/lang/Enum,com/google/common/base/Predicate;rustme/ililIilIiI,14,7,3385,,,
IIIIIiliII(143).class,rustme/IIIIIiliII,java/lang/Object,,0,8,320,,,
IIIIIiliiI(31).class,rustme/IIIIIiliiI,java/lang/Object,,9,19,3444,,,
IIIIIillII(79).class,rustme/IIIIIillII,java/lang/Object,,0,1,174,,,
IIIIIilliI(31).class,rustme/IIIIIilliI,java/lang/Object,,2,5,960,Kotlin internals,,
IIIIIlIIII(159).class,rustme/IIIIIlIIII,java/lang/Object,,0,9,341,,,
IIIIIlIIiI(79).class,rustme/IIIIIlIIiI,java/lang/Object,,5,3,933,,,
IIIIIlIiiI(15).class,rustme/IIIIIlIiiI,rustme/iliIIlIiiI,,24,4,9452,,,
IIIIIlIilI(31).class,rustme/IIIIIlIilI,java/lang/Object,,0,1,174,,,
IIIIIlIliI(63).class,rustme/IIIIIlIliI,java/lang/Object,,11,19,10769,GUI/Screen;Kotlin internals,,
IIIIIliIiI(47).class,rustme/IIIIIliIiI,rustme/lIIIIliIiI,,8,4,4301,,,
IIIIIliiII(111).class,rustme/IIIIIliiII,java/lang/Object,kotlin/jvm/functions/Function1,5,1,2022,Kotlin internals,,
IIIIIlilII(79).class,rustme/IIIIIlilII,java/lang/Object,,0,2,196,,,
IIIIIliliI(31).class,rustme/IIIIIliliI,rustme/iiIliiIliI,,35,11,37865,Kotlin internals,,
IIIIIllIiI(63).class,rustme/IIIIIllIiI,rustme/llIiIllIiI,,7,0,2092,,,
IIIIIlliII(79).class,rustme/IIIIIlliII,java/lang/Object,,0,10,362,,,
IIIIIlliiI(31).class,rustme/IIIIIlliiI,java/lang/Object,,4,1,1273,,,
IIIIIlllII(47).class,rustme/IIIIIlllII,java/lang/Object,,0,1,174,,,
IIIIIllliI(31).class,rustme/IIIIIllliI,java/lang/Object,kotlin/jvm/functions/Function1,5,1,1900,Kotlin internals,,
IIIIiIIIII(303).class,rustme/IIIIiIIIII,java/lang/Object,,0,2,194,,,
IIIIiIIIiI(111).class,rustme/IIIIiIIIiI,rustme/llliiIIIiI,,2,1,5131,,,
IIIIiIIiII(239).class,rustme/IIIIiIIiII,java/lang/Object,,7,0,9204,Kotlin internals,,
IIIIiIIilI(55).class,rustme/IIIIiIIilI,java/lang/Object,,0,1,174,,,
IIIIiIIliI(111).class,rustme/IIIIiIIliI,java/lang/Object,,1,1,604,Kotlin internals,,
IIIIiIiIiI(47).class,rustme/IIIIiIiIiI,java/lang/Object,,1,0,357,,,
IIIIiIiiII(175).class,rustme/IIIIiIiiII,java/lang/Object,kotlin/jvm/functions/Function1,5,1,4916,Kotlin internals,,
IIIIiIilII(151).class,rustme/IIIIiIilII,java/lang/Object,,0,4,240,,,
IIIIiIiliI(47).class,rustme/IIIIiIiliI,java/lang/Object,java/util/Comparator,2,0,1664,Kotlin internals,,
IIIIiIlIiI(111).class,rustme/IIIIiIlIiI,java/lang/Object,rustme/IilIiIlIiI,6,0,1422,,,
IIIIiIliII(151).class,rustme/IIIIiIliII,java/lang/Object,,0,1,173,,,
IIIIiIliiI(47).class,rustme/IIIIiIliiI,java/lang/Object,rustme/lIIIliliiI,7,1,2246,,,
IIIIiIllII(87).class,rustme/IIIIiIllII,java/lang/Object,,0,1,174,,,
IIIIiIlliI(47).class,rustme/IIIIiIlliI,java/lang/Object,kotlin/jvm/functions/Function1,5,1,2913,Kotlin internals,,
IIIIiiIIiI(79).class,rustme/IIIIiiIIiI,rustme/iiIIlliIiI,,14,0,3646,,,
IIIIiiIiII(207).class,rustme/IIIIiiIiII,java/lang/Object,kotlin/jvm/functions/Function1,5,1,2603,Kotlin internals,,
IIIIiiIlII(167).class,rustme/IIIIiiIlII,java/lang/Object,,0,1,174,,,
IIIIiiIliI(79).class,rustme/IIIIiiIliI,rustme/iiIliiIliI,,45,35,16649,Kotlin internals,,
IIIIiiiIII(255).class,rustme/IIIIiiiIII,java/lang/Object,,0,1,173,,,
IIIIiiiIiI(15).class,rustme/IIIIiiiIiI,rustme/iIlIiiiIiI,,4,1,1863,,,
IIIIiiiiII(143).class,rustme/IIIIiiiiII,java/lang/Object,kotlin/jvm/functions/Function1,5,1,1468,Kotlin internals,,
IIIIiiiilI(7).class,rustme/IIIIiiiilI,java/lang/Object,,0,1,174,,,
IIIIiiiliI(15).class,rustme/IIIIiiiliI,java/lang/Object,,8,0,4304,Texture,,
IIIIiilIII(167).class,rustme/IIIIiilIII,java/lang/Object,,0,6,278,,,
IIIIiilIiI(79).class,rustme/IIIIiilIiI,java/lang/Enum,,6,5,1564,,,
IIIIiiliiI(15).class,rustme/IIIIiiliiI,rustme/IilIiiliiI,,2,0,978,,,
IIIIiililI(7).class,rustme/IIIIiililI,java/lang/Object,,0,1,174,,,
IIIIiilliI(15).class,rustme/IIIIiilliI,java/lang/Object,,11,2,9113,Kotlin internals,,
IIIIilIIiI(63).class,rustme/IIIIilIIiI,java/lang/Object,rustme/llillIIIiI,7,5,2899,,,
IIIIilIiII(119).class,rustme/IIIIilIiII,java/lang/Object,,0,2,194,,,
IIIIilIlII(87).class,rustme/IIIIilIlII,java/lang/Object,,0,1,174,,,
IIIIilIliI(47).class,rustme/IIIIilIliI,java/lang/Enum,,7,5,2066,Kotlin internals,,
IIIIiliIII(135).class,rustme/IIIIiliIII,java/lang/Object,,0,9,341,,,
IIIIiliIiI(31).class,rustme/IIIIiliIiI,rustme/iliIiliIiI,,8,6,3670,,,
IIIIiliiII(95).class,rustme/IIIIiliiII,java/lang/Object,kotlin/jvm/functions/Function1,5,1,1641,Kotlin internals,,
IIIIiliilI(7).class,rustme/IIIIiliilI,java/lang/Object,,0,1,174,,,
IIIIililiI(15).class,rustme/IIIIililiI,rustme/IlilIIIliI,,2,1,2305,Kotlin internals,,
IIIIillIII(87).class,rustme/IIIIillIII,java/lang/Object,,0,3,215,,,
IIIIillIiI(47).class,rustme/IIIIillIiI,java/lang/Object,rustme/lliIillIiI,2,0,678,,,
IIIIilliiI(15).class,rustme/IIIIilliiI,rustme/iIIIilliiI,,3,2,1616,,,
IIIIillliI(15).class,rustme/IIIIillliI,java/lang/Object,kotlin/jvm/functions/Function1,5,1,1672,Kotlin internals,,
IIIIlIIIII(151).class,rustme/IIIIlIIIII,java/lang/Object,,0,7,299,,,
IIIIlIIIiI(63).class,rustme/IIIIlIIIiI,java/lang/Object,,4,3,1937,,,
IIIIlIIilI(31).class,rustme/IIIIlIIilI,java/lang/Object,,0,1,174,,,
IIIIlIIliI(63).class,rustme/IIIIlIIliI,java/lang/Object,kotlin/jvm/functions/Function1,5,2,3784,Kotlin internals,,
IIIIlIiIiI(31).class,rustme/IIIIlIiIiI,rustme/ilIIlIiIiI,,2,0,679,,,
IIIIlIiiII(95).class,rustme/IIIIlIiiII,java/lang/Object,kotlin/jvm/functions/Function1,5,1,3130,Kotlin internals,,
IIIIlIilII(79).class,rustme/IIIIlIilII,java/lang/Object,,0,1,174,,,
IIIIlIiliI(31).class,rustme/IIIIlIiliI,java/lang/Object,,5,4,2059,Kotlin internals,,
IIIIlIlIiI(63).class,rustme/IIIIlIlIiI,java/lang/Object,,5,2,2799,,,
IIIIlIliII(79).class,rustme/IIIIlIliII,java/lang/Object,,0,8,320,,,
IIIIlIliiI(31).class,rustme/IIIIlIliiI,java/lang/Object,rustme/iililIliiI,2,0,793,Particles,,
IIIIlIllII(47).class,rustme/IIIIlIllII,java/lang/Object,,0,1,174,,,
IIIIlIlliI(31).class,rustme/IIIIlIlliI,java/lang/Object,,13,10,10998,Kotlin internals,,
IIIIliIIiI(47).class,rustme/IIIIliIIiI,java/lang/Object,,4,0,460,,,
IIIIliIiII(111).class,rustme/IIIIliIiII,java/lang/Object,rustme/lIIlIiIiII,1,0,602,Kotlin internals,,
IIIIliIlII(87).class,rustme/IIIIliIlII,java/lang/Object,,0,4,240,,,
IIIIliIliI(47).class,rustme/IIIIliIliI,java/lang/Object,,2,0,1115,Kotlin internals,,
IIIIliiIII(127).class,rustme/IIIIliiIII,java/lang/Object,,0,15,467,,,
IIIIliiIiI(15).class,rustme/IIIIliiIiI,java/lang/Object,,5,9,5617,,,
IIIIliiiII(79).class,rustme/IIIIliiiII,java/lang/Object,kotlin/jvm/functions/Function1,5,1,1466,Kotlin internals,,
IIIIliiilI(7).class,rustme/IIIIliiilI,java/lang/Object,,0,1,174,,,
IIIIliiliI(15).class,rustme/IIIIliiliI,java/lang/Object,,11,12,6390,Kotlin internals,,
IIIIlilIII(87).class,rustme/IIIIlilIII,java/lang/Object,,0,4,236,,,
IIIIlilIiI(47).class,rustme/IIIIlilIiI,java/lang/Object,,0,0,220,,,
IIIIliliiI(15).class,rustme/IIIIliliiI,rustme/lIlililiiI,,6,3,1921,GUI/Screen,,
IIIIlililI(7).class,rustme/IIIIlililI,java/lang/Object,,0,1,174,,,
IIIIlilliI(15).class,rustme/IIIIlilliI,java/lang/Object,,994,0,223435,Kotlin internals,,
IIIIllIIiI(47).class,rustme/IIIIllIIiI,java/lang/Object,,22,14,13089,,,
IIIIllIiII(71).class,rustme/IIIIllIiII,java/lang/Object,,0,1,173,,,
IIIIllIiiI(15).class,rustme/IIIIllIiiI,java/lang/Object,com/google/common/base/Predicate,3,0,985,,,
IIIIllIlII(47).class,rustme/IIIIllIlII,java/lang/Object,,0,1,174,,,
IIIIllIliI(31).class,rustme/IIIIllIliI,java/lang/Object,,9,10,7897,Kotlin internals,,
IIIIlliIII(79).class,rustme/IIIIlliIII,java/lang/Object,,0,6,278,,,
IIIIlliIiI(31).class,rustme/IIIIlliIiI,rustme/lilllliIiI,,29,8,10492,,,
IIIIlliiII(63).class,rustme/IIIIlliiII,java/lang/Object,kotlin/jvm/functions/Function1,5,1,2810,Kotlin internals,,
IIIIlliilI(7).class,rustme/IIIIlliilI,java/lang/Object,,0,1,174,,,
IIIIlliliI(15).class,rustme/IIIIlliliI,kotlin/jvm/internal/FunctionReferenceImpl,kotlin/jvm/functions/Function0,5,0,1457,Kotlin internals,,
IIIIlllIII(47).class,rustme/IIIIlllIII,java/lang/Object,,0,1,174,,,
IIIIlllIiI(31).class,rustme/IIIIlllIiI,java/lang/Object,,2,0,476,,,
IIIIllliiI(15).class,rustme/IIIIllliiI,java/lang/Object,,0,0,220,,,
IIIIlllliI(15).class,rustme/IIIIlllliI,java/lang/Object,kotlin/jvm/functions/Function1,5,1,1899,Kotlin internals,,
IIIiIIIIII(307).class,rustme/IIIiIIIIII,java/lang/Object,,0,1,173,,,
IIIiIIIIiI(119).class,rustme/IIIiIIIIiI,rustme/llliiIIIiI,,2,0,1083,,,
IIIiIIIilI(59).class,rustme/IIIiIIIilI,java/lang/Object,,0,1,174,,,
IIIiIIIliI(119).class,rustme/IIIiIIIliI,java/lang/Object,java/util/Comparator,2,0,1712,Kotlin internals,,
IIIiIIiIiI(55).class,rustme/IIIiIIiIiI,java/lang/Object,rustme/lIilIIiIiI,12,3,8087,,,
IIIiIIiiII(183).class,rustme/IIIiIIiiII,java/lang/Object,kotlin/jvm/functions/Function1,5,1,2022,Kotlin internals,,
IIIiIIilII(155).class,rustme/IIIiIIilII,java/lang/Object,,0,2,196,,,
IIIiIIiliI(55).class,rustme/IIIiIIiliI,java/lang/Object,,9,7,8479,Rendering/shader;Kotlin internals,,
IIIiIIlIiI(119).class,rustme/IIIiIIlIiI,java/lang/Object,,10,4,4927,,,
IIIiIIliII(155).class,rustme/IIIiIIliII,java/lang/Object,,0,1,173,,,
IIIiIIliiI(55).class,rustme/IIIiIIliiI,rustme/lIlliIliiI,,4,4,1957,,,
IIIiIIllII(91).class,rustme/IIIiIIllII,java/lang/Object,,0,1,174,,,
IIIiIIlliI(55).class,rustme/IIIiIIlliI,java/lang/Object,kotlin/jvm/functions/Function1,5,1,3280,Kotlin internals,,
IIIiIiIIiI(87).class,rustme/IIIiIiIIiI,java/lang/Object,rustme/iIIiIiIIiI,2,0,1782,,,
IIIiIiIiII(215).class,rustme/IIIiIiIiII,java/lang/Object,kotlin/jvm/functions/Function1,5,1,3660,Kotlin internals,,
IIIiIiIlII(171).class,rustme/IIIiIiIlII,java/lang/Object,,0,92,2176,,,
IIIiIiIliI(87).class,rustme/IIIiIiIliI,java/lang/Object,rustme/IlilIlIliI,22,1,3793,Kotlin internals,,
IIIiIiiIII(259).class,rustme/IIIiIiiIII,java/lang/Object,,0,11,383,,,
IIIiIiiIiI(23).class,rustme/IIIiIiiIiI,rustme/iIlIiiiIiI,,11,3,2855,Texture,,
IIIiIiiiII(151).class,rustme/IIIiIiiiII,java/lang/Object,kotlin/jvm/functions/Function1,5,1,1641,Kotlin internals,,
IIIiIiiilI(11).class,rustme/IIIiIiiilI,java/lang/Object,,0,1,174,,,
IIIiIiiliI(23).class,rustme/IIIiIiiliI,rustme/lIIiIiiliI,,1,0,527,,,
IIIiIilIII(171).class,rustme/IIIiIilIII,java/lang/Object,,0,6,278,,,
IIIiIilIiI(87).class,rustme/IIIiIilIiI,java/lang/Enum,rustme/llIiIilIiI,6,9,1944,,,
IIIiIiliiI(23).class,rustme/IIIiIiliiI,rustme/IillilIiiI,,21,8,9337,,,
IIIiIililI(11).class,rustme/IIIiIililI,java/lang/Object,,0,1,174,,,
IIIiIilliI(23).class,rustme/IIIiIilliI,java/lang/Object,rustme/IIliIilliI,5,1,3164,Kotlin internals,,
IIIiIlIIiI(71).class,rustme/IIIiIlIIiI,java/lang/Object,rustme/llillIIIiI,11,5,2301,,,
IIIiIlIiII(123).class,rustme/IIIiIlIiII,java/lang/Object,,0,1,173,,,
IIIiIlIiiI(7).class,rustme/IIIiIlIiiI,java/lang/Object,,1,1,834,,,
IIIiIlIlII(91).class,rustme/IIIiIlIlII,java/lang/Object,,0,1,174,,,
IIIiIlIliI(55).class,rustme/IIIiIlIliI,java/lang/Object,java/util/Comparator,2,0,1625,Kotlin internals,,
IIIiIliIII(139).class,rustme/IIIiIliIII,java/lang/Object,,0,17,509,,,
IIIiIliIiI(39).class,rustme/IIIiIliIiI,java/lang/Enum,,6,5,1557,,,
IIIiIliiII(103).class,rustme/IIIiIliiII,java/lang/Object,kotlin/jvm/functions/Function0,4,1,954,Kotlin internals,,
IIIiIliilI(11).class,rustme/IIIiIliilI,java/lang/Object,,0,1,174,,,
IIIiIliliI(23).class,rustme/IIIiIliliI,rustme/IlilIIIliI,,2,4,4131,Kotlin internals,,
IIIiIllIII(91).class,rustme/IIIiIllIII,java/lang/Object,,0,4,236,,,
IIIiIllIiI(55).class,rustme/IIIiIllIiI,java/lang/Object,,6,5,1180,,,
IIIiIlliiI(23).class,rustme/IIIiIlliiI,java/lang/Object,,2,2,878,,,
IIIiIllliI(23).class,rustme/IIIiIllliI,java/lang/Object,kotlin/jvm/functions/Function1,5,1,1541,Kotlin internals,,
IIIiiIIIiI(103).class,rustme/IIIiiIIIiI,java/lang/Object,rustme/liIiIIIIiI,2,0,757,,,
IIIiiIIiII(231).class,rustme/IIIiiIIiII,java/lang/Object,rustme/lIIlIiIiII,6,2,2304,Kotlin internals,,
IIIiiIIlII(179).class,rustme/IIIiiIIlII,java/lang/Object,,0,12,416,,,
IIIiiIIliI(103).class,rustme/IIIiiIIliI,rustme/IliIIiIliI,,13,23,15078,Kotlin internals,,
IIIiiIiIII(267).class,rustme/IIIiiIiIII,java/lang/Object,,0,1,173,,,
IIIiiIiIiI(39).class,rustme/IIIiiIiIiI,java/lang/Object,,1,0,177,,,
IIIiiIiiII(167).class,rustme/IIIiiIiiII,java/lang/Object,kotlin/jvm/functions/Function1,5,1,3209,Kotlin internals,,
IIIiiIiilI(19).class,rustme/IIIiiIiilI,java/lang/Object,,0,1,174,,,
IIIiiIiliI(39).class,rustme/IIIiiIiliI,java/lang/Object,,7,3,1988,Kotlin internals,,
IIIiiIlIII(179).class,rustme/IIIiiIlIII,java/lang/Object,,0,1,173,,,
IIIiiIlIiI(103).class,rustme/IIIiiIlIiI,rustme/IIlllilIiI,,6,13,3986,,,
IIIiiIliiI(39).class,rustme/IIIiiIliiI,rustme/iIIiiIliiI,,4,1,1215,GUI/Screen,,
IIIiiIlilI(19).class,rustme/IIIiiIlilI,java/lang/Object,,0,10,372,,,
IIIiiIlliI(39).class,rustme/IIIiiIlliI,java/lang/Object,kotlin/jvm/functions/Function1,5,1,3070,Kotlin internals,,
IIIiiiIIII(283).class,rustme/IIIiiiIIII,java/lang/Object,,0,7,299,,,
IIIiiiIIiI(71).class,rustme/IIIiiiIIiI,rustme/lilllliIiI,,19,1,4712,,,
IIIiiiIiII(199).class,rustme/IIIiiiIiII,java/lang/Object,kotlin/jvm/functions/Function1,5,1,1468,Kotlin internals,,
IIIiiiIilI(35).class,rustme/IIIiiiIilI,java/lang/Object,,0,1,174,,,
IIIiiiIliI(71).class,rustme/IIIiiiIliI,java/lang/Object,kotlin/jvm/functions/Function1,5,1,1495,Kotlin internals,,
IIIiiiiIiI(7).class,rustme/IIIiiiiIiI,rustme/lliiiiiIiI,,3,0,3309,,,
IIIiiiiiII(135).class,rustme/IIIiiiiiII,java/lang/Object,kotlin/jvm/functions/Function1,5,1,2011,Kotlin internals,,
IIIiiiilII(131).class,rustme/IIIiiiilII,java/lang/Object,,0,2,196,,,
IIIiiiiliI(7).class,rustme/IIIiiiiliI,java/lang/Object,,7,9,4279,,,
IIIiiilIiI(71).class,rustme/IIIiiilIiI,rustme/iIiIiilIiI,rustme/iiIlIilIiI;rustme/lIlIliIIiI,35,9,9965,,,
IIIiiiliII(131).class,rustme/IIIiiiliII,java/lang/Object,,0,2,194,,,
IIIiiiliiI(7).class,rustme/IIIiiiliiI,rustme/lillIlIiiI,,2,0,456,,,
IIIiiillII(67).class,rustme/IIIiiillII,java/lang/Object,,0,1,174,,,
IIIiiilliI(7).class,rustme/IIIiiilliI,java/lang/Object,,11,0,3108,Kotlin internals,,
IIIiilIIII(147).class,rustme/IIIiilIIII,java/lang/Object,,0,1,173,,,
IIIiilIIiI(55).class,rustme/IIIiilIIiI,java/lang/Enum,,6,5,1602,,,
IIIiilIilI(19).class,rustme/IIIiilIilI,java/lang/Object,,0,1,174,,,
IIIiilIliI(39).class,rustme/IIIiilIliI,java/lang/Object,kotlin/jvm/functions/Function1,5,2,3805,Kotlin internals,,
IIIiiliIiI(23).class,rustme/IIIiiliIiI,rustme/llIiiliIiI,,2,0,738,,,
IIIiiliiII(87).class,rustme/IIIiiliiII,java/lang/Object,kotlin/jvm/functions/Function1,5,1,1506,Kotlin internals,,
IIIiililII(67).class,rustme/IIIiililII,java/lang/Object,,0,2,196,,,
IIIiililiI(7).class,rustme/IIIiililiI,java/lang/Object,kotlin/jvm/functions/Function1,5,1,1657,Kotlin internals,,
IIIiillIiI(39).class,rustme/IIIiillIiI,java/lang/Object,,0,0,131,,,
IIIiilliII(67).class,rustme/IIIiilliII,java/lang/Object,,0,3,215,,,
IIIiilliiI(7).class,rustme/IIIiilliiI,java/lang/Object,rustme/iililIliiI,2,0,800,Particles,,
IIIiilllII(35).class,rustme/IIIiilllII,java/lang/Object,,0,1,174,,,
IIIiillliI(7).class,rustme/IIIiillliI,java/lang/Object,kotlin/jvm/functions/Function1,5,1,1899,Kotlin internals,,
IIIilIIIiI(55).class,rustme/IIIilIIIiI,java/lang/Enum,,6,3,1308,,,
IIIilIIiII(115).class,rustme/IIIilIIiII,java/lang/Object,,0,1,173,,,
IIIilIIlII(91).class,rustme/IIIilIIlII,java/lang/Object,,0,1,174,,,
IIIilIIliI(55).class,rustme/IIIilIIliI,rustme/IililIIliI,,2,0,1652,Kotlin internals,,
IIIilIiIII(131).class,rustme/IIIilIiIII,java/lang/Object,,0,8,320,,,
IIIilIiIiI(23).class,rustme/IIIilIiIiI,java/lang/Object,rustme/IiiIlIiIiI,5,0,1119,,,
IIIilIiiII(87).class,rustme/IIIilIiiII,java/lang/Object,kotlin/jvm/functions/Function1,5,1,1474,Kotlin internals,,
IIIilIiilI(11).class,rustme/IIIilIiilI,java/lang/Object,,0,1,174,,,
IIIilIiliI(23).class,rustme/IIIilIiliI,java/lang/Object,,8,3,2068,Kotlin internals;Sounds,,
IIIilIlIII(91).class,rustme/IIIilIlIII,java/lang/Object,,0,1,173,,,
IIIilIlIiI(55).class,rustme/IIIilIlIiI,rustme/llllIIlIiI,,4,2,1611,,,
IIIilIliiI(23).class,rustme/IIIilIliiI,io/netty/channel/ChannelInitializer,,2,2,1785,,,
IIIilIlliI(23).class,rustme/IIIilIlliI,java/lang/Object,kotlin/jvm/functions/Function1,5,1,3406,Kotlin internals,,
IIIiliIIII(139).class,rustme/IIIiliIIII,java/lang/Object,,0,8,320,,,
IIIiliIIiI(39).class,rustme/IIIiliIIiI,java/lang/Object,rustme/lilliilliI,44,9,16653,,,
IIIiliIiII(103).class,rustme/IIIiliIiII,java/lang/Object,rustme/lIIlIiIiII,1,0,609,Kotlin internals,,
IIIiliIilI(19).class,rustme/IIIiliIilI,java/lang/Object,,0,1,174,,,
IIIiliIliI(39).class,rustme/IIIiliIliI,rustme/llIliiIliI,,20,31,14287,Kotlin internals,,
IIIiliiIiI(7).class,rustme/IIIiliiIiI,rustme/iliiliiIiI,,4,3,2897,,,
IIIiliiiII(71).class,rustme/IIIiliiiII,java/lang/Object,kotlin/jvm/functions/Function1,5,1,1537,Kotlin internals,,
IIIiliilII(67).class,rustme/IIIiliilII,java/lang/Object,,0,19,570,,,
IIIiliiliI(7).class,rustme/IIIiliiliI,rustme/IililiiliI,,5,3,2814,Kotlin internals,,
IIIililIiI(39).class,rustme/IIIililIiI,java/lang/Object,,3,8,700,,,
IIIililiII(67).class,rustme/IIIililiII,java/lang/Object,,0,2,194,,,
IIIililiiI(7).class,rustme/IIIililiiI,java/lang/Object,,1,1,741,GUI/Screen,,
IIIilillII(35).class,rustme/IIIilillII,java/lang/Object,,0,1,174,,,
IIIililliI(7).class,rustme/IIIililliI,java/lang/Object,,2,0,771,Kotlin internals,,
IIIillIIII(83).class,rustme/IIIillIIII,java/lang/Object,,0,6,278,,,
IIIillIIiI(39).class,rustme/IIIillIIiI,java/lang/Object,,39,7,11499,,,
IIIillIiiI(7).class,rustme/IIIillIiiI,rustme/iliIIlIiiI,,29,7,9233,,,
IIIillIilI(11).class,rustme/IIIillIilI,java/lang/Object,,0,1,174,,,
IIIillIliI(23).class,rustme/IIIillIliI,java/lang/Object,,9,0,1967,Kotlin internals,,
IIIilliIiI(23).class,rustme/IIIilliIiI,java/lang/Object,,1,1,739,,,
IIIilliiII(55).class,rustme/IIIilliiII,java/lang/Object,kotlin/jvm/functions/Function1,5,1,1468,Kotlin internals,,
IIIillilII(35).class,rustme/IIIillilII,java/lang/Object,,0,8,328,,,
IIIilliliI(7).class,rustme/IIIilliliI,kotlin/jvm/internal/MutablePropertyReference1Impl,,5,1,1399,Kotlin internals,,
IIIilllIiI(23).class,rustme/IIIilllIiI,java/lang/Object,,20,1,11390,,,
IIIillliII(35).class,rustme/IIIillliII,java/lang/Object,,0,4,236,,,
IIIillliiI(7).class,rustme/IIIillliiI,java/lang/Object,,1,1,847,,,
IIIillllII(19).class,rustme/IIIillllII,java/lang/Object,,0,1,174,,,
IIIilllliI(7).class,rustme/IIIilllliI,java/lang/Object,kotlin/jvm/functions/Function1,5,1,1880,Kotlin internals,,
IIIlIIIIII(155).class,rustme/IIIlIIIIII,java/lang/Object,,0,9,341,,,
IIIlIIIIiI(63).class,rustme/IIIlIIIIiI,java/lang/Object,,14,1,10163,,,
IIIlIIIilI(31).class,rustme/IIIlIIIilI,java/lang/Object,,0,1,174,,,
IIIlIIIliI(63).class,rustme/IIIlIIIliI,java/lang/Object,kotlin/jvm/functions/Function1,4,1,2484,Kotlin internals,,
IIIlIIiIiI(31).class,rustme/IIIlIIiIiI,rustme/IIlliIiIiI,,8,0,2593,,,
IIIlIIiiII(95).class,rustme/IIIlIIiiII,java/lang/Object,kotlin/jvm/functions/Function1,5,2,2137,Kotlin internals,,
IIIlIIilII(79).class,rustme/IIIlIIilII,java/lang/Object,,0,1,174,,,
IIIlIIiliI(31).class,rustme/IIIlIIiliI,kotlin/coroutines/jvm/internal/SuspendLambda,kotlin/jvm/functions/Function2,7,2,4125,Kotlin internals,,
IIIlIIlIiI(63).class,rustme/IIIlIIlIiI,java/lang/Object,,1,0,293,,,
IIIlIIliII(79).class,rustme/IIIlIIliII,java/lang/Object,,0,3,215,,,
IIIlIIliiI(31).class,rustme/IIIlIIliiI,java/lang/Enum,,7,5,2161,,,
IIIlIIllII(47).class,rustme/IIIlIIllII,java/lang/Object,,0,1,174,,,
IIIlIIlliI(31).class,rustme/IIIlIIlliI,java/lang/Object,kotlin/jvm/functions/Function1,5,1,2021,Kotlin internals,,
IIIlIiIIiI(47).class,rustme/IIIlIiIIiI,rustme/llIIlIiIiI,,2,1,1625,,,
IIIlIiIiII(111).class,rustme/IIIlIiIiII,java/lang/Object,,3,0,1247,Kotlin internals,,
IIIlIiIlII(87).class,rustme/IIIlIiIlII,java/lang/Object,,0,8,328,,,
IIIlIiIliI(47).class,rustme/IIIlIiIliI,java/lang/Object,,2,0,1088,Kotlin internals,,
IIIlIiiIII(131).class,rustme/IIIlIiiIII,java/lang/Object,,0,27,719,,,
IIIlIiiIiI(15).class,rustme/IIIlIiiIiI,java/lang/Object,,3,1,965,,,
IIIlIiiiII(79).class,rustme/IIIlIiiiII,java/lang/Object,kotlin/jvm/functions/Function1,5,1,1769,Kotlin internals,,
IIIlIiiilI(7).class,rustme/IIIlIiiilI,java/lang/Object,,0,1,174,,,
IIIlIiiliI(15).class,rustme/IIIlIiiliI,rustme/IililiiliI,,7,3,3233,Kotlin internals,,
IIIlIilIII(87).class,rustme/IIIlIilIII,java/lang/Object,,0,11,383,,,
IIIlIilIiI(47).class,rustme/IIIlIilIiI,java/lang/Object,java/util/Map,14,1,3420,,,
IIIlIiliiI(15).class,rustme/IIIlIiliiI,java/lang/Object,,12,0,661,,,
IIIlIililI(7).class,rustme/IIIlIililI,java/lang/Object,,0,4,240,,,
IIIlIilliI(15).class,rustme/IIIlIilliI,java/lang/Object,,2,5,952,Kotlin internals,,
IIIlIlIIiI(39).class,rustme/IIIlIlIIiI,java/lang/Object,,11,14,3122,,,
IIIlIlIiII(63).class,rustme/IIIlIlIiII,java/lang/Object,,0,1,173,,,
IIIlIlIiiI(7).class,rustme/IIIlIlIiiI,rustme/IillilIiiI,,19,10,8829,,,
IIIlIlIlII(47).class,rustme/IIIlIlIlII,java/lang/Object,,0,1,174,,,
IIIlIlIliI(31).class,rustme/IIIlIlIliI,java/lang/Object,,4,0,1112,Kotlin internals,,
IIIlIliIII(71).class,rustme/IIIlIliIII,java/lang/Object,,0,4,236,,,
IIIlIliIiI(23).class,rustme/IIIlIliIiI,java/lang/Object,rustme/IiiIlIiIiI,3,1,1323,,,
IIIlIliiII(55).class,rustme/IIIlIliiII,java/lang/Object,kotlin/jvm/functions/Function0,4,1,954,Kotlin internals,,
IIIlIliilI(7).class,rustme/IIIlIliilI,java/lang/Object,,0,1,174,,,
IIIlIliliI(15).class,rustme/IIIlIliliI,rustme/llIIlliliI,,18,16,21973,Kotlin internals,,
IIIlIllIII(47).class,rustme/IIIlIllIII,java/lang/Object,,0,3,218,,,
IIIlIllIiI(31).class,rustme/IIIlIllIiI,rustme/llIiIllIiI,,7,0,2070,,,
IIIlIlliiI(15).class,rustme/IIIlIlliiI,java/lang/Object,rustme/IIIiiIiIiI,10,4,4751,,,
IIIlIllliI(15).class,rustme/IIIlIllliI,java/lang/Object,kotlin/jvm/functions/Function1,5,1,1468,Kotlin internals,,
IIIliIIIiI(55).class,rustme/IIIliIIIiI,rustme/llliiIIIiI,,2,0,2349,,,
IIIliIIiII(119).class,rustme/IIIliIIiII,java/lang/Object,,0,0,528,Kotlin internals,,
IIIliIIlII(91).class,rustme/IIIliIIlII,java/lang/Object,,0,16,504,,,
IIIliIIliI(55).class,rustme/IIIliIIliI,rustme/iIilIiIliI,,2,0,1374,Kotlin internals,,
IIIliIiIII(135).class,rustme/IIIliIiIII,java/lang/Object,,0,17,509,,,
IIIliIiIiI(23).class,rustme/IIIliIiIiI,com/google/common/collect/AbstractIterator,,2,5,2120,,,
IIIliIiiII(87).class,rustme/IIIliIiiII,java/lang/Object,kotlin/jvm/functions/Function1,5,1,2012,Kotlin internals,,
IIIliIiilI(11).class,rustme/IIIliIiilI,java/lang/Object,,0,1,174,,,
IIIliIiliI(23).class,rustme/IIIliIiliI,java/lang/Object,,17,18,11817,Rendering/shader;Kotlin internals,,
IIIliIlIII(91).class,rustme/IIIliIlIII,java/lang/Object,,0,1,173,,,
IIIliIlIiI(55).class,rustme/IIIliIlIiI,java/lang/Object,,4,1,717,,,
IIIliIliiI(23).class,rustme/IIIliIliiI,java/lang/Object,,0,0,220,,,
IIIliIlilI(11).class,rustme/IIIliIlilI,java/lang/Object,,0,4,240,,,
IIIliIlliI(23).class,rustme/IIIliIlliI,java/lang/Object,kotlin/jvm/functions/Function1,5,1,1963,Kotlin internals,,
IIIliiIIII(143).class,rustme/IIIliiIIII,java/lang/Object,,0,8,320,,,
IIIliiIIiI(39).class,rustme/IIIliiIIiI,rustme/IllIiiIIiI,rustme/IlllIliIiI,55,6,15477,,,
IIIliiIiII(103).class,rustme/IIIliiIiII,java/lang/Object,kotlin/jvm/functions/Function0,4,1,954,Kotlin internals,,
IIIliiIilI(19).class,rustme/IIIliiIilI,java/lang/Object,,0,1,174,,,
IIIliiIliI(39).class,rustme/IIIliiIliI,kotlin/properties/ObservableProperty,,4,1,2237,Kotlin internals,,
IIIliiiIiI(7).class,rustme/IIIliiiIiI,rustme/iIlIiiiIiI,,5,8,2518,Texture,,
IIIliiiiII(71).class,rustme/IIIliiiiII,java/lang/Object,kotlin/jvm/functions/Function1,5,1,1463,Kotlin internals,,
IIIliiilII(67).class,rustme/IIIliiilII,java/lang/Object,,0,1,174,,,
IIIliiiliI(7).class,rustme/IIIliiiliI,java/lang/Object,,7,0,2270,,,
IIIliilIiI(39).class,rustme/IIIliilIiI,java/lang/Object,rustme/IlIiIilIiI,5,1,3466,,,
IIIliiliII(67).class,rustme/IIIliiliII,java/lang/Object,,0,6,278,,,
IIIliiliiI(7).class,rustme/IIIliiliiI,rustme/iIIIiiliiI,,9,1,2986,,,
IIIliillII(35).class,rustme/IIIliillII,java/lang/Object,,0,1,174,,,
IIIliilliI(7).class,rustme/IIIliilliI,java/lang/Object,,225,221,63781,,,
IIIlilIIII(75).class,rustme/IIIlilIIII,java/lang/Object,,0,1,173,,,
IIIlilIIiI(31).class,rustme/IIIlilIIiI,java/lang/Object,rustme/llillIIIiI,8,9,4105,,,
IIIlilIilI(11).class,rustme/IIIlilIilI,java/lang/Object,,0,1,174,,,
IIIlilIliI(23).class,rustme/IIIlilIliI,rustme/iIIlilIliI,,7,1,1535,Kotlin internals,,
IIIliliIiI(15).class,rustme/IIIliliIiI,rustme/lIililiIiI,,6,1,2344,,,
IIIliliiII(47).class,rustme/IIIliliiII,java/lang/Object,kotlin/jvm/functions/Function1,5,1,1469,Kotlin internals,,
IIIlililII(35).class,rustme/IIIlililII,java/lang/Object,,0,1,174,,,
IIIlililiI(7).class,rustme/IIIlililiI,java/lang/Object,kotlin/jvm/functions/Function0,3,1,1898,Kotlin internals,,
IIIlillIiI(23).class,rustme/IIIlillIiI,java/lang/Object,java/util/Comparator,2,0,1059,,,
IIIlilliII(35).class,rustme/IIIlilliII,java/lang/Object,,0,2,194,,,
IIIlilliiI(7).class,rustme/IIIlilliiI,java/lang/Object,com/google/gson/JsonDeserializer,6,3,3399,,,
IIIlilllII(19).class,rustme/IIIlilllII,java/lang/Object,,0,1,174,,,
IIIlillliI(7).class,rustme/IIIlillliI,java/lang/Object,kotlin/jvm/functions/Function1,5,1,1468,Kotlin internals,,
IIIllIIIiI(31).class,rustme/IIIllIIIiI,java/lang/Object,rustme/llillIIIiI,7,1,1596,,,
IIIllIIiII(59).class,rustme/IIIllIIiII,java/lang/Object,,0,2,194,,,
IIIllIIlII(47).class,rustme/IIIllIIlII,java/lang/Object,,0,1,174,,,
IIIllIIliI(31).class,rustme/IIIllIIliI,kotlin/jvm/internal/FunctionReferenceImpl,kotlin/jvm/functions/Function0,5,1,1274,Kotlin internals,,
IIIllIiIII(67).class,rustme/IIIllIiIII,java/lang/Object,,0,7,299,,,
IIIllIiIiI(15).class,rustme/IIIllIiIiI,rustme/IiillIiIiI,,9,0,3871,,,
IIIllIiiII(47).class,rustme/IIIllIiiII,java/lang/Object,kotlin/jvm/functions/Function1,5,1,3451,Kotlin internals,,
IIIllIiilI(7).class,rustme/IIIllIiilI,java/lang/Object,,0,1,174,,,
IIIllIiliI(15).class,rustme/IIIllIiliI,java/lang/Object,kotlinx/coroutines/flow/Flow,2,2,2575,Kotlin internals,,
IIIllIlIII(47).class,rustme/IIIllIlIII,java/lang/Object,,0,1,173,,,
IIIllIlIiI(31).class,rustme/IIIllIlIiI,java/lang/Object,java/lang/Runnable,2,1,538,,,
IIIllIliiI(15).class,rustme/IIIllIliiI,rustme/lililIliiI,,4,6,2415,,,
IIIllIlliI(15).class,rustme/IIIllIlliI,java/lang/Object,kotlin/jvm/functions/Function1,5,1,1974,Kotlin internals,,
IIIlliIIII(71).class,rustme/IIIlliIIII,java/lang/Object,,0,1,173,,,
IIIlliIIiI(23).class,rustme/IIIlliIIiI,java/lang/Object,rustme/iiIlliIIiI,7,0,3112,,,
IIIlliIiII(55).class,rustme/IIIlliIiII,java/lang/Object,rustme/lIIlIiIiII,2,0,1365,Kotlin internals,,
IIIlliIilI(11).class,rustme/IIIlliIilI,java/lang/Object,,0,1,174,,,
IIIlliIliI(23).class,rustme/IIIlliIliI,rustme/IliIIiIliI,,5,3,5385,GUI/Screen;Texture;Kotlin internals,,
IIIlliiIiI(7).class,rustme/IIIlliiIiI,rustme/lIIlliiIiI,com/google/gson/JsonSerializer,9,0,6515,,,
IIIlliiiII(39).class,rustme/IIIlliiiII,java/lang/Object,kotlin/jvm/functions/Function1,5,1,1880,Kotlin internals,,
IIIlliilII(35).class,rustme/IIIlliilII,java/lang/Object,,0,1,174,,,
IIIlliiliI(7).class,rustme/IIIlliiliI,rustme/lilliiiliI,,4,1,1428,Kotlin internals,,
IIIllilIiI(23).class,rustme/IIIllilIiI,java/lang/Object,,5,0,1967,,,
IIIlliliII(35).class,rustme/IIIlliliII,java/lang/Object,,0,1,173,,,
IIIlliliiI(7).class,rustme/IIIlliliiI,rustme/lIIlliliiI,,4,0,1115,,,
IIIllillII(19).class,rustme/IIIllillII,java/lang/Object,,0,1,174,,,
IIIllilliI(7).class,rustme/IIIllilliI,java/lang/Object,kotlin/jvm/functions/Function1,5,1,1468,Kotlin internals,,
IIIlllIIII(43).class,rustme/IIIlllIIII,java/lang/Object,,0,2,194,,,
IIIlllIIiI(23).class,rustme/IIIlllIIiI,java/lang/Object,rustme/IiiIlIiIiI,5,1,1413,,,
IIIlllIiiI(7).class,rustme/IIIlllIiiI,rustme/IiIiIlIiiI,,22,4,12106,,,
IIIlllIilI(7).class,rustme/IIIlllIilI,java/lang/Object,,0,1,174,,,
IIIlllIliI(15).class,rustme/IIIlllIliI,java/lang/Object,kotlin/jvm/functions/Function0,4,1,1133,Kotlin internals,,
IIIllliIiI(15).class,rustme/IIIllliIiI,rustme/ilIIiiIIiI,,11,0,2444,,,
IIIllliiII(31).class,rustme/IIIllliiII,java/lang/Object,kotlin/jvm/functions/Function1,5,1,1506,Kotlin internals,,
IIIlllilII(19).class,rustme/IIIlllilII,java/lang/Object,,0,2,196,,,
IIIllliliI(7).class,rustme/IIIllliliI,rustme/llIIlliliI,,8,6,10973,Kotlin internals,,
IIIllllIiI(15).class,rustme/IIIllllIiI,java/lang/Object,,8,8,4706,,,
IIIlllliII(19).class,rustme/IIIlllliII,java/lang/Object,,0,2,194,,,
IIIlllliiI(7).class,rustme/IIIlllliiI,java/lang/Object,rustme/lIllllliiI,6,2,2732,Texture,,
IIIlllllII(11).class,rustme/IIIlllllII,java/lang/Object,,0,1,174,,,
IIIllllliI(7).class,rustme/IIIllllliI,java/lang/Object,kotlin/jvm/functions/Function1,5,1,1480,Kotlin internals,,
IIiIIIIIII(309).class,rustme/IIiIIIIIII,java/lang/Object,,0,3,215,,,
IIiIIIIIiI(123).class,rustme/IIiIIIIIiI,rustme/liIIiIIIiI,,7,2,5526,,,
IIiIIIIilI(61).class,rustme/IIiIIIIilI,java/lang/Object,,0,1,174,,,
IIiIIIIliI(123).class,rustme/IIiIIIIliI,rustme/IliIIiIliI,,17,4,13107,Kotlin internals,,
IIiIIIiIiI(59).class,rustme/IIiIIIiIiI,rustme/IIlliIiIiI,,10,0,7696,,,
IIiIIIiiII(187).class,rustme/IIiIIIiiII,java/lang/Object,kotlin/jvm/functions/Function1,5,1,1899,Kotlin internals,,
IIiIIIilII(157).class,rustme/IIiIIIilII,java/lang/Object,,0,1,174,,,
IIiIIIiliI(59).class,rustme/IIiIIIiliI,java/lang/Object,rustme/iIililliiI,13,1,4951,Kotlin internals;Particles,,
IIiIIIlIiI(123).class,rustme/IIiIIIlIiI,rustme/IIIiIIlIiI,,2,0,1259,,,
IIiIIIliII(157).class,rustme/IIiIIIliII,java/lang/Object,,0,2,194,,,
IIiIIIliiI(59).class,rustme/IIiIIIliiI,rustme/lllliIliiI,,7,8,3718,,,
IIiIIIllII(93).class,rustme/IIiIIIllII,java/lang/Object,,0,1,174,,,
IIiIIIlliI(59).class,rustme/IIiIIIlliI,java/lang/Object,kotlin/jvm/functions/Function1,5,1,2917,Kotlin internals,,
IIiIIiIIiI(91).class,rustme/IIiIIiIIiI,rustme/liIlIliIiI,rustme/IllIlilliI,158,41,51635,Kotlin internals,EntityPlayerSP wrapper,base player wrapper (Inventory поле).
IIiIIiIiII(219).class,rustme/IIiIIiIiII,java/lang/Object,kotlin/jvm/functions/Function1,5,1,1476,Kotlin internals,,
IIiIIiIlII(173).class,rustme/IIiIIiIlII,java/lang/Object,,0,1,174,,,
IIiIIiIliI(91).class,rustme/IIiIIiIliI,kotlin/properties/ObservableProperty,,4,1,2723,Kotlin internals,,
IIiIIiiIII(261).class,rustme/IIiIIiiIII,java/lang/Object,,0,33,845,,,
IIiIIiiIiI(27).class,rustme/IIiIIiiIiI,java/lang/Object,,1,2,522,,,
IIiIIiiiII(155).class,rustme/IIiIIiiiII,java/lang/Object,kotlin/jvm/functions/Function1,5,1,1528,Kotlin internals,,
IIiIIiiilI(13).class,rustme/IIiIIiiilI,java/lang/Object,,0,1,174,,,
IIiIIiiliI(27).class,rustme/IIiIIiiliI,rustme/lilliiiliI,,1,0,1052,,,
IIiIIilIII(173).class,rustme/IIiIIilIII,java/lang/Object,,0,5,257,,,
IIiIIilIiI(91).class,rustme/IIiIIilIiI,java/lang/Object,com/google/common/base/Predicate,3,0,1053,,,
IIiIIiliiI(27).class,rustme/IIiIIiliiI,java/lang/Object,,0,0,220,,,
IIiIIililI(13).class,rustme/IIiIIililI,java/lang/Object,,0,1,174,,,
IIiIIilliI(27).class,rustme/IIiIIilliI,rustme/IIiiIilliI,,4,0,1800,Kotlin internals,,
IIiIIlIIiI(75).class,rustme/IIiIIlIIiI,java/lang/Object,rustme/llillIIIiI,9,3,1965,,,
IIiIIlIiII(125).class,rustme/IIiIIlIiII,java/lang/Object,,0,1,173,,,
IIiIIlIiiI(11).class,rustme/IIiIIlIiiI,rustme/IillilIiiI,,3,0,814,,,
IIiIIlIlII(93).class,rustme/IIiIIlIlII,java/lang/Object,,0,1,174,,,
IIiIIlIliI(59).class,rustme/IIiIIlIliI,kotlin/properties/ObservableProperty,,4,1,4312,Kotlin internals,,
IIiIIliIII(141).class,rustme/IIiIIliIII,java/lang/Object,,0,3,215,,,
IIiIIliIiI(43).class,rustme/IIiIIliIiI,rustme/iIiIIliIiI,,7,3,3806,,,
IIiIIliiII(107).class,rustme/IIiIIliiII,java/lang/Object,kotlin/jvm/functions/Function1,5,1,1609,Kotlin internals,,
IIiIIliilI(13).class,rustme/IIiIIliilI,java/lang/Object,,0,1,174,,,
IIiIIliliI(27).class,rustme/IIiIIliliI,java/lang/Object,kotlin/jvm/functions/Function0,3,2,2240,Kotlin internals,,
IIiIIllIII(93).class,rustme/IIiIIllIII,java/lang/Object,,0,28,740,,,
IIiIIllIiI(59).class,rustme/IIiIIllIiI,rustme/llIiIllIiI,,7,0,2572,,,
IIiIIlliiI(27).class,rustme/IIiIIlliiI,rustme/iIiIIlliiI,it/unimi/dsi/fastutil/objects/ObjectListIterator,5,1,1481,,,
IIiIIllliI(27).class,rustme/IIiIIllliI,java/lang/Object,kotlin/jvm/functions/Function1,5,1,1900,Kotlin internals,,
IIiIiIIIiI(107).class,rustme/IIiIiIIIiI,java/lang/Enum,,13,12,3662,,,
IIiIiIIiII(235).class,rustme/IIiIiIIiII,java/lang/Object,,4,0,1353,Kotlin internals,,
IIiIiIIlII(181).class,rustme/IIiIiIIlII,java/lang/Object,,0,2,196,,,
IIiIiIIliI(107).class,rustme/IIiIiIIliI,rustme/lllIIiIliI,,12,3,8701,Kotlin internals,,
IIiIiIiIII(269).class,rustme/IIiIiIiIII,java/lang/Object,,0,3,215,,,
IIiIiIiIiI(43).class,rustme/IIiIiIiIiI,java/lang/Object,com/google/common/util/concurrent/FutureCallback,5,4,2382,,,
IIiIiIiiII(171).class,rustme/IIiIiIiiII,java/lang/Object,kotlin/jvm/functions/Function1,5,1,1468,Kotlin internals,,
IIiIiIiilI(21).class,rustme/IIiIiIiilI,java/lang/Object,,0,1,174,,,
IIiIiIiliI(43).class,rustme/IIiIiIiliI,java/lang/Object,,6,7,2208,Kotlin internals,,
IIiIiIlIII(181).class,rustme/IIiIiIlIII,java/lang/Object,,0,26,698,,,
IIiIiIlIiI(107).class,rustme/IIiIiIlIiI,java/lang/Object,,0,0,220,,,
IIiIiIliiI(43).class,rustme/IIiIiIliiI,rustme/IiliiIliiI,,6,6,3134,GUI/Screen;Texture,,
IIiIiIlilI(21).class,rustme/IIiIiIlilI,java/lang/Object,,0,9,350,,,
IIiIiIlliI(43).class,rustme/IIiIiIlliI,java/lang/Object,kotlin/jvm/functions/Function1,5,1,3069,Kotlin internals,,
IIiIiiIIII(285).class,rustme/IIiIiiIIII,java/lang/Object,,0,318,6830,,,
IIiIiiIIiI(75).class,rustme/IIiIiiIIiI,rustme/iliIiliIiI,,6,1,2359,,,
IIiIiiIiII(203).class,rustme/IIiIiiIiII,java/lang/Object,kotlin/jvm/functions/Function1,5,1,1624,Kotlin internals,,
IIiIiiIilI(37).class,rustme/IIiIiiIilI,java/lang/Object,,0,1,174,,,
IIiIiiIliI(75).class,rustme/IIiIiiIliI,java/lang/Object,kotlin/jvm/functions/Function0,5,1,1573,Kotlin internals,,
IIiIiiiIiI(11).class,rustme/IIiIiiiIiI,rustme/iIlIiiiIiI,,7,1,1848,Texture,,
IIiIiiiiII(139).class,rustme/IIiIiiiiII,java/lang/Object,kotlin/jvm/functions/Function1,5,1,1541,Kotlin internals,,
IIiIiiilII(133).class,rustme/IIiIiiilII,java/lang/Object,,0,3,218,,,
IIiIiiiliI(11).class,rustme/IIiIiiiliI,java/lang/Object,,25,0,7284,,,
IIiIiilIiI(75).class,rustme/IIiIiilIiI,rustme/iIiIiilIiI,rustme/iililIlIiI,25,3,5642,,,
IIiIiiliII(133).class,rustme/IIiIiiliII,java/lang/Object,,0,10,362,,,
IIiIiiliiI(11).class,rustme/IIiIiiliiI,java/lang/Enum,rustme/ililIilIiI,12,8,2750,,,
IIiIiillII(69).class,rustme/IIiIiillII,java/lang/Object,,0,1,174,,,
IIiIiilliI(11).class,rustme/IIiIiilliI,io/netty/channel/SimpleChannelInboundHandler,,6,1,8481,Kotlin internals,,
IIiIilIIII(149).class,rustme/IIiIilIIII,java/lang/Object,,0,5,257,,,
IIiIilIIiI(59).class,rustme/IIiIilIIiI,java/lang/Object,rustme/llillIIIiI,9,3,1882,,,
IIiIilIilI(21).class,rustme/IIiIilIilI,java/lang/Object,,0,1,174,,,
IIiIilIliI(43).class,rustme/IIiIilIliI,java/lang/Object,kotlin/jvm/functions/Function1,5,2,3780,Kotlin internals,,
IIiIiliIiI(27).class,rustme/IIiIiliIiI,java/lang/Object,com/google/common/base/Predicate,3,1,1475,,,
IIiIiliiII(91).class,rustme/IIiIiliiII,java/lang/Object,kotlin/jvm/functions/Function1,5,1,1468,Kotlin internals,,
IIiIililII(69).class,rustme/IIiIililII,java/lang/Object,,0,2,196,,,
IIiIililiI(11).class,rustme/IIiIililiI,java/lang/Object,kotlin/jvm/functions/Function0,3,1,1132,Kotlin internals,,
IIiIillIiI(43).class,rustme/IIiIillIiI,java/lang/Object,rustme/IliIillIiI,2,0,657,,,
IIiIilliII(69).class,rustme/IIiIilliII,java/lang/Object,,0,6,278,,,
IIiIilliiI(11).class,rustme/IIiIilliiI,rustme/lililIliiI,,2,0,1539,Particles,,
IIiIilllII(37).class,rustme/IIiIilllII,java/lang/Object,,0,1,174,,,
IIiIillliI(11).class,rustme/IIiIillliI,java/lang/Object,kotlin/jvm/functions/Function1,5,1,3112,Kotlin internals,,
IIiIlIIIiI(59).class,rustme/IIiIlIIIiI,java/lang/Object,io/netty/util/concurrent/GenericFutureListener,2,2,1342,,,
IIiIlIIiII(117).class,rustme/IIiIlIIiII,java/lang/Object,,0,2,194,,,
IIiIlIIlII(93).class,rustme/IIiIlIIlII,java/lang/Object,,0,1,174,,,
IIiIlIIliI(59).class,rustme/IIiIlIIliI,java/lang/Object,,11,8,7825,Kotlin internals,,
IIiIlIiIII(133).class,rustme/IIiIlIiIII,java/lang/Object,,0,1,173,,,
IIiIlIiIiI(27).class,rustme/IIiIlIiIiI,rustme/ilIIlIiIiI,,2,0,860,,,
IIiIlIiiII(91).class,rustme/IIiIlIiiII,java/lang/Object,kotlin/jvm/functions/Function1,5,1,3307,Kotlin internals,,
IIiIlIiilI(13).class,rustme/IIiIlIiilI,java/lang/Object,,0,1,174,,,
IIiIlIiliI(27).class,rustme/IIiIlIiliI,java/lang/Object,,5,1,1475,Kotlin internals,,
IIiIlIlIII(93).class,rustme/IIiIlIlIII,java/lang/Object,,0,1,173,,,
IIiIlIlIiI(59).class,rustme/IIiIlIlIiI,java/lang/Object,,7,3,4651,,,
IIiIlIliiI(27).class,rustme/IIiIlIliiI,java/lang/Object,rustme/iililIliiI,2,0,856,Particles,,
IIiIlIlliI(27).class,rustme/IIiIlIlliI,java/lang/Object,kotlin/jvm/functions/Function1,5,1,1468,Kotlin internals,,
IIiIliIIII(141).class,rustme/IIiIliIIII,java/lang/Object,,0,1,173,,,
IIiIliIIiI(43).class,rustme/IIiIliIIiI,rustme/IIIiliIIiI,,6,2,3383,,,
IIiIliIiII(107).class,rustme/IIiIliIiII,java/lang/Object,java/util/Comparator,2,0,2495,Kotlin internals,,
IIiIliIilI(21).class,rustme/IIiIliIilI,java/lang/Object,,0,1,174,,,
IIiIliIliI(43).class,rustme/IIiIliIliI,java/lang/Object,,2,0,1909,Kotlin internals,,
IIiIliiIiI(11).class,rustme/IIiIliiIiI,java/lang/Object,,0,0,220,,,
IIiIliiiII(75).class,rustme/IIiIliiiII,java/lang/Object,kotlin/jvm/functions/Function1,5,1,1460,Kotlin internals,,
IIiIliilII(69).class,rustme/IIiIliilII,java/lang/Object,,0,40,1032,,,
IIiIliiliI(11).class,rustme/IIiIliiliI,rustme/IililiiliI,,3,2,1859,Kotlin internals,,
IIiIlilIiI(43).class,rustme/IIiIlilIiI,java/lang/Enum,,9,14,4029,,,
IIiIliliII(69).class,rustme/IIiIliliII,java/lang/Object,,0,2,194,,,
IIiIliliiI(11).class,rustme/IIiIliliiI,rustme/IlIlliliiI,,18,27,14155,GUI/Screen,,
IIiIlillII(37).class,rustme/IIiIlillII,java/lang/Object,,0,1,174,,,
IIiIlilliI(11).class,rustme/IIiIlilliI,java/lang/Object,,3,0,1549,Kotlin internals,,
IIiIllIIII(85).class,rustme/IIiIllIIII,java/lang/Object,,0,4,236,,,
IIiIllIIiI(43).class,rustme/IIiIllIIiI,rustme/IiIilIiIiI,,1,0,374,,,
IIiIllIiiI(11).class,rustme/IIiIllIiiI,rustme/iIiIiiliiI,,6,1,3813,,,
IIiIllIilI(13).class,rustme/IIiIllIilI,java/lang/Object,,0,1,174,,,
IIiIllIliI(27).class,rustme/IIiIllIliI,java/lang/Object,,8,2,7341,Kotlin internals,,
IIiIlliIiI(27).class,rustme/IIiIlliIiI,rustme/IIlIIliIiI,,20,7,7198,,,
IIiIlliiII(59).class,rustme/IIiIlliiII,java/lang/Object,kotlin/jvm/functions/Function1,5,1,2741,Kotlin internals,,
IIiIllilII(37).class,rustme/IIiIllilII,java/lang/Object,,0,1,174,,,
IIiIlliliI(11).class,rustme/IIiIlliliI,java/lang/Object,,2,0,1083,Kotlin internals,,
IIiIlllIiI(27).class,rustme/IIiIlllIiI,java/lang/Object,,2,0,1904,,,
IIiIllliII(37).class,rustme/IIiIllliII,java/lang/Object,,0,9,341,,,
IIiIllliiI(11).class,rustme/IIiIllliiI,java/lang/Object,rustme/iIiIllliiI,2,0,829,,,
IIiIllllII(21).class,rustme/IIiIllllII,java/lang/Object,,0,3,218,,,
IIiIlllliI(11).class,rustme/IIiIlllliI,java/lang/Object,kotlin/jvm/functions/Function1,5,1,1541,Kotlin internals,,
IIiiIIIIiI(115).class,rustme/IIiiIIIIiI,rustme/iiliIIIIiI,,6,0,3267,,,
IIiiIIIiII(241).class,rustme/IIiiIIIiII,java/lang/Object,,0,3,215,,,
IIiiIIIlII(185).class,rustme/IIiiIIIlII,java/lang/Object,,0,1,174,,,
IIiiIIIliI(115).class,rustme/IIiiIIIliI,rustme/IlilIIIliI,,23,11,14202,Kotlin internals,,
IIiiIIiIII(273).class,rustme/IIiiIIiIII,java/lang/Object,,0,253,5465,,,
IIiiIIiIiI(51).class,rustme/IIiiIIiIiI,rustme/IIlliIiIiI,,9,0,5089,,,
IIiiIIiiII(179).class,rustme/IIiiIIiiII,java/lang/Object,kotlin/jvm/functions/Function1,5,1,1880,Kotlin internals,,
IIiiIIiilI(25).class,rustme/IIiiIIiilI,java/lang/Object,,0,1,174,,,
IIiiIIiliI(51).class,rustme/IIiiIIiliI,java/lang/Object,,3,1,1223,Kotlin internals,,
IIiiIIlIII(185).class,rustme/IIiiIIlIII,java/lang/Object,,0,2,194,,,
IIiiIIlIiI(115).class,rustme/IIiiIIlIiI,java/lang/Object,rustme/iIlIiIlIiI,21,5,7698,,,
IIiiIIliiI(51).class,rustme/IIiiIIliiI,rustme/lIlliIliiI,,2,3,1100,,,
IIiiIIlliI(51).class,rustme/IIiiIIlliI,java/lang/Object,kotlin/jvm/functions/Function1,5,1,2913,Kotlin internals,,
IIiiIiIIII(289).class,rustme/IIiiIiIIII,java/lang/Object,,0,4,236,,,
IIiiIiIIiI(83).class,rustme/IIiiIiIIiI,rustme/lliiIiIIiI,,6,1,1484,,,
IIiiIiIiII(211).class,rustme/IIiiIiIiII,java/lang/Object,kotlin/jvm/functions/Function1,5,1,4063,Kotlin internals,,
IIiiIiIilI(41).class,rustme/IIiiIiIilI,java/lang/Object,,0,1,174,,,
IIiiIiIliI(83).class,rustme/IIiiIiIliI,kotlin/properties/ObservableProperty,,4,1,2415,Kotlin internals,,
IIiiIiiIiI(19).class,rustme/IIiiIiiIiI,rustme/lliiiiiIiI,,5,0,3036,,,
IIiiIiiiII(147).class,rustme/IIiiIiiiII,java/lang/Object,kotlin/jvm/functions/Function1,5,1,1463,Kotlin internals,,
IIiiIiilII(137).class,rustme/IIiiIiilII,java/lang/Object,,0,1,174,,,
IIiiIiiliI(19).class,rustme/IIiiIiiliI,rustme/iliiIiiliI,,1,0,522,GUI/Screen,,
IIiiIilIiI(83).class,rustme/IIiiIilIiI,java/lang/Object,rustme/IlIiIilIiI,6,1,2794,,,
IIiiIiliII(137).class,rustme/IIiiIiliII,java/lang/Object,,0,41,1013,,,
IIiiIiliiI(19).class,rustme/IIiiIiliiI,java/lang/Enum,rustme/ililIilIiI,8,4,1773,,,
IIiiIillII(73).class,rustme/IIiiIillII,java/lang/Object,,0,1,174,,,
IIiiIilliI(19).class,rustme/IIiiIilliI,java/lang/Object,rustme/IIliIilliI,6,2,2977,Kotlin internals,,
IIiiIlIIII(153).class,rustme/IIiiIlIIII,java/lang/Object,,0,17,509,,,
IIiiIlIIiI(67).class,rustme/IIiiIlIIiI,java/lang/Object,rustme/llillIIIiI,10,4,2389,,,
IIiiIlIiiI(3).class,rustme/IIiiIlIiiI,rustme/iliIIlIiiI,,10,0,3649,,,
IIiiIlIilI(25).class,rustme/IIiiIlIilI,java/lang/Object,,0,1,174,,,
IIiiIlIliI(51).class,rustme/IIiiIlIliI,java/lang/Object,kotlin/jvm/functions/Function1,4,1,1256,Kotlin internals,,
IIiiIliIiI(35).class,rustme/IIiiIliIiI,rustme/iliIiliIiI,,8,7,2037,,,
IIiiIliiII(99).class,rustme/IIiiIliiII,java/lang/Object,kotlin/jvm/functions/Function1,5,1,1633,Kotlin internals,,
IIiiIlilII(73).class,rustme/IIiiIlilII,java/lang/Object,,0,2,196,,,
IIiiIliliI(19).class,rustme/IIiiIliliI,rustme/llIiIliliI,,3,1,3514,Kotlin internals,,
IIiiIllIiI(51).class,rustme/IIiiIllIiI,java/lang/Enum,,10,15,4707,,,
IIiiIlliII(73).class,rustme/IIiiIlliII,java/lang/Object,,0,4,236,,,
IIiiIlliiI(19).class,rustme/IIiiIlliiI,java/lang/Object,com/google/common/base/Function,3,1,1482,,,
IIiiIlllII(41).class,rustme/IIiiIlllII,java/lang/Object,,0,1,174,,,
IIiiIllliI(19).class,rustme/IIiiIllliI,java/lang/Object,kotlin/jvm/functions/Function1,5,1,1899,Kotlin internals,,
IIiiiIIIII(297).class,rustme/IIiiiIIIII,java/lang/Object,,0,5,257,,,
IIiiiIIIiI(99).class,rustme/IIiiiIIIiI,java/lang/Object,rustme/iIiiiIIIiI,2,0,824,,,
IIiiiIIiII(227).class,rustme/IIiiiIIiII,java/lang/Object,rustme/lIIlIiIiII,21,7,8848,Kotlin internals,,
IIiiiIIilI(49).class,rustme/IIiiiIIilI,java/lang/Object,,0,9,350,,,
IIiiiIIliI(99).class,rustme/IIiiiIIliI,java/lang/Object,,2,0,956,Kotlin internals,,
IIiiiIiIiI(35).class,rustme/IIiiiIiIiI,java/lang/Object,rustme/iIIiiIiIiI,10,3,4456,,,
IIiiiIiiII(163).class,rustme/IIiiiIiiII,java/lang/Object,kotlin/jvm/functions/Function1,5,1,3095,Kotlin internals,,
IIiiiIilII(145).class,rustme/IIiiiIilII,java/lang/Object,,0,8,328,,,
IIiiiIiliI(35).class,rustme/IIiiiIiliI,rustme/llliiIIiII,,9,3,7550,Kotlin internals,,
IIiiiIlIiI(99).class,rustme/IIiiiIlIiI,rustme/IIlllilIiI,,1,0,1512,,,
IIiiiIliII(145).class,rustme/IIiiiIliII,java/lang/Object,,0,6,278,,,
IIiiiIliiI(35).class,rustme/IIiiiIliiI,rustme/iIlililiiI,rustme/IllIiIliiI,13,5,6075,GUI/Screen;Texture,,
IIiiiIllII(81).class,rustme/IIiiiIllII,java/lang/Object,,0,1,174,,,
IIiiiIlliI(35).class,rustme/IIiiiIlliI,java/lang/Object,kotlin/jvm/functions/Function1,5,1,2942,Kotlin internals,,
IIiiiiIIiI(67).class,rustme/IIiiiiIIiI,rustme/iliIiliIiI,,5,2,2476,,,
IIiiiiIiII(195).class,rustme/IIiiiiIiII,java/lang/Object,kotlin/jvm/functions/Function1,5,1,2737,Kotlin internals,,
IIiiiiIlII(161).class,rustme/IIiiiiIlII,java/lang/Object,,0,1,174,,,
IIiiiiIliI(67).class,rustme/IIiiiiIliI,rustme/liiiiiIliI,,21,2,9136,Kotlin internals,,
IIiiiiiIII(249).class,rustme/IIiiiiiIII,java/lang/Object,,0,30,782,,,
IIiiiiiIiI(3).class,rustme/IIiiiiiIiI,java/lang/Object,rustme/lIllllliiI,6,3,2947,Texture,,
IIiiiiiiII(131).class,rustme/IIiiiiiiII,java/lang/Object,kotlin/jvm/functions/Function1,5,1,5291,Kotlin internals,,
IIiiiiiilI(1).class,rustme/IIiiiiiilI,java/lang/Object,,0,1,174,,,
IIiiiiiliI(3).class,rustme/IIiiiiiliI,java/lang/Object,rustme/IIillllIiI,9,1,1816,,,
IIiiiilIII(161).class,rustme/IIiiiilIII,java/lang/Object,,0,2,194,,,
IIiiiilIiI(67).class,rustme/IIiiiilIiI,java/lang/Object,,0,0,220,,,
IIiiiiliiI(3).class,rustme/IIiiiiliiI,java/lang/Enum,rustme/ililIilIiI,11,14,3612,,,
IIiiiililI(1).class,rustme/IIiiiililI,java/lang/Object,,0,1,174,,,
IIiiiilliI(3).class,rustme/IIiiiilliI,java/lang/Object,,24,13,5841,Kotlin internals,,
IIiiilIIiI(51).class,rustme/IIiiilIIiI,rustme/iliiilIIiI,,5,0,1609,,,
IIiiilIiII(113).class,rustme/IIiiilIiII,java/lang/Object,,0,1,173,,,
IIiiilIlII(81).class,rustme/IIiiilIlII,java/lang/Object,,0,1,174,,,
IIiiilIliI(35).class,rustme/IIiiilIliI,java/lang/Object,,4,1,1402,Kotlin internals,,
IIiiiliIII(129).class,rustme/IIiiiliIII,java/lang/Object,,0,2,194,,,
IIiiiliIiI(19).class,rustme/IIiiiliIiI,rustme/IiillIiIiI,,6,0,1157,,,
IIiiiliiII(83).class,rustme/IIiiiliiII,java/lang/Object,kotlin/jvm/functions/Function1,5,1,1468,Kotlin internals,,
IIiiiliilI(1).class,rustme/IIiiiliilI,java/lang/Object,,0,1,174,,,
IIiiililiI(3).class,rustme/IIiiililiI,rustme/llIiIliliI,,1,0,2350,Kotlin internals,,
IIiiillIII(81).class,rustme/IIiiillIII,java/lang/Object,,0,10,362,,,
IIiiillIiI(35).class,rustme/IIiiillIiI,rustme/IIlllIlIiI,rustme/llilIilIiI,65,15,36768,,,
IIiiilliiI(3).class,rustme/IIiiilliiI,rustme/lililIliiI,,7,8,2316,,,
IIiiillliI(3).class,rustme/IIiiillliI,java/lang/Object,kotlin/jvm/functions/Function1,5,1,1683,Kotlin internals,,
IIiilIIIII(145).class,rustme/IIiilIIIII,java/lang/Object,,0,19,551,,,
IIiilIIIiI(51).class,rustme/IIiilIIIiI,java/lang/Object,,5,15,4004,,,
IIiilIIilI(25).class,rustme/IIiilIIilI,java/lang/Object,,0,1,174,,,
IIiilIIliI(51).class,rustme/IIiilIIliI,rustme/IililIIliI,,4,0,2692,Kotlin internals,,
IIiilIiIiI(19).class,rustme/IIiilIiIiI,rustme/IIlliIiIiI,,8,0,4950,,,
IIiilIiiII(83).class,rustme/IIiilIiiII,java/lang/Object,kotlin/jvm/functions/Function1,5,1,1451,Kotlin internals,,
IIiilIilII(73).class,rustme/IIiilIilII,java/lang/Object,,0,4,240,,,
IIiilIiliI(19).class,rustme/IIiilIiliI,java/lang/Object,kotlin/jvm/functions/Function0,5,2,2602,Kotlin internals;Sounds,,
IIiilIlIiI(51).class,rustme/IIiilIlIiI,java/lang/Object,,0,0,220,,,
IIiilIliII(73).class,rustme/IIiilIliII,java/lang/Object,,0,586,12458,,,
IIiilIliiI(19).class,rustme/IIiilIliiI,java/lang/Object,com/google/common/util/concurrent/FutureCallback,3,1,1406,,,
IIiilIllII(41).class,rustme/IIiilIllII,java/lang/Object,,0,1,174,,,
IIiilIlliI(19).class,rustme/IIiilIlliI,java/lang/Object,kotlin/jvm/functions/Function1,5,1,3299,Kotlin internals,,
IIiiliIIiI(35).class,rustme/IIiiliIIiI,rustme/llIIlIiIiI,,2,1,787,,,
IIiiliIiII(99).class,rustme/IIiiliIiII,rustme/lIliliIiII,,21,8,5150,Kotlin internals,,
IIiiliIlII(81).class,rustme/IIiiliIlII,java/lang/Object,,0,4,240,,,
IIiiliIliI(35).class,rustme/IIiiliIliI,kotlin/properties/ObservableProperty,,4,1,2281,Kotlin internals,,
IIiiliiIII(121).class,rustme/IIiiliiIII,java/lang/Object,,0,7,299,,,
IIiiliiIiI(3).class,rustme/IIiiliiIiI,java/lang/RuntimeException,,1,1,470,,,
IIiiliiiII(67).class,rustme/IIiiliiiII,java/lang/Object,kotlin/jvm/functions/Function1,5,1,1815,Kotlin internals,,
IIiiliiilI(1).class,rustme/IIiiliiilI,java/lang/Object,,0,1,174,,,
IIiiliiliI(3).class,rustme/IIiiliiliI,rustme/IililiiliI,,5,2,1733,Kotlin internals,,
IIiililIII(81).class,rustme/IIiililIII,java/lang/Object,,0,14,446,,,
IIiililIiI(35).class,rustme/IIiililIiI,java/lang/Enum,,6,4,1455,,,
IIiililiiI(3).class,rustme/IIiililiiI,java/lang/Object,rustme/IIIiiIiIiI;rustme/iiIlIilIiI,22,7,10045,Sounds,,
IIiilililI(1).class,rustme/IIiilililI,java/lang/Object,,0,10,372,,,
IIiililliI(3).class,rustme/IIiililliI,java/lang/Object,,2,0,968,Kotlin internals,,
IIiillIIiI(35).class,rustme/IIiillIIiI,java/lang/Object,java/lang/Comparable,4,3,1162,,,
IIiillIiII(65).class,rustme/IIiillIiII,java/lang/Object,,0,21,593,,,
IIiillIiiI(3).class,rustme/IIiillIiiI,java/lang/Object,,1,1,786,,,
IIiillIlII(41).class,rustme/IIiillIlII,java/lang/Object,,0,1,174,,,
IIiillIliI(19).class,rustme/IIiillIliI,rustme/iliillIliI,,6,2,1976,Kotlin internals,,
IIiilliIII(73).class,rustme/IIiilliIII,java/lang/Object,,0,56,1328,,,
IIiilliIiI(19).class,rustme/IIiilliIiI,rustme/IIlIIliIiI,,48,24,20514,,,
IIiilliiII(51).class,rustme/IIiilliiII,java/lang/Object,kotlin/jvm/functions/Function0,4,1,954,Kotlin internals,,
IIiilliilI(1).class,rustme/IIiilliilI,java/lang/Object,,0,1,174,,,
IIiilliliI(3).class,rustme/IIiilliliI,java/lang/Object,,2,0,1512,Kotlin internals,,
IIiilllIII(41).class,rustme/IIiilllIII,java/lang/Object,,0,2,196,,,
IIiilllIiI(19).class,rustme/IIiilllIiI,rustme/llIiIllIiI,,7,0,1833,,,
IIiillliiI(3).class,rustme/IIiillliiI,rustme/lIiillliiI,,5,0,984,,,
IIiilllliI(3).class,rustme/IIiilllliI,java/lang/Object,kotlin/jvm/functions/Function1,5,1,1468,Kotlin internals,,
IIilIIIIiI(59).class,rustme/IIilIIIIiI,rustme/lilIIIIIiI,,9,0,1393,,,
IIilIIIiII(121).class,rustme/IIilIIIiII,java/lang/Object,,0,1,173,,,
IIilIIIlII(93).class,rustme/IIilIIIlII,java/lang/Object,,0,1,174,,,
IIilIIIliI(59).class,rustme/IIilIIIliI,kotlin/jvm/internal/FunctionReferenceImpl,kotlin/jvm/functions/Function0,5,0,1371,Kotlin internals,,
IIilIIiIII(137).class,rustme/IIilIIiIII,java/lang/Object,,0,8,320,,,
IIilIIiIiI(27).class,rustme/IIilIIiIiI,java/lang/Object,,1,0,234,,,
IIilIIiiII(91).class,rustme/IIilIIiiII,java/lang/Object,kotlin/jvm/functions/Function1,5,1,1467,Kotlin internals,,
IIilIIiilI(13).class,rustme/IIilIIiilI,java/lang/Object,,0,1,174,,,
IIilIIiliI(27).class,rustme/IIilIIiliI,java/lang/Object,,1,1,612,Kotlin internals,,
IIilIIlIII(93).class,rustme/IIilIIlIII,java/lang/Object,,0,10,362,,,
IIilIIlIiI(59).class,rustme/IIilIIlIiI,java/lang/Object,,9,0,625,,,
IIilIIliiI(27).class,rustme/IIilIIliiI,java/lang/Object,,4,3,2346,,,
IIilIIlliI(27).class,rustme/IIilIIlliI,java/lang/Object,kotlin/jvm/functions/Function1,5,1,2224,Kotlin internals,,
IIilIiIIII(145).class,rustme/IIilIiIIII,java/lang/Object,,0,32,824,,,
IIilIiIIiI(43).class,rustme/IIilIiIIiI,rustme/iilIIiIIiI,,16,1,4818,,,
IIilIiIiII(107).class,rustme/IIilIiIiII,java/lang/Object,kotlin/jvm/functions/Function1,5,1,1476,Kotlin internals,,
IIilIiIilI(21).class,rustme/IIilIiIilI,java/lang/Object,,0,1,174,,,
IIilIiIliI(43).class,rustme/IIilIiIliI,java/lang/Object,,2,0,1064,Kotlin internals,,
IIilIiiIiI(11).class,rustme/IIilIiiIiI,rustme/IiliiIliiI,,7,1,3833,,,
IIilIiiiII(75).class,rustme/IIilIiiiII,java/lang/Object,kotlin/jvm/functions/Function1,5,1,1769,Kotlin internals,,
IIilIiilII(69).class,rustme/IIilIiilII,java/lang/Object,,0,3,218,,,
IIilIiiliI(11).class,rustme/IIilIiiliI,rustme/lIlIIiiliI,,9,1,3829,Kotlin internals,,
IIilIilIiI(43).class,rustme/IIilIilIiI,java/lang/Object,java/lang/Iterable,0,0,245,,,
IIilIiliII(69).class,rustme/IIilIiliII,java/lang/Object,,0,4,236,,,
IIilIiliiI(11).class,rustme/IIilIiliiI,java/lang/Object,,11,4,5948,,,
IIilIillII(37).class,rustme/IIilIillII,java/lang/Object,,0,1,174,,,
IIilIilliI(11).class,rustme/IIilIilliI,java/lang/Object,,2,8,1187,Kotlin internals,,
IIilIlIIII(77).class,rustme/IIilIlIIII,java/lang/Object,,0,1,173,,,
IIilIlIIiI(35).class,rustme/IIilIlIIiI,java/lang/Object,,18,6,3442,,,
IIilIlIiiI(3).class,rustme/IIilIlIiiI,rustme/iliIIlIiiI,,14,1,4488,,,
IIilIlIilI(13).class,rustme/IIilIlIilI,java/lang/Object,,0,1,174,,,
IIilIlIliI(27).class,rustme/IIilIlIliI,rustme/illIIlIliI,,20,6,6272,Kotlin internals,,
IIilIliIiI(19).class,rustme/IIilIliIiI,rustme/iIilIliIiI,,18,0,4939,,,
IIilIliiII(51).class,rustme/IIilIliiII,java/lang/Object,kotlin/jvm/functions/Function1,5,1,1468,Kotlin internals,,
IIilIlilII(37).class,rustme/IIilIlilII,java/lang/Object,,0,3,218,,,
IIilIliliI(11).class,rustme/IIilIliliI,java/lang/Object,,2,0,1256,Kotlin internals,,
IIilIllIiI(27).class,rustme/IIilIllIiI,rustme/llIiIllIiI,,8,1,3638,,,
IIilIlliII(37).class,rustme/IIilIlliII,java/lang/Object,,0,26,698,,,
IIilIlliiI(11).class,rustme/IIilIlliiI,rustme/IIlIIlliiI,,4,0,1064,,,
IIilIlllII(21).class,rustme/IIilIlllII,java/lang/Object,,0,1,174,,,
IIilIllliI(11).class,rustme/IIilIllliI,java/lang/Object,kotlin/jvm/functions/Function1,5,1,1541,Kotlin internals,,
IIiliIIIII(149).class,rustme/IIiliIIIII,java/lang/Object,,0,10,362,,,
IIiliIIIiI(51).class,rustme/IIiliIIIiI,rustme/llliiIIIiI,,2,0,2180,,,
IIiliIIiII(115).class,rustme/IIiliIIiII,java/lang/Object,,6,2,2707,Kotlin internals;Sounds,,
IIiliIIilI(25).class,rustme/IIiliIIilI,java/lang/Object,,0,1,174,,,
IIiliIIliI(51).class,rustme/IIiliIIliI,rustme/ilIIiIIliI,,16,1,13145,Kotlin internals,,
IIiliIiIiI(19).class,rustme/IIiliIiIiI,java/lang/Object,,1,0,306,,,
IIiliIiiII(83).class,rustme/IIiliIiiII,java/lang/Object,kotlin/jvm/functions/Function1,5,1,1764,Kotlin internals,,
IIiliIilII(73).class,rustme/IIiliIilII,java/lang/Object,,0,17,526,,,
IIiliIiliI(19).class,rustme/IIiliIiliI,java/lang/Object,,2,0,1050,Kotlin internals,,
IIiliIlIiI(51).class,rustme/IIiliIlIiI,java/lang/Object,,17,6,3229,,,
IIiliIliII(73).class,rustme/IIiliIliII,java/lang/Object,,0,1,173,,,
IIiliIliiI(19).class,rustme/IIiliIliiI,java/lang/Object,rustme/illIiIliiI,7,2,1891,GUI/Screen,,
IIiliIllII(41).class,rustme/IIiliIllII,java/lang/Object,,0,1,174,,,
IIiliIlliI(19).class,rustme/IIiliIlliI,java/lang/Object,kotlin/jvm/functions/Function1,5,1,1468,Kotlin internals,,
IIiliiIIiI(35).class,rustme/IIiliiIIiI,rustme/liiliiIIiI,,24,8,7220,,,
IIiliiIiII(99).class,rustme/IIiliiIiII,java/lang/Object,kotlin/jvm/functions/Function1,5,1,1973,Kotlin internals,,
IIiliiIlII(81).class,rustme/IIiliiIlII,java/lang/Object,,0,3,218,,,
IIiliiIliI(35).class,rustme/IIiliiIliI,java/lang/Object,kotlin/jvm/functions/Function0,5,2,2004,Kotlin internals,,
IIiliiiIII(125).class,rustme/IIiliiiIII,java/lang/Object,,0,1,173,,,
IIiliiiIiI(3).class,rustme/IIiliiiIiI,rustme/iIlIiiiIiI,,7,4,2113,Texture,,
IIiliiiiII(67).class,rustme/IIiliiiiII,java/lang/Object,kotlin/jvm/functions/Function1,5,1,1463,Kotlin internals,,
IIiliiiilI(1).class,rustme/IIiliiiilI,java/lang/Object,,0,1,174,,,
IIiliiiliI(3).class,rustme/IIiliiiliI,java/lang/Object,,3,0,589,,,
IIiliilIII(81).class,rustme/IIiliilIII,java/lang/Object,,0,3,215,,,
IIiliilIiI(35).class,rustme/IIiliilIiI,java/lang/Object,,5,0,8026,,,
IIiliiliiI(3).class,rustme/IIiliiliiI,rustme/IillilIiiI,,14,1,6992,,,
IIiliililI(1).class,rustme/IIiliililI,java/lang/Object,,0,1,174,,,
IIiliilliI(3).class,rustme/IIiliilliI,java/lang/Object,java/util/Comparator,2,0,1677,Kotlin internals,,
IIililIIiI(27).class,rustme/IIililIIiI,java/lang/Object,,4,3,1227,,,
IIililIiII(57).class,rustme/IIililIiII,java/lang/Object,,0,1,173,,,
IIililIlII(41).class,rustme/IIililIlII,java/lang/Object,,0,1,174,,,
IIililIliI(19).class,rustme/IIililIliI,java/lang/Object,,14,1,2543,Kotlin internals,,
IIililiIII(65).class,rustme/IIililiIII,java/lang/Object,,0,1,173,,,
IIililiIiI(11).class,rustme/IIililiIiI,rustme/iliIiliIiI,,10,6,4748,,,
IIililiiII(43).class,rustme/IIililiiII,java/lang/Object,kotlin/jvm/functions/Function1,5,1,1899,Kotlin internals,,
IIililiilI(1).class,rustme/IIililiilI,java/lang/Object,,0,1,174,,,
IIilililiI(3).class,rustme/IIilililiI,java/lang/Object,kotlin/jvm/functions/Function0,3,1,1797,Kotlin internals,,
IIilillIII(41).class,rustme/IIilillIII,java/lang/Object,,0,16,488,,,
IIilillIiI(19).class,rustme/IIilillIiI,java/lang/Object,rustme/ililillIiI,3,0,978,,,
IIililliiI(3).class,rustme/IIililliiI,java/lang/Object,com/google/gson/JsonDeserializer,6,0,3038,GUI/Screen,,
IIilillliI(3).class,rustme/IIilillliI,java/lang/Object,kotlin/jvm/functions/Function1,5,1,1468,Kotlin internals,,
IIillIIIII(73).class,rustme/IIillIIIII,java/lang/Object,,0,5,257,,,
IIillIIIiI(27).class,rustme/IIillIIIiI,java/lang/Object,rustme/IiiIlIiIiI,3,1,981,,,
IIillIIilI(13).class,rustme/IIillIIilI,java/lang/Object,,0,1,174,,,
IIillIIliI(27).class,rustme/IIillIIliI,kotlin/jvm/internal/FunctionReferenceImpl,kotlin/jvm/functions/Function0,5,1,1274,Kotlin internals,,
IIillIiIiI(11).class,rustme/IIillIiIiI,rustme/IiillIiIiI,,7,0,1347,,,
IIillIiiII(43).class,rustme/IIillIiiII,java/lang/Object,kotlin/jvm/functions/Function1,5,1,1620,Kotlin internals,,
IIillIilII(37).class,rustme/IIillIilII,java/lang/Object,,0,2,196,,,
IIillIiliI(11).class,rustme/IIillIiliI,java/lang/Object,,1,1,604,Kotlin internals,,
IIillIlIiI(27).class,rustme/IIillIlIiI,java/lang/Object,rustme/IiiIlIiIiI,5,1,1688,,,
IIillIliII(37).class,rustme/IIillIliII,java/lang/Object,,0,5,257,,,
IIillIliiI(11).class,rustme/IIillIliiI,rustme/lililIliiI,,11,4,8045,Particles,,
IIillIllII(21).class,rustme/IIillIllII,java/lang/Object,,0,1,174,,,
IIillIlliI(11).class,rustme/IIillIlliI,java/lang/Object,,77,19,19217,Kotlin internals,,
IIilliIIiI(19).class,rustme/IIilliIIiI,rustme/lllIliIIiI,,3,0,887,,,
IIilliIiII(51).class,rustme/IIilliIiII,java/lang/Object,rustme/lIIlIiIiII,1,0,626,Kotlin internals,,
IIilliIlII(41).class,rustme/IIilliIlII,java/lang/Object,,0,1,174,,,
IIilliIliI(19).class,rustme/IIilliIliI,java/lang/Object,,4,0,2118,Kotlin internals,,
IIilliiIII(61).class,rustme/IIilliiIII,java/lang/Object,,0,2,194,,,
IIilliiIiI(3).class,rustme/IIilliiIiI,java/lang/Enum,,7,9,2427,,,
IIilliiiII(35).class,rustme/IIilliiiII,java/lang/Object,kotlin/jvm/functions/Function1,5,1,3065,Kotlin internals,,
IIilliiilI(1).class,rustme/IIilliiilI,java/lang/Object,,0,1,174,,,
IIilliiliI(3).class,rustme/IIilliiliI,rustme/lilliiiliI,,1,0,537,Kotlin internals,,
IIillilIII(41).class,rustme/IIillilIII,java/lang/Object,,0,9,341,,,
IIillilIiI(19).class,rustme/IIillilIiI,java/lang/Object,,7,2,1290,,,
IIilliliiI(3).class,rustme/IIilliliiI,java/lang/Object,rustme/lIIIliliiI,16,4,4045,GUI/Screen,,
IIillililI(1).class,rustme/IIillililI,java/lang/Object,,0,9,350,,,
IIillilliI(3).class,rustme/IIillilliI,java/lang/Object,,132,120,45250,Kotlin internals,,
IIilllIIiI(19).class,rustme/IIilllIIiI,java/lang/Object,,5,1,1166,,,
IIilllIiII(33).class,rustme/IIilllIiII,java/lang/Object,,0,1,173,,,
IIilllIiiI(3).class,rustme/IIilllIiiI,rustme/IiIIIlIiiI,,25,8,14287,,,
IIilllIlII(21).class,rustme/IIilllIlII,java/lang/Object,,0,1,174,,,
IIilllIliI(11).class,rustme/IIilllIliI,java/lang/Object,kotlin/jvm/functions/Function1,5,1,1459,Kotlin internals,,
IIillliIII(37).class,rustme/IIillliIII,java/lang/Object,,0,5,257,,,
IIillliIiI(11).class,rustme/IIillliIiI,rustme/iliIiliIiI,,4,1,1537,,,
IIillliiII(27).class,rustme/IIillliiII,java/lang/Object,kotlin/jvm/functions/Function1,5,1,1506,Kotlin internals,,
IIillliilI(1).class,rustme/IIillliilI,java/lang/Object,,0,1,174,,,
IIillliliI(3).class,rustme/IIillliliI,java/lang/Object,,2,0,830,Kotlin internals,,
IIillllIII(21).class,rustme/IIillllIII,java/lang/Object,,0,1,174,,,
IIillllIiI(11).class,rustme/IIillllIiI,java/lang/Object,,6,0,331,,,
IIilllliiI(3).class,rustme/IIilllliiI,java/lang/Object,rustme/lIllllliiI,15,10,9046,Texture,,
IIillllliI(3).class,rustme/IIillllliI,java/lang/Object,kotlin/jvm/functions/Function1,5,1,1468,Kotlin internals,,
IIlIIIIIII(155).class,rustme/IIlIIIIIII,java/lang/Object,,0,14,446,,,
IIlIIIIIiI(63).class,rustme/IIlIIIIIiI,rustme/lilIIIIIiI,,7,0,455,,,
IIlIIIIilI(31).class,rustme/IIlIIIIilI,java/lang/Object,,0,1,174,,,
IIlIIIIliI(63).class,rustme/IIlIIIIliI,rustme/IlilIIIliI,,19,10,12368,Kotlin internals,,
IIlIIIiIiI(31).class,rustme/IIlIIIiIiI,java/lang/Object,com/google/common/base/Predicate,3,2,1259,,,
IIlIIIiiII(95).class,rustme/IIlIIIiiII,java/lang/Object,kotlin/jvm/functions/Function1,5,1,2025,Kotlin internals,,
IIlIIIilII(79).class,rustme/IIlIIIilII,java/lang/Object,,0,2,196,,,
IIlIIIiliI(31).class,rustme/IIlIIIiliI,java/lang/Object,,5,2,2412,Kotlin internals,,
IIlIIIlIiI(63).class,rustme/IIlIIIlIiI,java/lang/Object,,3,0,244,,,
IIlIIIliII(79).class,rustme/IIlIIIliII,java/lang/Object,,0,1,173,,,
IIlIIIliiI(31).class,rustme/IIlIIIliiI,rustme/lllliIliiI,,5,2,2222,,,
IIlIIIllII(47).class,rustme/IIlIIIllII,java/lang/Object,,0,3,218,,,
IIlIIIlliI(31).class,rustme/IIlIIIlliI,java/lang/Object,kotlin/jvm/functions/Function1,5,1,1468,Kotlin internals,,
IIlIIiIIiI(47).class,rustme/IIlIIiIIiI,rustme/IIlIIliIiI,rustme/illlIliIiI,14,2,7647,,,
IIlIIiIiII(111).class,rustme/IIlIIiIiII,java/lang/Object,kotlin/jvm/functions/Function1,5,1,1717,Kotlin internals,,
IIlIIiIlII(87).class,rustme/IIlIIiIlII,java/lang/Object,,0,7,306,,,
IIlIIiIliI(47).class,rustme/IIlIIiIliI,kotlin/properties/ObservableProperty,,4,1,2330,Kotlin internals,,
IIlIIiiIII(131).class,rustme/IIlIIiiIII,java/lang/Object,,0,4,236,,,
IIlIIiiIiI(15).class,rustme/IIlIIiiIiI,java/lang/Object,,1,2,444,,,
IIlIIiiiII(79).class,rustme/IIlIIiiiII,java/lang/Object,kotlin/jvm/functions/Function1,5,1,1769,Kotlin internals,,
IIlIIiiilI(7).class,rustme/IIlIIiiilI,java/lang/Object,,0,1,174,,,
IIlIIiiliI(15).class,rustme/IIlIIiiliI,java/lang/Object,,4,1,2415,Kotlin internals,,
IIlIIilIII(87).class,rustme/IIlIIilIII,java/lang/Object,,0,1,173,,,
IIlIIilIiI(47).class,rustme/IIlIIilIiI,java/lang/Object,,14,5,4068,,,
IIlIIiliiI(15).class,rustme/IIlIIiliiI,java/lang/Object,com/google/common/base/Predicate,3,1,1221,,,
IIlIIililI(7).class,rustme/IIlIIililI,java/lang/Object,,0,14,460,,,
IIlIIilliI(15).class,rustme/IIlIIilliI,java/lang/Object,,2,11,1388,Kotlin internals,,
IIlIIlIIiI(39).class,rustme/IIlIIlIIiI,java/lang/Object,rustme/iililIIIiI,2,0,248,,,
IIlIIlIiII(63).class,rustme/IIlIIlIiII,java/lang/Object,,0,3,215,,,
IIlIIlIiiI(7).class,rustme/IIlIIlIiiI,rustme/lIlliiliiI,,2,0,370,,,
IIlIIlIlII(47).class,rustme/IIlIIlIlII,java/lang/Object,,0,1,174,,,
IIlIIlIliI(31).class,rustme/IIlIIlIliI,java/lang/Object,,16,7,11749,Kotlin internals,,
IIlIIliIII(71).class,rustme/IIlIIliIII,java/lang/Object,,0,4,236,,,
IIlIIliIiI(23).class,rustme/IIlIIliIiI,java/lang/Object,rustme/ililIIiIiI;rustme/liIIliiliI,273,94,68868,,Entity (root),"Корень всех сущностей: 229 методов, поле lliililiI:Z = isSneaking, iIIlIiliI/IIiIIiliI/IiiIIiliI = motion D x/y/z."
IIlIIliiII(55).class,rustme/IIlIIliiII,java/lang/Object,kotlin/jvm/functions/Function1,5,1,2900,Kotlin internals,,
IIlIIliilI(7).class,rustme/IIlIIliilI,java/lang/Object,,0,1,174,,,
IIlIIliliI(15).class,rustme/IIlIIliliI,java/lang/Object,,6,3,2029,Kotlin internals,,
IIlIIllIII(47).class,rustme/IIlIIllIII,java/lang/Object,,0,6,278,,,
IIlIIllIiI(31).class,rustme/IIlIIllIiI,rustme/llIiIllIiI,,7,0,2468,,,
IIlIIlliiI(15).class,rustme/IIlIIlliiI,java/lang/Object,rustme/iilIIlliiI,7,1,3474,,,
IIlIIllliI(15).class,rustme/IIlIIllliI,java/lang/Object,kotlin/jvm/functions/Function1,5,1,2660,Kotlin internals,,
IIlIiIIIiI(55).class,rustme/IIlIiIIIiI,java/lang/Object,rustme/iIiiiIIIiI,3,3,1847,,,
IIlIiIIiII(119).class,rustme/IIlIiIIiII,java/lang/Object,ru/meproject/rustme/vanilla/network/common/random/Lot,6,2,1967,Kotlin internals,,
IIlIiIIlII(91).class,rustme/IIlIiIIlII,java/lang/Object,,0,913,20238,,,
IIlIiIIliI(55).class,rustme/IIlIiIIliI,rustme/IliIIiIliI,,8,4,6336,GUI/Screen;Kotlin internals,,
IIlIiIiIII(135).class,rustme/IIlIiIiIII,java/lang/Object,,0,29,761,,,
IIlIiIiIiI(23).class,rustme/IIlIiIiIiI,java/lang/Object,,0,0,220,,,
IIlIiIiiII(87).class,rustme/IIlIiIiiII,java/lang/Object,kotlin/jvm/functions/Function1,5,1,1899,Kotlin internals,,
IIlIiIiilI(11).class,rustme/IIlIiIiilI,java/lang/Object,,0,12,416,,,
IIlIiIiliI(23).class,rustme/IIlIiIiliI,java/lang/Object,rustme/lIllllliiI,5,1,3824,Kotlin internals,,
IIlIiIlIII(91).class,rustme/IIlIiIlIII,java/lang/Object,,0,4,236,,,
IIlIiIlIiI(55).class,rustme/IIlIiIlIiI,java/lang/Object,,10,1,1877,,,
IIlIiIliiI(23).class,rustme/IIlIiIliiI,java/lang/Object,rustme/illIiIliiI,5,3,3774,GUI/Screen,,
IIlIiIlilI(11).class,rustme/IIlIiIlilI,java/lang/Object,,0,6,284,,,
IIlIiIlliI(23).class,rustme/IIlIiIlliI,java/lang/Object,kotlin/jvm/functions/Function1,5,1,2117,Kotlin internals,,
IIlIiiIIII(143).class,rustme/IIlIiiIIII,java/lang/Object,,0,29,761,,,
IIlIiiIIiI(39).class,rustme/IIlIiiIIiI,rustme/IIlIIliIiI,,7,2,1466,,,
IIlIiiIiII(103).class,rustme/IIlIiiIiII,java/lang/Object,kotlin/jvm/functions/Function1,5,1,1506,Kotlin internals,,
IIlIiiIilI(19).class,rustme/IIlIiiIilI,java/lang/Object,,0,1,174,,,
IIlIiiIliI(39).class,rustme/IIlIiiIliI,java/lang/Object,kotlin/jvm/functions/Function1,5,1,1496,Kotlin internals,,
IIlIiiiIiI(7).class,rustme/IIlIiiiIiI,java/lang/Object,,1,1,755,,,
IIlIiiiiII(71).class,rustme/IIlIiiiiII,java/lang/Object,kotlin/jvm/functions/Function1,5,1,1481,Kotlin internals,,
IIlIiiilII(67).class,rustme/IIlIiiilII,java/lang/Object,,0,1,174,,,
IIlIiiiliI(7).class,rustme/IIlIiiiliI,java/lang/Object,java/util/Iterator,4,2,1353,,,
IIlIiilIiI(39).class,rustme/IIlIiilIiI,java/lang/Object,,4,3,1468,,,
IIlIiiliII(67).class,rustme/IIlIiiliII,java/lang/Object,,0,3,215,,,
IIlIiiliiI(7).class,rustme/IIlIiiliiI,java/lang/Object,,1,1,782,,,
IIlIiillII(35).class,rustme/IIlIiillII,java/lang/Object,,0,1,174,,,
IIlIiilliI(7).class,rustme/IIlIiilliI,java/lang/Object,,6,5,1897,Kotlin internals,,
IIlIilIIII(75).class,rustme/IIlIilIIII,java/lang/Object,,0,5,257,,,
IIlIilIIiI(31).class,rustme/IIlIilIIiI,rustme/IllIilIIiI,,5,0,1453,,,
IIlIilIilI(11).class,rustme/IIlIilIilI,java/lang/Object,,0,1,174,,,
IIlIilIliI(23).class,rustme/IIlIilIliI,rustme/lllIilIliI,,17,3,5857,Kotlin internals,,
IIlIiliIiI(15).class,rustme/IIlIiliIiI,rustme/iliIiliIiI,,6,4,2230,,,
IIlIiliiII(47).class,rustme/IIlIiliiII,java/lang/Object,kotlin/jvm/functions/Function1,5,1,1974,Kotlin internals,,
IIlIililII(35).class,rustme/IIlIililII,java/lang/Object,,0,2,196,,,
IIlIililiI(7).class,rustme/IIlIililiI,java/lang/Object,,34,0,7161,Kotlin internals,,
IIlIillIiI(23).class,rustme/IIlIillIiI,java/lang/Enum,,6,10,1998,,,
IIlIilliII(35).class,rustme/IIlIilliII,java/lang/Object,,0,6,278,,,
IIlIilliiI(7).class,rustme/IIlIilliiI,java/lang/Object,rustme/iIililliiI,9,2,1592,,,
IIlIilllII(19).class,rustme/IIlIilllII,java/lang/Object,,0,1,174,,,
IIlIillliI(7).class,rustme/IIlIillliI,java/lang/Object,kotlin/jvm/functions/Function1,5,1,2931,Kotlin internals,,
IIlIlIIIiI(31).class,rustme/IIlIlIIIiI,io/netty/channel/ChannelInitializer,,4,1,2430,Networking client,,
IIlIlIIiII(59).class,rustme/IIlIlIIiII,java/lang/Object,,0,1,173,,,
IIlIlIIlII(47).class,rustme/IIlIlIIlII,java/lang/Object,,0,1,174,,,
IIlIlIIliI(31).class,rustme/IIlIlIIliI,java/lang/Object,kotlin/jvm/functions/Function1,5,2,3797,Kotlin internals,,
IIlIlIiIII(67).class,rustme/IIlIlIiIII,java/lang/Object,,0,12,404,,,
IIlIlIiIiI(15).class,rustme/IIlIlIiIiI,java/lang/Object,rustme/lIlIlIiIiI,0,0,156,,,
IIlIlIiiII(47).class,rustme/IIlIlIiiII,java/lang/Object,,16,11,6051,Kotlin internals,,
IIlIlIiilI(7).class,rustme/IIlIlIiilI,java/lang/Object,,0,1,174,,,
IIlIlIiliI(15).class,rustme/IIlIlIiliI,java/lang/Object,kotlin/jvm/functions/Function1,5,2,3767,Kotlin internals,,
IIlIlIlIII(47).class,rustme/IIlIlIlIII,java/lang/Object,,0,3,215,,,
IIlIlIlIiI(31).class,rustme/IIlIlIlIiI,java/lang/Object,,0,0,220,,,
IIlIlIliiI(15).class,rustme/IIlIlIliiI,java/lang/Object,rustme/iililIliiI,2,0,723,Particles,,
IIlIlIlliI(15).class,rustme/IIlIlIlliI,java/lang/Object,kotlin/jvm/functions/Function1,5,1,3934,Kotlin internals,,
IIlIliIIII(71).class,rustme/IIlIliIIII,java/lang/Object,,0,8,320,,,
IIlIliIIiI(23).class,rustme/IIlIliIIiI,java/lang/Object,rustme/lIIIliIIiI,28,5,5411,,,
IIlIliIiII(55).class,rustme/IIlIliIiII,java/lang/Object,rustme/lIIlIiIiII,10,2,2475,Kotlin internals,,
IIlIliIilI(11).class,rustme/IIlIliIilI,java/lang/Object,,0,1,174,,,
IIlIliIliI(23).class,rustme/IIlIliIliI,rustme/IlilIIIliI,,8,14,9606,Kotlin internals,,
IIlIliiIiI(7).class,rustme/IIlIliiIiI,java/lang/Object,rustme/IlIiIllIiI,16,4,5357,Texture,,
IIlIliiiII(39).class,rustme/IIlIliiiII,java/lang/Object,kotlin/jvm/functions/Function1,5,1,3326,Kotlin internals,,
IIlIliilII(35).class,rustme/IIlIliilII,java/lang/Object,,0,4,240,,,
IIlIliiliI(7).class,rustme/IIlIliiliI,java/lang/Object,,2,0,739,Kotlin internals,,
IIlIlilIiI(23).class,rustme/IIlIlilIiI,java/lang/Object,rustme/ilIIlilIiI,13,2,4501,,,
IIlIliliII(35).class,rustme/IIlIliliII,java/lang/Object,,0,1,173,,,
IIlIliliiI(7).class,rustme/IIlIliliiI,rustme/IiliiIliiI,,10,7,6740,GUI/Screen;Texture,,
IIlIlillII(19).class,rustme/IIlIlillII,java/lang/Object,,0,1,174,,,
IIlIlilliI(7).class,rustme/IIlIlilliI,kotlin/properties/ObservableProperty,,4,1,2669,Kotlin internals,,
IIlIllIIII(43).class,rustme/IIlIllIIII,java/lang/Object,,0,4,236,,,
IIlIllIIiI(23).class,rustme/IIlIllIIiI,java/lang/Object,,15,9,9082,,,
IIlIllIiiI(7).class,rustme/IIlIllIiiI,rustme/lIlillIiiI,,9,1,3200,,,
IIlIllIilI(7).class,rustme/IIlIllIilI,java/lang/Object,,0,1,174,,,
IIlIllIliI(15).class,rustme/IIlIllIliI,java/lang/Object,kotlin/jvm/functions/Function0,3,1,1659,Kotlin internals,,
IIlIlliIiI(15).class,rustme/IIlIlliIiI,rustme/lilllliIiI,,24,2,5743,,,
IIlIlliiII(31).class,rustme/IIlIlliiII,java/lang/Object,kotlin/jvm/functions/Function1,5,1,1506,Kotlin internals,,
IIlIllilII(19).class,rustme/IIlIllilII,java/lang/Object,,0,5,262,,,
IIlIlliliI(7).class,rustme/IIlIlliliI,rustme/lIlilliliI,,12,6,7109,Kotlin internals,,
IIlIlllIiI(15).class,rustme/IIlIlllIiI,java/lang/Object,,29,20,10311,,,
IIlIllliII(19).class,rustme/IIlIllliII,java/lang/Object,,0,6,278,,,
IIlIllliiI(7).class,rustme/IIlIllliiI,java/lang/Object,rustme/IilIllliiI,2,5,2453,,,
IIlIllllII(11).class,rustme/IIlIllllII,java/lang/Object,,0,1,174,,,
IIlIlllliI(7).class,rustme/IIlIlllliI,java/lang/Object,kotlin/jvm/functions/Function1,5,1,1468,Kotlin internals,,
IIliIIIIiI(59).class,rustme/IIliIIIIiI,rustme/iIlliIIIiI,,2,2,1897,,,
IIliIIIiII(121).class,rustme/IIliIIIiII,java/lang/Object,,0,1,173,,,
IIliIIIlII(93).class,rustme/IIliIIIlII,java/lang/Object,,0,1,174,,,
IIliIIIliI(59).class,rustme/IIliIIIliI,kotlin/properties/ObservableProperty,,4,1,2310,Kotlin internals,,
IIliIIiIII(137).class,rustme/IIliIIiIII,java/lang/Object,,0,2,194,,,
IIliIIiIiI(27).class,rustme/IIliIIiIiI,java/lang/Enum,,10,8,2869,,,
IIliIIiiII(91).class,rustme/IIliIIiiII,java/lang/Object,kotlin/jvm/functions/Function1,5,1,1974,Kotlin internals,,
IIliIIiilI(13).class,rustme/IIliIIiilI,java/lang/Object,,0,1,174,,,
IIliIIiliI(27).class,rustme/IIliIIiliI,rustme/iiiliIiliI,,7,1,2472,Kotlin internals,,
IIliIIlIII(93).class,rustme/IIliIIlIII,java/lang/Object,,0,2,194,,,
IIliIIlIiI(59).class,rustme/IIliIIlIiI,rustme/iliIIIlIiI,,2,0,544,,,
IIliIIliiI(27).class,rustme/IIliIIliiI,rustme/lIlliIliiI,,4,1,1281,,,
IIliIIlliI(27).class,rustme/IIliIIlliI,java/lang/Object,kotlin/jvm/functions/Function1,5,1,2782,Kotlin internals,,
IIliIiIIII(145).class,rustme/IIliIiIIII,java/lang/Object,,0,1,173,,,
IIliIiIIiI(43).class,rustme/IIliIiIIiI,rustme/iiiliiIIiI,,9,0,2869,,,
IIliIiIiII(107).class,rustme/IIliIiIiII,java/lang/Object,,62,59,59088,Kotlin internals,,
IIliIiIilI(21).class,rustme/IIliIiIilI,java/lang/Object,,0,1,174,,,
IIliIiIliI(43).class,rustme/IIliIiIliI,java/lang/Object,kotlin/jvm/functions/Function0,3,2,2495,Kotlin internals,,
IIliIiiIiI(11).class,rustme/IIliIiiIiI,java/lang/Object,rustme/IiiIlIiIiI,5,1,1686,,,
IIliIiiiII(75).class,rustme/IIliIiiiII,java/lang/Object,kotlin/jvm/functions/Function1,5,1,1641,Kotlin internals,,
IIliIiilII(69).class,rustme/IIliIiilII,java/lang/Object,,0,5,262,,,
IIliIiiliI(11).class,rustme/IIliIiiliI,rustme/illiIiiliI,,1,0,518,,,
IIliIilIiI(43).class,rustme/IIliIilIiI,rustme/iIliIilIiI,,2,1,1052,,,
IIliIiliII(69).class,rustme/IIliIiliII,java/lang/Object,,0,3,215,,,
IIliIiliiI(11).class,rustme/IIliIiliiI,java/lang/Object,,1,0,238,,,
IIliIillII(37).class,rustme/IIliIillII,java/lang/Object,,0,1,174,,,
IIliIilliI(11).class,rustme/IIliIilliI,java/lang/Object,,6,0,1734,Kotlin internals,,
IIliIlIIII(77).class,rustme/IIliIlIIII,java/lang/Object,,0,3,215,,,
IIliIlIIiI(35).class,rustme/IIliIlIIiI,java/lang/Object,rustme/llillIIIiI,8,2,1602,,,
IIliIlIiiI(3).class,rustme/IIliIlIiiI,java/lang/Enum,,6,3,1347,,,
IIliIlIilI(13).class,rustme/IIliIlIilI,java/lang/Object,,0,1,174,,,
IIliIlIliI(27).class,rustme/IIliIlIliI,java/lang/Object,,2,0,1210,Kotlin internals,,
IIliIliIiI(19).class,rustme/IIliIliIiI,rustme/liliIliIiI,,7,2,2359,,,
IIliIliiII(51).class,rustme/IIliIliiII,java/lang/Object,kotlin/jvm/functions/Function1,5,1,1506,Kotlin internals,,
IIliIlilII(37).class,rustme/IIliIlilII,java/lang/Object,,0,2,196,,,
IIliIliliI(11).class,rustme/IIliIliliI,kotlin/jvm/internal/FunctionReferenceImpl,kotlin/jvm/functions/Function1,5,0,1732,Kotlin internals,,
IIliIllIiI(27).class,rustme/IIliIllIiI,rustme/llIiIllIiI,,5,0,1994,,,
IIliIlliII(37).class,rustme/IIliIlliII,java/lang/Object,,0,5,257,,,
IIliIlliiI(11).class,rustme/IIliIlliiI,java/lang/Object,rustme/iIililliiI,9,7,3297,,,
IIliIlllII(21).class,rustme/IIliIlllII,java/lang/Object,,0,1,174,,,
IIliIllliI(11).class,rustme/IIliIllliI,java/lang/Object,kotlin/jvm/functions/Function1,5,1,4189,Kotlin internals,,
IIliiIIIII(149).class,rustme/IIliiIIIII,java/lang/Object,,0,1,173,,,
IIliiIIIiI(51).class,rustme/IIliiIIIiI,java/lang/Object,rustme/liIiIIIIiI,2,0,757,,,
IIliiIIiII(115).class,rustme/IIliiIIiII,java/lang/Enum,,8,6,2341,Kotlin internals,,
IIliiIIilI(25).class,rustme/IIliiIIilI,java/lang/Object,,0,1,174,,,
IIliiIIliI(51).class,rustme/IIliiIIliI,java/lang/Object,kotlin/jvm/functions/Function0,3,3,1623,Kotlin internals,,
IIliiIiIiI(19).class,rustme/IIliiIiIiI,rustme/iIliiIiIiI,,5,1,1118,,,
IIliiIiiII(83).class,rustme/IIliiIiiII,java/lang/Object,kotlin/jvm/functions/Function1,5,1,3467,Kotlin internals,,
IIliiIilII(73).class,rustme/IIliiIilII,java/lang/Object,,0,16,504,,,
IIliiIiliI(19).class,rustme/IIliiIiliI,java/lang/Object,,2,0,1207,Kotlin internals,,
IIliiIlIiI(51).class,rustme/IIliiIlIiI,rustme/IIlllilIiI,,2,1,1623,,,
IIliiIliII(73).class,rustme/IIliiIliII,java/lang/Object,,0,1,173,,,
IIliiIliiI(19).class,rustme/IIliiIliiI,rustme/lllIliIIiI,,5,0,1300,GUI/Screen,,
IIliiIllII(41).class,rustme/IIliiIllII,java/lang/Object,,0,1,174,,,
IIliiIlliI(19).class,rustme/IIliiIlliI,java/lang/Object,kotlin/jvm/functions/Function1,5,1,3318,Kotlin internals,,
IIliiiIIiI(35).class,rustme/IIliiiIIiI,rustme/iliIiliIiI,,5,1,1480,,,
IIliiiIiII(99).class,rustme/IIliiiIiII,java/lang/Object,kotlin/jvm/functions/Function1,5,1,3537,Kotlin internals,,
IIliiiIlII(81).class,rustme/IIliiiIlII,java/lang/Object,,0,2,196,,,
IIliiiIliI(35).class,rustme/IIliiiIliI,java/lang/Object,kotlin/jvm/functions/Function1,5,1,1864,Kotlin internals,,
IIliiiiIII(125).class,rustme/IIliiiiIII,java/lang/Object,,0,1,173,,,
IIliiiiIiI(3).class,rustme/IIliiiiIiI,rustme/iIlIiiiIiI,,14,3,6548,Texture,,
IIliiiiiII(67).class,rustme/IIliiiiiII,java/lang/Object,kotlin/jvm/functions/Function1,5,1,1541,Kotlin internals,,
IIliiiiilI(1).class,rustme/IIliiiiilI,java/lang/Object,,0,1,174,,,
IIliiiiliI(3).class,rustme/IIliiiiliI,java/lang/Object,,5,1,2787,,,
IIliiilIII(81).class,rustme/IIliiilIII,java/lang/Object,,0,2,194,,,
IIliiilIiI(35).class,rustme/IIliiilIiI,rustme/iIliiilIiI,,6,0,1326,,,
IIliiiliiI(3).class,rustme/IIliiiliiI,rustme/IiliiiliiI,,20,2,6760,,,
IIliiililI(1).class,rustme/IIliiililI,java/lang/Object,,0,1,174,,,
IIliiilliI(3).class,rustme/IIliiilliI,java/lang/Object,,3,0,1347,Kotlin internals;Sounds,,
IIliilIIiI(27).class,rustme/IIliilIIiI,java/lang/Object,rustme/llillIIIiI,11,5,2181,,,
IIliilIiII(57).class,rustme/IIliilIiII,java/lang/Object,,0,3,215,,,
IIliilIlII(41).class,rustme/IIliilIlII,java/lang/Object,,0,1,174,,,
IIliilIliI(19).class,rustme/IIliilIliI,java/lang/Object,kotlin/jvm/functions/Function1,5,2,3798,Kotlin internals,,
IIliiliIII(65).class,rustme/IIliiliIII,java/lang/Object,,0,1,173,,,
IIliiliIiI(11).class,rustme/IIliiliIiI,java/lang/Object,rustme/lIliiliIiI,10,4,1848,,,
IIliiliiII(43).class,rustme/IIliiliiII,java/lang/Object,kotlin/jvm/functions/Function1,5,1,1468,Kotlin internals,,
IIliiliilI(1).class,rustme/IIliiliilI,java/lang/Object,,0,1,174,,,
IIliililiI(3).class,rustme/IIliililiI,rustme/llIiIliliI,,6,0,5834,Kotlin internals,,
IIliillIII(41).class,rustme/IIliillIII,java/lang/Object,,0,4,236,,,
IIliillIiI(19).class,rustme/IIliillIiI,java/lang/Enum,,14,21,4621,,,
IIliilliiI(3).class,rustme/IIliilliiI,rustme/lililIliiI,,2,0,1795,Particles,,
IIliillliI(3).class,rustme/IIliillliI,java/lang/Object,kotlin/jvm/functions/Function1,5,1,1661,Kotlin internals,,
IIlilIIIII(73).class,rustme/IIlilIIIII,java/lang/Object,,0,15,467,,,
IIlilIIIiI(27).class,rustme/IIlilIIIiI,java/lang/Object,,0,0,220,,,
IIlilIIilI(13).class,rustme/IIlilIIilI,java/lang/Object,,0,1,174,,,
IIlilIIliI(27).class,rustme/IIlilIIliI,java/lang/Object,,28,27,6102,Kotlin internals,,
IIlilIiIiI(11).class,rustme/IIlilIiIiI,java/lang/Object,rustme/IiiIlIiIiI,5,1,1872,,,
IIlilIiiII(43).class,rustme/IIlilIiiII,java/lang/Object,kotlin/jvm/functions/Function1,5,1,1465,Kotlin internals,,
IIlilIilII(37).class,rustme/IIlilIilII,java/lang/Object,,0,4,240,,,
IIlilIiliI(11).class,rustme/IIlilIiliI,java/lang/Object,,4,0,1495,Kotlin internals,,
IIlilIlIiI(27).class,rustme/IIlilIlIiI,java/lang/Object,,9,7,2598,,,
IIlilIliII(37).class,rustme/IIlilIliII,java/lang/Object,,0,30,782,,,
IIlilIliiI(11).class,rustme/IIlilIliiI,rustme/iiIIlIliiI,,1,0,664,Particles,,
IIlilIllII(21).class,rustme/IIlilIllII,java/lang/Object,,0,1,174,,,
IIlilIlliI(11).class,rustme/IIlilIlliI,java/lang/Object,kotlin/jvm/functions/Function1,5,1,1783,Kotlin internals,,
IIliliIIiI(19).class,rustme/IIliliIIiI,rustme/IlIIliIIiI,,3,1,951,,,
IIliliIiII(51).class,rustme/IIliliIiII,java/lang/Object,rustme/lIIlIiIiII,5,1,2342,Kotlin internals,,
IIliliIlII(41).class,rustme/IIliliIlII,java/lang/Object,,0,5,262,,,
IIliliIliI(19).class,rustme/IIliliIliI,java/lang/Object,java/util/Comparator,2,1,1880,Kotlin internals,,
IIliliiIII(61).class,rustme/IIliliiIII,java/lang/Object,,0,13,425,,,
IIliliiIiI(3).class,rustme/IIliliiIiI,java/lang/Object,rustme/IiiIlIiIiI,3,1,1133,,,
IIliliiiII(35).class,rustme/IIliliiiII,java/lang/Object,kotlin/jvm/functions/Function1,5,1,3070,Kotlin internals,,
IIliliiilI(1).class,rustme/IIliliiilI,java/lang/Object,,0,1,174,,,
IIliliiliI(3).class,rustme/IIliliiliI,rustme/illiliiliI,,3,0,2041,Kotlin internals,,
IIlililIII(41).class,rustme/IIlililIII,java/lang/Object,,0,8,320,,,
IIlililIiI(19).class,rustme/IIlililIiI,rustme/iIlililIiI,,8,2,2803,,,
IIlililiiI(3).class,rustme/IIlililiiI,rustme/iIlililiiI,,10,3,4359,GUI/Screen;Texture,,
IIlilililI(1).class,rustme/IIlilililI,java/lang/Object,,0,1,174,,,
IIlililliI(3).class,rustme/IIlililliI,java/lang/Object,rustme/IiIIlilliI,2,0,1201,Kotlin internals,,
IIlillIIiI(19).class,rustme/IIlillIIiI,java/lang/Enum,,8,8,2821,Scoreboard,,
IIlillIiII(33).class,rustme/IIlillIiII,java/lang/Object,,0,2,194,,,
IIlillIiiI(3).class,rustme/IIlillIiiI,rustme/IillilIiiI,,16,5,6133,,,
IIlillIlII(21).class,rustme/IIlillIlII,java/lang/Object,,0,1,174,,,
IIlillIliI(11).class,rustme/IIlillIliI,java/lang/Object,kotlin/jvm/functions/Function0,3,7,3435,Kotlin internals,,
IIlilliIII(37).class,rustme/IIlilliIII,java/lang/Object,,0,1,173,,,
IIlilliIiI(11).class,rustme/IIlilliIiI,rustme/ilIilliIiI,,18,4,6226,,,
IIlilliiII(27).class,rustme/IIlilliiII,java/lang/Object,kotlin/jvm/functions/Function1,5,1,1974,Kotlin internals,,
IIlilliilI(1).class,rustme/IIlilliilI,java/lang/Object,,0,1,174,,,
IIlilliliI(3).class,rustme/IIlilliliI,java/lang/Object,,3,0,2374,Kotlin internals,,
IIlilllIII(21).class,rustme/IIlilllIII,java/lang/Object,,0,23,658,,,
IIlilllIiI(11).class,rustme/IIlilllIiI,java/lang/Object,,1,0,153,,,
IIlillliiI(3).class,rustme/IIlillliiI,java/lang/Object,rustme/liiIllliiI,2,0,1370,,,
IIlilllliI(3).class,rustme/IIlilllliI,java/lang/Object,kotlin/jvm/functions/Function1,5,1,1480,Kotlin internals,,
IIllIIIIiI(31).class,rustme/IIllIIIIiI,java/lang/Object,rustme/IlIlIIIIiI,8,0,1877,,,
IIllIIIiII(61).class,rustme/IIllIIIiII,java/lang/Object,,0,4,236,,,
IIllIIIlII(47).class,rustme/IIllIIIlII,java/lang/Object,,0,1,174,,,
IIllIIIliI(31).class,rustme/IIllIIIliI,java/lang/Object,,15,4,3174,Kotlin internals,,
IIllIIiIII(69).class,rustme/IIllIIiIII,java/lang/Object,,0,2,194,,,
IIllIIiIiI(15).class,rustme/IIllIIiIiI,rustme/IIlliIiIiI,,9,0,3041,,,
IIllIIiiII(47).class,rustme/IIllIIiiII,java/lang/Object,kotlin/jvm/functions/Function1,5,1,1529,Kotlin internals,,
IIllIIiilI(7).class,rustme/IIllIIiilI,java/lang/Object,,0,1,174,,,
IIllIIiliI(15).class,rustme/IIllIIiliI,java/lang/Object,,20,21,12884,Kotlin internals;Sounds,,
IIllIIlIII(47).class,rustme/IIllIIlIII,java/lang/Object,,0,1,173,,,
IIllIIlIiI(31).class,rustme/IIllIIlIiI,rustme/llllIIlIiI,,4,2,3265,,,
IIllIIliiI(15).class,rustme/IIllIIliiI,java/lang/Object,,5,2,2173,,,
IIllIIlliI(15).class,rustme/IIllIIlliI,java/lang/Object,kotlin/jvm/functions/Function1,5,1,1466,Kotlin internals,,
IIllIiIIII(73).class,rustme/IIllIiIIII,java/lang/Object,,0,9,341,,,
IIllIiIIiI(23).class,rustme/IIllIiIIiI,rustme/iilIlIiIiI,,2,0,847,,,
IIllIiIiII(55).class,rustme/IIllIiIiII,java/lang/Object,rustme/lIIlIiIiII,31,11,10461,Kotlin internals,,
IIllIiIilI(11).class,rustme/IIllIiIilI,java/lang/Object,,0,13,438,,,
IIllIiIliI(23).class,rustme/IIllIiIliI,rustme/IliIIiIliI,,16,6,12618,Kotlin internals,,
IIllIiiIiI(7).class,rustme/IIllIiiIiI,java/lang/Object,rustme/IiiIlIiIiI,3,1,1167,,,
IIllIiiiII(39).class,rustme/IIllIiiiII,java/lang/Object,kotlin/jvm/functions/Function1,5,1,1769,Kotlin internals,,
IIllIiilII(35).class,rustme/IIllIiilII,java/lang/Object,,0,1,174,,,
IIllIiiliI(7).class,rustme/IIllIiiliI,java/lang/Object,,1,1,756,Kotlin internals,,
IIllIilIiI(23).class,rustme/IIllIilIiI,rustme/iIllIilIiI,,20,2,4088,,,
IIllIiliII(35).class,rustme/IIllIiliII,java/lang/Object,,0,3,215,,,
IIllIiliiI(7).class,rustme/IIllIiliiI,java/lang/Object,,0,0,220,,,
IIllIillII(19).class,rustme/IIllIillII,java/lang/Object,,0,1,174,,,
IIllIilliI(7).class,rustme/IIllIilliI,java/lang/Object,,2,3,824,Kotlin internals,,
IIllIlIIII(43).class,rustme/IIllIlIIII,java/lang/Object,,0,13,425,,,
IIllIlIIiI(23).class,rustme/IIllIlIIiI,rustme/iillIlIIiI,,3,0,541,,,
IIllIlIiiI(7).class,rustme/IIllIlIiiI,java/lang/Enum,rustme/ililIilIiI,8,24,4875,,,
IIllIlIilI(7).class,rustme/IIllIlIilI,java/lang/Object,,0,1,174,,,
IIllIlIliI(15).class,rustme/IIllIlIliI,java/lang/Object,,7,0,1780,Kotlin internals,,
IIllIliIiI(15).class,rustme/IIllIliIiI,java/lang/Object,,9,0,613,,,
IIllIliiII(31).class,rustme/IIllIliiII,java/lang/Object,kotlin/jvm/functions/Function1,5,1,1972,Kotlin internals,,
IIllIlilII(19).class,rustme/IIllIlilII,java/lang/Object,,0,6,284,,,
IIllIliliI(7).class,rustme/IIllIliliI,rustme/IliIIiIliI,,2,1,1457,Kotlin internals,,
IIllIllIiI(15).class,rustme/IIllIllIiI,rustme/llIiIllIiI,,8,0,3178,,,
IIllIlliII(19).class,rustme/IIllIlliII,java/lang/Object,,0,2,194,,,
IIllIlliiI(7).class,rustme/IIllIlliiI,java/lang/Object,java/lang/Runnable,2,2,955,,,
IIllIlllII(11).class,rustme/IIllIlllII,java/lang/Object,,0,1,174,,,
IIllIllliI(7).class,rustme/IIllIllliI,java/lang/Object,kotlin/jvm/functions/Function1,5,1,1898,Kotlin internals,,
IIlliIIIII(75).class,rustme/IIlliIIIII,java/lang/Object,,0,4,236,,,
IIlliIIIiI(27).class,rustme/IIlliIIIiI,java/lang/Object,com/google/common/base/Predicate,3,0,1237,,,
IIlliIIiII(59).class,rustme/IIlliIIiII,java/lang/Enum,,6,4,1482,,,
IIlliIIilI(13).class,rustme/IIlliIIilI,java/lang/Object,,0,1,174,,,
IIlliIIliI(27).class,rustme/IIlliIIliI,rustme/IliIIiIliI,,6,1,8782,Kotlin internals,,
IIlliIiIiI(11).class,rustme/IIlliIiIiI,java/lang/Object,rustme/iIilIIiIiI,56,3,24917,,,
IIlliIiiII(43).class,rustme/IIlliIiiII,java/lang/Object,kotlin/jvm/functions/Function1,5,1,1482,Kotlin internals,,
IIlliIilII(37).class,rustme/IIlliIilII,java/lang/Object,,0,1,174,,,
IIlliIiliI(11).class,rustme/IIlliIiliI,java/lang/Object,,4,0,1210,Kotlin internals,,
IIlliIlIiI(27).class,rustme/IIlliIlIiI,java/lang/Enum,,7,6,2298,,,
IIlliIliII(37).class,rustme/IIlliIliII,java/lang/Object,,0,1,173,,,
IIlliIliiI(11).class,rustme/IIlliIliiI,rustme/lIlliIliiI,,2,3,897,,,
IIlliIllII(21).class,rustme/IIlliIllII,java/lang/Object,,0,1,174,,,
IIlliIlliI(11).class,rustme/IIlliIlliI,java/lang/Object,kotlin/jvm/functions/Function1,5,1,2941,Kotlin internals,,
IIlliiIIiI(19).class,rustme/IIlliiIIiI,rustme/llIliliIiI,,2,1,680,,,
IIlliiIiII(51).class,rustme/IIlliiIiII,java/lang/Object,kotlin/jvm/functions/Function1,5,1,2877,Kotlin internals,,
IIlliiIlII(41).class,rustme/IIlliiIlII,java/lang/Object,,0,17,526,,,
IIlliiIliI(19).class,rustme/IIlliiIliI,kotlin/properties/ObservableProperty,,4,1,2272,Kotlin internals,,
IIlliiiIII(63).class,rustme/IIlliiiIII,java/lang/Object,,0,1,173,,,
IIlliiiIiI(3).class,rustme/IIlliiiIiI,rustme/iIlIiiiIiI,,11,1,2605,Texture,,
IIlliiiiII(35).class,rustme/IIlliiiiII,java/lang/Object,kotlin/jvm/functions/Function1,5,1,1463,Kotlin internals,,
IIlliiiilI(1).class,rustme/IIlliiiilI,java/lang/Object,,0,1,174,,,
IIlliiiliI(3).class,rustme/IIlliiiliI,java/lang/Enum,,6,4,1391,,,
IIlliilIII(41).class,rustme/IIlliilIII,java/lang/Object,,0,1,173,,,
IIlliilIiI(19).class,rustme/IIlliilIiI,java/lang/Object,rustme/IlIiIilIiI,5,0,2421,,,
IIlliiliiI(3).class,rustme/IIlliiliiI,java/lang/Enum,rustme/ililIilIiI,12,6,2460,,,
IIlliililI(1).class,rustme/IIlliililI,java/lang/Object,,0,1,174,,,
IIlliilliI(3).class,rustme/IIlliilliI,java/lang/Object,,29,2,31190,Kotlin internals,,
IIllilIIiI(19).class,rustme/IIllilIIiI,java/lang/Enum,,6,6,1711,,,
IIllilIiII(33).class,rustme/IIllilIiII,java/lang/Object,,0,1,173,,,
IIllilIiiI(3).class,rustme/IIllilIiiI,rustme/IillilIiiI,,18,5,6786,,,
IIllilIlII(21).class,rustme/IIllilIlII,java/lang/Object,,0,1,174,,,
IIllilIliI(11).class,rustme/IIllilIliI,java/lang/Enum,,7,4,1974,Kotlin internals,,
IIlliliIII(37).class,rustme/IIlliliIII,java/lang/Object,,0,6,278,,,
IIlliliIiI(11).class,rustme/IIlliliIiI,rustme/iliIiliIiI,,5,1,3238,,,
IIlliliiII(27).class,rustme/IIlliliiII,java/lang/Object,kotlin/jvm/functions/Function1,5,1,1506,Kotlin internals,,
IIlliliilI(1).class,rustme/IIlliliilI,java/lang/Object,,0,1,174,,,
IIllililiI(3).class,rustme/IIllililiI,java/lang/Object,,2,0,1608,Kotlin internals,,
IIllillIII(21).class,rustme/IIllillIII,java/lang/Object,,0,2,194,,,
IIllillIiI(11).class,rustme/IIllillIiI,java/lang/Object,,13,10,6017,,,
IIllilliiI(3).class,rustme/IIllilliiI,java/lang/Object,,23,12,8614,,,
IIllillliI(3).class,rustme/IIllillliI,java/lang/Object,kotlin/jvm/functions/Function1,5,1,4470,Kotlin internals,,
IIlllIIIII(37).class,rustme/IIlllIIIII,java/lang/Object,,0,12,404,,,
IIlllIIIiI(15).class,rustme/IIlllIIIiI,java/lang/Object,rustme/llillIIIiI,10,2,2472,,,
IIlllIIilI(7).class,rustme/IIlllIIilI,java/lang/Object,,0,1,174,,,
IIlllIIliI(15).class,rustme/IIlllIIliI,java/lang/Object,kotlin/jvm/functions/Function1,5,2,3784,Kotlin internals,,
IIlllIiIiI(7).class,rustme/IIlllIiIiI,rustme/IiillIiIiI,,7,0,1233,,,
IIlllIiiII(23).class,rustme/IIlllIiiII,java/lang/Object,kotlin/jvm/functions/Function1,5,1,3386,Kotlin internals,,
IIlllIilII(19).class,rustme/IIlllIilII,java/lang/Object,,0,2,196,,,
IIlllIiliI(7).class,rustme/IIlllIiliI,java/lang/Object,rustme/illllIiliI,7,3,2466,Kotlin internals,,
IIlllIlIiI(15).class,rustme/IIlllIlIiI,java/lang/Object,rustme/iilIIIlIiI,229,39,76371,,World (vanilla),229 методов; IillillllI(DDDDDD[I) = rayTraceBlocks; IIIiiiiiil.
IIlllIliII(19).class,rustme/IIlllIliII,java/lang/Object,,0,1,173,,,
IIlllIliiI(7).class,rustme/IIlllIliiI,rustme/lililIliiI,,4,1,2987,Particles,,
IIlllIllII(11).class,rustme/IIlllIllII,java/lang/Object,,0,31,834,,,
IIlllIlliI(7).class,rustme/IIlllIlliI,java/lang/Object,kotlin/jvm/functions/Function1,5,1,2053,Kotlin internals,,
IIllliIIiI(11).class,rustme/IIllliIIiI,java/lang/Object,rustme/iiIlliIIiI,12,3,5338,Recipes,,
IIllliIiII(27).class,rustme/IIllliIiII,java/lang/Object,,5,2,1665,Kotlin internals,,
IIllliIlII(21).class,rustme/IIllliIlII,java/lang/Object,,0,1,174,,,
IIllliIliI(11).class,rustme/IIllliIliI,rustme/IlilIIIliI,,2,5,3858,Kotlin internals,,
IIllliiIII(31).class,rustme/IIllliiIII,java/lang/Object,,0,5,257,,,
IIllliiIiI(3).class,rustme/IIllliiIiI,java/lang/Object,,6,3,3893,,,
IIllliiiII(19).class,rustme/IIllliiiII,java/lang/Object,kotlin/jvm/functions/Function1,5,1,1880,Kotlin internals,,
IIllliiilI(1).class,rustme/IIllliiilI,java/lang/Object,,0,1,174,,,
IIllliiliI(3).class,rustme/IIllliiliI,rustme/lilliiiliI,,2,1,746,Kotlin internals,,
IIlllilIII(21).class,rustme/IIlllilIII,java/lang/Object,,0,4,236,,,
IIlllilIiI(11).class,rustme/IIlllilIiI,java/lang/Object,,31,28,20704,,,
IIllliliiI(3).class,rustme/IIllliliiI,rustme/IlIlliliiI,,14,6,6170,GUI/Screen,,
IIlllililI(1).class,rustme/IIlllililI,java/lang/Object,,0,2,196,,,
IIlllilliI(3).class,rustme/IIlllilliI,java/lang/Object,kotlin/jvm/functions/Function1,5,1,1468,Kotlin internals,,
IIllllIIiI(11).class,rustme/IIllllIIiI,java/lang/Object,rustme/IIlIIlIIiI,6,4,1763,,,
IIllllIiII(17).class,rustme/IIllllIiII,java/lang/Object,,0,5,257,,,
IIllllIiiI(3).class,rustme/IIllllIiiI,rustme/IlllllIiiI,,3,0,619,,,
IIllllIlII(11).class,rustme/IIllllIlII,java/lang/Object,,0,1,174,,,
IIllllIliI(7).class,rustme/IIllllIliI,java/lang/Object,kotlin/jvm/functions/Function0,4,1,1101,Kotlin internals,,
IIlllliIII(19).class,rustme/IIlllliIII,java/lang/Object,,0,8,320,,,
IIlllliIiI(7).class,rustme/IIlllliIiI,rustme/liIliliIiI,,2,0,778,,,
IIlllliiII(15).class,rustme/IIlllliiII,java/lang/Object,kotlin/jvm/functions/Function1,5,1,3332,Kotlin internals,,
IIlllliilI(1).class,rustme/IIlllliilI,java/lang/Object,,0,1,174,,,
IIlllliliI(3).class,rustme/IIlllliliI,rustme/illllliliI,,12,11,10815,Kotlin internals;Networking client,,
IIlllllIII(11).class,rustme/IIlllllIII,java/lang/Object,,0,4,240,,,
IIlllllIiI(7).class,rustme/IIlllllIiI,java/lang/Object,,6,1,4982,Texture,,
IIllllliiI(3).class,rustme/IIllllliiI,java/lang/Object,rustme/lIllllliiI,7,4,3817,Texture,,
IIlllllliI(3).class,rustme/IIlllllliI,java/lang/Object,kotlin/jvm/functions/Function1,5,1,1880,Kotlin internals,,
IiIIIIIIII(310).class,rustme/IiIIIIIIII,java/lang/Object,,0,24,656,,,
IiIIIIIIiI(125).class,rustme/IiIIIIIIiI,rustme/iiliIIIIiI,,5,0,2678,,,
IiIIIIIilI(62).class,rustme/IiIIIIIilI,java/lang/Object,,0,1,174,,,
IiIIIIIliI(125).class,rustme/IiIIIIIliI,java/lang/Object,kotlin/jvm/functions/Function0,3,4,2952,Kotlin internals,,
IiIIIIiIiI(61).class,rustme/IiIIIIiIiI,rustme/IIlliIiIiI,,8,0,4963,,,
IiIIIIiiII(189).class,rustme/IiIIIIiiII,java/lang/Object,kotlin/jvm/functions/Function1,5,1,3543,Kotlin internals,,
IiIIIIilII(158).class,rustme/IiIIIIilII,java/lang/Object,,0,1,174,,,
IiIIIIiliI(61).class,rustme/IiIIIIiliI,java/lang/Object,,11,4,2570,Kotlin internals,,
IiIIIIlIiI(125).class,rustme/IiIIIIlIiI,rustme/iiIIIIlIiI,,7,9,4552,,,
IiIIIIliII(158).class,rustme/IiIIIIliII,java/lang/Object,,0,1,173,,,
IiIIIIliiI(61).class,rustme/IiIIIIliiI,rustme/iliIIIliiI,,3,1,1276,,,
IiIIIIllII(94).class,rustme/IiIIIIllII,java/lang/Object,,0,3,218,,,
IiIIIIlliI(61).class,rustme/IiIIIIlliI,java/lang/Object,kotlin/jvm/functions/Function1,5,1,2910,Kotlin internals,,
IiIIIiIIiI(93).class,rustme/IiIIIiIIiI,java/lang/Object,,0,0,220,,,
IiIIIiIiII(221).class,rustme/IiIIIiIiII,java/lang/Object,kotlin/jvm/functions/Function1,5,1,1476,Kotlin internals,,
IiIIIiIlII(174).class,rustme/IiIIIiIlII,java/lang/Object,,0,5,262,,,
IiIIIiIliI(93).class,rustme/IiIIIiIliI,java/lang/Object,,2,0,796,Kotlin internals,,
IiIIIiiIII(262).class,rustme/IiIIIiiIII,java/lang/Object,,0,207,4499,,,
IiIIIiiIiI(29).class,rustme/IiIIIiiIiI,java/lang/Object,,1,2,520,,,
IiIIIiiiII(157).class,rustme/IiIIIiiiII,java/lang/Object,kotlin/jvm/functions/Function1,5,1,1559,Kotlin internals,,
IiIIIiiilI(14).class,rustme/IiIIIiiilI,java/lang/Object,,0,1,174,,,
IiIIIiiliI(29).class,rustme/IiIIIiiliI,java/lang/Object,,5,0,1710,,,
IiIIIilIII(174).class,rustme/IiIIIilIII,java/lang/Object,,0,46,1118,,,
IiIIIilIiI(93).class,rustme/IiIIIilIiI,java/lang/Object,,5,5,2872,,,
IiIIIiliiI(29).class,rustme/IiIIIiliiI,rustme/liIIIiliiI,,11,2,5518,,,
IiIIIililI(14).class,rustme/IiIIIililI,java/lang/Object,,0,1,174,,,
IiIIIilliI(29).class,rustme/IiIIIilliI,java/lang/Object,,2,3,824,Kotlin internals,,
IiIIIlIIiI(77).class,rustme/IiIIIlIIiI,java/lang/Object,,0,0,220,,,
IiIIIlIiII(126).class,rustme/IiIIIlIiII,java/lang/Object,,0,1,173,,,
IiIIIlIiiI(13).class,rustme/IiIIIlIiiI,rustme/IillilIiiI,,3,1,780,,,
IiIIIlIlII(94).class,rustme/IiIIIlIlII,java/lang/Object,,0,1,174,,,
IiIIIlIliI(61).class,rustme/IiIIIlIliI,java/lang/Object,,2,0,1089,Kotlin internals,,
IiIIIliIII(142).class,rustme/IiIIIliIII,java/lang/Object,,0,2,194,,,
IiIIIliIiI(45).class,rustme/IiIIIliIiI,rustme/iliIiliIiI,,2,1,692,,,
IiIIIliiII(109).class,rustme/IiIIIliiII,java/lang/Object,kotlin/jvm/functions/Function0,4,1,954,Kotlin internals,,
IiIIIliilI(14).class,rustme/IiIIIliilI,java/lang/Object,,0,1,174,,,
IiIIIliliI(29).class,rustme/IiIIIliliI,kotlin/properties/ObservableProperty,,4,1,2383,Kotlin internals,,
IiIIIllIII(94).class,rustme/IiIIIllIII,java/lang/Object,,0,9,341,,,
IiIIIllIiI(61).class,rustme/IiIIIllIiI,rustme/IIliIllIiI,,5,0,1271,,,
IiIIIlliiI(29).class,rustme/IiIIIlliiI,java/lang/Object,,8,4,2097,,,
IiIIIllliI(29).class,rustme/IiIIIllliI,java/lang/Object,kotlin/jvm/functions/Function1,5,1,1468,Kotlin internals,,
IiIIiIIIiI(109).class,rustme/IiIIiIIIiI,rustme/llliiIIIiI,,4,0,5231,,,
IiIIiIIiII(237).class,rustme/IiIIiIIiII,java/lang/Object,,4,0,1590,Kotlin internals,,
IiIIiIIlII(182).class,rustme/IiIIiIIlII,java/lang/Object,,0,9,350,,,
IiIIiIIliI(109).class,rustme/IiIIiIIliI,kotlin/properties/ObservableProperty,,4,1,2606,Kotlin internals,,
IiIIiIiIII(270).class,rustme/IiIIiIiIII,java/lang/Object,,0,5,257,,,
IiIIiIiIiI(45).class,rustme/IiIIiIiIiI,java/lang/Object,rustme/liilIiiIiI,3,5,1843,,,
IiIIiIiiII(173).class,rustme/IiIIiIiiII,java/lang/Object,kotlin/jvm/functions/Function1,5,1,3308,Kotlin internals,,
IiIIiIiilI(22).class,rustme/IiIIiIiilI,java/lang/Object,,0,1,174,,,
IiIIiIiliI(45).class,rustme/IiIIiIiliI,java/lang/Object,,4,3,1688,Kotlin internals,,
IiIIiIlIII(182).class,rustme/IiIIiIlIII,java/lang/Object,,0,1,173,,,
IiIIiIlIiI(109).class,rustme/IiIIiIlIiI,java/lang/Object,rustme/lilIiIlIiI,14,5,4418,,,
IiIIiIliiI(45).class,rustme/IiIIiIliiI,java/lang/Object,,0,0,220,,,
IiIIiIlilI(22).class,rustme/IiIIiIlilI,java/lang/Object,,0,14,460,,,
IiIIiIlliI(45).class,rustme/IiIIiIlliI,java/lang/Object,kotlin/jvm/functions/Function1,5,1,3174,Kotlin internals,,
IiIIiiIIII(286).class,rustme/IiIIiiIIII,java/lang/Object,,0,19,551,,,
IiIIiiIIiI(77).class,rustme/IiIIiiIIiI,rustme/liIliliIiI,,2,0,882,,,
IiIIiiIiII(205).class,rustme/IiIIiiIiII,java/lang/Object,kotlin/jvm/functions/Function1,5,1,1506,Kotlin internals,,
IiIIiiIilI(38).class,rustme/IiIIiiIilI,java/lang/Object,,0,16,504,,,
IiIIiiIliI(77).class,rustme/IiIIiiIliI,java/lang/Object,,29,0,5970,Kotlin internals,,
IiIIiiiIiI(13).class,rustme/IiIIiiiIiI,rustme/IlilllliiI,,2,0,905,,,
IiIIiiiiII(141).class,rustme/IiIIiiiiII,java/lang/Object,kotlin/jvm/functions/Function1,5,1,1482,Kotlin internals,,
IiIIiiilII(134).class,rustme/IiIIiiilII,java/lang/Object,,0,2,196,,,
IiIIiiiliI(13).class,rustme/IiIIiiiliI,java/lang/Object,,9,2,2069,,,
IiIIiilIiI(77).class,rustme/IiIIiilIiI,java/lang/Object,,1,2,1123,,,
IiIIiiliII(134).class,rustme/IiIIiiliII,java/lang/Object,,0,2,194,,,
IiIIiiliiI(13).class,rustme/IiIIiiliiI,java/lang/Object,,1,1,1348,,,
IiIIiillII(70).class,rustme/IiIIiillII,java/lang/Object,,0,3,218,,,
IiIIiilliI(13).class,rustme/IiIIiilliI,java/lang/Object,java/util/Comparator,2,0,1778,Kotlin internals,,
IiIIilIIII(150).class,rustme/IiIIilIIII,java/lang/Object,,0,1,173,,,
IiIIilIIiI(61).class,rustme/IiIIilIIiI,java/lang/Object,rustme/llillIIIiI,6,1,1280,,,
IiIIilIilI(22).class,rustme/IiIIilIilI,java/lang/Object,,0,1,174,,,
IiIIilIliI(45).class,rustme/IiIIilIliI,java/lang/Object,,8,4,7699,Kotlin internals,,
IiIIiliIiI(29).class,rustme/IiIIiliIiI,rustme/iliIiliIiI,,8,6,3377,,,
IiIIiliiII(93).class,rustme/IiIIiliiII,java/lang/Object,,8,5,6246,Kotlin internals,,
IiIIililII(70).class,rustme/IiIIililII,java/lang/Object,,0,2,196,,,
IiIIililiI(13).class,rustme/IiIIililiI,rustme/IlilIIIliI,,2,1,1690,Kotlin internals,,
IiIIillIiI(45).class,rustme/IiIIillIiI,java/lang/Object,,9,2,1892,,,
IiIIilliII(70).class,rustme/IiIIilliII,java/lang/Object,,0,2,194,,,
IiIIilliiI(13).class,rustme/IiIIilliiI,java/lang/Object,,1,2,429,,,
IiIIilllII(38).class,rustme/IiIIilllII,java/lang/Object,,0,1,174,,,
IiIIillliI(13).class,rustme/IiIIillliI,java/lang/Object,kotlin/jvm/functions/Function1,5,1,3140,Kotlin internals,,
IiIIlIIIiI(61).class,rustme/IiIIlIIIiI,io/netty/handler/codec/MessageToByteEncoder,,4,3,2025,,,
IiIIlIIiII(118).class,rustme/IiIIlIIiII,java/lang/Object,,0,1,173,,,
IiIIlIIlII(94).class,rustme/IiIIlIIlII,java/lang/Object,,0,1,174,,,
IiIIlIIliI(61).class,rustme/IiIIlIIliI,com/google/common/cache/CacheLoader,,5,0,3372,Kotlin internals,,
IiIIlIiIII(134).class,rustme/IiIIlIiIII,java/lang/Object,,0,1,173,,,
IiIIlIiIiI(29).class,rustme/IiIIlIiIiI,rustme/ilIIlIiIiI,,2,0,679,,,
IiIIlIiiII(93).class,rustme/IiIIlIiiII,java/lang/Object,,146,71,38416,Kotlin internals,,
IiIIlIiilI(14).class,rustme/IiIIlIiilI,java/lang/Object,,0,1,174,,,
IiIIlIiliI(29).class,rustme/IiIIlIiliI,java/lang/Object,,3,4,1244,Kotlin internals,,
IiIIlIlIII(94).class,rustme/IiIIlIlIII,java/lang/Object,,0,1,173,,,
IiIIlIlIiI(61).class,rustme/IiIIlIlIiI,java/lang/Object,rustme/iIIIlIlIiI,2,1,749,,,
IiIIlIliiI(29).class,rustme/IiIIlIliiI,java/lang/Object,rustme/iililIliiI,2,0,722,Particles,,
IiIIlIlliI(29).class,rustme/IiIIlIlliI,java/lang/Object,kotlin/jvm/functions/Function1,5,1,1724,Kotlin internals,,
IiIIliIIII(142).class,rustme/IiIIliIIII,java/lang/Object,,0,27,719,,,
IiIIliIIiI(45).class,rustme/IiIIliIIiI,rustme/IIIiliIIiI,,14,9,9596,,,
IiIIliIiII(109).class,rustme/IiIIliIiII,java/lang/Object,,12,1,7037,Kotlin internals,,
IiIIliIilI(22).class,rustme/IiIIliIilI,java/lang/Object,,0,1,174,,,
IiIIliIliI(45).class,rustme/IiIIliIliI,java/lang/Object,,3,0,1964,Kotlin internals,,
IiIIliiIiI(13).class,rustme/IiIIliiIiI,rustme/IIlIliiIiI,,5,2,2382,Texture,,
IiIIliiiII(77).class,rustme/IiIIliiiII,java/lang/Object,kotlin/jvm/functions/Function1,5,1,1465,Kotlin internals,,
IiIIliilII(70).class,rustme/IiIIliilII,java/lang/Object,,0,5,262,,,
IiIIliiliI(13).class,rustme/IiIIliiliI,rustme/lIlIIiiliI,,13,1,4663,Kotlin internals,,
IiIIlilIiI(45).class,rustme/IiIIlilIiI,java/lang/Object,,6,2,1650,,,
IiIIliliII(70).class,rustme/IiIIliliII,java/lang/Object,,0,1,173,,,
IiIIliliiI(13).class,rustme/IiIIliliiI,java/lang/Object,com/google/common/base/Predicate,3,0,1221,GUI/Screen,,
IiIIlillII(38).class,rustme/IiIIlillII,java/lang/Object,,0,1,174,,,
IiIIlilliI(13).class,rustme/IiIIlilliI,java/lang/Object,,3,0,1342,Kotlin internals,,
IiIIllIIII(86).class,rustme/IiIIllIIII,java/lang/Object,,0,2,194,,,
IiIIllIIiI(45).class,rustme/IiIIllIIiI,com/google/common/collect/AbstractIterator,,3,1,1540,,,
IiIIllIiiI(13).class,rustme/IiIIllIiiI,rustme/IillilIiiI,,2,0,871,,,
IiIIllIilI(14).class,rustme/IiIIllIilI,java/lang/Object,,0,1,174,,,
IiIIllIliI(29).class,rustme/IiIIllIliI,java/lang/Object,,10,2,2308,Kotlin internals,,
IiIIlliIiI(29).class,rustme/IiIIlliIiI,rustme/iliIiliIiI,,6,3,3382,,,
IiIIlliiII(61).class,rustme/IiIIlliiII,java/lang/Object,kotlin/jvm/functions/Function1,5,1,1899,Kotlin internals,,
IiIIllilII(38).class,rustme/IiIIllilII,java/lang/Object,,0,1,174,,,
IiIIlliliI(13).class,rustme/IiIIlliliI,java/lang/Object,java/util/Comparator,2,0,1787,Kotlin internals,,
IiIIlllIiI(29).class,rustme/IiIIlllIiI,rustme/lllililiiI,,6,1,1951,,,
IiIIllliII(38).class,rustme/IiIIllliII,java/lang/Object,,0,245,5297,,,
IiIIllliiI(13).class,rustme/IiIIllliiI,java/lang/Object,rustme/iIiIllliiI,2,0,752,,,
IiIIllllII(22).class,rustme/IiIIllllII,java/lang/Object,,0,1,174,,,
IiIIlllliI(13).class,rustme/IiIIlllliI,java/lang/Object,kotlin/jvm/functions/Function1,5,1,5527,Kotlin internals,,
IiIiIIIIiI(117).class,rustme/IiIiIIIIiI,java/lang/Object,rustme/liIiIIIIiI,2,1,875,,,
IiIiIIIiII(242).class,rustme/IiIiIIIiII,java/lang/Object,,0,3,215,,,
IiIiIIIlII(186).class,rustme/IiIiIIIlII,java/lang/Object,,0,1,174,,,
IiIiIIIliI(117).class,rustme/IiIiIIIliI,java/lang/Object,kotlin/jvm/functions/Function0,5,0,2717,Kotlin internals,,
IiIiIIiIII(274).class,rustme/IiIiIIiIII,java/lang/Object,,0,2,194,,,
IiIiIIiIiI(53).class,rustme/IiIiIIiIiI,rustme/IIlliIiIiI,,10,0,4426,,,
IiIiIIiiII(181).class,rustme/IiIiIIiiII,java/lang/Object,kotlin/jvm/functions/Function1,5,1,2889,Kotlin internals,,
IiIiIIiilI(26).class,rustme/IiIiIIiilI,java/lang/Object,,0,1,174,,,
IiIiIIiliI(53).class,rustme/IiIiIIiliI,java/lang/Object,,4,3,1114,Kotlin internals,,
IiIiIIlIII(186).class,rustme/IiIiIIlIII,java/lang/Object,,0,1,173,,,
IiIiIIlIiI(117).class,rustme/IiIiIIlIiI,java/lang/Object,,8,6,1556,,,
IiIiIIliiI(53).class,rustme/IiIiIIliiI,rustme/lIlliIliiI,,3,2,2658,,,
IiIiIIlliI(53).class,rustme/IiIiIIlliI,java/lang/Object,,21,18,18356,Kotlin internals,,
IiIiIiIIII(290).class,rustme/IiIiIiIIII,java/lang/Object,,0,2,194,,,
IiIiIiIIiI(85).class,rustme/IiIiIiIIiI,java/lang/Object,rustme/iIIiIiIIiI,2,2,1224,,,
IiIiIiIiII(213).class,rustme/IiIiIiIiII,java/lang/Object,kotlin/jvm/functions/Function1,5,1,1468,Kotlin internals,,
IiIiIiIilI(42).class,rustme/IiIiIiIilI,java/lang/Object,,0,1,174,,,
IiIiIiIliI(85).class,rustme/IiIiIiIliI,rustme/IIIiIiIliI,,16,5,6729,Kotlin internals,,
IiIiIiiIiI(21).class,rustme/IiIiIiiIiI,rustme/iIlIiiiIiI,,7,2,2032,Texture,,
IiIiIiiiII(149).class,rustme/IiIiIiiiII,java/lang/Object,kotlin/jvm/functions/Function1,5,1,1463,Kotlin internals,,
IiIiIiilII(138).class,rustme/IiIiIiilII,java/lang/Object,,0,6,284,,,
IiIiIiiliI(21).class,rustme/IiIiIiiliI,rustme/lilliiiliI,,1,1,1149,GUI/Screen,,
IiIiIilIiI(85).class,rustme/IiIiIilIiI,java/lang/Object,rustme/IlIiIilIiI,5,0,1184,,,
IiIiIiliII(138).class,rustme/IiIiIiliII,java/lang/Object,,0,2,194,,,
IiIiIiliiI(21).class,rustme/IiIiIiliiI,java/lang/Object,,1,3,1285,,,
IiIiIillII(74).class,rustme/IiIiIillII,java/lang/Object,,0,1,174,,,
IiIiIilliI(21).class,rustme/IiIiIilliI,rustme/iIIiIilliI,,4,1,1520,Kotlin internals,,
IiIiIlIIII(154).class,rustme/IiIiIlIIII,java/lang/Object,,0,3,215,,,
IiIiIlIIiI(69).class,rustme/IiIiIlIIiI,java/lang/Object,rustme/llillIIIiI,7,1,1415,,,
IiIiIlIiiI(5).class,rustme/IiIiIlIiiI,rustme/IillilIiiI,,4,1,1640,,,
IiIiIlIilI(26).class,rustme/IiIiIlIilI,java/lang/Object,,0,1,174,,,
IiIiIlIliI(53).class,rustme/IiIiIlIliI,java/lang/Object,,36,11,9936,Kotlin internals,,
IiIiIliIiI(37).class,rustme/IiIiIliIiI,rustme/lIIiIliIiI,,2,0,1928,,,
IiIiIliiII(101).class,rustme/IiIiIliiII,java/lang/Object,kotlin/jvm/functions/Function1,5,1,3161,Kotlin internals,,
IiIiIlilII(74).class,rustme/IiIiIlilII,java/lang/Object,,0,2,196,,,
IiIiIliliI(21).class,rustme/IiIiIliliI,rustme/llIiIliliI,,5,5,4333,GUI/Screen;Texture;Kotlin internals,,
IiIiIllIiI(53).class,rustme/IiIiIllIiI,rustme/lIlliIliiI,,1,0,293,,,
IiIiIlliII(74).class,rustme/IiIiIlliII,java/lang/Object,,0,10,362,,,
IiIiIlliiI(21).class,rustme/IiIiIlliiI,java/lang/Object,rustme/IIIiIlliiI,2,0,757,,,
IiIiIlllII(42).class,rustme/IiIiIlllII,java/lang/Object,,0,1,174,,,
IiIiIllliI(21).class,rustme/IiIiIllliI,java/lang/Object,kotlin/jvm/functions/Function1,5,1,1541,Kotlin internals,,
IiIiiIIIII(298).class,rustme/IiIiiIIIII,java/lang/Object,,0,5,257,,,
IiIiiIIIiI(101).class,rustme/IiIiiIIIiI,java/lang/Object,rustme/liIiIIIIiI,2,0,845,,,
IiIiiIIiII(229).class,rustme/IiIiiIIiII,java/lang/Object,rustme/lIIlIiIiII,8,1,2668,Kotlin internals,,
IiIiiIIilI(50).class,rustme/IiIiiIIilI,java/lang/Object,,0,1,174,,,
IiIiiIIliI(101).class,rustme/IiIiiIIliI,java/lang/Object,,2,0,1479,Kotlin internals,,
IiIiiIiIiI(37).class,rustme/IiIiiIiIiI,java/lang/Object,rustme/iIIiiIiIiI,2,0,308,,,
IiIiiIiiII(165).class,rustme/IiIiiIiiII,java/lang/Object,kotlin/jvm/functions/Function1,5,1,4058,Kotlin internals,,
IiIiiIilII(146).class,rustme/IiIiiIilII,java/lang/Object,,0,12,416,,,
IiIiiIiliI(37).class,rustme/IiIiiIiliI,java/lang/Object,rustme/lIIlIiIiII,4,1,1624,Kotlin internals,,
IiIiiIlIiI(101).class,rustme/IiIiiIlIiI,java/lang/Enum,,6,4,1462,World gen,,
IiIiiIliII(146).class,rustme/IiIiiIliII,java/lang/Object,,0,1,173,,,
IiIiiIliiI(37).class,rustme/IiIiiIliiI,java/lang/Object,,1,0,160,,,
IiIiiIllII(82).class,rustme/IiIiiIllII,java/lang/Object,,0,1,174,,,
IiIiiIlliI(37).class,rustme/IiIiiIlliI,java/lang/Object,kotlin/jvm/functions/Function1,5,1,3070,Kotlin internals,,
IiIiiiIIiI(69).class,rustme/IiIiiiIIiI,rustme/llillliIiI,rustme/IilIiiIIiI,48,11,17229,,,
IiIiiiIiII(197).class,rustme/IiIiiiIiII,java/lang/Object,kotlin/jvm/functions/Function1,5,1,3534,Kotlin internals,,
IiIiiiIlII(162).class,rustme/IiIiiiIlII,java/lang/Object,,0,1,174,,,
IiIiiiIliI(69).class,rustme/IiIiiiIliI,java/lang/Object,kotlin/jvm/functions/Function0,3,7,3534,GUI/Screen;Kotlin internals,,
IiIiiiiIII(250).class,rustme/IiIiiiiIII,java/lang/Object,,0,1,173,,,
IiIiiiiIiI(5).class,rustme/IiIiiiiIiI,rustme/lliiiiiIiI,,3,0,796,,,
IiIiiiiiII(133).class,rustme/IiIiiiiiII,java/lang/Object,kotlin/jvm/functions/Function1,5,1,1541,Kotlin internals,,
IiIiiiiilI(2).class,rustme/IiIiiiiilI,java/lang/Object,,0,1,174,,,
IiIiiiiliI(5).class,rustme/IiIiiiiliI,java/lang/Object,,4,2,1203,,,
IiIiiilIII(162).class,rustme/IiIiiilIII,java/lang/Object,,0,4,236,,,
IiIiiilIiI(69).class,rustme/IiIiiilIiI,java/lang/Object,,4,2,712,,,
IiIiiiliiI(5).class,rustme/IiIiiiliiI,java/lang/Object,com/google/common/base/Predicate,3,0,1064,,,
IiIiiililI(2).class,rustme/IiIiiililI,java/lang/Object,,0,1,174,,,
IiIiiilliI(5).class,rustme/IiIiiilliI,java/lang/Object,,4,0,2170,Kotlin internals,,
IiIiilIIiI(53).class,rustme/IiIiilIIiI,java/lang/Object,rustme/llillIIIiI,7,1,1478,,,
IiIiilIiII(114).class,rustme/IiIiilIiII,java/lang/Object,,0,2,194,,,
IiIiilIlII(82).class,rustme/IiIiilIlII,java/lang/Object,,0,1,174,,,
IiIiilIliI(37).class,rustme/IiIiilIliI,java/lang/Object,kotlin/jvm/functions/Function1,5,2,3782,Kotlin internals,,
IiIiiliIII(130).class,rustme/IiIiiliIII,java/lang/Object,,0,1,173,,,
IiIiiliIiI(21).class,rustme/IiIiiliIiI,rustme/llIiiliIiI,,2,0,738,,,
IiIiiliiII(85).class,rustme/IiIiiliiII,java/lang/Object,kotlin/jvm/functions/Function1,5,1,3295,Kotlin internals,,
IiIiiliilI(2).class,rustme/IiIiiliilI,java/lang/Object,,0,1,174,,,
IiIiililiI(5).class,rustme/IiIiililiI,rustme/iiliililiI,,3,6,2888,Kotlin internals,,
IiIiillIII(82).class,rustme/IiIiillIII,java/lang/Object,,0,5,257,,,
IiIiillIiI(37).class,rustme/IiIiillIiI,java/lang/Object,,5,0,318,,,
IiIiilliiI(5).class,rustme/IiIiilliiI,rustme/lililIliiI,,4,1,2257,Particles,,
IiIiillliI(5).class,rustme/IiIiillliI,java/lang/Object,kotlin/jvm/functions/Function1,5,1,1683,Kotlin internals,,
IiIilIIIII(146).class,rustme/IiIilIIIII,java/lang/Object,,0,7,299,,,
IiIilIIIiI(53).class,rustme/IiIilIIIiI,rustme/iIIilIIIiI,,1,0,786,,,
IiIilIIilI(26).class,rustme/IiIilIIilI,java/lang/Object,,0,1,174,,,
IiIilIIliI(53).class,rustme/IiIilIIliI,rustme/IililIIliI,,6,0,4336,Kotlin internals,,
IiIilIiIiI(21).class,rustme/IiIilIiIiI,rustme/IIIiIIiIiI,rustme/IIilIIiIiI,5,1,6120,,,
IiIilIiiII(85).class,rustme/IiIilIiiII,java/lang/Object,kotlin/jvm/functions/Function1,5,1,1641,Kotlin internals,,
IiIilIilII(74).class,rustme/IiIilIilII,java/lang/Object,,0,3,218,,,
IiIilIiliI(21).class,rustme/IiIilIiliI,java/lang/Enum,,7,7,2280,Kotlin internals;Sounds,,
IiIilIlIiI(53).class,rustme/IiIilIlIiI,rustme/IlllIIlIiI,,7,0,2499,,,
IiIilIliII(74).class,rustme/IiIilIliII,java/lang/Object,,0,3,215,,,
IiIilIliiI(21).class,rustme/IiIilIliiI,java/lang/Object,,0,0,220,,,
IiIilIllII(42).class,rustme/IiIilIllII,java/lang/Object,,0,1,174,,,
IiIilIlliI(21).class,rustme/IiIilIlliI,java/lang/Object,kotlin/jvm/functions/Function1,5,1,1964,Kotlin internals,,
IiIiliIIiI(37).class,rustme/IiIiliIIiI,java/lang/Object,,0,0,220,,,
IiIiliIiII(101).class,rustme/IiIiliIiII,java/lang/Object,,17,3,4253,Kotlin internals,,
IiIiliIlII(82).class,rustme/IiIiliIlII,java/lang/Object,,0,17,526,,,
IiIiliIliI(37).class,rustme/IiIiliIliI,rustme/IliIIiIliI,,6,6,7408,Kotlin internals,,
IiIiliiIII(122).class,rustme/IiIiliiIII,java/lang/Object,,0,4,236,,,
IiIiliiIiI(5).class,rustme/IiIiliiIiI,java/lang/Object,,1,0,158,,,
IiIiliiiII(69).class,rustme/IiIiliiiII,java/lang/Object,kotlin/jvm/functions/Function1,5,1,1815,Kotlin internals,,
IiIiliiilI(2).class,rustme/IiIiliiilI,java/lang/Object,,0,1,174,,,
IiIiliiliI(5).class,rustme/IiIiliiliI,java/lang/Object,,2,0,744,Kotlin internals,,
IiIililIII(82).class,rustme/IiIililIII,java/lang/Object,,0,35,887,,,
IiIililIiI(37).class,rustme/IiIililIiI,java/lang/Error,,1,0,291,,,
IiIililiiI(5).class,rustme/IiIililiiI,rustme/iiIililiiI,,11,6,4175,,,
IiIilililI(2).class,rustme/IiIilililI,java/lang/Object,,0,5,262,,,
IiIililliI(5).class,rustme/IiIililliI,java/lang/Object,,1,1,1063,Kotlin internals,,
IiIillIIiI(37).class,rustme/IiIillIIiI,java/lang/Object,,0,0,220,,,
IiIillIiII(66).class,rustme/IiIillIiII,java/lang/Object,,0,1,173,,,
IiIillIiiI(5).class,rustme/IiIillIiiI,rustme/IillilIiiI,,2,0,871,,,
IiIillIlII(42).class,rustme/IiIillIlII,java/lang/Object,,0,1,174,,,
IiIillIliI(21).class,rustme/IiIillIliI,java/lang/Object,rustme/lIIillIliI,14,1,3726,Kotlin internals,,
IiIilliIII(74).class,rustme/IiIilliIII,java/lang/Object,,0,6,278,,,
IiIilliIiI(21).class,rustme/IiIilliIiI,rustme/IIlIIliIiI,,17,5,9712,,,
IiIilliiII(53).class,rustme/IiIilliiII,java/lang/Object,kotlin/jvm/functions/Function1,5,1,2866,Kotlin internals,,
IiIilliilI(2).class,rustme/IiIilliilI,java/lang/Object,,0,1,174,,,
IiIilliliI(5).class,rustme/IiIilliliI,rustme/lIlilliliI,,5,4,4224,Kotlin internals,,
IiIilllIII(42).class,rustme/IiIilllIII,java/lang/Object,,0,1,174,,,
IiIilllIiI(21).class,rustme/IiIilllIiI,java/lang/Object,rustme/illilllIiI;rustme/IIlilllIiI,5,3,1239,,,
IiIillliiI(5).class,rustme/IiIillliiI,java/lang/Object,,47,32,19568,,,
IiIilllliI(5).class,rustme/IiIilllliI,java/lang/Object,kotlin/jvm/functions/Function1,5,1,1880,Kotlin internals,,
IiIlIIIIiI(61).class,rustme/IiIlIIIIiI,rustme/lilIIIIIiI,,14,1,3413,,,
IiIlIIIiII(122).class,rustme/IiIlIIIiII,java/lang/Object,,0,6,278,,,
IiIlIIIlII(94).class,rustme/IiIlIIIlII,java/lang/Object,,0,1,174,,,
IiIlIIIliI(61).class,rustme/IiIlIIIliI,java/lang/Object,kotlin/jvm/functions/Function1,4,1,2488,Kotlin internals,,
IiIlIIiIII(138).class,rustme/IiIlIIiIII,java/lang/Object,,0,467,9959,,,
IiIlIIiIiI(29).class,rustme/IiIlIIiIiI,rustme/IliiIIiIiI,,3,0,628,,,
IiIlIIiiII(93).class,rustme/IiIlIIiiII,java/lang/Object,,47,44,44570,Kotlin internals,,
IiIlIIiilI(14).class,rustme/IiIlIIiilI,java/lang/Object,,0,1,174,,,
IiIlIIiliI(29).class,rustme/IiIlIIiliI,java/lang/Object,,21,17,5373,Kotlin internals,,
IiIlIIlIII(94).class,rustme/IiIlIIlIII,java/lang/Object,,0,2,194,,,
IiIlIIlIiI(61).class,rustme/IiIlIIlIiI,rustme/iIIlIIlIiI,,7,0,2215,,,
IiIlIIliiI(29).class,rustme/IiIlIIliiI,java/lang/Object,,0,0,220,,,
IiIlIIlliI(29).class,rustme/IiIlIIlliI,java/lang/Object,kotlin/jvm/functions/Function1,5,1,1468,Kotlin internals,,
IiIlIiIIII(146).class,rustme/IiIlIiIIII,java/lang/Object,,0,1,173,,,
IiIlIiIIiI(45).class,rustme/IiIlIiIIiI,rustme/iilIlIiIiI,,2,0,988,,,
IiIlIiIiII(109).class,rustme/IiIlIiIiII,java/lang/Object,kotlin/jvm/functions/Function1,5,1,3234,Kotlin internals,,
IiIlIiIilI(22).class,rustme/IiIlIiIilI,java/lang/Object,,0,1,174,,,
IiIlIiIliI(45).class,rustme/IiIlIiIliI,rustme/IliIIiIliI,,23,21,19234,Kotlin internals,,
IiIlIiiIiI(13).class,rustme/IiIlIiiIiI,java/lang/Enum,,6,4,1454,Rendering/shader,,
IiIlIiiiII(77).class,rustme/IiIlIiiiII,java/lang/Object,kotlin/jvm/functions/Function1,5,1,1769,Kotlin internals,,
IiIlIiilII(70).class,rustme/IiIlIiilII,java/lang/Object,,0,1,174,,,
IiIlIiiliI(13).class,rustme/IiIlIiiliI,rustme/lIlIIiiliI,,10,8,6919,Kotlin internals,,
IiIlIilIiI(45).class,rustme/IiIlIilIiI,java/lang/Object,,42,0,13639,,,
IiIlIiliII(70).class,rustme/IiIlIiliII,java/lang/Object,,0,16,488,,,
IiIlIiliiI(13).class,rustme/IiIlIiliiI,rustme/llIlIiliiI,,2,2,1617,,,
IiIlIillII(38).class,rustme/IiIlIillII,java/lang/Object,,0,1,174,,,
IiIlIilliI(13).class,rustme/IiIlIilliI,java/lang/Object,,2,4,888,Kotlin internals,,
IiIlIlIIII(78).class,rustme/IiIlIlIIII,java/lang/Object,,0,1,173,,,
IiIlIlIIiI(37).class,rustme/IiIlIlIIiI,rustme/IlilIlIIiI,,17,1,7227,,,
IiIlIlIiiI(5).class,rustme/IiIlIlIiiI,java/lang/Object,,1,1,785,,,
IiIlIlIilI(14).class,rustme/IiIlIlIilI,java/lang/Object,,0,1,174,,,
IiIlIlIliI(29).class,rustme/IiIlIlIliI,java/lang/Object,java/lang/Comparable,28,5,4718,Kotlin internals,,
IiIlIliIiI(21).class,rustme/IiIlIliIiI,java/lang/Object,,1,1,642,,,
IiIlIliiII(53).class,rustme/IiIlIliiII,java/lang/Object,kotlin/jvm/functions/Function1,5,1,3351,Kotlin internals,,
IiIlIlilII(38).class,rustme/IiIlIlilII,java/lang/Object,,0,12,416,,,
IiIlIliliI(13).class,rustme/IiIlIliliI,java/lang/Object,,2,0,880,Kotlin internals,,
IiIlIllIiI(29).class,rustme/IiIlIllIiI,rustme/llIiIllIiI,,8,1,4343,,,
IiIlIlliII(38).class,rustme/IiIlIlliII,java/lang/Object,,0,7,299,,,
IiIlIlliiI(13).class,rustme/IiIlIlliiI,java/lang/Object,,1,1,793,,,
IiIlIlllII(22).class,rustme/IiIlIlllII,java/lang/Object,,0,1,174,,,
IiIlIllliI(13).class,rustme/IiIlIllliI,java/lang/Object,kotlin/jvm/functions/Function1,5,1,4229,Kotlin internals,,
IiIliIIIII(150).class,rustme/IiIliIIIII,java/lang/Object,,0,17,509,,,
IiIliIIIiI(53).class,rustme/IiIliIIIiI,rustme/llliiIIIiI,,3,0,4460,,,
IiIliIIiII(117).class,rustme/IiIliIIiII,java/lang/Object,kotlinx/serialization/KSerializer,8,1,3703,Kotlin internals,,
IiIliIIilI(26).class,rustme/IiIliIIilI,java/lang/Object,,0,1,174,,,
IiIliIIliI(53).class,rustme/IiIliIIliI,java/lang/Object,kotlin/jvm/functions/Function0,3,1,1986,Kotlin internals,,
IiIliIiIiI(21).class,rustme/IiIliIiIiI,java/lang/Object,,0,0,220,,,
IiIliIiiII(85).class,rustme/IiIliIiiII,java/lang/Object,kotlin/jvm/functions/Function1,5,1,3158,Kotlin internals,,
IiIliIilII(74).class,rustme/IiIliIilII,java/lang/Object,,0,3,218,,,
IiIliIiliI(21).class,rustme/IiIliIiliI,java/lang/Object,,2,0,745,Kotlin internals,,
IiIliIlIiI(53).class,rustme/IiIliIlIiI,java/lang/Object,,9,1,3349,,,
IiIliIliII(74).class,rustme/IiIliIliII,java/lang/Object,,0,1,173,,,
IiIliIliiI(21).class,rustme/IiIliIliiI,java/lang/Object,,1,2,510,,,
IiIliIllII(42).class,rustme/IiIliIllII,java/lang/Object,,0,1,174,,,
IiIliIlliI(21).class,rustme/IiIliIlliI,java/lang/Object,kotlin/jvm/functions/Function1,5,1,1468,Kotlin internals,,
IiIliiIIiI(37).class,rustme/IiIliiIIiI,rustme/liIliliIiI,,3,0,1099,,,
IiIliiIiII(101).class,rustme/IiIliiIiII,java/lang/Object,kotlin/jvm/functions/Function1,5,1,1898,Kotlin internals,,
IiIliiIlII(82).class,rustme/IiIliiIlII,java/lang/Object,,0,2,196,,,
IiIliiIliI(37).class,rustme/IiIliiIliI,java/lang/Object,,2,0,845,Kotlin internals,,
IiIliiiIII(126).class,rustme/IiIliiiIII,java/lang/Object,,0,1,173,,,
IiIliiiIiI(5).class,rustme/IiIliiiIiI,rustme/lIlIiiiIiI,,22,1,8571,,,
IiIliiiiII(69).class,rustme/IiIliiiiII,java/lang/Object,kotlin/jvm/functions/Function1,5,1,1463,Kotlin internals,,
IiIliiiilI(2).class,rustme/IiIliiiilI,java/lang/Object,,0,1,174,,,
IiIliiiliI(5).class,rustme/IiIliiiliI,java/lang/Object,rustme/IIIiiIiIiI,2,0,599,,,
IiIliilIII(82).class,rustme/IiIliilIII,java/lang/Object,,0,2,194,,,
IiIliilIiI(37).class,rustme/IiIliilIiI,java/lang/Object,rustme/IlIiIilIiI,5,1,1387,,,
IiIliiliiI(5).class,rustme/IiIliiliiI,java/lang/Enum,rustme/ililIilIiI,8,4,1771,,,
IiIliililI(2).class,rustme/IiIliililI,java/lang/Object,,0,1,174,,,
IiIliilliI(5).class,rustme/IiIliilliI,java/lang/Object,kotlin/jvm/functions/Function1,5,2,3787,Kotlin internals,,
IiIlilIIiI(29).class,rustme/IiIlilIIiI,java/lang/Object,rustme/llillIIIiI,7,1,1352,,,
IiIlilIiII(58).class,rustme/IiIlilIiII,java/lang/Object,,0,10,362,,,
IiIlilIlII(42).class,rustme/IiIlilIlII,java/lang/Object,,0,1,174,,,
IiIlilIliI(21).class,rustme/IiIlilIliI,rustme/iIililIliI,,8,2,3486,Kotlin internals,,
IiIliliIII(66).class,rustme/IiIliliIII,java/lang/Object,,0,4,236,,,
IiIliliIiI(13).class,rustme/IiIliliIiI,java/lang/Object,java/util/Comparator,3,1,1066,,,
IiIliliiII(45).class,rustme/IiIliliiII,java/lang/Object,,11,6,4825,Kotlin internals,,
IiIliliilI(2).class,rustme/IiIliliilI,java/lang/Object,,0,1,174,,,
IiIlililiI(5).class,rustme/IiIlililiI,java/lang/Object,kotlin/jvm/functions/Function0,3,1,1342,Kotlin internals,,
IiIlillIII(42).class,rustme/IiIlillIII,java/lang/Object,,0,1,173,,,
IiIlillIiI(21).class,rustme/IiIlillIiI,java/lang/Object,,30,32,17145,,,
IiIlilliiI(5).class,rustme/IiIlilliiI,java/lang/Object,com/google/gson/JsonDeserializer,6,0,3552,,,
IiIlillliI(5).class,rustme/IiIlillliI,java/lang/Object,kotlin/jvm/functions/Function1,5,1,2213,Kotlin internals,,
IiIllIIIII(74).class,rustme/IiIllIIIII,java/lang/Object,,0,118,2630,,,
IiIllIIIiI(29).class,rustme/IiIllIIIiI,java/lang/Object,java/lang/Runnable,2,2,901,,,
IiIllIIilI(14).class,rustme/IiIllIIilI,java/lang/Object,,0,1,174,,,
IiIllIIliI(29).class,rustme/IiIllIIliI,kotlin/jvm/internal/FunctionReferenceImpl,kotlin/jvm/functions/Function0,5,1,1274,Kotlin internals,,
IiIllIiIiI(13).class,rustme/IiIllIiIiI,rustme/IiillIiIiI,,8,0,1752,,,
IiIllIiiII(45).class,rustme/IiIllIiiII,java/lang/Object,kotlin/jvm/functions/Function1,5,1,1468,Kotlin internals,,
IiIllIilII(38).class,rustme/IiIllIilII,java/lang/Object,,0,2,196,,,
IiIllIiliI(13).class,rustme/IiIllIiliI,kotlin/coroutines/jvm/internal/SuspendLambda,kotlin/jvm/functions/Function3,6,3,5070,Kotlin internals,,
IiIllIlIiI(29).class,rustme/IiIllIlIiI,java/lang/Object,rustme/IiiIlIiIiI,5,1,1622,,,
IiIllIliII(38).class,rustme/IiIllIliII,java/lang/Object,,0,5,257,,,
IiIllIliiI(13).class,rustme/IiIllIliiI,java/lang/Object,rustme/iililIliiI,2,0,876,Particles,,
IiIllIllII(22).class,rustme/IiIllIllII,java/lang/Object,,0,1,174,,,
IiIllIlliI(13).class,rustme/IiIllIlliI,java/lang/Object,kotlin/jvm/functions/Function1,5,1,2507,Kotlin internals,,
IiIlliIIiI(21).class,rustme/IiIlliIIiI,java/lang/Object,,0,0,220,,,
IiIlliIiII(53).class,rustme/IiIlliIiII,java/lang/Object,rustme/lIIlIiIiII,8,1,3046,Kotlin internals,,
IiIlliIlII(42).class,rustme/IiIlliIlII,java/lang/Object,,0,3,218,,,
IiIlliIliI(21).class,rustme/IiIlliIliI,java/lang/Object,,1,1,863,Kotlin internals,,
IiIlliiIII(62).class,rustme/IiIlliiIII,java/lang/Object,,0,5,257,,,
IiIlliiIiI(5).class,rustme/IiIlliiIiI,java/lang/Object,rustme/lIIiiIiIiI,14,2,4452,,,
IiIlliiiII(37).class,rustme/IiIlliiiII,java/lang/Object,kotlin/jvm/functions/Function1,5,1,1466,Kotlin internals,,
IiIlliiilI(2).class,rustme/IiIlliiilI,java/lang/Object,,0,1,174,,,
IiIlliiliI(5).class,rustme/IiIlliiliI,rustme/lilliiiliI,,5,2,1636,Kotlin internals,,
IiIllilIII(42).class,rustme/IiIllilIII,java/lang/Object,,0,2,194,,,
IiIllilIiI(21).class,rustme/IiIllilIiI,java/lang/Enum,,6,6,1636,,,
IiIlliliiI(5).class,rustme/IiIlliliiI,java/lang/Object,java/util/Comparator,3,0,1867,GUI/Screen,,
IiIllililI(2).class,rustme/IiIllililI,java/lang/Object,,0,2,196,,,
IiIllilliI(5).class,rustme/IiIllilliI,java/lang/Object,kotlin/jvm/functions/Function1,5,1,1468,Kotlin internals,,
IiIlllIIiI(21).class,rustme/IiIlllIIiI,rustme/IiilllIIiI,,6,0,2216,,,
IiIlllIiII(34).class,rustme/IiIlllIiII,java/lang/Object,,0,2,194,,,
IiIlllIiiI(5).class,rustme/IiIlllIiiI,rustme/IillilIiiI,,9,1,3119,,,
IiIlllIlII(22).class,rustme/IiIlllIlII,java/lang/Object,,0,1,174,,,
IiIlllIliI(13).class,rustme/IiIlllIliI,rustme/IlilIIIliI,,2,1,1352,Kotlin internals,,
IiIllliIII(38).class,rustme/IiIllliIII,java/lang/Object,,0,4,236,,,
IiIllliIiI(13).class,rustme/IiIllliIiI,rustme/lIIiIliIiI,,2,1,2823,,,
IiIllliiII(29).class,rustme/IiIllliiII,java/lang/Object,kotlin/jvm/functions/Function1,5,1,2823,Kotlin internals,,
IiIllliilI(2).class,rustme/IiIllliilI,java/lang/Object,,0,1,174,,,
IiIllliliI(5).class,rustme/IiIllliliI,java/lang/Object,kotlin/jvm/functions/Function1,5,1,1704,Kotlin internals,,
IiIllllIII(22).class,rustme/IiIllllIII,java/lang/Object,,0,1,174,,,
IiIllllIiI(13).class,rustme/IiIllllIiI,java/lang/Object,,6,3,3760,,,
IiIlllliiI(5).class,rustme/IiIlllliiI,java/lang/Object,rustme/lIllllliiI,6,1,2292,,,
IiIllllliI(5).class,rustme/IiIllllliI,java/lang/Object,kotlin/jvm/functions/Function1,5,1,1468,Kotlin internals,,
IiiIIIIIiI(121).class,rustme/IiiIIIIIiI,rustme/llliiIIIiI,,2,0,3256,,,
IiiIIIIiII(244).class,rustme/IiiIIIIiII,java/lang/Object,,0,1,173,,,
IiiIIIIlII(188).class,rustme/IiiIIIIlII,java/lang/Object,,0,1,174,,,
IiiIIIIliI(121).class,rustme/IiiIIIIliI,kotlin/properties/ObservableProperty,,4,1,3055,Kotlin internals,,
IiiIIIiIII(276).class,rustme/IiiIIIiIII,java/lang/Object,,0,1,173,,,
IiiIIIiIiI(57).class,rustme/IiiIIIiIiI,rustme/IIlliIiIiI,,8,0,1969,,,
IiiIIIiiII(185).class,rustme/IiiIIIiiII,java/lang/Object,kotlin/jvm/functions/Function1,5,1,1468,Kotlin internals,,
IiiIIIiilI(28).class,rustme/IiiIIIiilI,java/lang/Object,,0,1,174,,,
IiiIIIiliI(57).class,rustme/IiiIIIiliI,java/lang/Object,,5,7,8321,GUI/Screen;Texture;Kotlin internals,,
IiiIIIlIII(188).class,rustme/IiiIIIlIII,java/lang/Object,,0,2,194,,,
IiiIIIlIiI(121).class,rustme/IiiIIIlIiI,rustme/IIIiIIlIiI,,2,0,939,,,
IiiIIIliiI(57).class,rustme/IiiIIIliiI,java/lang/Enum,,6,5,1552,,,
IiiIIIlliI(57).class,rustme/IiiIIIlliI,java/lang/Object,kotlin/jvm/functions/Function1,5,1,1654,Kotlin internals,,
IiiIIiIIII(292).class,rustme/IiiIIiIIII,java/lang/Object,,0,1,173,,,
IiiIIiIIiI(89).class,rustme/IiiIIiIIiI,java/lang/Enum,,6,4,1458,,,
IiiIIiIiII(217).class,rustme/IiiIIiIiII,java/lang/Object,kotlin/jvm/functions/Function1,5,1,1476,Kotlin internals,,
IiiIIiIilI(44).class,rustme/IiiIIiIilI,java/lang/Object,,0,1,174,,,
IiiIIiIliI(89).class,rustme/IiiIIiIliI,kotlin/properties/ObservableProperty,,4,1,2257,Kotlin internals,,
IiiIIiiIiI(25).class,rustme/IiiIIiiIiI,java/lang/Object,,1,3,569,,,
IiiIIiiiII(153).class,rustme/IiiIIiiiII,java/lang/Object,kotlin/jvm/functions/Function1,5,1,1528,Kotlin internals,,
IiiIIiilII(140).class,rustme/IiiIIiilII,java/lang/Object,,0,4,240,,,
IiiIIiiliI(25).class,rustme/IiiIIiiliI,rustme/iIiIIiiliI,,1,0,518,,,
IiiIIilIiI(89).class,rustme/IiiIIilIiI,java/lang/Object,com/google/common/base/Predicate,3,0,951,,,
IiiIIiliII(140).class,rustme/IiiIIiliII,java/lang/Object,,0,1,173,,,
IiiIIiliiI(25).class,rustme/IiiIIiliiI,rustme/llliIiliiI,,4,0,624,,,
IiiIIillII(76).class,rustme/IiiIIillII,java/lang/Object,,0,1,174,,,
IiiIIilliI(25).class,rustme/IiiIIilliI,java/lang/Object,,2,0,806,Kotlin internals,,
IiiIIlIIII(156).class,rustme/IiiIIlIIII,java/lang/Object,,0,1,173,,,
IiiIIlIIiI(73).class,rustme/IiiIIlIIiI,java/lang/Object,rustme/llillIIIiI,9,3,1727,,,
IiiIIlIiiI(9).class,rustme/IiiIIlIiiI,rustme/lIIillIiiI,rustme/iIliIiliiI,24,5,8721,,,
IiiIIlIilI(28).class,rustme/IiiIIlIilI,java/lang/Object,,0,1,174,,,
IiiIIlIliI(57).class,rustme/IiiIIlIliI,rustme/liiIIlIliI,,9,1,2431,Kotlin internals,,
IiiIIliIiI(41).class,rustme/IiiIIliIiI,java/lang/Object,,6,4,2760,,,
IiiIIliiII(105).class,rustme/IiiIIliiII,java/lang/Object,kotlin/jvm/functions/Function1,5,1,3551,Kotlin internals,,
IiiIIlilII(76).class,rustme/IiiIIlilII,java/lang/Object,,0,2,196,,,
IiiIIliliI(25).class,rustme/IiiIIliliI,kotlin/coroutines/jvm/internal/SuspendLambda,kotlin/jvm/functions/Function2,7,7,4516,Kotlin internals,,
IiiIIllIiI(57).class,rustme/IiiIIllIiI,rustme/llIiIllIiI,,7,0,2217,,,
IiiIIlliII(76).class,rustme/IiiIIlliII,java/lang/Object,,0,4,236,,,
IiiIIlliiI(25).class,rustme/IiiIIlliiI,java/lang/Object,it/unimi/dsi/fastutil/objects/Object2ObjectMap$Entry;java/util/Map$Entry,8,2,2548,,,
IiiIIlllII(44).class,rustme/IiiIIlllII,java/lang/Object,,0,1,174,,,
IiiIIllliI(25).class,rustme/IiiIIllliI,java/lang/Object,kotlin/jvm/functions/Function1,5,1,1469,Kotlin internals,,
IiiIiIIIII(300).class,rustme/IiiIiIIIII,java/lang/Object,,0,3,215,,,
IiiIiIIIiI(105).class,rustme/IiiIiIIIiI,rustme/iIIiIIIIiI,,4,0,922,,,
IiiIiIIiII(233).class,rustme/IiiIiIIiII,java/lang/Object,,15,1,6289,Kotlin internals,,
IiiIiIIilI(52).class,rustme/IiiIiIIilI,java/lang/Object,,0,1,174,,,
IiiIiIIliI(105).class,rustme/IiiIiIIliI,rustme/IliIIiIliI,,8,7,6920,Kotlin internals,,
IiiIiIiIiI(41).class,rustme/IiiIiIiIiI,rustme/IlliiIiIiI,,13,3,3647,,,
IiiIiIiiII(169).class,rustme/IiiIiIiiII,java/lang/Object,kotlin/jvm/functions/Function1,5,1,1541,Kotlin internals,,
IiiIiIilII(148).class,rustme/IiiIiIilII,java/lang/Object,,0,2,196,,,
IiiIiIiliI(41).class,rustme/IiiIiIiliI,rustme/illIiIiliI,,18,9,10805,Kotlin internals,,
IiiIiIlIiI(105).class,rustme/IiiIiIlIiI,java/lang/Object,,0,0,220,,,
IiiIiIliII(148).class,rustme/IiiIiIliII,java/lang/Object,,0,1,173,,,
IiiIiIliiI(41).class,rustme/IiiIiIliiI,rustme/IlIlliliiI,,10,4,4691,GUI/Screen,,
IiiIiIllII(84).class,rustme/IiiIiIllII,java/lang/Object,,0,1,174,,,
IiiIiIlliI(41).class,rustme/IiiIiIlliI,java/lang/Object,kotlin/jvm/functions/Function1,5,1,3069,Kotlin internals,,
IiiIiiIIiI(73).class,rustme/IiiIiiIIiI,java/lang/Object,rustme/iillIliIiI,2,1,864,,,
IiiIiiIiII(201).class,rustme/IiiIiiIiII,java/lang/Object,kotlin/jvm/functions/Function1,5,1,3396,Kotlin internals,,
IiiIiiIlII(164).class,rustme/IiiIiiIlII,java/lang/Object,,0,1,174,,,
IiiIiiIliI(73).class,rustme/IiiIiiIliI,java/lang/Object,kotlin/jvm/functions/Function0,5,1,1573,Kotlin internals,,
IiiIiiiIII(252).class,rustme/IiiIiiiIII,java/lang/Object,,0,10,362,,,
IiiIiiiIiI(9).class,rustme/IiiIiiiIiI,rustme/lliiiiiIiI,,3,0,1112,,,
IiiIiiiiII(137).class,rustme/IiiIiiiiII,java/lang/Object,kotlin/jvm/functions/Function1,5,1,1899,Kotlin internals,,
IiiIiiiilI(4).class,rustme/IiiIiiiilI,java/lang/Object,,0,1,174,,,
IiiIiiiliI(9).class,rustme/IiiIiiiliI,java/lang/Object,,1,3,445,,,
IiiIiilIII(164).class,rustme/IiiIiilIII,java/lang/Object,,0,1,173,,,
IiiIiilIiI(73).class,rustme/IiiIiilIiI,rustme/iIiIiilIiI,rustme/lIlIliIIiI;rustme/iiIlIilIiI,39,9,11820,,,
IiiIiiliiI(9).class,rustme/IiiIiiliiI,rustme/IillilIiiI,,20,2,6668,,,
IiiIiililI(4).class,rustme/IiiIiililI,java/lang/Object,,0,1,174,,,
IiiIiilliI(9).class,rustme/IiiIiilliI,java/lang/Object,,6,7,6247,Kotlin internals,,
IiiIilIIiI(57).class,rustme/IiiIilIIiI,java/lang/Object,rustme/llillIIIiI,5,0,982,,,
IiiIilIiII(116).class,rustme/IiiIilIiII,java/lang/Object,,0,1,173,,,
IiiIilIlII(84).class,rustme/IiiIilIlII,java/lang/Object,,0,1,174,,,
IiiIilIliI(41).class,rustme/IiiIilIliI,java/lang/Object,kotlin/jvm/functions/Function1,5,2,3773,Kotlin internals;Sounds,,
IiiIiliIII(132).class,rustme/IiiIiliIII,java/lang/Object,,0,7,299,,,
IiiIiliIiI(25).class,rustme/IiiIiliIiI,rustme/iliIiliIiI,,8,11,3888,,,
IiiIiliiII(89).class,rustme/IiiIiliiII,java/lang/Object,kotlin/jvm/functions/Function1,5,1,1880,Kotlin internals,,
IiiIiliilI(4).class,rustme/IiiIiliilI,java/lang/Object,,0,1,174,,,
IiiIililiI(9).class,rustme/IiiIililiI,rustme/llIiIliliI,,10,12,12386,Kotlin internals;Scoreboard,,
IiiIillIII(84).class,rustme/IiiIillIII,java/lang/Object,,0,1,173,,,
IiiIillIiI(41).class,rustme/IiiIillIiI,java/lang/Object,rustme/iliIillIiI,3,0,867,,,
IiiIilliiI(9).class,rustme/IiiIilliiI,java/lang/Object,rustme/iililIliiI,2,0,715,Particles,,
IiiIillliI(9).class,rustme/IiiIillliI,java/lang/Object,kotlin/jvm/functions/Function1,5,1,1468,Kotlin internals,,
IiiIlIIIII(148).class,rustme/IiiIlIIIII,java/lang/Object,,0,7,299,,,
IiiIlIIIiI(57).class,rustme/IiiIlIIIiI,java/lang/Object,rustme/llillIIIiI,7,1,1343,,,
IiiIlIIilI(28).class,rustme/IiiIlIIilI,java/lang/Object,,0,1,174,,,
IiiIlIIliI(57).class,rustme/IiiIlIIliI,kotlin/coroutines/jvm/internal/SuspendLambda,kotlin/jvm/functions/Function2,8,6,6616,Kotlin internals,,
IiiIlIiIiI(25).class,rustme/IiiIlIiIiI,java/lang/Object,java/util/concurrent/Callable,0,0,267,,,
IiiIlIiiII(89).class,rustme/IiiIlIiiII,java/lang/Object,kotlin/jvm/functions/Function1,5,1,1751,Kotlin internals,,
IiiIlIilII(76).class,rustme/IiiIlIilII,java/lang/Object,,0,1,174,,,
IiiIlIiliI(25).class,rustme/IiiIlIiliI,java/lang/Object,rustme/IIiIlIiliI,8,2,3881,Kotlin internals,,
IiiIlIlIiI(57).class,rustme/IiiIlIlIiI,java/lang/Object,com/google/gson/JsonDeserializer;com/google/gson/JsonSerializer,7,0,3877,,,
IiiIlIliII(76).class,rustme/IiiIlIliII,java/lang/Object,,0,1,173,,,
IiiIlIliiI(25).class,rustme/IiiIlIliiI,rustme/lililIliiI,,2,0,1926,Particles,,
IiiIlIllII(44).class,rustme/IiiIlIllII,java/lang/Object,,0,1,174,,,
IiiIlIlliI(25).class,rustme/IiiIlIlliI,java/lang/Object,kotlin/jvm/functions/Function1,5,1,2836,Kotlin internals,,
IiiIliIIiI(41).class,rustme/IiiIliIIiI,rustme/IlIIliIIiI,,2,0,535,,,
IiiIliIiII(105).class,rustme/IiiIliIiII,rustme/iIllIiIiII,,3,0,1537,Kotlin internals,,
IiiIliIlII(84).class,rustme/IiiIliIlII,java/lang/Object,,0,220,4992,,,
IiiIliIliI(41).class,rustme/IiiIliIliI,rustme/llIliiIliI,,20,39,18097,Kotlin internals,,
IiiIliiIII(124).class,rustme/IiiIliiIII,java/lang/Object,,0,9,341,,,
IiiIliiIiI(9).class,rustme/IiiIliiIiI,java/lang/Object,,26,7,8204,,,
IiiIliiiII(73).class,rustme/IiiIliiiII,java/lang/Object,kotlin/jvm/functions/Function1,5,1,2614,Kotlin internals,,
IiiIliiilI(4).class,rustme/IiiIliiilI,java/lang/Object,,0,1,174,,,
IiiIliiliI(9).class,rustme/IiiIliiliI,rustme/IIiIliiliI,,4,0,2233,Container/Slot;Kotlin internals,,
IiiIlilIII(84).class,rustme/IiiIlilIII,java/lang/Object,,0,2,194,,,
IiiIlilIiI(41).class,rustme/IiiIlilIiI,java/lang/Object,,7,4,5115,,,
IiiIliliiI(9).class,rustme/IiiIliliiI,java/lang/Object,,1,1,692,GUI/Screen,,
IiiIlililI(4).class,rustme/IiiIlililI,java/lang/Object,,0,2,196,,,
IiiIlilliI(9).class,rustme/IiiIlilliI,java/lang/Object,rustme/IiIIlilliI,2,0,1198,Kotlin internals,,
IiiIllIIiI(41).class,rustme/IiiIllIIiI,java/lang/Object,rustme/IiiIlIiIiI,5,1,2060,,,
IiiIllIiII(68).class,rustme/IiiIllIiII,java/lang/Object,,0,11,383,,,
IiiIllIiiI(9).class,rustme/IiiIllIiiI,rustme/IillilIiiI,,37,1,13698,Block,,
IiiIllIlII(44).class,rustme/IiiIllIlII,java/lang/Object,,0,1,174,,,
IiiIllIliI(25).class,rustme/IiiIllIliI,java/lang/Object,,3,0,4582,Kotlin internals,,
IiiIlliIII(76).class,rustme/IiiIlliIII,java/lang/Object,,0,23,635,,,
IiiIlliIiI(25).class,rustme/IiiIlliIiI,java/lang/Enum,,6,33,5702,,,
IiiIlliiII(57).class,rustme/IiiIlliiII,java/lang/Object,kotlin/jvm/functions/Function1,5,1,1495,Kotlin internals,,
IiiIlliilI(4).class,rustme/IiiIlliilI,java/lang/Object,,0,1,174,,,
IiiIlliliI(9).class,rustme/IiiIlliliI,rustme/lIlilliliI,,18,8,13185,Kotlin internals,,
IiiIlllIII(44).class,rustme/IiiIlllIII,java/lang/Object,,0,5,262,,,
IiiIlllIiI(25).class,rustme/IiiIlllIiI,java/lang/Object,rustme/lllilllIiI,14,5,2817,,,
IiiIllliiI(9).class,rustme/IiiIllliiI,java/lang/Object,,5,1,3979,,,
IiiIlllliI(9).class,rustme/IiiIlllliI,java/lang/Object,kotlin/jvm/functions/Function1,5,1,1898,Kotlin internals,,
IiiiIIIIII(304).class,rustme/IiiiIIIIII,java/lang/Object,,0,1,173,,,
IiiiIIIIiI(113).class,rustme/IiiiIIIIiI,rustme/llliiIIIiI,,3,0,2498,,,
IiiiIIIilI(56).class,rustme/IiiiIIIilI,java/lang/Object,,0,1,174,,,
IiiiIIIliI(113).class,rustme/IiiiIIIliI,kotlin/properties/ObservableProperty,,4,1,2295,Kotlin internals,,
IiiiIIiIiI(49).class,rustme/IiiiIIiIiI,rustme/IIlliIiIiI,,12,3,9431,,,
IiiiIIiiII(177).class,rustme/IiiiIIiiII,java/lang/Object,kotlin/jvm/functions/Function1,5,1,2023,Kotlin internals,,
IiiiIIilII(152).class,rustme/IiiiIIilII,java/lang/Object,,0,3,218,,,
IiiiIIiliI(49).class,rustme/IiiiIIiliI,rustme/lIlliIiliI,,5,2,5914,Kotlin internals,,
IiiiIIlIiI(113).class,rustme/IiiiIIlIiI,java/lang/Enum,,6,5,1567,,,
IiiiIIliII(152).class,rustme/IiiiIIliII,java/lang/Object,,0,1,173,,,
IiiiIIliiI(49).class,rustme/IiiiIIliiI,rustme/lIlliIliiI,rustme/IilliIliiI,5,4,3266,,,
IiiiIIllII(88).class,rustme/IiiiIIllII,java/lang/Object,,0,1,174,,,
IiiiIIlliI(49).class,rustme/IiiiIIlliI,java/lang/Object,kotlin/jvm/functions/Function1,5,1,2941,Kotlin internals,,
IiiiIiIIiI(81).class,rustme/IiiiIiIIiI,rustme/IIIiliIIiI,,3,0,771,,,
IiiiIiIiII(209).class,rustme/IiiiIiIiII,java/lang/Object,kotlin/jvm/functions/Function1,5,1,2680,Kotlin internals,,
IiiiIiIlII(168).class,rustme/IiiiIiIlII,java/lang/Object,,0,3,218,,,
IiiiIiIliI(81).class,rustme/IiiiIiIliI,java/lang/Object,,0,0,716,Kotlin internals,,
IiiiIiiIII(256).class,rustme/IiiiIiiIII,java/lang/Object,,0,1,173,,,
IiiiIiiIiI(17).class,rustme/IiiiIiiIiI,rustme/iIlliiiIiI,,6,1,1368,Texture,,
IiiiIiiiII(145).class,rustme/IiiiIiiiII,java/lang/Object,kotlin/jvm/functions/Function1,5,1,1463,Kotlin internals,,
IiiiIiiilI(8).class,rustme/IiiiIiiilI,java/lang/Object,,0,1,174,,,
IiiiIiiliI(17).class,rustme/IiiiIiiliI,rustme/iIiiIiiliI,,1,0,522,GUI/Screen,,
IiiiIilIII(168).class,rustme/IiiiIilIII,java/lang/Object,,0,4,236,,,
IiiiIilIiI(81).class,rustme/IiiiIilIiI,java/lang/Object,rustme/IlIiIilIiI,5,1,3227,,,
IiiiIiliiI(17).class,rustme/IiiiIiliiI,java/lang/Object,,1,1,833,,,
IiiiIililI(8).class,rustme/IiiiIililI,java/lang/Object,,0,1,174,,,
IiiiIilliI(17).class,rustme/IiiiIilliI,java/lang/Object,rustme/iIiiIilliI,10,2,2369,Kotlin internals,,
IiiiIlIIiI(65).class,rustme/IiiiIlIIiI,java/lang/Object,rustme/llillIIIiI,8,2,1973,,,
IiiiIlIiII(120).class,rustme/IiiiIlIiII,java/lang/Object,,0,21,593,,,
IiiiIlIiiI(1).class,rustme/IiiiIlIiiI,rustme/IillilIiiI,,29,3,6175,,,
IiiiIlIlII(88).class,rustme/IiiiIlIlII,java/lang/Object,,0,4,240,,,
IiiiIlIliI(49).class,rustme/IiiiIlIliI,java/lang/Object,,18,3,3073,Kotlin internals,,
IiiiIliIII(136).class,rustme/IiiiIliIII,java/lang/Object,,0,1,173,,,
IiiiIliIiI(33).class,rustme/IiiiIliIiI,rustme/iliIiliIiI,,11,12,3977,,,
IiiiIliiII(97).class,rustme/IiiiIliiII,java/lang/Object,kotlin/jvm/functions/Function1,5,1,2855,Kotlin internals,,
IiiiIliilI(8).class,rustme/IiiiIliilI,java/lang/Object,,0,1,174,,,
IiiiIliliI(17).class,rustme/IiiiIliliI,java/lang/Object,,2,0,798,Kotlin internals,,
IiiiIllIII(88).class,rustme/IiiiIllIII,java/lang/Object,,0,2,194,,,
IiiiIllIiI(49).class,rustme/IiiiIllIiI,java/lang/Object,rustme/llllillIiI,8,6,3584,,,
IiiiIlliiI(17).class,rustme/IiiiIlliiI,java/lang/Enum,rustme/lIIiillIiI;rustme/ilIiillIiI,15,22,6231,,,
IiiiIllliI(17).class,rustme/IiiiIllliI,java/lang/Object,kotlin/jvm/functions/Function1,5,1,1441,Kotlin internals,,
IiiiiIIIiI(97).class,rustme/IiiiiIIIiI,java/lang/Enum,rustme/ililIilIiI,16,26,6336,,,
IiiiiIIiII(225).class,rustme/IiiiiIIiII,java/lang/Object,rustme/lIIlIiIiII,1,0,615,Kotlin internals,,
IiiiiIIlII(176).class,rustme/IiiiiIIlII,java/lang/Object,,0,2,196,,,
IiiiiIIliI(97).class,rustme/IiiiiIIliI,java/lang/Object,,6,3,2193,Kotlin internals,,
IiiiiIiIII(264).class,rustme/IiiiiIiIII,java/lang/Object,,0,3,215,,,
IiiiiIiIiI(33).class,rustme/IiiiiIiIiI,java/lang/Object,,7,2,1491,Texture,,
IiiiiIiiII(161).class,rustme/IiiiiIiiII,java/lang/Object,kotlin/jvm/functions/Function1,5,1,1482,Kotlin internals,,
IiiiiIiilI(16).class,rustme/IiiiiIiilI,java/lang/Object,,0,1,174,,,
IiiiiIiliI(33).class,rustme/IiiiiIiliI,rustme/lilliiiliI,,1,0,532,Kotlin internals,,
IiiiiIlIII(176).class,rustme/IiiiiIlIII,java/lang/Object,,0,9,341,,,
IiiiiIlIiI(97).class,rustme/IiiiiIlIiI,java/lang/Object,rustme/liiiiIlIiI,2,0,669,World gen,,
IiiiiIliiI(33).class,rustme/IiiiiIliiI,java/lang/Object,,1,0,251,GUI/Screen,,
IiiiiIlilI(16).class,rustme/IiiiiIlilI,java/lang/Object,,0,3,218,,,
IiiiiIlliI(33).class,rustme/IiiiiIlliI,java/lang/Object,kotlin/jvm/functions/Function1,5,1,1560,Kotlin internals,,
IiiiiiIIII(280).class,rustme/IiiiiiIIII,java/lang/Object,,0,33,845,,,
IiiiiiIIiI(65).class,rustme/IiiiiiIIiI,java/lang/Object,rustme/iillIliIiI,1,1,414,,,
IiiiiiIiII(193).class,rustme/IiiiiiIiII,java/lang/Object,kotlin/jvm/functions/Function1,5,1,1506,Kotlin internals,,
IiiiiiIilI(32).class,rustme/IiiiiiIilI,java/lang/Object,,0,1,174,,,
IiiiiiIliI(65).class,rustme/IiiiiiIliI,java/lang/Object,,11,0,3241,Kotlin internals,,
IiiiiiiIiI(1).class,rustme/IiiiiiiIiI,java/lang/Object,rustme/lIllllliiI,6,2,3053,Texture,,
IiiiiiiiII(129).class,rustme/IiiiiiiiII,java/lang/Object,kotlin/jvm/functions/Function1,5,1,1440,Kotlin internals,,
IiiiiiilII(128).class,rustme/IiiiiiilII,java/lang/Object,,0,1,174,,,
IiiiiiiliI(1).class,rustme/IiiiiiiliI,java/lang/Object,,3,2,952,,,
IiiiiilIiI(65).class,rustme/IiiiiilIiI,java/lang/Object,rustme/ililIIiIiI,25,9,7905,,,
IiiiiiliII(128).class,rustme/IiiiiiliII,java/lang/Object,,0,1,173,,,
IiiiiiliiI(1).class,rustme/IiiiiiliiI,rustme/IillilIiiI,,12,1,4597,,,
IiiiiillII(64).class,rustme/IiiiiillII,java/lang/Object,,0,7,306,,,
IiiiiilliI(1).class,rustme/IiiiiilliI,java/lang/Object,,4,0,4018,Kotlin internals,,
IiiiilIIII(144).class,rustme/IiiiilIIII,java/lang/Object,,0,1,173,,,
IiiiilIIiI(49).class,rustme/IiiiilIIiI,java/lang/Object,rustme/llillIIIiI,7,1,1346,,,
IiiiilIilI(16).class,rustme/IiiiilIilI,java/lang/Object,,0,1,174,,,
IiiiilIliI(33).class,rustme/IiiiilIliI,java/lang/Object,kotlin/jvm/functions/Function1,5,2,3808,Kotlin internals,,
IiiiiliIiI(17).class,rustme/IiiiiliIiI,rustme/IiillIiIiI,,7,0,1386,,,
IiiiiliiII(81).class,rustme/IiiiiliiII,java/lang/Object,kotlin/jvm/functions/Function1,5,1,1620,Kotlin internals,,
IiiiililII(64).class,rustme/IiiiililII,java/lang/Object,,0,2,196,,,
IiiiililiI(1).class,rustme/IiiiililiI,java/lang/Object,,21,0,6299,Kotlin internals,,
IiiiillIiI(33).class,rustme/IiiiillIiI,rustme/illllIlIiI,,3,0,693,,,
IiiiilliII(64).class,rustme/IiiiilliII,java/lang/Object,,0,1,173,,,
IiiiilliiI(1).class,rustme/IiiiilliiI,rustme/lililIliiI,,2,0,2698,Particles,,
IiiiilllII(32).class,rustme/IiiiilllII,java/lang/Object,,0,1,174,,,
IiiiillliI(1).class,rustme/IiiiillliI,java/lang/Object,kotlin/jvm/functions/Function1,5,1,3234,Kotlin internals,,
IiiilIIIiI(49).class,rustme/IiiilIIIiI,java/lang/Object,rustme/IlIlIIIIiI,8,0,2825,,,
IiiilIIiII(112).class,rustme/IiiilIIiII,java/lang/Object,,0,2,194,,,
IiiilIIlII(88).class,rustme/IiiilIIlII,java/lang/Object,,0,1,174,,,
IiiilIIliI(49).class,rustme/IiiilIIliI,rustme/IililIIliI,,2,0,1555,Kotlin internals,,
IiiilIiIII(128).class,rustme/IiiilIiIII,java/lang/Object,,0,1,173,,,
IiiilIiIiI(17).class,rustme/IiiilIiIiI,rustme/IIlliIiIiI,,8,0,5499,,,
IiiilIiiII(81).class,rustme/IiiilIiiII,java/lang/Object,kotlin/jvm/functions/Function1,5,1,1474,Kotlin internals,,
IiiilIiilI(8).class,rustme/IiiilIiilI,java/lang/Object,,0,1,174,,,
IiiilIiliI(17).class,rustme/IiiilIiliI,java/lang/Object,,2,0,1410,Kotlin internals;Sounds,,
IiiilIlIII(88).class,rustme/IiiilIlIII,java/lang/Object,,0,1,173,,,
IiiilIlIiI(49).class,rustme/IiiilIlIiI,java/lang/Object,,5,2,3230,,,
IiiilIliiI(17).class,rustme/IiiilIliiI,java/lang/Object,rustme/lIlilIIIiI,9,5,6123,,,
IiiilIlliI(17).class,rustme/IiiilIlliI,java/lang/Object,kotlin/jvm/functions/Function1,5,1,1973,Kotlin internals,,
IiiiliIIII(136).class,rustme/IiiiliIIII,java/lang/Object,,0,2,194,,,
IiiiliIIiI(33).class,rustme/IiiiliIIiI,java/lang/Object,rustme/lilIlIiIiI,2,0,744,,,
IiiiliIiII(97).class,rustme/IiiiliIiII,java/lang/Object,rustme/lIIlIiIiII,5,1,1824,Kotlin internals,,
IiiiliIilI(16).class,rustme/IiiiliIilI,java/lang/Object,,0,1,174,,,
IiiiliIliI(33).class,rustme/IiiiliIliI,rustme/llIliiIliI,,20,15,9466,GUI/Screen;Kotlin internals,,
IiiiliiIiI(1).class,rustme/IiiiliiIiI,java/lang/Object,rustme/lIilIiiIiI,4,0,1090,,,
IiiiliiiII(65).class,rustme/IiiiliiiII,java/lang/Object,kotlin/jvm/functions/Function1,5,1,1769,Kotlin internals,,
IiiiliilII(64).class,rustme/IiiiliilII,java/lang/Object,,0,2,196,,,
IiiiliiliI(1).class,rustme/IiiiliiliI,rustme/liiiliiliI,,3,0,1458,Kotlin internals,,
IiiililIiI(33).class,rustme/IiiililIiI,java/lang/Object,,12,3,2308,,,
IiiililiII(64).class,rustme/IiiililiII,java/lang/Object,,0,5,257,,,
IiiililiiI(1).class,rustme/IiiililiiI,java/lang/Object,java/lang/reflect/ParameterizedType,4,0,842,,,
IiiilillII(32).class,rustme/IiiilillII,java/lang/Object,,0,1,174,,,
IiiililliI(1).class,rustme/IiiililliI,java/lang/Object,,2,0,974,Kotlin internals,,
IiiillIIII(80).class,rustme/IiiillIIII,java/lang/Object,,0,5,257,,,
IiiillIIiI(33).class,rustme/IiiillIIiI,java/lang/Object,,17,0,10261,,,
IiiillIiiI(1).class,rustme/IiiillIiiI,rustme/lIIillIiiI,,8,0,3684,,,
IiiillIilI(8).class,rustme/IiiillIilI,java/lang/Object,,0,1,174,,,
IiiillIliI(17).class,rustme/IiiillIliI,java/lang/Object,,3,0,1117,Kotlin internals,,
IiiilliIiI(17).class,rustme/IiiilliIiI,rustme/liIlIliIiI,,77,26,24448,,,
IiiilliiII(49).class,rustme/IiiilliiII,java/lang/Object,kotlin/jvm/functions/Function1,5,1,1974,Kotlin internals,,
IiiillilII(32).class,rustme/IiiillilII,java/lang/Object,,0,5,262,,,
IiiilliliI(1).class,rustme/IiiilliliI,java/lang/Object,kotlin/collections/Grouping,3,1,2084,Kotlin internals,,
IiiilllIiI(17).class,rustme/IiiilllIiI,rustme/llIiIllIiI,,7,0,2671,,,
IiiillliII(32).class,rustme/IiiillliII,java/lang/Object,,0,1,173,,,
IiiillliiI(1).class,rustme/IiiillliiI,java/lang/Object,java/lang/Runnable,2,1,902,,,
IiiillllII(16).class,rustme/IiiillllII,java/lang/Object,,0,1,174,,,
IiiilllliI(1).class,rustme/IiiilllliI,java/lang/Object,kotlin/jvm/functions/Function1,5,1,4261,Kotlin internals,,
IiilIIIIII(152).class,rustme/IiilIIIIII,java/lang/Object,,0,4,236,,,
IiilIIIIiI(57).class,rustme/IiilIIIIiI,java/lang/Object,rustme/IiiIlIiIiI,3,1,1062,NBT,,
IiilIIIilI(28).class,rustme/IiilIIIilI,java/lang/Object,,0,1,174,,,
IiilIIIliI(57).class,rustme/IiilIIIliI,rustme/IlilIIIliI,,18,14,8978,Kotlin internals,,
IiilIIiIiI(25).class,rustme/IiilIIiIiI,java/lang/Object,com/google/common/base/Predicate,3,2,1371,,,
IiilIIiiII(89).class,rustme/IiilIIiiII,java/lang/Object,kotlin/jvm/functions/Function1,5,1,5254,Kotlin internals,,
IiilIIilII(76).class,rustme/IiilIIilII,java/lang/Object,,0,48,1208,,,
IiilIIiliI(25).class,rustme/IiilIIiliI,java/lang/Object,,3,0,1158,Kotlin internals,,
IiilIIlIiI(57).class,rustme/IiilIIlIiI,rustme/liIllIlIiI,,45,1,4784,,,
IiilIIliII(76).class,rustme/IiilIIliII,java/lang/Object,,0,3,215,,,
IiilIIliiI(25).class,rustme/IiilIIliiI,rustme/lllliIliiI,,3,0,2572,,,
IiilIIllII(44).class,rustme/IiilIIllII,java/lang/Object,,0,1,174,,,
IiilIIlliI(25).class,rustme/IiilIIlliI,java/lang/Object,kotlin/jvm/functions/Function1,5,1,1468,Kotlin internals,,
IiilIiIIiI(41).class,rustme/IiilIiIIiI,rustme/lIIIIiIIiI,,11,1,2843,,,
IiilIiIiII(105).class,rustme/IiilIiIiII,java/lang/Object,kotlin/jvm/functions/Function1,5,1,1477,Kotlin internals,,
IiilIiIlII(84).class,rustme/IiilIiIlII,java/lang/Object,,0,2,196,,,
IiilIiIliI(41).class,rustme/IiilIiIliI,java/lang/Object,,2,0,1026,Kotlin internals,,
IiilIiiIII(128).class,rustme/IiilIiiIII,java/lang/Object,,0,5,257,,,
IiilIiiIiI(9).class,rustme/IiilIiiIiI,java/lang/Object,,150,28,26841,,,
IiilIiiiII(73).class,rustme/IiilIiiiII,java/lang/Object,kotlin/jvm/functions/Function1,5,1,1769,Kotlin internals,,
IiilIiiilI(4).class,rustme/IiilIiiilI,java/lang/Object,,0,1,174,,,
IiilIiiliI(9).class,rustme/IiilIiiliI,rustme/lIlIIiiliI,,13,2,6286,Kotlin internals,,
IiilIilIII(84).class,rustme/IiilIilIII,java/lang/Object,,0,12,404,,,
IiilIilIiI(41).class,rustme/IiilIilIiI,java/lang/Object,,6,4,1913,,,
IiilIiliiI(9).class,rustme/IiilIiliiI,java/lang/Object,com/google/common/base/Predicate,4,1,1134,,,
IiilIililI(4).class,rustme/IiilIililI,java/lang/Object,,0,5,262,,,
IiilIilliI(9).class,rustme/IiilIilliI,java/lang/Object,,2,2,823,Kotlin internals,,
IiilIlIIiI(33).class,rustme/IiilIlIIiI,rustme/IlIlIlIIiI,,11,0,7999,,,
IiilIlIiII(60).class,rustme/IiilIlIiII,java/lang/Object,,0,1,173,,,
IiilIlIiiI(1).class,rustme/IiilIlIiiI,rustme/iliIIlIiiI,,11,1,4481,,,
IiilIlIlII(44).class,rustme/IiilIlIlII,java/lang/Object,,0,1,174,,,
IiilIlIliI(25).class,rustme/IiilIlIliI,rustme/ilIIIlIliI,,4,1,3151,Kotlin internals,,
IiilIliIII(68).class,rustme/IiilIliIII,java/lang/Object,,0,1,173,,,
IiilIliIiI(17).class,rustme/IiilIliIiI,java/lang/Object,com/google/common/base/Predicate,3,0,922,,,
IiilIliiII(49).class,rustme/IiilIliiII,java/lang/Object,kotlin/jvm/functions/Function1,5,1,3174,Kotlin internals,,
IiilIliilI(4).class,rustme/IiilIliilI,java/lang/Object,,0,1,174,,,
IiilIliliI(9).class,rustme/IiilIliliI,rustme/iiIliiIliI,,223,157,104264,Kotlin internals,,
IiilIllIII(44).class,rustme/IiilIllIII,java/lang/Object,,0,7,306,,,
IiilIllIiI(25).class,rustme/IiilIllIiI,rustme/lllIIllIiI,,4,0,1133,,,
IiilIlliiI(9).class,rustme/IiilIlliiI,java/lang/Enum,,7,12,2502,,,
IiilIllliI(9).class,rustme/IiilIllliI,java/lang/Object,kotlin/jvm/functions/Function1,5,1,1899,Kotlin internals,,
IiiliIIIiI(49).class,rustme/IiiliIIIiI,rustme/llliiIIIiI,,3,0,831,,,
IiiliIIiII(113).class,rustme/IiiliIIiII,java/lang/Object,,15,11,5394,Kotlin internals;Sounds,,
IiiliIIlII(88).class,rustme/IiiliIIlII,java/lang/Object,,0,12,416,,,
IiiliIIliI(49).class,rustme/IiiliIIliI,rustme/ilIIiIIliI,,17,0,12994,Kotlin internals,,
IiiliIiIII(132).class,rustme/IiiliIiIII,java/lang/Object,,0,4,236,,,
IiiliIiIiI(17).class,rustme/IiiliIiIiI,java/lang/Object,,5,4,3573,,,
IiiliIiiII(81).class,rustme/IiiliIiiII,java/lang/Object,kotlin/jvm/functions/Function1,5,1,1898,Kotlin internals,,
IiiliIiilI(8).class,rustme/IiiliIiilI,java/lang/Object,,0,1,174,,,
IiiliIiliI(17).class,rustme/IiiliIiliI,java/lang/Object,,2,0,796,Kotlin internals,,
IiiliIlIII(88).class,rustme/IiiliIlIII,java/lang/Object,,0,1,173,,,
IiiliIlIiI(49).class,rustme/IiiliIlIiI,rustme/IllIlIlIiI,,6,0,2069,,,
IiiliIliiI(17).class,rustme/IiiliIliiI,java/lang/Object,rustme/illIiIliiI,5,2,1897,,,
IiiliIlilI(8).class,rustme/IiiliIlilI,java/lang/Object,,0,10,372,,,
IiiliIlliI(17).class,rustme/IiiliIlliI,java/lang/Object,kotlin/jvm/functions/Function1,5,1,1963,Kotlin internals,,
IiiliiIIII(140).class,rustme/IiiliiIIII,java/lang/Object,,0,8,320,,,
IiiliiIIiI(33).class,rustme/IiiliiIIiI,rustme/iiIlIliIiI,rustme/illiIiIIiI,2,0,502,,,
IiiliiIiII(97).class,rustme/IiiliiIiII,java/lang/Object,kotlin/jvm/functions/Function1,5,1,1620,Kotlin internals,,
IiiliiIilI(16).class,rustme/IiiliiIilI,java/lang/Object,,0,1,174,,,
IiiliiIliI(33).class,rustme/IiiliiIliI,rustme/IliIIiIliI,,4,1,7359,GUI/Screen;Texture;Kotlin internals,,
IiiliiiIiI(1).class,rustme/IiiliiiIiI,rustme/lliiiiiIiI,,8,2,5165,Texture,,
IiiliiiiII(65).class,rustme/IiiliiiiII,java/lang/Object,kotlin/jvm/functions/Function1,5,1,1836,Kotlin internals,,
IiiliiilII(64).class,rustme/IiiliiilII,java/lang/Object,,0,1,174,,,
IiiliiiliI(1).class,rustme/IiiliiiliI,java/lang/Enum,,6,5,1538,,,
IiiliilIiI(33).class,rustme/IiiliilIiI,java/lang/Object,,14,1,5956,,,
IiiliiliII(64).class,rustme/IiiliiliII,java/lang/Object,,0,4,236,,,
IiiliiliiI(1).class,rustme/IiiliiliiI,rustme/IillilIiiI,,4,0,1639,,,
IiiliillII(32).class,rustme/IiiliillII,java/lang/Object,,0,1,174,,,
IiiliilliI(1).class,rustme/IiiliilliI,java/lang/Object,,25,20,6507,GUI/Screen;Kotlin internals,,
IiililIIII(72).class,rustme/IiililIIII,java/lang/Object,,0,16,488,,,
IiililIIiI(25).class,rustme/IiililIIiI,java/lang/Object,rustme/llillIIIiI,9,3,2103,,,
IiililIilI(8).class,rustme/IiililIilI,java/lang/Object,,0,1,174,,,
IiililIliI(17).class,rustme/IiililIliI,java/lang/Object,,3,0,812,Kotlin internals,,
IiililiIiI(9).class,rustme/IiililiIiI,rustme/IliiIliIiI,,2,1,737,,,
IiililiiII(41).class,rustme/IiililiiII,java/lang/Object,kotlin/jvm/functions/Function1,5,1,1900,Kotlin internals,,
IiilililII(32).class,rustme/IiilililII,java/lang/Object,,0,2,196,,,
IiilililiI(1).class,rustme/IiilililiI,java/lang/Object,kotlin/jvm/functions/Function0,3,1,1821,Kotlin internals,,
IiilillIiI(17).class,rustme/IiilillIiI,java/lang/Object,rustme/ililillIiI,3,0,1166,,,
IiililliII(32).class,rustme/IiililliII,java/lang/Object,,0,1,173,,,
IiililliiI(1).class,rustme/IiililliiI,java/lang/Object,,3,0,795,,,
IiililllII(16).class,rustme/IiililllII,java/lang/Object,,0,1,174,,,
IiilillliI(1).class,rustme/IiilillliI,java/lang/Object,kotlin/jvm/functions/Function1,5,1,2507,Kotlin internals,,
IiillIIIiI(25).class,rustme/IiillIIIiI,rustme/liIlIilIiI,,5,0,1444,,,
IiillIIiII(56).class,rustme/IiillIIiII,java/lang/Object,,0,1,173,,,
IiillIIlII(44).class,rustme/IiillIIlII,java/lang/Object,,0,1,174,,,
IiillIIliI(25).class,rustme/IiillIIliI,kotlin/jvm/internal/FunctionReferenceImpl,kotlin/jvm/functions/Function0,5,1,1274,Kotlin internals,,
IiillIiIII(64).class,rustme/IiillIiIII,java/lang/Object,,0,28,740,,,
IiillIiIiI(9).class,rustme/IiillIiIiI,java/lang/Object,,25,5,9101,,,
IiillIiiII(41).class,rustme/IiillIiiII,java/lang/Object,kotlin/jvm/functions/Function1,5,1,3871,Kotlin internals,,
IiillIiilI(4).class,rustme/IiillIiilI,java/lang/Object,,0,1,174,,,
IiillIiliI(9).class,rustme/IiillIiliI,java/lang/Object,,18,5,9452,Kotlin internals,,
IiillIlIII(44).class,rustme/IiillIlIII,java/lang/Object,,0,3,215,,,
IiillIlIiI(25).class,rustme/IiillIlIiI,java/lang/Object,rustme/ilIiIilIiI,4,0,1459,,,
IiillIliiI(9).class,rustme/IiillIliiI,java/lang/Object,rustme/iililIliiI,2,0,967,Particles,,
IiillIlliI(9).class,rustme/IiillIlliI,java/lang/Object,kotlin/jvm/functions/Function1,5,1,3930,Kotlin internals,,
IiilliIIII(68).class,rustme/IiilliIIII,java/lang/Object,,0,4,236,,,
IiilliIIiI(17).class,rustme/IiilliIIiI,rustme/lllIliIIiI,,6,0,1257,,,
IiilliIiII(49).class,rustme/IiilliIiII,java/lang/Object,rustme/lIIlIiIiII,1,0,617,Kotlin internals,,
IiilliIilI(8).class,rustme/IiilliIilI,java/lang/Object,,0,1,174,,,
IiilliIliI(17).class,rustme/IiilliIliI,kotlin/properties/ObservableProperty,,4,1,2394,Kotlin internals,,
IiilliiIiI(1).class,rustme/IiilliiIiI,java/lang/Object,,1,1,702,,,
IiilliiiII(33).class,rustme/IiilliiiII,java/lang/Object,kotlin/jvm/functions/Function1,5,1,1953,Kotlin internals,,
IiilliilII(32).class,rustme/IiilliilII,java/lang/Object,,0,4,240,,,
IiilliiliI(1).class,rustme/IiilliiliI,java/lang/Enum,,7,5,2064,Kotlin internals,,
IiillilIiI(17).class,rustme/IiillilIiI,java/lang/IllegalArgumentException,,5,0,1403,,,
IiilliliII(32).class,rustme/IiilliliII,java/lang/Object,,0,4,236,,,
IiilliliiI(1).class,rustme/IiilliliiI,rustme/ilIIliliiI,,7,1,2480,GUI/Screen,,
IiillillII(16).class,rustme/IiillillII,java/lang/Object,,0,1,174,,,
IiillilliI(1).class,rustme/IiillilliI,java/lang/Object,kotlin/jvm/functions/Function1,5,1,1465,Kotlin internals,,
IiilllIIII(40).class,rustme/IiilllIIII,java/lang/Object,,0,1,173,,,
IiilllIIiI(17).class,rustme/IiilllIIiI,java/lang/Object,,15,6,6128,,,
IiilllIiiI(1).class,rustme/IiilllIiiI,java/lang/Object,,1,2,908,,,
IiilllIilI(4).class,rustme/IiilllIilI,java/lang/Object,,0,1,174,,,
IiilllIliI(9).class,rustme/IiilllIliI,java/lang/Object,kotlin/jvm/functions/Function0,3,1,2249,Kotlin internals,,
IiillliIiI(9).class,rustme/IiillliIiI,rustme/IlliiiIIiI,,22,1,5306,,,
IiillliiII(25).class,rustme/IiillliiII,java/lang/Object,kotlin/jvm/functions/Function1,5,1,2849,Kotlin internals,,
IiilllilII(16).class,rustme/IiilllilII,java/lang/Object,,0,4,240,,,
IiillliliI(1).class,rustme/IiillliliI,rustme/llIIlliliI,,10,34,24229,Kotlin internals,,
IiillllIiI(9).class,rustme/IiillllIiI,java/lang/Object,,6,3,5580,,,
IiilllliII(16).class,rustme/IiilllliII,java/lang/Object,,0,3,215,,,
IiilllliiI(1).class,rustme/IiilllliiI,java/lang/Object,,0,0,220,,,
IiilllllII(8).class,rustme/IiilllllII,java/lang/Object,,0,1,174,,,
IiillllliI(1).class,rustme/IiillllliI,java/lang/Object,kotlin/jvm/functions/Function1,5,1,1541,Kotlin internals,,
IilIIIIIiI(61).class,rustme/IilIIIIIiI,java/lang/Object,,26,9,9965,,,
IilIIIIiII(122).class,rustme/IilIIIIiII,java/lang/Object,,0,1,173,,,
IilIIIIlII(94).class,rustme/IilIIIIlII,java/lang/Object,,0,1,174,,,
IilIIIIliI(61).class,rustme/IilIIIIliI,rustme/IiilIIIliI,,6,5,4534,Kotlin internals,,
IilIIIiIII(138).class,rustme/IilIIIiIII,java/lang/Object,,0,1,173,,,
IilIIIiIiI(29).class,rustme/IilIIIiIiI,java/lang/Object,com/google/common/base/Predicate,3,1,1321,,,
IilIIIiiII(93).class,rustme/IilIIIiiII,java/lang/Object,kotlin/jvm/functions/Function1,5,1,1541,Kotlin internals,,
IilIIIiilI(14).class,rustme/IilIIIiilI,java/lang/Object,,0,1,174,,,
IilIIIiliI(29).class,rustme/IilIIIiliI,java/lang/Object,,39,38,29711,Kotlin internals,,
IilIIIlIII(94).class,rustme/IilIIIlIII,java/lang/Object,,0,1,173,,,
IilIIIlIiI(61).class,rustme/IilIIIlIiI,java/lang/Object,rustme/IIlIIIlIiI,2,0,283,,,
IilIIIliiI(29).class,rustme/IilIIIliiI,rustme/lIlliIliiI,,3,5,2009,,,
IilIIIlliI(29).class,rustme/IilIIIlliI,java/lang/Object,kotlin/jvm/functions/Function1,5,1,2911,Kotlin internals,,
IilIIiIIII(146).class,rustme/IilIIiIIII,java/lang/Object,,0,22,614,,,
IilIIiIIiI(45).class,rustme/IilIIiIIiI,java/lang/Enum,,6,4,1477,,,
IilIIiIiII(109).class,rustme/IilIIiIiII,java/lang/Object,kotlin/jvm/functions/Function1,5,1,1577,Kotlin internals,,
IilIIiIilI(22).class,rustme/IilIIiIilI,java/lang/Object,,0,1,174,,,
IilIIiIliI(45).class,rustme/IilIIiIliI,kotlin/properties/ObservableProperty,,4,1,2206,Kotlin internals,,
IilIIiiIiI(13).class,rustme/IilIIiiIiI,rustme/lilIIiiIiI,,3,0,1049,,,
IilIIiiiII(77).class,rustme/IilIIiiiII,java/lang/Object,kotlin/jvm/functions/Function1,5,1,1641,Kotlin internals,,
IilIIiilII(70).class,rustme/IilIIiilII,java/lang/Object,,0,14,460,,,
IilIIiiliI(13).class,rustme/IilIIiiliI,java/lang/Object,,1,2,1172,Kotlin internals,,
IilIIilIiI(45).class,rustme/IilIIilIiI,java/lang/Enum,,14,56,10661,,,
IilIIiliII(70).class,rustme/IilIIiliII,java/lang/Object,,0,9,341,,,
IilIIiliiI(13).class,rustme/IilIIiliiI,java/lang/Object,,4,3,1991,,,
IilIIillII(38).class,rustme/IilIIillII,java/lang/Object,,0,1,174,,,
IilIIilliI(13).class,rustme/IilIIilliI,java/lang/Enum,,10,8,3766,GUI/Screen;Kotlin internals,,
IilIIlIIII(78).class,rustme/IilIIlIIII,java/lang/Object,,0,37,929,,,
IilIIlIIiI(37).class,rustme/IilIIlIIiI,java/lang/Object,rustme/llillIIIiI,5,0,1015,,,
IilIIlIiiI(5).class,rustme/IilIIlIiiI,java/lang/Enum,rustme/ililIilIiI,12,11,3314,,,
IilIIlIilI(14).class,rustme/IilIIlIilI,java/lang/Object,,0,1,174,,,
IilIIlIliI(29).class,rustme/IilIIlIliI,kotlin/coroutines/jvm/internal/SuspendLambda,kotlin/jvm/functions/Function2,7,6,4481,Kotlin internals,,
IilIIliIiI(21).class,rustme/IilIIliIiI,java/lang/Object,rustme/IiiIlIiIiI,3,1,1014,,,
IilIIliiII(53).class,rustme/IilIIliiII,java/lang/Object,kotlin/jvm/functions/Function1,5,1,1506,Kotlin internals,,
IilIIlilII(38).class,rustme/IilIIlilII,java/lang/Object,,0,4,240,,,
IilIIliliI(13).class,rustme/IilIIliliI,java/lang/Object,,18,5,4842,Kotlin internals,,
IilIIllIiI(29).class,rustme/IilIIllIiI,rustme/llIiIllIiI,,9,1,9697,,,
IilIIlliII(38).class,rustme/IilIIlliII,java/lang/Object,,0,4,236,,,
IilIIlliiI(13).class,rustme/IilIIlliiI,java/lang/Object,,0,0,220,,,
IilIIlllII(22).class,rustme/IilIIlllII,java/lang/Object,,0,1,174,,,
IilIIllliI(13).class,rustme/IilIIllliI,java/lang/Object,kotlin/jvm/functions/Function1,5,1,1974,Kotlin internals,,
IilIiIIIII(150).class,rustme/IilIiIIIII,java/lang/Object,,0,2,194,,,
IilIiIIIiI(53).class,rustme/IilIiIIIiI,rustme/llliiIIIiI,,5,0,2167,,,
IilIiIIiII(117).class,rustme/IilIiIIiII,java/lang/Object,,8,0,2437,Kotlin internals,,
IilIiIIilI(26).class,rustme/IilIiIIilI,java/lang/Object,,0,1,174,,,
IilIiIIliI(53).class,rustme/IilIiIIliI,kotlin/properties/ObservableProperty,,4,1,2749,GUI/Screen;Kotlin internals,,
IilIiIiIiI(21).class,rustme/IilIiIiIiI,java/lang/Object,java/lang/Comparable,24,10,7045,,KeyBinding category enum,key.categories.*.
IilIiIiiII(85).class,rustme/IilIiIiiII,java/lang/Object,kotlin/jvm/functions/Function1,5,1,1975,Kotlin internals,,
IilIiIilII(74).class,rustme/IilIiIilII,java/lang/Object,,0,8,328,,,
IilIiIiliI(21).class,rustme/IilIiIiliI,java/lang/Object,,5,2,1717,Kotlin internals,,
IilIiIlIiI(53).class,rustme/IilIiIlIiI,java/lang/Object,,5,0,359,,,
IilIiIliII(74).class,rustme/IilIiIliII,java/lang/Object,,0,1,173,,,
IilIiIliiI(21).class,rustme/IilIiIliiI,java/lang/Object,,3,3,1250,,,
IilIiIllII(42).class,rustme/IilIiIllII,java/lang/Object,,0,3,218,,,
IilIiIlliI(21).class,rustme/IilIiIlliI,java/lang/Object,kotlin/jvm/functions/Function1,5,1,1761,Kotlin internals,,
IilIiiIIiI(37).class,rustme/IilIiiIIiI,java/lang/Object,rustme/illiIiIIiI,1,2,622,,,
IilIiiIiII(101).class,rustme/IilIiiIiII,java/lang/Object,kotlin/jvm/functions/Function1,5,1,2807,Kotlin internals,,
IilIiiIlII(82).class,rustme/IilIiiIlII,java/lang/Object,,0,1,174,,,
IilIiiIliI(37).class,rustme/IilIiiIliI,rustme/IliIIiIliI,,17,8,13236,Kotlin internals,,
IilIiiiIII(126).class,rustme/IilIiiiIII,java/lang/Object,,0,1,173,,,
IilIiiiIiI(5).class,rustme/IilIiiiIiI,rustme/lliiiiiIiI,,7,2,2294,Texture,,
IilIiiiiII(69).class,rustme/IilIiiiiII,java/lang/Object,kotlin/jvm/functions/Function1,5,1,1468,Kotlin internals,,
IilIiiiilI(2).class,rustme/IilIiiiilI,java/lang/Object,,0,1,174,,,
IilIiiiliI(5).class,rustme/IilIiiiliI,java/lang/Object,,4,1,1806,,,
IilIiilIII(82).class,rustme/IilIiilIII,java/lang/Object,,0,3,215,,,
IilIiilIiI(37).class,rustme/IilIiilIiI,java/lang/Object,,3,2,920,,,
IilIiiliiI(5).class,rustme/IilIiiliiI,java/lang/Enum,rustme/ililIilIiI,14,11,4270,,,
IilIiililI(2).class,rustme/IilIiililI,java/lang/Object,,0,1,174,,,
IilIiilliI(5).class,rustme/IilIiilliI,java/lang/Object,,15,7,7857,Kotlin internals,,
IilIilIIiI(29).class,rustme/IilIilIIiI,java/lang/Object,rustme/llillIIIiI,7,1,1415,,,
IilIilIiII(58).class,rustme/IilIilIiII,java/lang/Object,,0,2,194,,,
IilIilIlII(42).class,rustme/IilIilIlII,java/lang/Object,,0,1,174,,,
IilIilIliI(21).class,rustme/IilIilIliI,rustme/iilIilIliI,,6,7,3192,Kotlin internals,,
IilIiliIII(66).class,rustme/IilIiliIII,java/lang/Object,,0,3,215,,,
IilIiliIiI(13).class,rustme/IilIiliIiI,rustme/iliIiliIiI,,6,4,2517,,,
IilIiliiII(45).class,rustme/IilIiliiII,java/lang/Object,kotlin/jvm/functions/Function1,5,1,1900,Kotlin internals,,
IilIiliilI(2).class,rustme/IilIiliilI,java/lang/Object,,0,1,174,,,
IilIililiI(5).class,rustme/IilIililiI,rustme/llIiIliliI,,34,15,15097,Kotlin internals,,
IilIillIII(42).class,rustme/IilIillIII,java/lang/Object,,0,2,194,,,
IilIillIiI(21).class,rustme/IilIillIiI,java/lang/Object,,45,67,24245,,,
IilIilliiI(5).class,rustme/IilIilliiI,java/lang/Object,com/google/gson/JsonDeserializer,8,0,2954,,,
IilIillliI(5).class,rustme/IilIillliI,java/lang/Object,kotlin/jvm/functions/Function1,5,1,1468,Kotlin internals,,
IilIlIIIII(74).class,rustme/IilIlIIIII,java/lang/Object,,0,1,173,,,
IilIlIIIiI(29).class,rustme/IilIlIIIiI,rustme/liIlIilIiI,,5,0,1445,Networking client,,
IilIlIIilI(14).class,rustme/IilIlIIilI,java/lang/Object,,0,1,174,,,
IilIlIIliI(29).class,rustme/IilIlIIliI,java/lang/Object,kotlin/jvm/functions/Function1,5,2,3776,Kotlin internals,,
IilIlIiIiI(13).class,rustme/IilIlIiIiI,java/lang/Object,rustme/lilIlIiIiI,2,0,612,,,
IilIlIiiII(45).class,rustme/IilIlIiiII,java/lang/Object,kotlin/jvm/functions/Function1,5,1,1501,Kotlin internals,,
IilIlIilII(38).class,rustme/IilIlIilII,java/lang/Object,,0,4,240,,,
IilIlIiliI(13).class,rustme/IilIlIiliI,java/lang/Object,,3,2,1281,Kotlin internals,,
IilIlIlIiI(29).class,rustme/IilIlIlIiI,java/lang/Enum,,12,14,3110,,,
IilIlIliII(38).class,rustme/IilIlIliII,java/lang/Object,,0,5,257,,,
IilIlIliiI(13).class,rustme/IilIlIliiI,rustme/IIiiilliiI,,2,0,1205,Particles,,
IilIlIllII(22).class,rustme/IilIlIllII,java/lang/Object,,0,1,174,,,
IilIlIlliI(13).class,rustme/IilIlIlliI,java/lang/Object,kotlin/jvm/functions/Function1,5,1,3926,Kotlin internals,,
IilIliIIiI(21).class,rustme/IilIliIIiI,rustme/IlIIliIIiI,,9,1,2616,,,
IilIliIiII(53).class,rustme/IilIliIiII,rustme/iIllIiIiII,,3,0,1537,Kotlin internals,,
IilIliIlII(42).class,rustme/IilIliIlII,java/lang/Object,,0,11,394,,,
IilIliIliI(21).class,rustme/IilIliIliI,java/lang/Object,,2,0,1146,Kotlin internals,,
IilIliiIII(62).class,rustme/IilIliiIII,java/lang/Object,,0,4,236,,,
IilIliiIiI(5).class,rustme/IilIliiIiI,rustme/IIlIliiIiI,,7,3,5461,Texture,,
IilIliiiII(37).class,rustme/IilIliiiII,java/lang/Object,kotlin/jvm/functions/Function1,5,1,3042,Kotlin internals,,
IilIliiilI(2).class,rustme/IilIliiilI,java/lang/Object,,0,1,174,,,
IilIliiliI(5).class,rustme/IilIliiliI,java/lang/Object,,2,0,1004,Kotlin internals,,
IilIlilIII(42).class,rustme/IilIlilIII,java/lang/Object,,0,5,257,,,
IilIlilIiI(21).class,rustme/IilIlilIiI,java/lang/Object,,31,12,6595,,,
IilIliliiI(5).class,rustme/IilIliliiI,java/lang/Object,rustme/lIIIliliiI,13,12,10665,GUI/Screen,,
IilIlililI(2).class,rustme/IilIlililI,java/lang/Object,,0,1,174,,,
IilIlilliI(5).class,rustme/IilIlilliI,java/lang/Object,,5,5,1724,GUI/Screen;Kotlin internals,,
IilIllIIiI(21).class,rustme/IilIllIIiI,java/lang/Object,com/mojang/authlib/ProfileLookupCallback,3,1,1084,,,
IilIllIiII(34).class,rustme/IilIllIiII,java/lang/Object,,0,7,299,,,
IilIllIiiI(5).class,rustme/IilIllIiiI,rustme/IiIIIlIiiI,,19,1,6067,,,
IilIllIlII(22).class,rustme/IilIllIlII,java/lang/Object,,0,1,174,,,
IilIllIliI(13).class,rustme/IilIllIliI,java/lang/Object,rustme/ilIIlilIiI,14,2,5085,Kotlin internals,,
IilIlliIII(38).class,rustme/IilIlliIII,java/lang/Object,,0,3,215,,,
IilIlliIiI(13).class,rustme/IilIlliIiI,rustme/iliIiliIiI,,6,1,2805,,,
IilIlliiII(29).class,rustme/IilIlliiII,java/lang/Object,kotlin/jvm/functions/Function1,5,1,3451,Kotlin internals,,
IilIlliilI(2).class,rustme/IilIlliilI,java/lang/Object,,0,1,174,,,
IilIlliliI(5).class,rustme/IilIlliliI,java/lang/Object,,2,0,925,Kotlin internals,,
IilIlllIII(22).class,rustme/IilIlllIII,java/lang/Object,,0,6,284,,,
IilIlllIiI(13).class,rustme/IilIlllIiI,java/lang/Object,,2,0,263,,,
IilIllliiI(5).class,rustme/IilIllliiI,java/lang/Object,,1,0,234,,,
IilIlllliI(5).class,rustme/IilIlllliI,java/lang/Object,kotlin/jvm/functions/Function1,5,1,4411,Kotlin internals,,
IiliIIIIII(152).class,rustme/IiliIIIIII,java/lang/Object,,0,31,803,,,
IiliIIIIiI(57).class,rustme/IiliIIIIiI,rustme/llliiIIIiI,,8,3,4004,,,
IiliIIIilI(28).class,rustme/IiliIIIilI,java/lang/Object,,0,1,174,,,
IiliIIIliI(57).class,rustme/IiliIIIliI,kotlin/properties/ObservableProperty,,4,1,2497,Kotlin internals,,
IiliIIiIiI(25).class,rustme/IiliIIiIiI,rustme/IIlliIiIiI,,7,0,1602,,,
IiliIIiiII(89).class,rustme/IiliIIiiII,java/lang/Object,kotlin/jvm/functions/Function1,5,1,2061,Kotlin internals,,
IiliIIilII(76).class,rustme/IiliIIilII,java/lang/Object,,0,11,394,,,
IiliIIiliI(25).class,rustme/IiliIIiliI,java/lang/Object,,9,7,10932,Kotlin internals,,
IiliIIlIiI(57).class,rustme/IiliIIlIiI,rustme/IIIiIIlIiI,,2,0,1360,,,
IiliIIliII(76).class,rustme/IiliIIliII,java/lang/Object,,0,2,194,,,
IiliIIliiI(25).class,rustme/IiliIIliiI,rustme/lIlliIliiI,,4,9,4217,,,
IiliIIllII(44).class,rustme/IiliIIllII,java/lang/Object,,0,3,218,,,
IiliIIlliI(25).class,rustme/IiliIIlliI,java/lang/Object,kotlin/jvm/functions/Function1,5,1,2784,Kotlin internals,,
IiliIiIIiI(41).class,rustme/IiliIiIIiI,java/lang/Object,com/google/common/base/Predicate,3,0,1102,,,
IiliIiIiII(105).class,rustme/IiliIiIiII,java/lang/Object,kotlin/jvm/functions/Function1,5,1,1620,Kotlin internals,,
IiliIiIlII(84).class,rustme/IiliIiIlII,java/lang/Object,,0,3,218,,,
IiliIiIliI(41).class,rustme/IiliIiIliI,java/lang/Object,,7,0,2085,Kotlin internals,,
IiliIiiIII(128).class,rustme/IiliIiiIII,java/lang/Object,,0,14,446,,,
IiliIiiIiI(9).class,rustme/IiliIiiIiI,java/lang/Object,com/google/common/base/Predicate,3,0,1112,,,
IiliIiiiII(73).class,rustme/IiliIiiiII,java/lang/Object,kotlin/jvm/functions/Function1,5,1,1500,Kotlin internals,,
IiliIiiilI(4).class,rustme/IiliIiiilI,java/lang/Object,,0,1,174,,,
IiliIiiliI(9).class,rustme/IiliIiiliI,rustme/iIliIiiliI,,1,0,447,,,
IiliIilIII(84).class,rustme/IiliIilIII,java/lang/Object,,0,1,173,,,
IiliIilIiI(41).class,rustme/IiliIilIiI,java/lang/Object,rustme/ilIiIilIiI,5,3,11907,,,
IiliIiliiI(9).class,rustme/IiliIiliiI,rustme/IillilIiiI,,2,0,1300,,,
IiliIililI(4).class,rustme/IiliIililI,java/lang/Object,,0,1,174,,,
IiliIilliI(9).class,rustme/IiliIilliI,rustme/liliIilliI,,4,0,1993,Kotlin internals,,
IiliIlIIiI(33).class,rustme/IiliIlIIiI,java/lang/Object,rustme/llillIIIiI,5,0,982,,,
IiliIlIiII(60).class,rustme/IiliIlIiII,java/lang/Object,,0,2,194,,,
IiliIlIiiI(1).class,rustme/IiliIlIiiI,rustme/IillilIiiI,,18,2,5523,,,
IiliIlIlII(44).class,rustme/IiliIlIlII,java/lang/Object,,0,1,174,,,
IiliIlIliI(25).class,rustme/IiliIlIliI,rustme/IIliIlIliI,,6,1,1536,Kotlin internals,,
IiliIliIII(68).class,rustme/IiliIliIII,java/lang/Object,,0,57,1349,,,
IiliIliIiI(17).class,rustme/IiliIliIiI,java/lang/Object,,0,0,220,,,
IiliIliiII(49).class,rustme/IiliIliiII,java/lang/Object,kotlin/jvm/functions/Function1,5,1,2600,Kotlin internals,,
IiliIliilI(4).class,rustme/IiliIliilI,java/lang/Object,,0,1,174,,,
IiliIliliI(9).class,rustme/IiliIliliI,kotlin/jvm/internal/FunctionReferenceImpl,kotlin/jvm/functions/Function1,5,0,1775,Kotlin internals,,
IiliIllIII(44).class,rustme/IiliIllIII,java/lang/Object,,0,6,278,,,
IiliIllIiI(25).class,rustme/IiliIllIiI,rustme/llIiIllIiI,,7,0,2231,,,
IiliIlliiI(9).class,rustme/IiliIlliiI,java/lang/Object,com/google/gson/JsonDeserializer,8,2,4702,,,
IiliIllliI(9).class,rustme/IiliIllliI,java/lang/Object,kotlin/jvm/functions/Function1,5,1,5431,Kotlin internals,,
IiliiIIIiI(49).class,rustme/IiliiIIIiI,java/lang/Object,rustme/iIiiiIIIiI,2,0,734,,,
IiliiIIiII(113).class,rustme/IiliiIIiII,java/lang/Enum,,7,4,1994,Kotlin internals,,
IiliiIIlII(88).class,rustme/IiliiIIlII,java/lang/Object,,0,2,196,,,
IiliiIIliI(49).class,rustme/IiliiIIliI,java/lang/Object,kotlin/jvm/functions/Function0,3,3,2280,Kotlin internals,,
IiliiIiIII(132).class,rustme/IiliiIiIII,java/lang/Object,,0,8,320,,,
IiliiIiIiI(17).class,rustme/IiliiIiIiI,java/lang/Object,,11,4,5487,,,
IiliiIiiII(81).class,rustme/IiliiIiiII,java/lang/Object,kotlin/jvm/functions/Function1,5,1,2728,Kotlin internals,,
IiliiIiilI(8).class,rustme/IiliiIiilI,java/lang/Object,,0,1,174,,,
IiliiIiliI(17).class,rustme/IiliiIiliI,java/lang/Object,,5,2,2389,Kotlin internals,,
IiliiIlIII(88).class,rustme/IiliiIlIII,java/lang/Object,,0,1,173,,,
IiliiIlIiI(49).class,rustme/IiliiIlIiI,rustme/IIlllilIiI,,1,0,447,,,
IiliiIliiI(17).class,rustme/IiliiIliiI,rustme/IlIlliliiI,,25,21,14383,,,
IiliiIlilI(8).class,rustme/IiliiIlilI,java/lang/Object,,0,4,240,,,
IiliiIlliI(17).class,rustme/IiliiIlliI,java/lang/Object,kotlin/jvm/functions/Function1,5,1,3173,Kotlin internals,,
IiliiiIIII(140).class,rustme/IiliiiIIII,java/lang/Object,,0,13,425,,,
IiliiiIIiI(33).class,rustme/IiliiiIIiI,rustme/lIIiIliIiI,,4,4,2346,,,
IiliiiIiII(97).class,rustme/IiliiiIiII,java/lang/Object,kotlin/jvm/functions/Function1,5,1,1468,Kotlin internals,,
IiliiiIilI(16).class,rustme/IiliiiIilI,java/lang/Object,,0,1,174,,,
IiliiiIliI(33).class,rustme/IiliiiIliI,java/lang/Object,kotlin/jvm/functions/Function0,5,1,2115,Kotlin internals,,
IiliiiiIiI(1).class,rustme/IiliiiiIiI,rustme/iIlIiiiIiI,,7,1,1724,Texture,,
IiliiiiiII(65).class,rustme/IiliiiiiII,java/lang/Object,kotlin/jvm/functions/Function1,5,1,1936,Kotlin internals,,
IiliiiilII(64).class,rustme/IiliiiilII,java/lang/Object,,0,6,284,,,
IiliiiiliI(1).class,rustme/IiliiiiliI,java/lang/Object,,17,11,6905,,,
IiliiilIiI(33).class,rustme/IiliiilIiI,rustme/lliiiilIiI,,7,1,1243,,,
IiliiiliII(64).class,rustme/IiliiiliII,java/lang/Object,,0,1,173,,,
IiliiiliiI(1).class,rustme/IiliiiliiI,rustme/lIIillIiiI,,38,2,9614,,,
IiliiillII(32).class,rustme/IiliiillII,java/lang/Object,,0,1,174,,,
IiliiilliI(1).class,rustme/IiliiilliI,java/lang/Object,kotlin/jvm/functions/Function1,5,2,3915,Kotlin internals,,
IiliilIIII(72).class,rustme/IiliilIIII,java/lang/Object,,0,37,929,,,
IiliilIIiI(25).class,rustme/IiliilIIiI,java/lang/Object,rustme/llillIIIiI,8,2,2033,,,
IiliilIilI(8).class,rustme/IiliilIilI,java/lang/Object,,0,1,174,,,
IiliilIliI(17).class,rustme/IiliilIliI,java/lang/Object,kotlin/jvm/functions/Function1,5,2,3813,Kotlin internals,,
IiliiliIiI(9).class,rustme/IiliiliIiI,java/lang/Object,,11,3,3854,,,
IiliiliiII(41).class,rustme/IiliiliiII,java/lang/Object,kotlin/jvm/functions/Function1,5,1,1880,Kotlin internals,,
IiliililII(32).class,rustme/IiliililII,java/lang/Object,,0,2,196,,,
IiliililiI(1).class,rustme/IiliililiI,java/lang/Object,,2,0,798,Kotlin internals,,
IiliillIiI(17).class,rustme/IiliillIiI,java/lang/Object,,3,0,358,,,
IiliilliII(32).class,rustme/IiliilliII,java/lang/Object,,0,1,173,,,
IiliilliiI(1).class,rustme/IiliilliiI,java/lang/Object,rustme/iililIliiI,2,0,716,Particles,,
IiliilllII(16).class,rustme/IiliilllII,java/lang/Object,,0,1,174,,,
IiliillliI(1).class,rustme/IiliillliI,java/lang/Object,kotlin/jvm/functions/Function1,5,1,1898,Kotlin internals,,
IililIIIiI(25).class,rustme/IililIIIiI,io/netty/channel/ChannelInboundHandlerAdapter,,6,2,6225,,,
IililIIiII(56).class,rustme/IililIIiII,java/lang/Object,,0,26,698,,,
IililIIlII(44).class,rustme/IililIIlII,java/lang/Object,,0,1,174,,,
IililIIliI(25).class,rustme/IililIIliI,java/lang/Enum,,21,20,11200,Kotlin internals,,
IililIiIII(64).class,rustme/IililIiIII,java/lang/Object,,0,2,194,,,
IililIiIiI(9).class,rustme/IililIiIiI,java/lang/Object,rustme/IiiIlIiIiI,3,0,910,,,
IililIiiII(41).class,rustme/IililIiiII,java/lang/Object,kotlin/jvm/functions/Function1,5,1,1465,Kotlin internals,,
IililIiilI(4).class,rustme/IililIiilI,java/lang/Object,,0,1,174,,,
IililIiliI(9).class,rustme/IililIiliI,java/lang/Object,,28,18,21360,Kotlin internals;Sounds,,
IililIlIII(44).class,rustme/IililIlIII,java/lang/Object,,0,11,383,,,
IililIlIiI(25).class,rustme/IililIlIiI,java/lang/Object,,6,5,1498,,,
IililIliiI(9).class,rustme/IililIliiI,java/lang/Object,,0,0,220,,,
IililIlliI(9).class,rustme/IililIlliI,java/lang/Object,kotlin/jvm/functions/Function1,5,1,3082,Kotlin internals,,
IililiIIII(68).class,rustme/IililiIIII,java/lang/Object,,0,7,299,,,
IililiIIiI(17).class,rustme/IililiIIiI,rustme/IIIiliIIiI,,8,4,3946,,,
IililiIiII(49).class,rustme/IililiIiII,rustme/lIliliIiII,,33,15,6973,Kotlin internals,,
IililiIilI(8).class,rustme/IililiIilI,java/lang/Object,,0,1,174,,,
IililiIliI(17).class,rustme/IililiIliI,java/lang/Object,kotlin/jvm/functions/Function0,3,1,1704,Kotlin internals,,
IililiiIiI(1).class,rustme/IililiiIiI,java/lang/Object,,11,8,5345,,,
IililiiiII(33).class,rustme/IililiiiII,java/lang/Object,kotlin/jvm/functions/Function1,5,1,1598,Kotlin internals,,
IililiilII(32).class,rustme/IililiilII,java/lang/Object,,0,8,328,,,
IililiiliI(1).class,rustme/IililiiliI,rustme/lllIliIIiI,rustme/IlilIlIliI,27,2,6407,Kotlin internals,,
IilililIiI(17).class,rustme/IilililIiI,java/lang/Object,,0,0,220,,,
IilililiII(32).class,rustme/IilililiII,java/lang/Object,,0,41,1013,,,
IilililiiI(1).class,rustme/IilililiiI,java/lang/Object,,4,3,745,,,
IililillII(16).class,rustme/IililillII,java/lang/Object,,0,1,174,,,
IilililliI(1).class,rustme/IilililliI,java/lang/Object,,1,1,657,Kotlin internals,,
IilillIIII(40).class,rustme/IilillIIII,java/lang/Object,,0,10,362,,,
IilillIIiI(17).class,rustme/IilillIIiI,java/lang/Object,,8,5,1500,,,
IilillIiiI(1).class,rustme/IilillIiiI,rustme/lliiiilIiI,,7,1,1988,,,
IilillIilI(4).class,rustme/IilillIilI,java/lang/Object,,0,1,174,,,
IilillIliI(9).class,rustme/IilillIliI,java/lang/Object,,3,8,4570,Kotlin internals,,
IililliIiI(9).class,rustme/IililliIiI,rustme/ilIilliIiI,,14,4,4249,,,
IililliiII(25).class,rustme/IililliiII,java/lang/Object,kotlin/jvm/functions/Function0,4,1,954,Kotlin internals,,
IilillilII(16).class,rustme/IilillilII,java/lang/Object,,0,1,174,,,
IililliliI(1).class,rustme/IililliliI,java/lang/Object,,2,0,804,Kotlin internals,,
IililllIiI(9).class,rustme/IililllIiI,java/lang/Enum,,23,58,16518,,,
IilillliII(16).class,rustme/IilillliII,java/lang/Object,,0,7,299,,,
IilillliiI(1).class,rustme/IilillliiI,java/lang/Object,rustme/liiIllliiI,2,0,868,,,
IilillllII(8).class,rustme/IilillllII,java/lang/Object,,0,1,174,,,
IililllliI(1).class,rustme/IililllliI,java/lang/Object,,24,14,8491,Kotlin internals,,
IillIIIIII(76).class,rustme/IillIIIIII,java/lang/Object,,0,4,236,,,
IillIIIIiI(29).class,rustme/IillIIIIiI,java/lang/Object,rustme/IlIlIIIIiI,8,0,2799,,,
IillIIIilI(14).class,rustme/IillIIIilI,java/lang/Object,,0,1,174,,,
IillIIIliI(29).class,rustme/IillIIIliI,java/lang/Object,,6,0,8902,Kotlin internals,,
IillIIiIiI(13).class,rustme/IillIIiIiI,rustme/IIlliIiIiI,,9,0,3102,,,
IillIIiiII(45).class,rustme/IillIIiiII,java/lang/Object,kotlin/jvm/functions/Function1,5,1,1495,Kotlin internals,,
IillIIilII(38).class,rustme/IillIIilII,java/lang/Object,,0,6,284,,,
IillIIiliI(13).class,rustme/IillIIiliI,java/lang/Object,,18,9,7347,Kotlin internals,,
IillIIlIiI(29).class,rustme/IillIIlIiI,rustme/iIIlIIlIiI,,7,0,2360,,,
IillIIliII(38).class,rustme/IillIIliII,java/lang/Object,,0,2,194,,,
IillIIliiI(13).class,rustme/IillIIliiI,java/lang/Object,rustme/IiiIlIiIiI,3,1,1103,,,
IillIIllII(22).class,rustme/IillIIllII,java/lang/Object,,0,1,174,,,
IillIIlliI(13).class,rustme/IillIIlliI,java/lang/Object,kotlin/jvm/functions/Function1,5,1,3200,Kotlin internals,,
IillIiIIiI(21).class,rustme/IillIiIIiI,rustme/IIiiliIIiI,,2,0,1842,,,
IillIiIiII(53).class,rustme/IillIiIiII,java/lang/Object,,8,4,5261,Kotlin internals,,
IillIiIlII(42).class,rustme/IillIiIlII,java/lang/Object,,0,5,262,,,
IillIiIliI(21).class,rustme/IillIiIliI,rustme/IliIIiIliI,,6,3,8252,Kotlin internals,,
IillIiiIII(64).class,rustme/IillIiiIII,java/lang/Object,,0,9,341,,,
IillIiiIiI(5).class,rustme/IillIiiIiI,java/lang/Object,rustme/IiiIlIiIiI,3,1,1167,,,
IillIiiiII(37).class,rustme/IillIiiiII,java/lang/Object,kotlin/jvm/functions/Function1,5,1,1769,Kotlin internals,,
IillIiiilI(2).class,rustme/IillIiiilI,java/lang/Object,,0,1,174,,,
IillIiiliI(5).class,rustme/IillIiiliI,rustme/iIllIiiliI,,5,0,1917,Kotlin internals,,
IillIilIII(42).class,rustme/IillIilIII,java/lang/Object,,0,11,383,,,
IillIilIiI(21).class,rustme/IillIilIiI,java/lang/Object,java/lang/Iterable,2,6,1007,,,
IillIiliiI(5).class,rustme/IillIiliiI,rustme/llIlIiliiI,,2,2,1419,,,
IillIililI(2).class,rustme/IillIililI,java/lang/Object,,0,1,174,,,
IillIilliI(5).class,rustme/IillIilliI,java/lang/Object,,14,3,2845,Kotlin internals,,
IillIlIIiI(21).class,rustme/IillIlIIiI,rustme/iillIlIIiI,,3,0,780,,,
IillIlIiII(34).class,rustme/IillIlIiII,java/lang/Object,,0,27,719,,,
IillIlIiiI(5).class,rustme/IillIlIiiI,java/lang/Enum,rustme/ililIilIiI,14,16,5332,,,
IillIlIlII(22).class,rustme/IillIlIlII,java/lang/Object,,0,1,174,,,
IillIlIliI(13).class,rustme/IillIlIliI,java/lang/Object,,8,0,2809,Kotlin internals,,
IillIliIII(38).class,rustme/IillIliIII,java/lang/Object,,0,18,530,,,
IillIliIiI(13).class,rustme/IillIliIiI,java/lang/Object,,2,0,242,,,
IillIliiII(29).class,rustme/IillIliiII,java/lang/Object,kotlin/jvm/functions/Function0,4,1,954,Kotlin internals,,
IillIliilI(2).class,rustme/IillIliilI,java/lang/Object,,0,1,174,,,
IillIliliI(5).class,rustme/IillIliliI,rustme/IlilIIIliI,,2,2,3136,Kotlin internals,,
IillIllIII(22).class,rustme/IillIllIII,java/lang/Object,,0,1,174,,,
IillIllIiI(13).class,rustme/IillIllIiI,rustme/IilIIllIiI,,4,0,1135,,,
IillIlliiI(5).class,rustme/IillIlliiI,java/lang/Enum,,6,5,1578,,,
IillIllliI(5).class,rustme/IillIllliI,java/lang/Object,kotlin/jvm/functions/Function1,5,1,1900,Kotlin internals,,
IilliIIIiI(25).class,rustme/IilliIIIiI,rustme/llliiIIIiI,,7,0,3231,,,
IilliIIiII(57).class,rustme/IilliIIiII,java/lang/Object,,10,3,5277,Kotlin internals,,
IilliIIlII(44).class,rustme/IilliIIlII,java/lang/Object,,0,1,174,,,
IilliIIliI(25).class,rustme/IilliIIliI,java/lang/Object,,16,3,4318,Container/Slot;Kotlin internals,,
IilliIiIII(66).class,rustme/IilliIiIII,java/lang/Object,,0,4,236,,,
IilliIiIiI(9).class,rustme/IilliIiIiI,java/lang/Object,com/google/common/base/Predicate,3,1,1232,,,
IilliIiiII(41).class,rustme/IilliIiiII,java/lang/Object,kotlin/jvm/functions/Function1,5,1,1898,Kotlin internals,,
IilliIiilI(4).class,rustme/IilliIiilI,java/lang/Object,,0,1,174,,,
IilliIiliI(9).class,rustme/IilliIiliI,java/lang/Enum,,7,4,1955,Kotlin internals,,
IilliIlIII(44).class,rustme/IilliIlIII,java/lang/Object,,0,1,173,,,
IilliIlIiI(25).class,rustme/IilliIlIiI,rustme/IIlliIlIiI,,2,0,2842,,,
IilliIliiI(9).class,rustme/IilliIliiI,java/lang/Object,,1,0,183,,,
IilliIlilI(4).class,rustme/IilliIlilI,java/lang/Object,,0,4,240,,,
IilliIlliI(9).class,rustme/IilliIlliI,java/lang/Object,kotlin/jvm/functions/Function1,5,1,3370,Kotlin internals,,
IilliiIIII(70).class,rustme/IilliiIIII,java/lang/Object,,0,181,3953,,,
IilliiIIiI(17).class,rustme/IilliiIIiI,rustme/liiliiIIiI,,27,6,10207,,,
IilliiIiII(49).class,rustme/IilliiIiII,java/lang/Object,kotlin/jvm/functions/Function1,5,1,1899,Kotlin internals,,
IilliiIilI(8).class,rustme/IilliiIilI,java/lang/Object,,0,1,174,,,
IilliiIliI(17).class,rustme/IilliiIliI,kotlin/properties/ObservableProperty,,4,1,2362,Kotlin internals,,
IilliiiIiI(1).class,rustme/IilliiiIiI,rustme/iIlIiiiIiI,,7,1,1500,Texture,,
IilliiiiII(33).class,rustme/IilliiiiII,java/lang/Object,kotlin/jvm/functions/Function1,5,1,1463,Kotlin internals,,
IilliiilII(32).class,rustme/IilliiilII,java/lang/Object,,0,4,240,,,
IilliiiliI(1).class,rustme/IilliiiliI,rustme/lilliiiliI,,1,3,525,,,
IilliilIiI(17).class,rustme/IilliilIiI,java/lang/Object,rustme/IlIiIilIiI,5,1,2130,,,
IilliiliII(32).class,rustme/IilliiliII,java/lang/Object,,0,16,488,,,
IilliiliiI(1).class,rustme/IilliiliiI,rustme/IillilIiiI,,8,5,3048,,,
IilliillII(16).class,rustme/IilliillII,java/lang/Object,,0,5,262,,,
IilliilliI(1).class,rustme/IilliilliI,java/lang/Enum,,7,9,2521,Kotlin internals,,
IillilIIII(40).class,rustme/IillilIIII,java/lang/Object,,0,3,215,,,
IillilIIiI(17).class,rustme/IillilIIiI,java/lang/Object,rustme/llillIIIiI,5,0,982,,,
IillilIiiI(1).class,rustme/IillilIiiI,java/lang/Object,,127,24,69874,,SoundHandler-ish,127 методов.
IillilIilI(4).class,rustme/IillilIilI,java/lang/Object,,0,1,174,,,
IillilIliI(9).class,rustme/IillilIliI,java/lang/Object,,21,7,7896,Kotlin internals,,
IilliliIiI(9).class,rustme/IilliliIiI,rustme/iliIiliIiI,,4,1,1096,,,
IilliliiII(25).class,rustme/IilliliiII,java/lang/Object,kotlin/jvm/functions/Function1,5,1,1460,Kotlin internals,,
IillililII(16).class,rustme/IillililII,java/lang/Object,,0,2,196,,,
IillililiI(1).class,rustme/IillililiI,rustme/IlilIIIliI,,2,1,2300,Kotlin internals,,
IillillIiI(9).class,rustme/IillillIiI,java/lang/Object,,13,10,3208,,,
IillilliII(16).class,rustme/IillilliII,java/lang/Object,,0,47,1139,,,
IillilliiI(1).class,rustme/IillilliiI,java/lang/Object,,1,2,487,,,
IillilllII(8).class,rustme/IillilllII,java/lang/Object,,0,1,174,,,
IillillliI(1).class,rustme/IillillliI,java/lang/Object,,45,42,39054,Kotlin internals,,
IilllIIIiI(13).class,rustme/IilllIIIiI,java/lang/Object,rustme/llillIIIiI,7,1,1343,,,
IilllIIiII(28).class,rustme/IilllIIiII,java/lang/Object,,0,9,341,,,
IilllIIlII(22).class,rustme/IilllIIlII,java/lang/Object,,0,1,174,,,
IilllIIliI(13).class,rustme/IilllIIliI,kotlin/jvm/internal/FunctionReferenceImpl,kotlin/jvm/functions/Function0,5,1,1274,Kotlin internals,,
IilllIiIII(32).class,rustme/IilllIiIII,java/lang/Object,,0,21,593,,,
IilllIiIiI(5).class,rustme/IilllIiIiI,java/lang/Object,,32,4,12644,,Static helpers (mod),"iIillIIIII(player)=max eff. level (depth strider?), lIiIlIIIII(player)Z."
IilllIiiII(21).class,rustme/IilllIiiII,java/lang/Object,kotlin/jvm/functions/Function1,5,1,1466,Kotlin internals,,
IilllIiilI(2).class,rustme/IilllIiilI,java/lang/Object,,0,1,174,,,
IilllIiliI(5).class,rustme/IilllIiliI,java/lang/Object,,9,4,11092,Kotlin internals,,
IilllIlIII(22).class,rustme/IilllIlIII,java/lang/Object,,0,1,173,,,
IilllIlIiI(13).class,rustme/IilllIlIiI,java/lang/Object,rustme/IiiIlIiIiI,5,1,1989,,,
IilllIliiI(5).class,rustme/IilllIliiI,java/lang/Object,rustme/IiiIlIiIiI,5,1,1663,Particles,,
IilllIlliI(5).class,rustme/IilllIlliI,java/lang/Object,kotlin/jvm/functions/Function1,5,1,2507,Kotlin internals,,
IillliIIII(34).class,rustme/IillliIIII,java/lang/Object,,0,5,257,,,
IillliIIiI(9).class,rustme/IillliIIiI,rustme/iIllliIIiI,,7,0,3510,,,
IillliIiII(25).class,rustme/IillliIiII,java/lang/Object,rustme/lIIlIiIiII,1,0,608,Kotlin internals,,
IillliIilI(4).class,rustme/IillliIilI,java/lang/Object,,0,1,174,,,
IillliIliI(9).class,rustme/IillliIliI,rustme/IlilIIIliI,,2,3,3727,Kotlin internals,,
IillliiIiI(1).class,rustme/IillliiIiI,java/lang/Object,rustme/llIlliiIiI,2,1,746,,,
IillliiiII(17).class,rustme/IillliiiII,java/lang/Object,kotlin/jvm/functions/Function1,5,1,1482,Kotlin internals,,
IillliilII(16).class,rustme/IillliilII,java/lang/Object,,0,4,240,,,
IillliiliI(1).class,rustme/IillliiliI,rustme/lilliiiliI,,4,1,1440,Kotlin internals,,
IilllilIiI(9).class,rustme/IilllilIiI,java/lang/Object,,11,9,2045,World gen,,
IillliliII(16).class,rustme/IillliliII,java/lang/Object,,0,3,215,,,
IillliliiI(1).class,rustme/IillliliiI,rustme/lIlililiiI,,2,1,1294,GUI/Screen,,
IilllillII(8).class,rustme/IilllillII,java/lang/Object,,0,1,174,,,
IilllilliI(1).class,rustme/IilllilliI,java/lang/Object,kotlin/jvm/functions/Function1,5,1,1468,Kotlin internals,,
IillllIIII(20).class,rustme/IillllIIII,java/lang/Object,,0,1,173,,,
IillllIIiI(9).class,rustme/IillllIIiI,java/lang/Thread,,5,1,4255,,,
IillllIiiI(1).class,rustme/IillllIiiI,rustme/IillilIiiI,,10,4,3629,,,
IillllIilI(2).class,rustme/IillllIilI,java/lang/Object,,0,1,174,,,
IillllIliI(5).class,rustme/IillllIliI,java/lang/Object,kotlin/jvm/functions/Function0,3,1,1135,Kotlin internals,,
IilllliIiI(5).class,rustme/IilllliIiI,rustme/liliiiIIiI,,23,0,4012,,,
IilllliiII(13).class,rustme/IilllliiII,java/lang/Object,kotlin/jvm/functions/Function1,5,1,1468,Kotlin internals,,
IillllilII(8).class,rustme/IillllilII,java/lang/Object,,0,5,262,,,
IilllliliI(1).class,rustme/IilllliliI,rustme/llIIlliliI,,25,42,20896,Kotlin internals,,
IilllllIiI(5).class,rustme/IilllllIiI,java/lang/Object,,1,1,833,,,
IillllliII(8).class,rustme/IillllliII,java/lang/Object,,0,2,194,,,
IillllliiI(1).class,rustme/IillllliiI,java/lang/Object,rustme/lIllllliiI,4,1,3133,,,
IillllllII(4).class,rustme/IillllllII,java/lang/Object,,0,10,372,,,
IilllllliI(1).class,rustme/IilllllliI,java/lang/Object,kotlin/jvm/functions/Function1,5,1,1936,Kotlin internals,,
IlIIIIIIII(155).class,rustme/IlIIIIIIII,java/lang/Object,,0,7,299,,,
IlIIIIIIiI(63).class,rustme/IlIIIIIIiI,rustme/llliiIIIiI,,10,0,6137,,,
IlIIIIIilI(31).class,rustme/IlIIIIIilI,java/lang/Object,,0,1,174,,,
IlIIIIIliI(63).class,rustme/IlIIIIIliI,java/lang/Object,,8,0,1965,Kotlin internals,,
IlIIIIiIiI(31).class,rustme/IlIIIIiIiI,java/lang/Object,com/google/common/base/Predicate,3,5,1485,,,
IlIIIIiiII(95).class,rustme/IlIIIIiiII,java/lang/Object,kotlin/jvm/functions/Function1,5,1,1496,Kotlin internals,,
IlIIIIilII(79).class,rustme/IlIIIIilII,java/lang/Object,,0,2,196,,,
IlIIIIiliI(31).class,rustme/IlIIIIiliI,java/lang/Object,kotlin/collections/Grouping,3,1,2139,Kotlin internals,,
IlIIIIlIiI(63).class,rustme/IlIIIIlIiI,java/lang/Object,,1,1,757,,,
IlIIIIliII(79).class,rustme/IlIIIIliII,java/lang/Object,,0,1,173,,,
IlIIIIliiI(31).class,rustme/IlIIIIliiI,rustme/lllliIliiI,,5,0,3181,,,
IlIIIIllII(47).class,rustme/IlIIIIllII,java/lang/Object,,0,1,174,,,
IlIIIIlliI(31).class,rustme/IlIIIIlliI,java/lang/Object,kotlin/jvm/functions/Function1,5,1,3046,Kotlin internals,,
IlIIIiIIiI(47).class,rustme/IlIIIiIIiI,rustme/liilIiIIiI,,8,0,2882,,,
IlIIIiIiII(111).class,rustme/IlIIIiIiII,java/lang/Object,kotlin/jvm/functions/Function1,5,1,1717,Kotlin internals,,
IlIIIiIlII(87).class,rustme/IlIIIiIlII,java/lang/Object,,0,5,262,,,
IlIIIiIliI(47).class,rustme/IlIIIiIliI,kotlin/properties/ObservableProperty,,4,1,2691,Kotlin internals,,
IlIIIiiIII(131).class,rustme/IlIIIiiIII,java/lang/Object,,0,34,866,,,
IlIIIiiIiI(15).class,rustme/IlIIIiiIiI,java/lang/Object,,1,4,571,,,
IlIIIiiiII(79).class,rustme/IlIIIiiiII,java/lang/Object,kotlin/jvm/functions/Function1,5,1,1598,Kotlin internals,,
IlIIIiiilI(7).class,rustme/IlIIIiiilI,java/lang/Object,,0,1,174,,,
IlIIIiiliI(15).class,rustme/IlIIIiiliI,java/lang/Object,,1,1,1338,Kotlin internals,,
IlIIIilIII(87).class,rustme/IlIIIilIII,java/lang/Object,,0,4,236,,,
IlIIIilIiI(47).class,rustme/IlIIIilIiI,java/lang/Enum,rustme/ililIilIiI,32,17,8782,,,
IlIIIiliiI(15).class,rustme/IlIIIiliiI,java/lang/Object,com/google/common/base/Function,6,0,2449,,,
IlIIIililI(7).class,rustme/IlIIIililI,java/lang/Object,,0,4,240,,,
IlIIIilliI(15).class,rustme/IlIIIilliI,java/lang/Object,,14,3,3658,Kotlin internals,,
IlIIIlIIiI(39).class,rustme/IlIIIlIIiI,java/lang/Object,,3,2,680,,,
IlIIIlIiII(63).class,rustme/IlIIIlIiII,java/lang/Object,,0,9,341,,,
IlIIIlIiiI(7).class,rustme/IlIIIlIiiI,java/lang/Enum,rustme/ililIilIiI,8,3,1712,,,
IlIIIlIlII(47).class,rustme/IlIIIlIlII,java/lang/Object,,0,1,174,,,
IlIIIlIliI(31).class,rustme/IlIIIlIliI,rustme/illIIlIliI,,14,3,4443,Kotlin internals,,
IlIIIliIII(71).class,rustme/IlIIIliIII,java/lang/Object,,0,1,173,,,
IlIIIliIiI(23).class,rustme/IlIIIliIiI,java/lang/Object,rustme/ilIiIilIiI,4,0,1599,,,
IlIIIliiII(55).class,rustme/IlIIIliiII,java/lang/Object,kotlin/jvm/functions/Function1,5,1,2844,Kotlin internals,,
IlIIIliilI(7).class,rustme/IlIIIliilI,java/lang/Object,,0,1,174,,,
IlIIIliliI(15).class,rustme/IlIIIliliI,kotlin/jvm/internal/FunctionReferenceImpl,kotlin/jvm/functions/Function1,5,0,1768,Kotlin internals,,
IlIIIllIII(47).class,rustme/IlIIIllIII,java/lang/Object,,0,18,530,,,
IlIIIllIiI(31).class,rustme/IlIIIllIiI,rustme/llIiIllIiI,,7,0,2084,,,
IlIIIlliiI(15).class,rustme/IlIIIlliiI,java/lang/Object,,6,2,3336,,,
IlIIIllliI(15).class,rustme/IlIIIllliI,java/lang/Object,kotlin/jvm/functions/Function1,5,1,1724,Kotlin internals,,
IlIIiIIIiI(55).class,rustme/IlIIiIIIiI,java/lang/Object,rustme/iIiiiIIIiI,2,0,973,,,
IlIIiIIiII(119).class,rustme/IlIIiIIiII,java/lang/Object,,16,0,6379,Kotlin internals,,
IlIIiIIlII(91).class,rustme/IlIIiIIlII,java/lang/Object,,0,2,196,,,
IlIIiIIliI(55).class,rustme/IlIIiIIliI,rustme/IliIIiIliI,,12,5,9004,GUI/Screen;Kotlin internals,,
IlIIiIiIII(135).class,rustme/IlIIiIiIII,java/lang/Object,,0,10,362,,,
IlIIiIiIiI(23).class,rustme/IlIIiIiIiI,java/lang/Enum,,18,7,3107,,,
IlIIiIiiII(87).class,rustme/IlIIiIiiII,java/lang/Object,kotlin/jvm/functions/Function1,5,1,3438,Kotlin internals,,
IlIIiIiilI(11).class,rustme/IlIIiIiilI,java/lang/Object,,0,1,174,,,
IlIIiIiliI(23).class,rustme/IlIIiIiliI,java/lang/Object,,2,0,1002,Kotlin internals,,
IlIIiIlIII(91).class,rustme/IlIIiIlIII,java/lang/Object,,0,1,173,,,
IlIIiIlIiI(55).class,rustme/IlIIiIlIiI,java/lang/Object,,79,25,29741,,,
IlIIiIliiI(23).class,rustme/IlIIiIliiI,rustme/ilIIliliiI,,10,5,2890,,,
IlIIiIlilI(11).class,rustme/IlIIiIlilI,java/lang/Object,,0,1,174,,,
IlIIiIlliI(23).class,rustme/IlIIiIlliI,java/lang/Object,kotlin/jvm/functions/Function1,5,1,2785,Kotlin internals,,
IlIIiiIIII(143).class,rustme/IlIIiiIIII,java/lang/Object,,0,6,278,,,
IlIIiiIIiI(39).class,rustme/IlIIiiIIiI,rustme/ilIIiiIIiI,,25,4,8987,,,
IlIIiiIiII(103).class,rustme/IlIIiiIiII,java/lang/Object,kotlin/jvm/functions/Function1,5,1,1898,Kotlin internals,,
IlIIiiIilI(19).class,rustme/IlIIiiIilI,java/lang/Object,,0,1,174,,,
IlIIiiIliI(39).class,rustme/IlIIiiIliI,java/lang/Object,,2,0,750,Kotlin internals,,
IlIIiiiIiI(7).class,rustme/IlIIiiiIiI,rustme/iIlIiiiIiI,,16,1,3921,Texture,,
IlIIiiiiII(71).class,rustme/IlIIiiiiII,java/lang/Object,kotlin/jvm/functions/Function1,5,1,1480,Kotlin internals,,
IlIIiiilII(67).class,rustme/IlIIiiilII,java/lang/Object,,0,1,174,,,
IlIIiiiliI(7).class,rustme/IlIIiiiliI,java/lang/Object,,4,0,2277,,,
IlIIiilIiI(39).class,rustme/IlIIiilIiI,java/lang/Object,rustme/ililIIiIiI,12,2,2550,,,
IlIIiiliII(67).class,rustme/IlIIiiliII,java/lang/Object,,0,282,6074,,,
IlIIiiliiI(7).class,rustme/IlIIiiliiI,rustme/IilIiiliiI,,2,0,1012,,,
IlIIiillII(35).class,rustme/IlIIiillII,java/lang/Object,,0,1,174,,,
IlIIiilliI(7).class,rustme/IlIIiilliI,java/lang/Object,,3,0,1859,Kotlin internals,,
IlIIilIIII(75).class,rustme/IlIIilIIII,java/lang/Object,,0,23,635,,,
IlIIilIIiI(31).class,rustme/IlIIilIIiI,java/lang/Object,rustme/llillIIIiI,10,2,2419,,,
IlIIilIilI(11).class,rustme/IlIIilIilI,java/lang/Object,,0,1,174,,,
IlIIilIliI(23).class,rustme/IlIIilIliI,java/lang/Object,,32,7,24193,Kotlin internals,,
IlIIiliIiI(15).class,rustme/IlIIiliIiI,rustme/iliIiliIiI,,5,6,2596,,,
IlIIiliiII(47).class,rustme/IlIIiliiII,java/lang/Object,kotlin/jvm/functions/Function1,5,1,1780,Kotlin internals,,
IlIIililII(35).class,rustme/IlIIililII,java/lang/Object,,0,2,196,,,
IlIIililiI(7).class,rustme/IlIIililiI,rustme/IlilIIIliI,,4,1,3338,Kotlin internals,,
IlIIillIiI(23).class,rustme/IlIIillIiI,java/lang/Object,,9,2,1712,,,
IlIIilliII(35).class,rustme/IlIIilliII,java/lang/Object,,0,4,236,,,
IlIIilliiI(7).class,rustme/IlIIilliiI,java/lang/Object,,1,1,854,,,
IlIIilllII(19).class,rustme/IlIIilllII,java/lang/Object,,0,1,174,,,
IlIIillliI(7).class,rustme/IlIIillliI,java/lang/Object,kotlin/jvm/functions/Function1,5,1,3069,Kotlin internals,,
IlIIlIIIiI(31).class,rustme/IlIIlIIIiI,io/netty/handler/codec/ByteToMessageDecoder,,4,0,2199,,,
IlIIlIIiII(59).class,rustme/IlIIlIIiII,java/lang/Object,,0,1,173,,,
IlIIlIIlII(47).class,rustme/IlIIlIIlII,java/lang/Object,,0,1,174,,,
IlIIlIIliI(31).class,rustme/IlIIlIIliI,java/lang/Object,kotlin/jvm/functions/Function1,5,2,3789,Kotlin internals,,
IlIIlIiIII(67).class,rustme/IlIIlIiIII,java/lang/Object,,0,1,173,,,
IlIIlIiIiI(15).class,rustme/IlIIlIiIiI,java/lang/Object,,0,0,220,,,
IlIIlIiiII(47).class,rustme/IlIIlIiiII,java/lang/Object,kotlin/jvm/functions/Function1,5,1,1641,Kotlin internals,,
IlIIlIiilI(7).class,rustme/IlIIlIiilI,java/lang/Object,,0,1,174,,,
IlIIlIiliI(15).class,rustme/IlIIlIiliI,kotlin/jvm/internal/FunctionReferenceImpl,kotlin/jvm/functions/Function1,5,1,1495,Kotlin internals,,
IlIIlIlIII(47).class,rustme/IlIIlIlIII,java/lang/Object,,0,4,236,,,
IlIIlIlIiI(31).class,rustme/IlIIlIlIiI,java/lang/Object,,7,2,1303,,,
IlIIlIliiI(15).class,rustme/IlIIlIliiI,java/lang/Object,rustme/iililIliiI,2,0,726,Particles,,
IlIIlIlliI(15).class,rustme/IlIIlIlliI,java/lang/Object,kotlin/jvm/functions/Function1,5,1,1815,Kotlin internals,,
IlIIliIIII(71).class,rustme/IlIIliIIII,java/lang/Object,,0,12,404,,,
IlIIliIIiI(23).class,rustme/IlIIliIIiI,java/lang/Object,rustme/lIIIliIIiI,27,5,5445,,,
IlIIliIiII(55).class,rustme/IlIIliIiII,java/lang/Object,rustme/lIIlIiIiII,8,1,2672,Kotlin internals,,
IlIIliIilI(11).class,rustme/IlIIliIilI,java/lang/Object,,0,1,174,,,
IlIIliIliI(23).class,rustme/IlIIliIliI,java/lang/Object,,2,0,1404,Kotlin internals,,
IlIIliiIiI(7).class,rustme/IlIIliiIiI,java/lang/Object,,14,18,8794,,,
IlIIliiiII(39).class,rustme/IlIIliiiII,java/lang/Object,kotlin/jvm/functions/Function1,5,1,3110,Kotlin internals,,
IlIIliilII(35).class,rustme/IlIIliilII,java/lang/Object,,0,6,284,,,
IlIIliiliI(7).class,rustme/IlIIliiliI,rustme/IIlIIliIiI,,8,4,3086,NBT;Kotlin internals,,
IlIIlilIiI(23).class,rustme/IlIIlilIiI,java/lang/Object,,0,0,220,,,
IlIIliliII(35).class,rustme/IlIIliliII,java/lang/Object,,0,1,173,,,
IlIIliliiI(7).class,rustme/IlIIliliiI,rustme/ilIIliliiI,,13,4,3965,,,
IlIIlillII(19).class,rustme/IlIIlillII,java/lang/Object,,0,1,174,,,
IlIIlilliI(7).class,rustme/IlIIlilliI,java/lang/Object,,13,1,6778,Kotlin internals,,
IlIIllIIII(43).class,rustme/IlIIllIIII,java/lang/Object,,0,4,236,,,
IlIIllIIiI(23).class,rustme/IlIIllIIiI,java/lang/Object,rustme/iIiIiIlIiI,8,1,1792,,,
IlIIllIiiI(7).class,rustme/IlIIllIiiI,java/lang/Object,,1,2,954,,,
IlIIllIilI(7).class,rustme/IlIIllIilI,java/lang/Object,,0,1,174,,,
IlIIllIliI(15).class,rustme/IlIIllIliI,kotlin/coroutines/jvm/internal/SuspendLambda,kotlin/jvm/functions/Function2,7,2,3263,Kotlin internals,,
IlIIlliIiI(15).class,rustme/IlIIlliIiI,java/lang/Object,com/google/common/base/Predicate,3,0,1046,,,
IlIIlliiII(31).class,rustme/IlIIlliiII,java/lang/Object,kotlin/jvm/functions/Function1,5,1,1468,Kotlin internals,,
IlIIllilII(19).class,rustme/IlIIllilII,java/lang/Object,,0,8,328,,,
IlIIlliliI(7).class,rustme/IlIIlliliI,java/lang/Object,kotlin/jvm/functions/Function1,4,1,1079,Kotlin internals,,
IlIIlllIiI(15).class,rustme/IlIIlllIiI,java/lang/Object,rustme/ilIIlllIiI,5,0,2140,,,
IlIIllliII(19).class,rustme/IlIIllliII,java/lang/Object,,0,3,215,,,
IlIIllliiI(7).class,rustme/IlIIllliiI,java/lang/Object,rustme/llIIllliiI,6,4,1547,,,
IlIIllllII(11).class,rustme/IlIIllllII,java/lang/Object,,0,1,174,,,
IlIIlllliI(7).class,rustme/IlIIlllliI,java/lang/Object,kotlin/jvm/functions/Function1,5,1,1541,Kotlin internals,,
IlIiIIIIiI(59).class,rustme/IlIiIIIIiI,rustme/lIIIIIIIiI,,5,1,3356,,,
IlIiIIIiII(121).class,rustme/IlIiIIIiII,java/lang/Object,,0,6,278,,,
IlIiIIIlII(93).class,rustme/IlIiIIIlII,java/lang/Object,,0,1,174,,,
IlIiIIIliI(59).class,rustme/IlIiIIIliI,java/lang/Object,,1,1,747,Kotlin internals,,
IlIiIIiIII(137).class,rustme/IlIiIIiIII,java/lang/Object,,0,28,740,,,
IlIiIIiIiI(27).class,rustme/IlIiIIiIiI,rustme/IliiIIiIiI,,5,0,870,,,
IlIiIIiiII(91).class,rustme/IlIiIIiiII,java/lang/Object,kotlin/jvm/functions/Function1,5,1,1880,Kotlin internals,,
IlIiIIiilI(13).class,rustme/IlIiIIiilI,java/lang/Object,,0,1,174,,,
IlIiIIiliI(27).class,rustme/IlIiIIiliI,kotlin/coroutines/jvm/internal/SuspendLambda,kotlin/jvm/functions/Function2,7,2,3184,Kotlin internals,,
IlIiIIlIII(93).class,rustme/IlIiIIlIII,java/lang/Object,,0,4,236,,,
IlIiIIlIiI(59).class,rustme/IlIiIIlIiI,rustme/IIIiIIlIiI,,2,0,1092,,,
IlIiIIliiI(27).class,rustme/IlIiIIliiI,rustme/lIlliIliiI,,3,4,4396,,,
IlIiIIlliI(27).class,rustme/IlIiIIlliI,java/lang/Object,kotlin/jvm/functions/Function1,5,1,1761,Kotlin internals,,
IlIiIiIIII(145).class,rustme/IlIiIiIIII,java/lang/Object,,0,10,362,,,
IlIiIiIIiI(43).class,rustme/IlIiIiIIiI,rustme/llillilIiI,,4,0,1564,,,
IlIiIiIiII(107).class,rustme/IlIiIiIiII,java/lang/Object,kotlin/jvm/functions/Function1,5,1,1702,Kotlin internals,,
IlIiIiIilI(21).class,rustme/IlIiIiIilI,java/lang/Object,,0,1,174,,,
IlIiIiIliI(43).class,rustme/IlIiIiIliI,rustme/IIIiIiIliI,,11,4,4233,Kotlin internals,,
IlIiIiiIiI(11).class,rustme/IlIiIiiIiI,rustme/ilIiiiiIiI,,6,1,1662,Texture,,
IlIiIiiiII(75).class,rustme/IlIiIiiiII,java/lang/Object,kotlin/jvm/functions/Function1,5,1,1504,Kotlin internals,,
IlIiIiilII(69).class,rustme/IlIiIiilII,java/lang/Object,,0,7,306,,,
IlIiIiiliI(11).class,rustme/IlIiIiiliI,rustme/iiliIiiliI,,1,0,529,,,
IlIiIilIiI(43).class,rustme/IlIiIilIiI,java/lang/Object,,2,0,222,,,
IlIiIiliII(69).class,rustme/IlIiIiliII,java/lang/Object,,0,1,173,,,
IlIiIiliiI(11).class,rustme/IlIiIiliiI,rustme/IillilIiiI,,11,0,3577,,,
IlIiIillII(37).class,rustme/IlIiIillII,java/lang/Object,,0,1,174,,,
IlIiIilliI(11).class,rustme/IlIiIilliI,rustme/llIiIilliI,,4,1,1404,Kotlin internals,,
IlIiIlIIII(77).class,rustme/IlIiIlIIII,java/lang/Object,,0,10,362,,,
IlIiIlIIiI(35).class,rustme/IlIiIlIIiI,java/lang/Object,rustme/llillIIIiI,11,5,2832,,,
IlIiIlIiiI(3).class,rustme/IlIiIlIiiI,rustme/lIIiIlIiiI,,3,0,1119,,,
IlIiIlIilI(13).class,rustme/IlIiIlIilI,java/lang/Object,,0,1,174,,,
IlIiIlIliI(27).class,rustme/IlIiIlIliI,java/lang/Object,,16,3,3648,Kotlin internals,,
IlIiIliIiI(19).class,rustme/IlIiIliIiI,java/lang/Object,,0,0,220,,,
IlIiIliiII(51).class,rustme/IlIiIliiII,java/lang/Object,kotlin/jvm/functions/Function1,5,1,1899,Kotlin internals,,
IlIiIlilII(37).class,rustme/IlIiIlilII,java/lang/Object,,0,2,196,,,
IlIiIliliI(11).class,rustme/IlIiIliliI,java/lang/Enum,,7,5,2066,Kotlin internals,,
IlIiIllIiI(27).class,rustme/IlIiIllIiI,java/lang/Object,,4,0,309,,,
IlIiIlliII(37).class,rustme/IlIiIlliII,java/lang/Object,,0,22,614,,,
IlIiIlliiI(11).class,rustme/IlIiIlliiI,java/lang/Object,,0,0,220,,,
IlIiIlllII(21).class,rustme/IlIiIlllII,java/lang/Object,,0,1,174,,,
IlIiIllliI(11).class,rustme/IlIiIllliI,java/lang/Object,kotlin/jvm/functions/Function1,5,1,1541,Kotlin internals,,
IlIiiIIIII(149).class,rustme/IlIiiIIIII,java/lang/Object,,0,5,257,,,
IlIiiIIIiI(51).class,rustme/IlIiiIIIiI,java/lang/Object,rustme/liIiIIIIiI,2,0,757,,,
IlIiiIIiII(115).class,rustme/IlIiiIIiII,java/lang/Enum,,7,4,1964,Kotlin internals,,
IlIiiIIilI(25).class,rustme/IlIiiIIilI,java/lang/Object,,0,1,174,,,
IlIiiIIliI(51).class,rustme/IlIiiIIliI,java/lang/Object,,3,0,1597,Kotlin internals,,
IlIiiIiIiI(19).class,rustme/IlIiiIiIiI,java/lang/Object,rustme/IIIiiIiIiI,11,4,5195,,,
IlIiiIiiII(83).class,rustme/IlIiiIiiII,java/lang/Object,kotlin/jvm/functions/Function1,5,1,2013,Kotlin internals,,
IlIiiIilII(73).class,rustme/IlIiiIilII,java/lang/Object,,0,12,416,,,
IlIiiIiliI(19).class,rustme/IlIiiIiliI,java/lang/Object,rustme/IIlililliI,10,1,5749,Kotlin internals,,
IlIiiIlIiI(51).class,rustme/IlIiiIlIiI,rustme/IIlllilIiI,,2,1,1602,,,
IlIiiIliII(73).class,rustme/IlIiiIliII,java/lang/Object,,0,1,173,,,
IlIiiIliiI(19).class,rustme/IlIiiIliiI,rustme/IiliiIliiI,,9,5,7191,GUI/Screen;Texture,,
IlIiiIllII(41).class,rustme/IlIiiIllII,java/lang/Object,,0,1,174,,,
IlIiiIlliI(19).class,rustme/IlIiiIlliI,java/lang/Object,kotlin/jvm/functions/Function1,5,1,3209,Kotlin internals,,
IlIiiiIIiI(35).class,rustme/IlIiiiIIiI,rustme/iliIiliIiI,,3,3,1344,,,
IlIiiiIiII(99).class,rustme/IlIiiiIiII,java/lang/Object,kotlin/jvm/functions/Function1,5,1,3533,Kotlin internals,,
IlIiiiIlII(81).class,rustme/IlIiiiIlII,java/lang/Object,,0,2,196,,,
IlIiiiIliI(35).class,rustme/IlIiiiIliI,java/lang/Object,kotlin/jvm/functions/Function1,5,1,1495,Kotlin internals,,
IlIiiiiIII(125).class,rustme/IlIiiiiIII,java/lang/Object,,0,3,215,,,
IlIiiiiIiI(3).class,rustme/IlIiiiiIiI,rustme/iIlIiiiIiI,,5,1,1259,Texture,,
IlIiiiiiII(67).class,rustme/IlIiiiiiII,java/lang/Object,kotlin/jvm/functions/Function1,5,1,1541,Kotlin internals,,
IlIiiiiilI(1).class,rustme/IlIiiiiilI,java/lang/Object,,0,1,174,,,
IlIiiiiliI(3).class,rustme/IlIiiiiliI,java/lang/Object,,18,5,2666,,,
IlIiiilIII(81).class,rustme/IlIiiilIII,java/lang/Object,,0,1,173,,,
IlIiiilIiI(35).class,rustme/IlIiiilIiI,rustme/IiiiiilIiI,,9,1,2123,,,
IlIiiiliiI(3).class,rustme/IlIiiiliiI,java/lang/Object,com/google/common/base/Predicate,3,1,1275,,,
IlIiiililI(1).class,rustme/IlIiiililI,java/lang/Object,,0,1,174,,,
IlIiiilliI(3).class,rustme/IlIiiilliI,java/lang/Object,kotlin/jvm/functions/Function2,2,2,2306,Kotlin internals,,
IlIiilIIiI(27).class,rustme/IlIiilIIiI,java/lang/Object,rustme/llillIIIiI,7,1,1610,,,
IlIiilIiII(57).class,rustme/IlIiilIiII,java/lang/Object,,0,1,173,,,
IlIiilIlII(41).class,rustme/IlIiilIlII,java/lang/Object,,0,1,174,,,
IlIiilIliI(19).class,rustme/IlIiilIliI,java/lang/Object,kotlin/jvm/functions/Function1,5,2,3782,Kotlin internals,,
IlIiiliIII(65).class,rustme/IlIiiliIII,java/lang/Object,,0,6,278,,,
IlIiiliIiI(11).class,rustme/IlIiiliIiI,rustme/llIiiliIiI,,2,0,600,,,
IlIiiliiII(43).class,rustme/IlIiiliiII,java/lang/Object,kotlin/jvm/functions/Function1,5,1,1506,Kotlin internals,,
IlIiiliilI(1).class,rustme/IlIiiliilI,java/lang/Object,,0,1,174,,,
IlIiililiI(3).class,rustme/IlIiililiI,rustme/IlilIIIliI,,5,1,2418,Kotlin internals,,
IlIiillIII(41).class,rustme/IlIiillIII,java/lang/Object,,0,32,824,,,
IlIiillIiI(19).class,rustme/IlIiillIiI,java/lang/Object,,6,0,1174,,,
IlIiilliiI(3).class,rustme/IlIiilliiI,rustme/lililIliiI,,5,2,2211,Particles,,
IlIiillliI(3).class,rustme/IlIiillliI,java/lang/Object,kotlin/jvm/functions/Function1,5,1,1672,Kotlin internals,,
IlIilIIIII(73).class,rustme/IlIilIIIII,java/lang/Object,,0,14,446,,,
IlIilIIIiI(27).class,rustme/IlIilIIIiI,java/lang/Object,rustme/iililIIIiI,1,0,202,,,
IlIilIIilI(13).class,rustme/IlIilIIilI,java/lang/Object,,0,1,174,,,
IlIilIIliI(27).class,rustme/IlIilIIliI,rustme/IililIIliI,,4,0,2641,Kotlin internals,,
IlIilIiIiI(11).class,rustme/IlIilIiIiI,java/lang/Object,rustme/IiiIlIiIiI,5,0,1460,,,
IlIilIiiII(43).class,rustme/IlIilIiiII,java/lang/Object,kotlin/jvm/functions/Function1,5,1,1641,Kotlin internals,,
IlIilIilII(37).class,rustme/IlIilIilII,java/lang/Object,,0,2,196,,,
IlIilIiliI(11).class,rustme/IlIilIiliI,rustme/lIllIiliiI,,3,0,2161,Kotlin internals;Sounds,,
IlIilIlIiI(27).class,rustme/IlIilIlIiI,rustme/IlllIIlIiI,,7,0,1907,,,
IlIilIliII(37).class,rustme/IlIilIliII,java/lang/Object,,0,2,194,,,
IlIilIliiI(11).class,rustme/IlIilIliiI,java/lang/Object,rustme/iililIliiI,2,0,881,Particles,,
IlIilIllII(21).class,rustme/IlIilIllII,java/lang/Object,,0,1,174,,,
IlIilIlliI(11).class,rustme/IlIilIlliI,java/lang/Object,kotlin/jvm/functions/Function1,5,1,2913,Kotlin internals,,
IlIiliIIiI(19).class,rustme/IlIiliIIiI,rustme/lllIliIIiI,,5,0,1072,,,
IlIiliIiII(51).class,rustme/IlIiliIiII,java/lang/Object,rustme/lIIlIiIiII,10,2,2559,Kotlin internals,,
IlIiliIlII(41).class,rustme/IlIiliIlII,java/lang/Object,,0,1,174,,,
IlIiliIliI(19).class,rustme/IlIiliIliI,rustme/IliIIiIliI,,29,47,26920,Kotlin internals,,
IlIiliiIII(61).class,rustme/IlIiliiIII,java/lang/Object,,0,2,194,,,
IlIiliiIiI(3).class,rustme/IlIiliiIiI,rustme/iliiliiIiI,,4,4,2547,,,
IlIiliiiII(35).class,rustme/IlIiliiiII,java/lang/Object,kotlin/jvm/functions/Function1,5,1,2220,Kotlin internals,,
IlIiliiilI(1).class,rustme/IlIiliiilI,java/lang/Object,,0,1,174,,,
IlIiliiliI(3).class,rustme/IlIiliiliI,java/lang/Object,,3,0,1144,Kotlin internals,,
IlIililIII(41).class,rustme/IlIililIII,java/lang/Object,,0,2,194,,,
IlIililIiI(19).class,rustme/IlIililIiI,java/lang/Object,rustme/IIilIilIiI,7,2,2597,,,
IlIililiiI(3).class,rustme/IlIililiiI,java/lang/Object,rustme/ilIililiiI,2,1,821,,,
IlIilililI(1).class,rustme/IlIilililI,java/lang/Object,,0,2,196,,,
IlIililliI(3).class,rustme/IlIililliI,java/lang/Object,,3,0,1132,Kotlin internals,,
IlIillIIiI(19).class,rustme/IlIillIIiI,java/lang/Object,rustme/iiIillIIiI,4,1,1147,,,
IlIillIiII(33).class,rustme/IlIillIiII,java/lang/Object,,0,1,173,,,
IlIillIiiI(3).class,rustme/IlIillIiiI,java/lang/Enum,rustme/ililIilIiI,10,17,3891,,,
IlIillIlII(21).class,rustme/IlIillIlII,java/lang/Object,,0,1,174,,,
IlIillIliI(11).class,rustme/IlIillIliI,java/lang/Object,,2,4,872,Kotlin internals,,
IlIilliIII(37).class,rustme/IlIilliIII,java/lang/Object,,0,212,4604,,,
IlIilliIiI(11).class,rustme/IlIilliIiI,rustme/lililliIiI,,12,0,2765,,,
IlIilliiII(27).class,rustme/IlIilliiII,java/lang/Object,kotlin/jvm/functions/Function1,5,1,3516,Kotlin internals,,
IlIilliilI(1).class,rustme/IlIilliilI,java/lang/Object,,0,1,174,,,
IlIilliliI(3).class,rustme/IlIilliliI,kotlin/jvm/internal/MutablePropertyReference1Impl,,5,1,1407,Kotlin internals,,
IlIilllIII(21).class,rustme/IlIilllIII,java/lang/Object,,0,1,174,,,
IlIilllIiI(11).class,rustme/IlIilllIiI,java/lang/Object,,1,1,584,,,
IlIillliiI(3).class,rustme/IlIillliiI,java/lang/Object,rustme/liiIllliiI,2,0,1480,,,
IlIilllliI(3).class,rustme/IlIilllliI,java/lang/Object,kotlin/jvm/functions/Function1,5,1,3088,Kotlin internals,,
IlIlIIIIiI(31).class,rustme/IlIlIIIIiI,java/lang/Object,,4,0,605,,,
IlIlIIIiII(61).class,rustme/IlIlIIIiII,java/lang/Object,,0,3,215,,,
IlIlIIIlII(47).class,rustme/IlIlIIIlII,java/lang/Object,,0,1,174,,,
IlIlIIIliI(31).class,rustme/IlIlIIIliI,java/lang/Object,,5,0,2801,Kotlin internals,,
IlIlIIiIII(69).class,rustme/IlIlIIiIII,java/lang/Object,,0,24,656,,,
IlIlIIiIiI(15).class,rustme/IlIlIIiIiI,rustme/IIlliIiIiI,,9,0,3234,,,
IlIlIIiiII(47).class,rustme/IlIlIIiiII,java/lang/Object,,44,27,13450,Kotlin internals,,
IlIlIIiilI(7).class,rustme/IlIlIIiilI,java/lang/Object,,0,1,174,,,
IlIlIIiliI(15).class,rustme/IlIlIIiliI,java/lang/Object,,10,4,5264,Kotlin internals,,
IlIlIIlIII(47).class,rustme/IlIlIIlIII,java/lang/Object,,0,7,299,,,
IlIlIIlIiI(31).class,rustme/IlIlIIlIiI,java/lang/Object,,0,0,220,,,
IlIlIIliiI(15).class,rustme/IlIlIIliiI,java/lang/Thread,,8,6,4064,,,
IlIlIIlliI(15).class,rustme/IlIlIIlliI,java/lang/Object,kotlin/jvm/functions/Function1,5,1,2004,Kotlin internals,,
IlIlIiIIII(73).class,rustme/IlIlIiIIII,java/lang/Object,,0,1,173,,,
IlIlIiIIiI(23).class,rustme/IlIlIiIIiI,rustme/IIiiliIIiI,,2,0,1685,,,
IlIlIiIiII(55).class,rustme/IlIlIiIiII,rustme/IillIiIiII,,5,1,1433,Kotlin internals,,
IlIlIiIilI(11).class,rustme/IlIlIiIilI,java/lang/Object,,0,1,174,,,
IlIlIiIliI(23).class,rustme/IlIlIiIliI,java/lang/Object,,3,0,1090,Kotlin internals,,
IlIlIiiIiI(7).class,rustme/IlIlIiiIiI,java/lang/Object,,4,3,1078,,,
IlIlIiiiII(39).class,rustme/IlIlIiiiII,java/lang/Object,kotlin/jvm/functions/Function1,5,1,1769,Kotlin internals,,
IlIlIiilII(35).class,rustme/IlIlIiilII,java/lang/Object,,0,3,218,,,
IlIlIiiliI(7).class,rustme/IlIlIiiliI,rustme/iillIiiliI,,3,0,1348,Kotlin internals,,
IlIlIilIiI(23).class,rustme/IlIlIilIiI,com/google/common/collect/AbstractIterator,,3,5,1561,,,
IlIlIiliII(35).class,rustme/IlIlIiliII,java/lang/Object,,0,2,194,,,
IlIlIiliiI(7).class,rustme/IlIlIiliiI,java/lang/Object,rustme/IIIlIiliiI;rustme/iiIlIilIiI,1,0,208,,,
IlIlIillII(19).class,rustme/IlIlIillII,java/lang/Object,,0,1,174,,,
IlIlIilliI(7).class,rustme/IlIlIilliI,java/lang/Object,,2,4,896,Kotlin internals,,
IlIlIlIIII(41).class,rustme/IlIlIlIIII,java/lang/Object,,0,2,194,,,
IlIlIlIIiI(21).class,rustme/IlIlIlIIiI,rustme/liilIlIIiI,,14,1,12011,,,
IlIlIlIiiI(5).class,rustme/IlIlIlIiiI,java/lang/Object,com/google/common/base/Predicate,3,1,1175,,,
IlIlIlIilI(7).class,rustme/IlIlIlIilI,java/lang/Object,,0,1,174,,,
IlIlIlIliI(15).class,rustme/IlIlIlIliI,java/lang/Object,,16,4,3870,Kotlin internals,,
IlIlIliIiI(13).class,rustme/IlIlIliIiI,java/lang/Enum,,6,5,1499,,,
IlIlIliiII(29).class,rustme/IlIlIliiII,java/lang/Object,kotlin/jvm/functions/Function1,5,1,1973,Kotlin internals,,
IlIlIlilII(19).class,rustme/IlIlIlilII,java/lang/Object,,0,3,218,,,
IlIlIliliI(7).class,rustme/IlIlIliliI,java/lang/Object,kotlin/jvm/functions/Function0,3,1,1618,Kotlin internals,,
IlIlIllIiI(15).class,rustme/IlIlIllIiI,rustme/llIiIllIiI,,7,0,2067,,,
IlIlIlliII(19).class,rustme/IlIlIlliII,java/lang/Object,,0,65,1517,,,
IlIlIlliiI(7).class,rustme/IlIlIlliiI,java/lang/Object,,5,3,1191,,,
IlIlIlllII(11).class,rustme/IlIlIlllII,java/lang/Object,,0,1,174,,,
IlIlIllliI(7).class,rustme/IlIlIllliI,java/lang/Object,kotlin/jvm/functions/Function1,5,1,1468,Kotlin internals,,
IlIliIIIII(75).class,rustme/IlIliIIIII,java/lang/Object,,0,1,173,,,
IlIliIIIiI(27).class,rustme/IlIliIIIiI,java/lang/Enum,,16,13,4089,,,
IlIliIIiII(59).class,rustme/IlIliIIiII,java/lang/Object,,7,3,3554,Kotlin internals,,
IlIliIIilI(13).class,rustme/IlIliIIilI,java/lang/Object,,0,1,174,,,
IlIliIIliI(27).class,rustme/IlIliIIliI,rustme/IliIIiIliI,,25,32,22132,Kotlin internals,,
IlIliIiIiI(11).class,rustme/IlIliIiIiI,java/lang/Object,rustme/IIIiiIiIiI,5,2,2105,,,
IlIliIiiII(43).class,rustme/IlIliIiiII,java/lang/Object,kotlin/jvm/functions/Function1,5,1,4056,Kotlin internals,,
IlIliIilII(37).class,rustme/IlIliIilII,java/lang/Object,,0,4,240,,,
IlIliIiliI(11).class,rustme/IlIliIiliI,java/lang/Object,,5,1,1834,Kotlin internals,,
IlIliIlIiI(27).class,rustme/IlIliIlIiI,java/lang/Object,,23,18,18944,,,
IlIliIliII(37).class,rustme/IlIliIliII,java/lang/Object,,0,1,173,,,
IlIliIliiI(11).class,rustme/IlIliIliiI,java/lang/Object,rustme/IiiIlIiIiI,3,1,1068,,,
IlIliIllII(21).class,rustme/IlIliIllII,java/lang/Object,,0,1,174,,,
IlIliIlliI(11).class,rustme/IlIliIlliI,java/lang/Object,kotlin/jvm/functions/Function1,5,1,2020,Kotlin internals,,
IlIliiIIiI(19).class,rustme/IlIliiIIiI,rustme/lliiIiIIiI,,31,3,10915,,,
IlIliiIiII(51).class,rustme/IlIliiIiII,java/lang/Object,kotlin/jvm/functions/Function0,4,1,954,Kotlin internals,,
IlIliiIlII(41).class,rustme/IlIliiIlII,java/lang/Object,,0,1,174,,,
IlIliiIliI(19).class,rustme/IlIliiIliI,rustme/IlilIIIliI,,33,16,17307,Kotlin internals,,
IlIliiiIII(63).class,rustme/IlIliiiIII,java/lang/Object,,0,2,194,,,
IlIliiiIiI(3).class,rustme/IlIliiiIiI,java/lang/Object,rustme/lIllllliiI,4,1,2199,,,
IlIliiiiII(35).class,rustme/IlIliiiiII,java/lang/Object,kotlin/jvm/functions/Function1,5,1,1463,Kotlin internals,,
IlIliiiilI(1).class,rustme/IlIliiiilI,java/lang/Object,,0,1,174,,,
IlIliiiliI(3).class,rustme/IlIliiiliI,java/lang/Object,,26,63,5222,,,
IlIliilIII(41).class,rustme/IlIliilIII,java/lang/Object,,0,1,173,,,
IlIliilIiI(19).class,rustme/IlIliilIiI,java/lang/Object,rustme/IlIiIilIiI,5,0,1808,,,
IlIliiliiI(3).class,rustme/IlIliiliiI,java/lang/Enum,rustme/ililIilIiI,14,14,4121,,,
IlIliililI(1).class,rustme/IlIliililI,java/lang/Object,,0,1,174,,,
IlIliilliI(3).class,rustme/IlIliilliI,java/lang/Enum,,7,4,1953,Kotlin internals,,
IlIlilIIiI(17).class,rustme/IlIlilIIiI,java/lang/Object,rustme/llillIIIiI,7,2,2702,,,
IlIlilIiII(31).class,rustme/IlIlilIiII,java/lang/Object,,0,1,173,,,
IlIlilIiiI(1).class,rustme/IlIlilIiiI,java/lang/Object,java/lang/annotation/Annotation,0,0,463,,,
IlIlilIlII(21).class,rustme/IlIlilIlII,java/lang/Object,,0,1,174,,,
IlIlilIliI(11).class,rustme/IlIlilIliI,java/lang/Object,,5,2,2265,Kotlin internals,,
IlIliliIII(35).class,rustme/IlIliliIII,java/lang/Object,,0,1,173,,,
IlIliliIiI(9).class,rustme/IlIliliIiI,rustme/illliliIiI,,3,3,1344,,,
IlIliliiII(25).class,rustme/IlIliliiII,java/lang/Object,kotlin/jvm/functions/Function1,5,1,3641,Kotlin internals,,
IlIliliilI(1).class,rustme/IlIliliilI,java/lang/Object,,0,1,174,,,
IlIlililiI(3).class,rustme/IlIlililiI,java/lang/Object,kotlin/jvm/functions/Function0,3,2,1577,Kotlin internals,,
IlIlillIII(21).class,rustme/IlIlillIII,java/lang/Object,,0,2,194,,,
IlIlillIiI(11).class,rustme/IlIlillIiI,java/lang/Object,,8,8,4394,,,
IlIlilliiI(3).class,rustme/IlIlilliiI,java/lang/Object,java/util/Comparator,3,0,1106,,,
IlIlillliI(3).class,rustme/IlIlillliI,java/lang/Object,kotlin/jvm/functions/Function1,5,1,2178,Kotlin internals,,
IlIllIIIII(37).class,rustme/IlIllIIIII,java/lang/Object,,0,13,425,,,
IlIllIIIiI(15).class,rustme/IlIllIIIiI,java/lang/Enum,,6,3,1392,,,
IlIllIIilI(7).class,rustme/IlIllIIilI,java/lang/Object,,0,1,174,,,
IlIllIIliI(15).class,rustme/IlIllIIliI,kotlin/jvm/internal/FunctionReferenceImpl,kotlin/jvm/functions/Function0,5,1,1274,Kotlin internals,,
IlIllIiIiI(7).class,rustme/IlIllIiIiI,java/lang/Object,,1,0,246,,,
IlIllIiiII(23).class,rustme/IlIllIiiII,java/lang/Object,kotlin/jvm/functions/Function1,5,1,1620,Kotlin internals,,
IlIllIilII(19).class,rustme/IlIllIilII,java/lang/Object,,0,2,196,,,
IlIllIiliI(7).class,rustme/IlIllIiliI,kotlin/properties/ObservableProperty,,4,0,5839,Kotlin internals,,
IlIllIlIiI(15).class,rustme/IlIllIlIiI,java/lang/Object,,5,3,10559,,,
IlIllIliII(19).class,rustme/IlIllIliII,java/lang/Object,,0,3,215,,,
IlIllIliiI(7).class,rustme/IlIllIliiI,java/lang/Object,rustme/IiiIlIiIiI,3,1,1038,Particles,,
IlIllIllII(11).class,rustme/IlIllIllII,java/lang/Object,,0,1,174,,,
IlIllIlliI(7).class,rustme/IlIllIlliI,java/lang/Object,kotlin/jvm/functions/Function1,5,1,3203,Kotlin internals,,
IlIlliIIiI(11).class,rustme/IlIlliIIiI,java/lang/Object,rustme/iiIlliIIiI,7,0,2938,,,
IlIlliIiII(27).class,rustme/IlIlliIiII,rustme/IIIlliIiII,,5,1,1900,Kotlin internals,,
IlIlliIlII(21).class,rustme/IlIlliIlII,java/lang/Object,,0,1,174,,,
IlIlliIliI(11).class,rustme/IlIlliIliI,java/lang/Object,,2,0,960,Kotlin internals,,
IlIlliiIII(31).class,rustme/IlIlliiIII,java/lang/Object,,0,20,572,,,
IlIlliiIiI(3).class,rustme/IlIlliiIiI,rustme/lIIlliiIiI,,6,0,4365,,,
IlIlliiiII(19).class,rustme/IlIlliiiII,java/lang/Object,kotlin/jvm/functions/Function1,5,1,3253,Kotlin internals,,
IlIlliiilI(1).class,rustme/IlIlliiilI,java/lang/Object,,0,1,174,,,
IlIlliiliI(3).class,rustme/IlIlliiliI,rustme/lilliiiliI,,2,1,768,Kotlin internals,,
IlIllilIII(21).class,rustme/IlIllilIII,java/lang/Object,,0,5,257,,,
IlIllilIiI(11).class,rustme/IlIllilIiI,java/util/ArrayList,,10,0,4292,,,
IlIlliliiI(3).class,rustme/IlIlliliiI,rustme/iIlililiiI,rustme/IiIiiIliiI,48,17,19771,,,
IlIllililI(1).class,rustme/IlIllililI,java/lang/Object,,0,2,196,,,
IlIllilliI(3).class,rustme/IlIllilliI,java/lang/Object,kotlin/jvm/functions/Function1,5,1,1468,Kotlin internals,,
IlIlllIIiI(11).class,rustme/IlIlllIIiI,java/lang/Object,,1,1,654,,,
IlIlllIiII(17).class,rustme/IlIlllIiII,java/lang/Object,,0,2,194,,,
IlIlllIiiI(3).class,rustme/IlIlllIiiI,rustme/IiiiIlIiiI,,11,2,4300,,,
IlIlllIlII(11).class,rustme/IlIlllIlII,java/lang/Object,,0,1,174,,,
IlIlllIliI(7).class,rustme/IlIlllIliI,java/lang/Object,kotlin/jvm/functions/Function0,4,1,1125,Kotlin internals,,
IlIllliIII(19).class,rustme/IlIllliIII,java/lang/Object,,0,8,320,,,
IlIllliIiI(7).class,rustme/IlIllliIiI,rustme/IlliiiIIiI,rustme/IlllIliIiI,19,2,7948,,,
IlIllliiII(15).class,rustme/IlIllliiII,java/lang/Object,kotlin/jvm/functions/Function1,5,1,3202,Kotlin internals,,
IlIllliilI(1).class,rustme/IlIllliilI,java/lang/Object,,0,1,174,,,
IlIllliliI(3).class,rustme/IlIllliliI,java/lang/Object,,1,1,743,Kotlin internals,,
IlIllllIII(11).class,rustme/IlIllllIII,java/lang/Object,,0,3,218,,,
IlIllllIiI(7).class,rustme/IlIllllIiI,java/lang/Object,,7,3,1916,,,
IlIlllliiI(3).class,rustme/IlIlllliiI,java/lang/Object,rustme/lIllllliiI,7,11,5163,,,
IlIllllliI(3).class,rustme/IlIllllliI,java/lang/Object,kotlin/jvm/functions/Function1,5,1,5553,Kotlin internals,,
IliIIIIIiI(61).class,rustme/IliIIIIIiI,rustme/iIlliIIIiI,,2,0,784,,,
IliIIIIiII(122).class,rustme/IliIIIIiII,java/lang/Object,,0,2,194,,,
IliIIIIlII(94).class,rustme/IliIIIIlII,java/lang/Object,,0,1,174,,,
IliIIIIliI(61).class,rustme/IliIIIIliI,rustme/IIiIIIIliI,,6,0,6686,Kotlin internals,,
IliIIIiIII(138).class,rustme/IliIIIiIII,java/lang/Object,,0,1,173,,,
IliIIIiIiI(29).class,rustme/IliIIIiIiI,rustme/IIlliIiIiI,,9,1,4937,,,
IliIIIiiII(93).class,rustme/IliIIIiiII,java/lang/Object,kotlin/jvm/functions/Function1,5,1,1880,Kotlin internals,,
IliIIIiilI(14).class,rustme/IliIIIiilI,java/lang/Object,,0,1,174,,,
IliIIIiliI(29).class,rustme/IliIIIiliI,java/lang/Object,,2,0,1035,Kotlin internals;Particles,,
IliIIIlIII(94).class,rustme/IliIIIlIII,java/lang/Object,,0,2,194,,,
IliIIIlIiI(61).class,rustme/IliIIIlIiI,java/lang/Object,,5,5,1940,,,
IliIIIliiI(29).class,rustme/IliIIIliiI,rustme/lIlliIliiI,,7,13,4616,,,
IliIIIlliI(29).class,rustme/IliIIIlliI,java/lang/Object,kotlin/jvm/functions/Function1,5,1,2782,Kotlin internals,,
IliIIiIIII(146).class,rustme/IliIIiIIII,java/lang/Object,,0,1,173,,,
IliIIiIIiI(45).class,rustme/IliIIiIIiI,java/lang/Enum,,10,12,3085,,,
IliIIiIiII(109).class,rustme/IliIIiIiII,java/lang/Object,kotlin/jvm/functions/Function1,5,1,1861,Kotlin internals,,
IliIIiIilI(22).class,rustme/IliIIiIilI,java/lang/Object,,0,1,174,,,
IliIIiIliI(45).class,rustme/IliIIiIliI,rustme/IlilIIIliI,,9,2,3437,Kotlin internals,RustMe UI base (mod),AnimatableColor/DrawStyle строки.
IliIIiiIiI(13).class,rustme/IliIIiiIiI,java/lang/Object,,1,4,525,,,
IliIIiiiII(77).class,rustme/IliIIiiiII,java/lang/Object,kotlin/jvm/functions/Function1,5,1,1528,Kotlin internals,,
IliIIiilII(70).class,rustme/IliIIiilII,java/lang/Object,,0,3,218,,,
IliIIiiliI(13).class,rustme/IliIIiiliI,java/lang/Object,,11,0,2699,,,
IliIIilIiI(45).class,rustme/IliIIilIiI,java/lang/Object,com/google/common/base/Predicate,3,3,1936,,,
IliIIiliII(70).class,rustme/IliIIiliII,java/lang/Object,,0,2,194,,,
IliIIiliiI(13).class,rustme/IliIIiliiI,java/lang/Object,,0,0,220,,,
IliIIillII(38).class,rustme/IliIIillII,java/lang/Object,,0,1,174,,,
IliIIilliI(13).class,rustme/IliIIilliI,java/lang/Object,,2,6,1046,Kotlin internals,,
IliIIlIIII(78).class,rustme/IliIIlIIII,java/lang/Object,,0,34,866,,,
IliIIlIIiI(37).class,rustme/IliIIlIIiI,java/lang/Object,rustme/llillIIIiI,9,3,1744,,,
IliIIlIiiI(5).class,rustme/IliIIlIiiI,rustme/iIIiIlIiiI,rustme/iIliIiliiI,26,2,7804,,,
IliIIlIilI(14).class,rustme/IliIIlIilI,java/lang/Object,,0,1,174,,,
IliIIlIliI(29).class,rustme/IliIIlIliI,java/lang/Object,,15,3,4259,Kotlin internals,,
IliIIliIiI(21).class,rustme/IliIIliIiI,rustme/liliIliIiI,,7,3,2744,,,
IliIIliiII(53).class,rustme/IliIIliiII,java/lang/Object,kotlin/jvm/functions/Function1,5,1,2021,Kotlin internals,,
IliIIlilII(38).class,rustme/IliIIlilII,java/lang/Object,,0,2,196,,,
IliIIliliI(13).class,rustme/IliIIliliI,java/lang/Object,kotlin/jvm/functions/Function1,5,1,1491,Kotlin internals,,
IliIIllIiI(29).class,rustme/IliIIllIiI,rustme/llIiIllIiI,,7,0,2194,,,
IliIIlliII(38).class,rustme/IliIIlliII,java/lang/Object,,0,5,257,,,
IliIIlliiI(13).class,rustme/IliIIlliiI,java/lang/Object,,11,8,5063,Particles,,
IliIIlllII(22).class,rustme/IliIIlllII,java/lang/Object,,0,1,174,,,
IliIIllliI(13).class,rustme/IliIIllliI,java/lang/Object,kotlin/jvm/functions/Function1,5,1,1451,Kotlin internals,,
IliIiIIIII(150).class,rustme/IliIiIIIII,java/lang/Object,,0,6,278,,,
IliIiIIIiI(53).class,rustme/IliIiIIIiI,rustme/llliiIIIiI,,2,0,873,,,
IliIiIIiII(117).class,rustme/IliIiIIiII,java/lang/Object,,62,0,22003,Kotlin internals,,
IliIiIIilI(26).class,rustme/IliIiIIilI,java/lang/Object,,0,1,174,,,
IliIiIIliI(53).class,rustme/IliIiIIliI,java/lang/Object,,15,8,6952,Kotlin internals,,
IliIiIiIiI(21).class,rustme/IliIiIiIiI,java/lang/Object,com/google/common/base/Function,5,0,1482,,,
IliIiIiiII(85).class,rustme/IliIiIiiII,java/lang/Object,kotlin/jvm/functions/Function1,5,1,1482,Kotlin internals,,
IliIiIilII(74).class,rustme/IliIiIilII,java/lang/Object,,0,5,262,,,
IliIiIiliI(21).class,rustme/IliIiIiliI,rustme/lllliIiliI,,7,4,6373,Kotlin internals,,
IliIiIlIiI(53).class,rustme/IliIiIlIiI,java/lang/Enum,,6,6,1659,,,
IliIiIliII(74).class,rustme/IliIiIliII,java/lang/Object,,0,1,173,,,
IliIiIliiI(21).class,rustme/IliIiIliiI,java/lang/Object,,2,1,438,,,
IliIiIllII(42).class,rustme/IliIiIllII,java/lang/Object,,0,1,174,,,
IliIiIlliI(21).class,rustme/IliIiIlliI,java/lang/Object,kotlin/jvm/functions/Function1,5,1,3319,Kotlin internals,,
IliIiiIIiI(37).class,rustme/IliIiiIIiI,rustme/iliIiliIiI,,4,1,2034,,,
IliIiiIiII(101).class,rustme/IliIiiIiII,java/lang/Object,kotlin/jvm/functions/Function1,5,1,1899,Kotlin internals,,
IliIiiIlII(82).class,rustme/IliIiiIlII,java/lang/Object,,0,1,174,,,
IliIiiIliI(37).class,rustme/IliIiiIliI,java/lang/Object,,2,0,1410,Kotlin internals,,
IliIiiiIII(126).class,rustme/IliIiiiIII,java/lang/Object,,0,1,173,,,
IliIiiiIiI(5).class,rustme/IliIiiiIiI,rustme/lliiiiiIiI,,5,1,3495,,,
IliIiiiiII(69).class,rustme/IliIiiiiII,java/lang/Object,kotlin/jvm/functions/Function1,5,1,1468,Kotlin internals,,
IliIiiiilI(2).class,rustme/IliIiiiilI,java/lang/Object,,0,1,174,,,
IliIiiiliI(5).class,rustme/IliIiiiliI,java/lang/Object,,10,2,3123,,,
IliIiilIII(82).class,rustme/IliIiilIII,java/lang/Object,,0,3,215,,,
IliIiilIiI(37).class,rustme/IliIiilIiI,rustme/lliiiilIiI,rustme/iiIlIilIiI,12,1,2519,,,
IliIiiliiI(5).class,rustme/IliIiiliiI,rustme/IillilIiiI,,9,1,3126,,,
IliIiililI(2).class,rustme/IliIiililI,java/lang/Object,,0,1,174,,,
IliIiilliI(5).class,rustme/IliIiilliI,java/lang/Object,,5,0,5189,Kotlin internals,,
IliIilIIiI(29).class,rustme/IliIilIIiI,java/lang/Object,rustme/llillIIIiI,10,3,1966,,,
IliIilIiII(58).class,rustme/IliIilIiII,java/lang/Object,,0,1,173,,,
IliIilIlII(42).class,rustme/IliIilIlII,java/lang/Object,,0,1,174,,,
IliIilIliI(21).class,rustme/IliIilIliI,java/lang/Object,,11,1,12143,Kotlin internals,,
IliIiliIII(66).class,rustme/IliIiliIII,java/lang/Object,,0,3,215,,,
IliIiliIiI(13).class,rustme/IliIiliIiI,rustme/iliIiliIiI,,7,5,2552,,,
IliIiliiII(45).class,rustme/IliIiliiII,java/lang/Object,kotlin/jvm/functions/Function1,5,1,1898,Kotlin internals,,
IliIiliilI(2).class,rustme/IliIiliilI,java/lang/Object,,0,1,174,,,
IliIililiI(5).class,rustme/IliIililiI,java/lang/Object,kotlin/jvm/functions/Function1,4,1,1573,Kotlin internals,,
IliIillIII(42).class,rustme/IliIillIII,java/lang/Object,,0,2,194,,,
IliIillIiI(21).class,rustme/IliIillIiI,java/lang/Object,,1,0,194,,,
IliIilliiI(5).class,rustme/IliIilliiI,java/lang/Object,,0,0,220,,,
IliIillliI(5).class,rustme/IliIillliI,java/lang/Object,kotlin/jvm/functions/Function1,5,1,1468,Kotlin internals,,
IliIlIIIII(74).class,rustme/IliIlIIIII,java/lang/Object,,0,15,467,,,
IliIlIIIiI(29).class,rustme/IliIlIIIiI,java/lang/Object,,1,3,1706,,,
IliIlIIilI(14).class,rustme/IliIlIIilI,java/lang/Object,,0,1,174,,,
IliIlIIliI(29).class,rustme/IliIlIIliI,java/lang/Object,,18,7,11907,Kotlin internals,,
IliIlIiIiI(13).class,rustme/IliIlIiIiI,rustme/ilIIlIiIiI,,2,0,875,,,
IliIlIiiII(45).class,rustme/IliIlIiiII,java/lang/Object,kotlin/jvm/functions/Function1,5,1,1474,Kotlin internals,,
IliIlIilII(38).class,rustme/IliIlIilII,java/lang/Object,,0,14,460,,,
IliIlIiliI(13).class,rustme/IliIlIiliI,java/lang/Object,,1,2,1034,Kotlin internals,,
IliIlIlIiI(29).class,rustme/IliIlIlIiI,java/lang/Object,,4,4,2843,,,
IliIlIliII(38).class,rustme/IliIlIliII,java/lang/Object,,0,1,173,,,
IliIlIliiI(13).class,rustme/IliIlIliiI,rustme/lililIliiI,,4,1,2466,Particles,,
IliIlIllII(22).class,rustme/IliIlIllII,java/lang/Object,,0,1,174,,,
IliIlIlliI(13).class,rustme/IliIlIlliI,java/lang/Object,kotlin/jvm/functions/Function1,5,1,1460,Kotlin internals,,
IliIliIIiI(21).class,rustme/IliIliIIiI,rustme/IlIIliIIiI,,2,1,886,,,
IliIliIiII(53).class,rustme/IliIliIiII,java/lang/Object,rustme/lIIlIiIiII,1,0,604,Kotlin internals,,
IliIliIlII(42).class,rustme/IliIliIlII,java/lang/Object,,0,7,306,,,
IliIliIliI(21).class,rustme/IliIliIliI,rustme/IliIIiIliI,,37,36,25932,Kotlin internals,,
IliIliiIII(62).class,rustme/IliIliiIII,java/lang/Object,,0,3,215,,,
IliIliiIiI(5).class,rustme/IliIliiIiI,rustme/IIlIliiIiI,,5,3,3271,Texture,,
IliIliiiII(37).class,rustme/IliIliiiII,java/lang/Object,kotlin/jvm/functions/Function1,5,1,3106,Kotlin internals,,
IliIliiilI(2).class,rustme/IliIliiilI,java/lang/Object,,0,1,174,,,
IliIliiliI(5).class,rustme/IliIliiliI,rustme/lIlIIiiliI,,9,4,5749,Kotlin internals,,
IliIlilIII(42).class,rustme/IliIlilIII,java/lang/Object,,0,4,236,,,
IliIlilIiI(21).class,rustme/IliIlilIiI,java/lang/Object,,7,6,2972,,,
IliIliliiI(5).class,rustme/IliIliliiI,rustme/IiliiIliiI,,9,15,9885,GUI/Screen;Texture,,
IliIlililI(2).class,rustme/IliIlililI,java/lang/Object,,0,3,218,,,
IliIlilliI(5).class,rustme/IliIlilliI,java/lang/Object,,9,0,2560,Kotlin internals,,
IliIllIIiI(21).class,rustme/IliIllIIiI,java/lang/Object,,0,0,220,,,
IliIllIiII(34).class,rustme/IliIllIiII,java/lang/Object,,0,3,215,,,
IliIllIiiI(5).class,rustme/IliIllIiiI,rustme/iliIIlIiiI,,9,0,2158,,,
IliIllIlII(22).class,rustme/IliIllIlII,java/lang/Object,,0,1,174,,,
IliIllIliI(13).class,rustme/IliIllIliI,java/lang/Object,,19,1,12098,Kotlin internals,,
IliIlliIII(38).class,rustme/IliIlliIII,java/lang/Object,,0,10,362,,,
IliIlliIiI(13).class,rustme/IliIlliIiI,rustme/lilllliIiI,,7,1,1873,,,
IliIlliiII(29).class,rustme/IliIlliiII,java/lang/Object,kotlin/jvm/functions/Function0,4,1,954,Kotlin internals,,
IliIlliilI(2).class,rustme/IliIlliilI,java/lang/Object,,0,1,174,,,
IliIlliliI(5).class,rustme/IliIlliliI,kotlin/jvm/internal/FunctionReferenceImpl,kotlin/jvm/functions/Function0,5,0,1457,Kotlin internals,,
IliIlllIII(22).class,rustme/IliIlllIII,java/lang/Object,,0,3,218,,,
IliIlllIiI(13).class,rustme/IliIlllIiI,java/lang/Object,,1,2,511,,,
IliIllliiI(5).class,rustme/IliIllliiI,java/lang/Object,rustme/iIiIllliiI,2,0,752,,,
IliIlllliI(5).class,rustme/IliIlllliI,java/lang/Object,kotlin/jvm/functions/Function1,5,1,2509,Kotlin internals,,
IliiIIIIII(152).class,rustme/IliiIIIIII,java/lang/Object,,0,43,1055,,,
IliiIIIIiI(57).class,rustme/IliiIIIIiI,rustme/llIIlIiIiI,,3,1,3306,,,
IliiIIIilI(28).class,rustme/IliiIIIilI,java/lang/Object,,0,1,174,,,
IliiIIIliI(57).class,rustme/IliiIIIliI,rustme/IliIIiIliI,,4,0,4412,Kotlin internals,,
IliiIIiIiI(25).class,rustme/IliiIIiIiI,java/lang/Exception,,3,1,664,,,
IliiIIiiII(89).class,rustme/IliiIIiiII,java/lang/Object,kotlin/jvm/functions/Function1,5,1,3391,Kotlin internals,,
IliiIIilII(76).class,rustme/IliiIIilII,java/lang/Object,,0,4,240,,,
IliiIIiliI(25).class,rustme/IliiIIiliI,java/lang/Object,,8,4,2936,Kotlin internals,,
IliiIIlIiI(57).class,rustme/IliiIIlIiI,rustme/iiIiIIlIiI,,2,0,1229,,,
IliiIIliII(76).class,rustme/IliiIIliII,java/lang/Object,,0,1,173,,,
IliiIIliiI(25).class,rustme/IliiIIliiI,rustme/lIlliIliiI,,4,7,1943,,,
IliiIIllII(44).class,rustme/IliiIIllII,java/lang/Object,,0,1,174,,,
IliiIIlliI(25).class,rustme/IliiIIlliI,java/lang/Object,kotlin/jvm/functions/Function1,5,1,1467,Kotlin internals,,
IliiIiIIiI(41).class,rustme/IliiIiIIiI,rustme/iiliIiIIiI,,18,14,5376,,,
IliiIiIiII(105).class,rustme/IliiIiIiII,java/lang/Object,kotlin/jvm/functions/Function1,5,1,4207,Kotlin internals,,
IliiIiIlII(84).class,rustme/IliiIiIlII,java/lang/Object,,0,1,174,,,
IliiIiIliI(41).class,rustme/IliiIiIliI,kotlin/jvm/internal/FunctionReferenceImpl,kotlin/jvm/functions/Function0,5,0,1417,Kotlin internals,,
IliiIiiIII(128).class,rustme/IliiIiiIII,java/lang/Object,,0,4,236,,,
IliiIiiIiI(9).class,rustme/IliiIiiIiI,rustme/iillllliiI,,3,0,1400,,,
IliiIiiiII(73).class,rustme/IliiIiiiII,java/lang/Object,kotlin/jvm/functions/Function1,5,1,1463,Kotlin internals,,
IliiIiiilI(4).class,rustme/IliiIiiilI,java/lang/Object,,0,1,174,,,
IliiIiiliI(9).class,rustme/IliiIiiliI,rustme/iiIiIiiliI,,1,0,522,GUI/Screen,,
IliiIilIII(84).class,rustme/IliiIilIII,java/lang/Object,,0,2,194,,,
IliiIilIiI(41).class,rustme/IliiIilIiI,java/lang/Object,rustme/IlIiIilIiI,5,0,2478,,,
IliiIiliiI(9).class,rustme/IliiIiliiI,rustme/IillilIiiI,,26,9,10083,,,
IliiIililI(4).class,rustme/IliiIililI,java/lang/Object,,0,1,174,,,
IliiIilliI(9).class,rustme/IliiIilliI,java/lang/Object,,3,0,1772,Kotlin internals,,
IliiIlIIiI(33).class,rustme/IliiIlIIiI,java/lang/Object,rustme/llillIIIiI,9,3,1727,,,
IliiIlIiII(60).class,rustme/IliiIlIiII,java/lang/Object,,0,2,194,,,
IliiIlIiiI(1).class,rustme/IliiIlIiiI,rustme/IliIIlIiiI,,11,2,2580,,,
IliiIlIlII(44).class,rustme/IliiIlIlII,java/lang/Object,,0,1,174,,,
IliiIlIliI(25).class,rustme/IliiIlIliI,java/lang/Object,rustme/lliiIlIliI,12,1,3026,Kotlin internals,,
IliiIliIII(68).class,rustme/IliiIliIII,java/lang/Object,,0,5,257,,,
IliiIliIiI(17).class,rustme/IliiIliIiI,rustme/iliIiliIiI,,7,6,3221,,,
IliiIliiII(49).class,rustme/IliiIliiII,java/lang/Object,kotlin/jvm/functions/Function1,5,1,1899,Kotlin internals,,
IliiIliilI(4).class,rustme/IliiIliilI,java/lang/Object,,0,1,174,,,
IliiIliliI(9).class,rustme/IliiIliliI,rustme/IlilIIIliI,,2,1,1929,Kotlin internals,,
IliiIllIII(44).class,rustme/IliiIllIII,java/lang/Object,,0,2,194,,,
IliiIllIiI(25).class,rustme/IliiIllIiI,java/lang/Enum,rustme/lIlilllIiI,9,22,5758,,,
IliiIlliiI(9).class,rustme/IliiIlliiI,java/lang/Object,com/google/common/base/Predicate,3,2,1565,,,
IliiIllliI(9).class,rustme/IliiIllliI,java/lang/Object,kotlin/jvm/functions/Function1,5,1,1974,Kotlin internals,,
IliiiIIIiI(49).class,rustme/IliiiIIIiI,java/lang/Object,rustme/liIiIIIIiI,4,0,1002,,,
IliiiIIiII(113).class,rustme/IliiiIIiII,java/lang/Object,rustme/lIIlIiIiII,1,0,610,Kotlin internals,,
IliiiIIlII(88).class,rustme/IliiiIIlII,java/lang/Object,,0,3,218,,,
IliiiIIliI(49).class,rustme/IliiiIIliI,rustme/IliIIiIliI,,8,5,9128,Kotlin internals,,
IliiiIiIII(132).class,rustme/IliiiIiIII,java/lang/Object,,0,1,173,,,
IliiiIiIiI(17).class,rustme/IliiiIiIiI,java/lang/Object,rustme/IIIiiIiIiI,4,1,1099,Texture,,
IliiiIiiII(81).class,rustme/IliiiIiiII,java/lang/Object,kotlin/jvm/functions/Function1,5,1,1938,Kotlin internals,,
IliiiIiilI(8).class,rustme/IliiiIiilI,java/lang/Object,,0,1,174,,,
IliiiIiliI(17).class,rustme/IliiiIiliI,java/lang/Object,,7,3,5278,Kotlin internals,,
IliiiIlIII(88).class,rustme/IliiiIlIII,java/lang/Object,,0,2,194,,,
IliiiIlIiI(49).class,rustme/IliiiIlIiI,rustme/IIlllilIiI,,4,1,2071,World gen,,
IliiiIliiI(17).class,rustme/IliiiIliiI,rustme/IlIlliliiI,,11,3,4788,GUI/Screen,,
IliiiIlilI(8).class,rustme/IliiiIlilI,java/lang/Object,,0,4,240,,,
IliiiIlliI(17).class,rustme/IliiiIlliI,java/lang/Object,kotlin/jvm/functions/Function1,5,1,3248,Kotlin internals,,
IliiiiIIII(140).class,rustme/IliiiiIIII,java/lang/Object,,0,5,257,,,
IliiiiIIiI(33).class,rustme/IliiiiIIiI,rustme/liIliliIiI,,3,0,1488,,,
IliiiiIiII(97).class,rustme/IliiiiIiII,java/lang/Object,kotlin/jvm/functions/Function1,5,1,1468,Kotlin internals,,
IliiiiIilI(16).class,rustme/IliiiiIilI,java/lang/Object,,0,1,174,,,
IliiiiIliI(33).class,rustme/IliiiiIliI,java/lang/Object,kotlin/jvm/functions/Function0,3,7,3552,GUI/Screen;Kotlin internals,,
IliiiiiIiI(1).class,rustme/IliiiiiIiI,java/lang/Object,,0,0,220,,,
IliiiiiiII(65).class,rustme/IliiiiiiII,java/lang/Object,kotlin/jvm/functions/Function1,5,1,1480,Kotlin internals,,
IliiiiilII(64).class,rustme/IliiiiilII,java/lang/Object,,0,1,174,,,
IliiiiiliI(1).class,rustme/IliiiiiliI,java/lang/Object,rustme/IIillllIiI,9,1,1527,,,
IliiiilIiI(33).class,rustme/IliiiilIiI,java/lang/Object,rustme/IiiIlIiIiI,5,1,2294,,,
IliiiiliII(64).class,rustme/IliiiiliII,java/lang/Object,,0,3,215,,,
IliiiiliiI(1).class,rustme/IliiiiliiI,java/lang/Object,com/google/common/base/Predicate,3,0,1065,,,
IliiiillII(32).class,rustme/IliiiillII,java/lang/Object,,0,3,218,,,
IliiiilliI(1).class,rustme/IliiiilliI,java/lang/Object,,2,12,1647,Kotlin internals,,
IliiilIIII(72).class,rustme/IliiilIIII,java/lang/Object,,0,25,677,,,
IliiilIIiI(25).class,rustme/IliiilIIiI,java/lang/Object,rustme/llillIIIiI,16,6,3090,,,
IliiilIilI(8).class,rustme/IliiilIilI,java/lang/Object,,0,1,174,,,
IliiilIliI(17).class,rustme/IliiilIliI,java/lang/Object,kotlin/jvm/functions/Function1,5,2,3796,Kotlin internals,,
IliiiliIiI(9).class,rustme/IliiiliIiI,rustme/llIiiliIiI,,2,0,600,,,
IliiiliiII(41).class,rustme/IliiiliiII,java/lang/Object,kotlin/jvm/functions/Function1,5,1,1974,Kotlin internals,,
IliiililII(32).class,rustme/IliiililII,java/lang/Object,,0,2,196,,,
IliiililiI(1).class,rustme/IliiililiI,rustme/iiliililiI,,3,5,2872,Kotlin internals,,
IliiillIiI(17).class,rustme/IliiillIiI,rustme/IIiiillIiI,,4,1,1731,,,
IliiilliII(32).class,rustme/IliiilliII,java/lang/Object,,0,1,173,,,
IliiilliiI(1).class,rustme/IliiilliiI,java/lang/Object,rustme/iililIliiI,2,0,721,Particles,,
IliiilllII(16).class,rustme/IliiilllII,java/lang/Object,,0,1,174,,,
IliiillliI(1).class,rustme/IliiillliI,java/lang/Object,kotlin/jvm/functions/Function1,5,1,3070,Kotlin internals,,
IliilIIIiI(25).class,rustme/IliilIIIiI,java/lang/Object,,0,0,220,,,
IliilIIiII(56).class,rustme/IliilIIiII,java/lang/Object,,0,44,1076,,,
IliilIIlII(44).class,rustme/IliilIIlII,java/lang/Object,,0,1,174,,,
IliilIIliI(25).class,rustme/IliilIIliI,kotlin/jvm/internal/FunctionReferenceImpl,kotlin/jvm/functions/Function0,5,0,1404,Kotlin internals,,
IliilIiIII(64).class,rustme/IliilIiIII,java/lang/Object,,0,1,173,,,
IliilIiIiI(9).class,rustme/IliilIiIiI,rustme/IIlliIiIiI,,8,0,5788,,,
IliilIiiII(41).class,rustme/IliilIiiII,java/lang/Object,kotlin/jvm/functions/Function1,5,1,1971,Kotlin internals,,
IliilIiilI(4).class,rustme/IliilIiilI,java/lang/Object,,0,1,174,,,
IliilIiliI(9).class,rustme/IliilIiliI,java/lang/Object,kotlin/jvm/functions/Function0,3,4,2056,Kotlin internals;Sounds,,
IliilIlIII(44).class,rustme/IliilIlIII,java/lang/Object,,0,1,173,,,
IliilIlIiI(25).class,rustme/IliilIlIiI,rustme/llllIIlIiI,,3,2,2021,,,
IliilIliiI(9).class,rustme/IliilIliiI,java/lang/Object,rustme/IIIIiIiIiI,4,1,1879,,,
IliilIlliI(9).class,rustme/IliilIlliI,java/lang/Object,kotlin/jvm/functions/Function1,5,1,1963,Kotlin internals,,
IliiliIIII(68).class,rustme/IliiliIIII,java/lang/Object,,0,145,3197,,,
IliiliIIiI(17).class,rustme/IliiliIIiI,java/lang/Object,,4,30,4166,,,
IliiliIiII(49).class,rustme/IliiliIiII,java/lang/Object,rustme/lIIlIiIiII,12,5,3404,Kotlin internals,,
IliiliIilI(8).class,rustme/IliiliIilI,java/lang/Object,,0,1,174,,,
IliiliIliI(17).class,rustme/IliiliIliI,kotlin/properties/ObservableProperty,,4,1,2324,Kotlin internals,,
IliiliiIiI(1).class,rustme/IliiliiIiI,rustme/iliiliiIiI,,5,3,1254,,,
IliiliiiII(33).class,rustme/IliiliiiII,java/lang/Object,kotlin/jvm/functions/Function1,5,1,1815,Kotlin internals,,
IliiliilII(32).class,rustme/IliiliilII,java/lang/Object,,0,1,174,,,
IliiliiliI(1).class,rustme/IliiliiliI,rustme/IililiiliI,,2,0,1559,Kotlin internals,,
IliililIiI(17).class,rustme/IliililIiI,java/lang/Object,,2,10,851,,,
IliililiII(32).class,rustme/IliililiII,java/lang/Object,,0,6,278,,,
IliililiiI(1).class,rustme/IliililiiI,rustme/lIlililIiI,,4,1,1125,,,
IliilillII(16).class,rustme/IliilillII,java/lang/Object,,0,1,174,,,
IliililliI(1).class,rustme/IliililliI,java/lang/Object,,2,0,2397,Kotlin internals,,
IliillIIII(40).class,rustme/IliillIIII,java/lang/Object,,0,8,320,,,
IliillIIiI(17).class,rustme/IliillIIiI,java/lang/Object,,19,13,7765,,,
IliillIiiI(1).class,rustme/IliillIiiI,rustme/iIlliiliiI,,2,0,370,,,
IliillIilI(4).class,rustme/IliillIilI,java/lang/Object,,0,1,174,,,
IliillIliI(9).class,rustme/IliillIliI,java/lang/Object,,22,3,19408,Kotlin internals,,
IliilliIiI(9).class,rustme/IliilliIiI,rustme/liilIiIIiI,,9,1,4350,,,
IliilliiII(25).class,rustme/IliilliiII,java/lang/Object,kotlin/jvm/functions/Function1,5,1,1899,Kotlin internals,,
IliillilII(16).class,rustme/IliillilII,java/lang/Object,,0,7,306,,,
IliilliliI(1).class,rustme/IliilliliI,java/lang/Enum,,7,5,2084,Kotlin internals,,
IliilllIiI(9).class,rustme/IliilllIiI,rustme/IilIIllIiI,,4,0,1133,,,
IliillliII(16).class,rustme/IliillliII,java/lang/Object,,0,6,278,,,
IliillliiI(1).class,rustme/IliillliiI,java/lang/Object,rustme/iliillliiI,2,0,616,,,
IliillllII(8).class,rustme/IliillllII,java/lang/Object,,0,1,174,,,
IliilllliI(1).class,rustme/IliilllliI,java/lang/Object,kotlin/jvm/functions/Function1,5,1,1898,Kotlin internals,,
IlilIIIIII(76).class,rustme/IlilIIIIII,java/lang/Object,,0,6,278,,,
IlilIIIIiI(29).class,rustme/IlilIIIIiI,rustme/lilIIIIIiI,,15,1,3450,,,
IlilIIIilI(14).class,rustme/IlilIIIilI,java/lang/Object,,0,1,174,,,
IlilIIIliI(29).class,rustme/IlilIIIliI,java/lang/Object,rustme/liiiililiI,134,41,53558,Kotlin internals,,
IlilIIiIiI(13).class,rustme/IlilIIiIiI,rustme/IliiIIiIiI,,5,0,880,,,
IlilIIiiII(45).class,rustme/IlilIIiiII,java/lang/Object,kotlin/jvm/functions/Function1,5,1,1482,Kotlin internals,,
IlilIIilII(38).class,rustme/IlilIIilII,java/lang/Object,,0,1,174,,,
IlilIIiliI(13).class,rustme/IlilIIiliI,java/lang/Object,,5,0,1391,Kotlin internals,,
IlilIIlIiI(29).class,rustme/IlilIIlIiI,java/lang/Object,rustme/IIIlIIlIiI,2,2,1189,,,
IlilIIliII(38).class,rustme/IlilIIliII,java/lang/Object,,0,15,467,,,
IlilIIliiI(13).class,rustme/IlilIIliiI,java/lang/Object,rustme/iIlIiIlIiI,10,4,3861,World gen,,
IlilIIllII(22).class,rustme/IlilIIllII,java/lang/Object,,0,1,174,,,
IlilIIlliI(13).class,rustme/IlilIIlliI,java/lang/Object,kotlin/jvm/functions/Function1,5,1,1468,Kotlin internals,,
IlilIiIIiI(21).class,rustme/IlilIiIIiI,java/lang/Object,,9,11,6989,,SharedMonsterAttributes,поле generic.movementSpeed; getAttributeByName.
IlilIiIiII(53).class,rustme/IlilIiIiII,java/lang/Object,kotlin/jvm/functions/Function1,5,1,1476,Kotlin internals,,
IlilIiIlII(42).class,rustme/IlilIiIlII,java/lang/Object,,0,9,350,,,
IlilIiIliI(21).class,rustme/IlilIiIliI,rustme/llIliiIliI,,10,11,7884,Kotlin internals,,
IlilIiiIII(64).class,rustme/IlilIiiIII,java/lang/Object,,0,6,278,,,
IlilIiiIiI(5).class,rustme/IlilIiiIiI,java/lang/Object,,1,1,795,,,
IlilIiiiII(37).class,rustme/IlilIiiiII,java/lang/Object,kotlin/jvm/functions/Function1,5,1,1769,Kotlin internals,,
IlilIiiilI(2).class,rustme/IlilIiiilI,java/lang/Object,,0,1,174,,,
IlilIiiliI(5).class,rustme/IlilIiiliI,kotlin/jvm/internal/FunctionReferenceImpl,kotlin/jvm/functions/Function0,5,0,1469,Kotlin internals,,
IlilIilIII(42).class,rustme/IlilIilIII,java/lang/Object,,0,4,236,,,
IlilIilIiI(21).class,rustme/IlilIilIiI,java/lang/Object,,1,0,177,,,
IlilIiliiI(5).class,rustme/IlilIiliiI,java/lang/Object,,9,5,5357,,,
IlilIililI(2).class,rustme/IlilIililI,java/lang/Object,,0,3,218,,,
IlilIilliI(5).class,rustme/IlilIilliI,java/lang/Object,,4,3,1092,Kotlin internals,,
IlilIlIIiI(19).class,rustme/IlilIlIIiI,java/lang/Object,,28,18,9377,,,
IlilIlIiII(32).class,rustme/IlilIlIiII,java/lang/Object,,0,4,236,,,
IlilIlIiiI(3).class,rustme/IlilIlIiiI,rustme/IiIIIlIiiI,,16,3,5644,,,
IlilIlIlII(22).class,rustme/IlilIlIlII,java/lang/Object,,0,1,174,,,
IlilIlIliI(13).class,rustme/IlilIlIliI,java/lang/Object,,11,0,1357,Kotlin internals,,
IlilIliIII(36).class,rustme/IlilIliIII,java/lang/Object,,0,6,278,,,
IlilIliIiI(11).class,rustme/IlilIliIiI,java/lang/Object,,1,2,970,,,
IlilIliiII(27).class,rustme/IlilIliiII,java/lang/Object,kotlin/jvm/functions/Function1,5,1,3606,Kotlin internals,,
IlilIliilI(2).class,rustme/IlilIliilI,java/lang/Object,,0,3,218,,,
IlilIliliI(5).class,rustme/IlilIliliI,rustme/iiIliiIliI,,8,4,8438,Kotlin internals,,
IlilIllIII(22).class,rustme/IlilIllIII,java/lang/Object,,0,12,416,,,
IlilIllIiI(13).class,rustme/IlilIllIiI,rustme/IIliIllIiI,,5,0,1268,,,
IlilIlliiI(5).class,rustme/IlilIlliiI,rustme/IIlIIlliiI,,2,0,1717,,,
IlilIllliI(5).class,rustme/IlilIllliI,java/lang/Object,kotlin/jvm/functions/Function1,5,1,1880,Kotlin internals,,
IliliIIIiI(25).class,rustme/IliliIIIiI,rustme/iliiIIIIiI,,2,0,1687,,,
IliliIIiII(57).class,rustme/IliliIIiII,java/lang/Object,kotlinx/serialization/KSerializer,8,1,3385,Kotlin internals,,
IliliIIlII(44).class,rustme/IliliIIlII,java/lang/Object,,0,1,174,,,
IliliIIliI(25).class,rustme/IliliIIliI,java/lang/Object,,6,3,2274,Kotlin internals,,
IliliIiIII(66).class,rustme/IliliIiIII,java/lang/Object,,0,5,257,,,
IliliIiIiI(9).class,rustme/IliliIiIiI,java/lang/Object,,13,8,5347,,,
IliliIiiII(41).class,rustme/IliliIiiII,java/lang/Object,kotlin/jvm/functions/Function1,5,1,1880,Kotlin internals,,
IliliIiilI(4).class,rustme/IliliIiilI,java/lang/Object,,0,1,174,,,
IliliIiliI(9).class,rustme/IliliIiliI,java/lang/Object,,2,1,839,Kotlin internals,,
IliliIlIII(44).class,rustme/IliliIlIII,java/lang/Object,,0,1,173,,,
IliliIlIiI(25).class,rustme/IliliIlIiI,java/lang/Object,,0,0,220,,,
IliliIliiI(9).class,rustme/IliliIliiI,java/lang/Object,,1,4,575,,,
IliliIlilI(4).class,rustme/IliliIlilI,java/lang/Object,,0,1,174,,,
IliliIlliI(9).class,rustme/IliliIlliI,java/lang/Object,kotlin/jvm/functions/Function1,5,1,1468,Kotlin internals,,
IliliiIIII(70).class,rustme/IliliiIIII,java/lang/Object,,0,3,215,,,
IliliiIIiI(17).class,rustme/IliliiIIiI,java/lang/Object,,0,0,131,,,
IliliiIiII(49).class,rustme/IliliiIiII,java/lang/Object,kotlin/jvm/functions/Function0,4,1,954,Kotlin internals,,
IliliiIilI(8).class,rustme/IliliiIilI,java/lang/Object,,0,9,350,,,
IliliiIliI(17).class,rustme/IliliiIliI,java/lang/Object,,1,1,669,Kotlin internals,,
IliliiiIiI(1).class,rustme/IliliiiIiI,rustme/iIlIiiiIiI,,5,1,1384,Texture,,
IliliiiiII(33).class,rustme/IliliiiiII,java/lang/Object,kotlin/jvm/functions/Function1,5,1,1528,Kotlin internals,,
IliliiilII(32).class,rustme/IliliiilII,java/lang/Object,,0,2,196,,,
IliliiiliI(1).class,rustme/IliliiiliI,java/lang/Object,,14,0,7329,,,
IliliilIiI(17).class,rustme/IliliilIiI,java/lang/Object,rustme/IlIiIilIiI,5,0,2318,,,
IliliiliII(32).class,rustme/IliliiliII,java/lang/Object,,0,9,341,,,
IliliiliiI(1).class,rustme/IliliiliiI,rustme/liilllIiiI,,14,1,4986,,,
IliliillII(16).class,rustme/IliliillII,java/lang/Object,,0,1,174,,,
IliliilliI(1).class,rustme/IliliilliI,java/lang/Object,,12,3,2639,Kotlin internals,,
IlililIIII(38).class,rustme/IlililIIII,java/lang/Object,,0,3,215,,,
IlililIIiI(15).class,rustme/IlililIIiI,java/lang/Object,rustme/llillIIIiI,13,7,2709,,,
IlililIilI(4).class,rustme/IlililIilI,java/lang/Object,,0,1,174,,,
IlililIliI(9).class,rustme/IlililIliI,java/lang/Object,,11,3,4629,Kotlin internals,,
IlililiIiI(7).class,rustme/IlililiIiI,rustme/iliIiliIiI,,5,7,1882,,,
IlililiiII(23).class,rustme/IlililiiII,java/lang/Object,kotlin/jvm/functions/Function1,5,1,1899,Kotlin internals,,
IlilililII(16).class,rustme/IlilililII,java/lang/Object,,0,1,174,,,
IlilililiI(1).class,rustme/IlilililiI,java/lang/Object,kotlin/jvm/functions/Function0,3,1,1266,Kotlin internals,,
IlilillIiI(9).class,rustme/IlilillIiI,java/lang/Object,,71,51,43615,,,
IlililliII(16).class,rustme/IlililliII,java/lang/Object,,0,10,362,,,
IlililliiI(1).class,rustme/IlililliiI,java/lang/Object,,6,4,1100,,,
IlililllII(8).class,rustme/IlililllII,java/lang/Object,,0,3,218,,,
IlilillliI(1).class,rustme/IlilillliI,java/lang/Object,kotlin/jvm/functions/Function1,5,1,2213,Kotlin internals,,
IlillIIIiI(13).class,rustme/IlillIIIiI,java/lang/Object,,0,0,220,,,
IlillIIiII(28).class,rustme/IlillIIiII,java/lang/Object,,0,13,425,,,
IlillIIlII(22).class,rustme/IlillIIlII,java/lang/Object,,0,1,174,,,
IlillIIliI(13).class,rustme/IlillIIliI,kotlin/jvm/internal/FunctionReferenceImpl,kotlin/jvm/functions/Function0,5,1,1274,Kotlin internals,,
IlillIiIII(32).class,rustme/IlillIiIII,java/lang/Object,,0,11,383,,,
IlillIiIiI(5).class,rustme/IlillIiIiI,rustme/IiillIiIiI,,11,5,3205,,,
IlillIiiII(21).class,rustme/IlillIiiII,java/lang/Object,kotlin/jvm/functions/Function1,5,1,1517,Kotlin internals,,
IlillIiilI(2).class,rustme/IlillIiilI,java/lang/Object,,0,1,174,,,
IlillIiliI(5).class,rustme/IlillIiliI,java/lang/Object,,7,3,1619,Kotlin internals,,
IlillIlIII(22).class,rustme/IlillIlIII,java/lang/Object,,0,2,194,,,
IlillIlIiI(13).class,rustme/IlillIlIiI,java/lang/Object,rustme/IiiIlIiIiI,5,1,1458,,,
IlillIliiI(5).class,rustme/IlillIliiI,rustme/lililIliiI,,5,1,2661,Particles,,
IlillIlliI(5).class,rustme/IlillIlliI,java/lang/Object,kotlin/jvm/functions/Function1,5,1,2507,Kotlin internals,,
IlilliIIII(34).class,rustme/IlilliIIII,java/lang/Object,,0,4,236,,,
IlilliIIiI(9).class,rustme/IlilliIIiI,rustme/llilliIIiI,,3,0,848,,,
IlilliIiII(25).class,rustme/IlilliIiII,java/lang/Object,rustme/lIIlIiIiII,1,0,609,Kotlin internals,,
IlilliIilI(4).class,rustme/IlilliIilI,java/lang/Object,,0,1,174,,,
IlilliIliI(9).class,rustme/IlilliIliI,rustme/IlilIIIliI,,2,0,2189,Kotlin internals,,
IlilliiIiI(1).class,rustme/IlilliiIiI,java/lang/Object,,10,7,5856,,,
IlilliiiII(17).class,rustme/IlilliiiII,java/lang/Object,kotlin/jvm/functions/Function1,5,1,1468,Kotlin internals,,
IlilliilII(16).class,rustme/IlilliilII,java/lang/Object,,0,6,284,,,
IlilliiliI(1).class,rustme/IlilliiliI,java/lang/Object,,5,2,1625,Kotlin internals,,
IlillilIiI(9).class,rustme/IlillilIiI,java/lang/Object,,2,5,720,,,
IlilliliII(16).class,rustme/IlilliliII,java/lang/Object,,0,1,173,,,
IlilliliiI(1).class,rustme/IlilliliiI,java/lang/Object,,3,0,279,GUI/Screen,,
IlillillII(8).class,rustme/IlillillII,java/lang/Object,,0,1,174,,,
IlillilliI(1).class,rustme/IlillilliI,java/lang/Object,kotlin/jvm/functions/Function1,5,1,2029,Kotlin internals,,
IlilllIIII(20).class,rustme/IlilllIIII,java/lang/Object,,0,2,194,,,
IlilllIIiI(9).class,rustme/IlilllIIiI,rustme/lIilllIIiI,,7,0,1968,,,
IlilllIiiI(1).class,rustme/IlilllIiiI,rustme/IiIIIlIiiI,,24,20,9971,,,
IlilllIilI(2).class,rustme/IlilllIilI,java/lang/Object,,0,1,174,,,
IlilllIliI(5).class,rustme/IlilllIliI,java/lang/Object,kotlin/jvm/functions/Function1,5,1,1458,Kotlin internals,,
IlillliIiI(5).class,rustme/IlillliIiI,rustme/lilllliIiI,,6,0,1578,,,
IlillliiII(13).class,rustme/IlillliiII,java/lang/Object,kotlin/jvm/functions/Function1,5,1,1506,Kotlin internals,,
IlilllilII(8).class,rustme/IlilllilII,java/lang/Object,,0,1,174,,,
IlillliliI(1).class,rustme/IlillliliI,rustme/llIIlliliI,,23,15,26601,Kotlin internals,,
IlillllIiI(5).class,rustme/IlillllIiI,java/lang/Object,,4,2,858,,,
IlilllliII(8).class,rustme/IlilllliII,java/lang/Object,,0,3,215,,,
IlilllliiI(1).class,rustme/IlilllliiI,rustme/IIilllliiI,,5,0,1861,,,
IlilllllII(4).class,rustme/IlilllllII,java/lang/Object,,0,1,174,,,
IlillllliI(1).class,rustme/IlillllliI,java/lang/Object,kotlin/jvm/functions/Function1,5,1,1482,Kotlin internals,,
IllIIIIIiI(31).class,rustme/IllIIIIIiI,rustme/IIlIIIIIiI,,16,1,2324,,,
IllIIIIiII(61).class,rustme/IllIIIIiII,java/lang/Object,,0,1,173,,,
IllIIIIlII(47).class,rustme/IllIIIIlII,java/lang/Object,,0,1,174,,,
IllIIIIliI(31).class,rustme/IllIIIIliI,java/lang/Object,,7,0,1683,Kotlin internals,,
IllIIIiIII(69).class,rustme/IllIIIiIII,java/lang/Object,,0,4,236,,,
IllIIIiIiI(15).class,rustme/IllIIIiIiI,java/lang/Object,com/google/common/base/Predicate,3,2,1480,,,
IllIIIiiII(47).class,rustme/IllIIIiiII,java/lang/Object,kotlin/jvm/functions/Function1,5,1,1497,Kotlin internals,,
IllIIIiilI(7).class,rustme/IllIIIiilI,java/lang/Object,,0,1,174,,,
IllIIIiliI(15).class,rustme/IllIIIiliI,java/lang/Object,,7,3,1996,Kotlin internals,,
IllIIIlIII(47).class,rustme/IllIIIlIII,java/lang/Object,,0,1,173,,,
IllIIIlIiI(31).class,rustme/IllIIIlIiI,java/lang/Object,java/lang/Comparable,9,6,2424,,,
IllIIIliiI(15).class,rustme/IllIIIliiI,rustme/lIlliIliiI,,4,2,2632,,,
IllIIIlliI(15).class,rustme/IllIIIlliI,java/lang/Object,kotlin/jvm/functions/Function1,5,1,2784,Kotlin internals,,
IllIIiIIII(73).class,rustme/IllIIiIIII,java/lang/Object,,0,3,215,,,
IllIIiIIiI(23).class,rustme/IllIIiIIiI,rustme/IIlIIliIiI,,19,11,11219,,,
IllIIiIiII(55).class,rustme/IllIIiIiII,java/lang/Object,kotlin/jvm/functions/Function1,5,1,1608,Kotlin internals,,
IllIIiIilI(11).class,rustme/IllIIiIilI,java/lang/Object,,0,1,174,,,
IllIIiIliI(23).class,rustme/IllIIiIliI,java/lang/Object,,1,1,604,Kotlin internals,,
IllIIiiIiI(7).class,rustme/IllIIiiIiI,java/lang/Object,,1,3,583,,,
IllIIiiiII(39).class,rustme/IllIIiiiII,java/lang/Object,kotlin/jvm/functions/Function1,5,1,1769,Kotlin internals,,
IllIIiilII(35).class,rustme/IllIIiilII,java/lang/Object,,0,5,262,,,
IllIIiiliI(7).class,rustme/IllIIiiliI,rustme/lIlIIiiliI,,11,1,4310,Kotlin internals,,
IllIIilIiI(23).class,rustme/IllIIilIiI,java/lang/Object,,8,3,7352,,,
IllIIiliII(35).class,rustme/IllIIiliII,java/lang/Object,,0,3,215,,,
IllIIiliiI(7).class,rustme/IllIIiliiI,java/lang/Object,,37,0,2202,,,
IllIIillII(19).class,rustme/IllIIillII,java/lang/Object,,0,1,174,,,
IllIIilliI(7).class,rustme/IllIIilliI,java/lang/Object,,2,7,1096,Kotlin internals,,
IllIIlIIII(39).class,rustme/IllIIlIIII,java/lang/Object,,0,4,236,,,
IllIIlIIiI(19).class,rustme/IllIIlIIiI,java/lang/Object,rustme/llillIIIiI,6,1,1272,,,
IllIIlIiiI(3).class,rustme/IllIIlIiiI,rustme/IIIIIlIiiI,,4,1,2665,,,
IllIIlIilI(7).class,rustme/IllIIlIilI,java/lang/Object,,0,1,174,,,
IllIIlIliI(15).class,rustme/IllIIlIliI,java/lang/Object,,3,0,1101,Kotlin internals,,
IllIIliIiI(11).class,rustme/IllIIliIiI,java/lang/Object,,3,3,1616,,,
IllIIliiII(27).class,rustme/IllIIliiII,java/lang/Object,kotlin/jvm/functions/Function1,5,1,1506,Kotlin internals,,
IllIIlilII(19).class,rustme/IllIIlilII,java/lang/Object,,0,3,218,,,
IllIIliliI(7).class,rustme/IllIIliliI,java/lang/Enum,,11,9,3047,Kotlin internals,,
IllIIllIiI(15).class,rustme/IllIIllIiI,rustme/llIiIllIiI,,7,0,2703,,,
IllIIlliII(19).class,rustme/IllIIlliII,java/lang/Object,,0,16,488,,,
IllIIlliiI(7).class,rustme/IllIIlliiI,java/lang/Object,,6,3,6101,,,
IllIIlllII(11).class,rustme/IllIIlllII,java/lang/Object,,0,1,174,,,
IllIIllliI(7).class,rustme/IllIIllliI,java/lang/Object,kotlin/jvm/functions/Function1,5,1,1468,Kotlin internals,,
IllIiIIIII(75).class,rustme/IllIiIIIII,java/lang/Object,,0,2,194,,,
IllIiIIIiI(27).class,rustme/IllIiIIIiI,rustme/llliiIIIiI,,5,0,1674,,,
IllIiIIiII(59).class,rustme/IllIiIIiII,java/lang/Object,,7,0,4602,Kotlin internals,,
IllIiIIilI(13).class,rustme/IllIiIIilI,java/lang/Object,,0,1,174,,,
IllIiIIliI(27).class,rustme/IllIiIIliI,rustme/ilIIiIIliI,,17,5,10438,Kotlin internals;World gen,,
IllIiIiIiI(11).class,rustme/IllIiIiIiI,java/lang/Object,,16,11,13055,,,
IllIiIiiII(43).class,rustme/IllIiIiiII,java/lang/Object,kotlin/jvm/functions/Function1,5,1,1974,Kotlin internals,,
IllIiIilII(37).class,rustme/IllIiIilII,java/lang/Object,,0,1,174,,,
IllIiIiliI(11).class,rustme/IllIiIiliI,java/lang/Object,,1,0,595,Kotlin internals,,
IllIiIlIiI(27).class,rustme/IllIiIlIiI,java/lang/Object,rustme/lIilIIlIiI;rustme/lIiliIlIiI,21,6,17606,World gen,,
IllIiIliII(37).class,rustme/IllIiIliII,java/lang/Object,,0,1,173,,,
IllIiIliiI(11).class,rustme/IllIiIliiI,java/lang/Object,,1,0,177,,,
IllIiIllII(21).class,rustme/IllIiIllII,java/lang/Object,,0,1,174,,,
IllIiIlliI(11).class,rustme/IllIiIlliI,java/lang/Object,kotlin/jvm/functions/Function1,5,1,1898,Kotlin internals,,
IllIiiIIiI(19).class,rustme/IllIiiIIiI,rustme/iiiliiIIiI,,18,1,7206,,,
IllIiiIiII(51).class,rustme/IllIiiIiII,java/lang/Object,kotlin/jvm/functions/Function1,5,1,2861,Kotlin internals,,
IllIiiIlII(41).class,rustme/IllIiiIlII,java/lang/Object,,0,68,1648,,,
IllIiiIliI(19).class,rustme/IllIiiIliI,java/lang/Object,kotlin/jvm/functions/Function1,5,1,1812,Kotlin internals,,
IllIiiiIII(63).class,rustme/IllIiiiIII,java/lang/Object,,0,12,404,,,
IllIiiiIiI(3).class,rustme/IllIiiiIiI,rustme/lliiiiiIiI,,7,2,2354,Texture,,
IllIiiiiII(35).class,rustme/IllIiiiiII,java/lang/Object,kotlin/jvm/functions/Function1,5,1,5576,Kotlin internals,,
IllIiiiilI(1).class,rustme/IllIiiiilI,java/lang/Object,,0,1,174,,,
IllIiiiliI(3).class,rustme/IllIiiiliI,java/lang/Object,,8,0,5083,,,
IllIiilIII(41).class,rustme/IllIiilIII,java/lang/Object,,0,6,278,,,
IllIiilIiI(19).class,rustme/IllIiilIiI,java/lang/Object,,7,6,1552,,,
IllIiiliiI(3).class,rustme/IllIiiliiI,rustme/IillilIiiI,,18,3,4933,,,
IllIiililI(1).class,rustme/IllIiililI,java/lang/Object,,0,1,174,,,
IllIiilliI(3).class,rustme/IllIiilliI,java/lang/Object,,9,6,2369,Kotlin internals,,
IllIilIIiI(15).class,rustme/IllIilIIiI,java/lang/Object,rustme/llillIIIiI,15,8,2739,,,
IllIilIiII(29).class,rustme/IllIilIiII,java/lang/Object,,0,1,173,,,
IllIilIlII(21).class,rustme/IllIilIlII,java/lang/Object,,0,1,174,,,
IllIilIliI(11).class,rustme/IllIilIliI,rustme/lllIilIliI,,3,0,1112,Kotlin internals,,
IllIiliIII(33).class,rustme/IllIiliIII,java/lang/Object,,0,3,215,,,
IllIiliIiI(7).class,rustme/IllIiliIiI,rustme/iliIiliIiI,,5,3,1554,,,
IllIiliiII(23).class,rustme/IllIiliiII,java/lang/Object,kotlin/jvm/functions/Function1,5,1,1899,Kotlin internals,,
IllIiliilI(1).class,rustme/IllIiliilI,java/lang/Object,,0,1,174,,,
IllIililiI(3).class,rustme/IllIililiI,rustme/llIiIliliI,,10,14,17408,Kotlin internals,,
IllIillIII(21).class,rustme/IllIillIII,java/lang/Object,,0,2,194,,,
IllIillIiI(11).class,rustme/IllIillIiI,java/lang/Object,,8,2,4052,,,
IllIilliiI(3).class,rustme/IllIilliiI,rustme/IiililliiI,,2,0,650,,,
IllIillliI(3).class,rustme/IllIillliI,java/lang/Object,kotlin/jvm/functions/Function1,5,1,2177,Kotlin internals,,
IllIlIIIII(37).class,rustme/IllIlIIIII,java/lang/Object,,0,7,299,,,
IllIlIIIiI(15).class,rustme/IllIlIIIiI,io/netty/channel/SimpleChannelInboundHandler,,29,16,15895,,,
IllIlIIilI(7).class,rustme/IllIlIIilI,java/lang/Object,,0,1,174,,,
IllIlIIliI(15).class,rustme/IllIlIIliI,java/lang/Object,,19,2,24023,Kotlin internals,,
IllIlIiIiI(7).class,rustme/IllIlIiIiI,java/lang/Object,,0,0,220,,,
IllIlIiiII(23).class,rustme/IllIlIiiII,java/lang/Object,kotlin/jvm/functions/Function1,5,1,1468,Kotlin internals,,
IllIlIilII(19).class,rustme/IllIlIilII,java/lang/Object,,0,6,284,,,
IllIlIiliI(7).class,rustme/IllIlIiliI,java/lang/Object,,5,1,3538,Kotlin internals,,
IllIlIlIiI(15).class,rustme/IllIlIlIiI,java/lang/Object,rustme/IIilIIlIiI;rustme/liilIIlIiI,16,7,7253,,,
IllIlIliII(19).class,rustme/IllIlIliII,java/lang/Object,,0,14,446,,,
IllIlIliiI(7).class,rustme/IllIlIliiI,rustme/lililIliiI,,8,6,4088,Texture;Particles,,
IllIlIllII(11).class,rustme/IllIlIllII,java/lang/Object,,0,1,174,,,
IllIlIlliI(7).class,rustme/IllIlIlliI,java/lang/Object,kotlin/jvm/functions/Function1,5,1,3934,Kotlin internals,,
IllIliIIiI(11).class,rustme/IllIliIIiI,java/lang/Object,,0,0,220,,,
IllIliIiII(27).class,rustme/IllIliIiII,java/lang/Object,,13,2,3380,Kotlin internals,,
IllIliIlII(21).class,rustme/IllIliIlII,java/lang/Object,,0,2,196,,,
IllIliIliI(11).class,rustme/IllIliIliI,kotlin/properties/ObservableProperty,,4,1,2422,Kotlin internals,,
IllIliiIII(31).class,rustme/IllIliiIII,java/lang/Object,,0,2,194,,,
IllIliiIiI(3).class,rustme/IllIliiIiI,java/lang/Object,,3,20,2413,,,
IllIliiiII(19).class,rustme/IllIliiiII,java/lang/Object,kotlin/jvm/functions/Function1,5,1,1973,Kotlin internals,,
IllIliiilI(1).class,rustme/IllIliiilI,java/lang/Object,,0,1,174,,,
IllIliiliI(3).class,rustme/IllIliiliI,rustme/lilliiiliI,,18,4,5526,Kotlin internals,,
IllIlilIII(21).class,rustme/IllIlilIII,java/lang/Object,,0,4,236,,,
IllIlilIiI(11).class,rustme/IllIlilIiI,rustme/IIlIlilIiI,,7,1,2068,,,
IllIliliiI(3).class,rustme/IllIliliiI,rustme/lIlililiiI,,5,1,1103,,,
IllIlililI(1).class,rustme/IllIlililI,java/lang/Object,,0,1,174,,,
IllIlilliI(3).class,rustme/IllIlilliI,java/lang/Object,,11,0,1680,Kotlin internals,,
IllIllIIiI(11).class,rustme/IllIllIIiI,java/lang/Object,,5,5,4326,,,
IllIllIiII(17).class,rustme/IllIllIiII,java/lang/Object,,0,4,236,,,
IllIllIiiI(3).class,rustme/IllIllIiiI,rustme/IIiIllIiiI,,10,1,4102,,,
IllIllIlII(11).class,rustme/IllIllIlII,java/lang/Object,,0,1,174,,,
IllIllIliI(7).class,rustme/IllIllIliI,java/lang/Object,kotlin/jvm/functions/Function1,3,3,2031,Kotlin internals,,
IllIlliIII(19).class,rustme/IllIlliIII,java/lang/Object,,0,6,278,,,
IllIlliIiI(7).class,rustme/IllIlliIiI,rustme/lIliiiIIiI,,7,1,2622,,,
IllIlliiII(15).class,rustme/IllIlliiII,java/lang/Object,kotlin/jvm/functions/Function1,5,1,1506,Kotlin internals,,
IllIlliilI(1).class,rustme/IllIlliilI,java/lang/Object,,0,3,218,,,
IllIlliliI(3).class,rustme/IllIlliliI,java/lang/Object,,2,0,1603,Kotlin internals,,
IllIlllIII(11).class,rustme/IllIlllIII,java/lang/Object,,0,2,196,,,
IllIlllIiI(7).class,rustme/IllIlllIiI,java/lang/Thread,,7,3,3850,,,
IllIllliiI(3).class,rustme/IllIllliiI,java/lang/Object,rustme/IilIllliiI,7,8,7107,,,
IllIlllliI(3).class,rustme/IllIlllliI,java/lang/Object,kotlin/jvm/functions/Function1,5,1,1440,Kotlin internals,,
IlliIIIIII(76).class,rustme/IlliIIIIII,java/lang/Object,,0,39,971,,,
IlliIIIIiI(29).class,rustme/IlliIIIIiI,java/lang/Object,rustme/iIiiiIIIiI,2,0,976,,,
IlliIIIilI(14).class,rustme/IlliIIIilI,java/lang/Object,,0,1,174,,,
IlliIIIliI(29).class,rustme/IlliIIIliI,java/lang/Object,,2,0,890,Kotlin internals,,
IlliIIiIiI(13).class,rustme/IlliIIiIiI,rustme/IIlliIiIiI,,8,0,3234,,,
IlliIIiiII(45).class,rustme/IlliIIiiII,java/lang/Object,kotlin/jvm/functions/Function1,5,1,1953,Kotlin internals,,
IlliIIilII(38).class,rustme/IlliIIilII,java/lang/Object,,0,3,218,,,
IlliIIiliI(13).class,rustme/IlliIIiliI,rustme/liIliIiliI,,4,6,1918,Kotlin internals,,
IlliIIlIiI(29).class,rustme/IlliIIlIiI,rustme/IIIiIIlIiI,,2,0,1136,,,
IlliIIliII(38).class,rustme/IlliIIliII,java/lang/Object,,0,1,173,,,
IlliIIliiI(13).class,rustme/IlliIIliiI,rustme/lIlliIliiI,,3,2,1625,,,
IlliIIllII(22).class,rustme/IlliIIllII,java/lang/Object,,0,1,174,,,
IlliIIlliI(13).class,rustme/IlliIIlliI,java/lang/Object,kotlin/jvm/functions/Function1,5,1,1656,Kotlin internals,,
IlliIiIIiI(21).class,rustme/IlliIiIIiI,java/lang/Object,,0,0,220,,,
IlliIiIiII(53).class,rustme/IlliIiIiII,java/lang/Object,,3,0,1142,Kotlin internals,,
IlliIiIlII(42).class,rustme/IlliIiIlII,java/lang/Object,,0,1,174,,,
IlliIiIliI(21).class,rustme/IlliIiIliI,kotlin/properties/ObservableProperty,,4,1,2253,Kotlin internals,,
IlliIiiIII(64).class,rustme/IlliIiiIII,java/lang/Object,,0,2,194,,,
IlliIiiIiI(5).class,rustme/IlliIiiIiI,java/lang/Object,,1,3,528,,,
IlliIiiiII(37).class,rustme/IlliIiiiII,java/lang/Object,kotlin/jvm/functions/Function1,5,1,1527,Kotlin internals,,
IlliIiiilI(2).class,rustme/IlliIiiilI,java/lang/Object,,0,1,174,,,
IlliIiiliI(5).class,rustme/IlliIiiliI,rustme/iiiIIiiliI,,1,0,447,,,
IlliIilIII(42).class,rustme/IlliIilIII,java/lang/Object,,0,1,173,,,
IlliIilIiI(21).class,rustme/IlliIilIiI,java/lang/Object,,6,3,2465,,,
IlliIiliiI(5).class,rustme/IlliIiliiI,rustme/llliIiliiI,,2,0,512,Block,,
IlliIililI(2).class,rustme/IlliIililI,java/lang/Object,,0,3,218,,,
IlliIilliI(5).class,rustme/IlliIilliI,rustme/llliIilliI,,4,1,1402,Kotlin internals,,
IlliIlIIiI(17).class,rustme/IlliIlIIiI,java/lang/Object,rustme/llillIIIiI,8,2,1493,,,
IlliIlIiII(30).class,rustme/IlliIlIiII,java/lang/Object,,0,5,257,,,
IlliIlIiiI(1).class,rustme/IlliIlIiiI,rustme/IillilIiiI,,20,6,9194,,,
IlliIlIlII(22).class,rustme/IlliIlIlII,java/lang/Object,,0,5,262,,,
IlliIlIliI(13).class,rustme/IlliIlIliI,rustme/lIliIlIliI,,17,13,9150,Kotlin internals,,
IlliIliIII(34).class,rustme/IlliIliIII,java/lang/Object,,0,4,236,,,
IlliIliIiI(9).class,rustme/IlliIliIiI,rustme/liliIliIiI,,8,1,3124,,,
IlliIliiII(25).class,rustme/IlliIliiII,java/lang/Object,kotlin/jvm/functions/Function1,5,1,1468,Kotlin internals,,
IlliIliilI(2).class,rustme/IlliIliilI,java/lang/Object,,0,1,174,,,
IlliIliliI(5).class,rustme/IlliIliliI,kotlin/jvm/internal/FunctionReferenceImpl,kotlin/jvm/functions/Function0,5,0,1398,Kotlin internals,,
IlliIllIII(22).class,rustme/IlliIllIII,java/lang/Object,,0,27,719,,,
IlliIllIiI(13).class,rustme/IlliIllIiI,rustme/llIiIllIiI,,7,0,2743,,,
IlliIlliiI(5).class,rustme/IlliIlliiI,rustme/iIiIIlliiI,it/unimi/dsi/fastutil/objects/ObjectListIterator,10,2,2687,,,
IlliIllliI(5).class,rustme/IlliIllliI,java/lang/Object,kotlin/jvm/functions/Function1,5,1,1451,Kotlin internals,,
IlliiIIIiI(25).class,rustme/IlliiIIIiI,java/lang/Enum,,12,11,2919,,,
IlliiIIiII(57).class,rustme/IlliiIIiII,java/lang/Object,,11,4,3088,Kotlin internals,,
IlliiIIlII(44).class,rustme/IlliiIIlII,java/lang/Object,,0,1,174,,,
IlliiIIliI(25).class,rustme/IlliiIIliI,java/lang/Object,,3,0,956,Kotlin internals,,
IlliiIiIII(66).class,rustme/IlliiIiIII,java/lang/Object,,0,5,257,,,
IlliiIiIiI(9).class,rustme/IlliiIiIiI,java/lang/Object,rustme/lIIIliliiI,17,6,6544,GUI/Screen;Texture,,
IlliiIiiII(41).class,rustme/IlliiIiiII,java/lang/Object,kotlin/jvm/functions/Function1,5,1,1974,Kotlin internals,,
IlliiIiilI(4).class,rustme/IlliiIiilI,java/lang/Object,,0,1,174,,,
IlliiIiliI(9).class,rustme/IlliiIiliI,java/lang/Object,,1,2,1083,Kotlin internals,,
IlliiIlIII(44).class,rustme/IlliiIlIII,java/lang/Object,,0,60,1412,,,
IlliiIlIiI(25).class,rustme/IlliiIlIiI,java/lang/Enum,,6,4,1459,World gen,,
IlliiIliiI(9).class,rustme/IlliiIliiI,rustme/IiliiIliiI,,6,3,2330,GUI/Screen;Texture,,
IlliiIlilI(4).class,rustme/IlliiIlilI,java/lang/Object,,0,3,218,,,
IlliiIlliI(9).class,rustme/IlliiIlliI,java/lang/Object,kotlin/jvm/functions/Function1,5,1,2783,Kotlin internals,,
IlliiiIIII(70).class,rustme/IlliiiIIII,java/lang/Object,,0,2,194,,,
IlliiiIIiI(17).class,rustme/IlliiiIIiI,rustme/IliIlliIiI,,15,3,4133,,,
IlliiiIiII(49).class,rustme/IlliiiIiII,java/lang/Object,kotlin/jvm/functions/Function1,5,1,1469,Kotlin internals,,
IlliiiIilI(8).class,rustme/IlliiiIilI,java/lang/Object,,0,1,174,,,
IlliiiIliI(17).class,rustme/IlliiiIliI,java/lang/Object,kotlin/jvm/functions/Function1,5,2,2769,Kotlin internals,,
IlliiiiIiI(1).class,rustme/IlliiiiIiI,rustme/lliiiiiIiI,,9,3,3512,Texture,,
IlliiiiiII(33).class,rustme/IlliiiiiII,java/lang/Object,kotlin/jvm/functions/Function1,5,1,4379,Kotlin internals,,
IlliiiilII(32).class,rustme/IlliiiilII,java/lang/Object,,0,2,196,,,
IlliiiiliI(1).class,rustme/IlliiiiliI,java/lang/Enum,,7,22,3582,,,
IlliiilIiI(17).class,rustme/IlliiilIiI,rustme/llliiilIiI,rustme/iiIlIilIiI,25,5,9969,,,
IlliiiliII(32).class,rustme/IlliiiliII,java/lang/Object,,0,1,173,,,
IlliiiliiI(1).class,rustme/IlliiiliiI,java/lang/Object,,1,2,916,,,
IlliiillII(16).class,rustme/IlliiillII,java/lang/Object,,0,1,174,,,
IlliiilliI(1).class,rustme/IlliiilliI,java/lang/Object,,6,0,2303,Kotlin internals,,
IlliilIIII(36).class,rustme/IlliilIIII,java/lang/Object,,0,7,299,,,
IlliilIIiI(13).class,rustme/IlliilIIiI,java/lang/Object,rustme/iililIIIiI,28,0,1444,,,
IlliilIilI(4).class,rustme/IlliilIilI,java/lang/Object,,0,1,174,,,
IlliilIliI(9).class,rustme/IlliilIliI,java/lang/Object,kotlin/jvm/functions/Function1,5,2,3797,Kotlin internals,,
IlliiliIiI(5).class,rustme/IlliiliIiI,java/lang/Object,rustme/illiiliIiI,18,8,5897,,,
IlliiliiII(21).class,rustme/IlliiliiII,java/lang/Object,kotlin/jvm/functions/Function1,5,1,1466,Kotlin internals,,
IlliililII(16).class,rustme/IlliililII,java/lang/Object,,0,2,196,,,
IlliililiI(1).class,rustme/IlliililiI,rustme/llIiIliliI,,7,5,5285,Kotlin internals,,
IlliillIiI(9).class,rustme/IlliillIiI,rustme/lIllIilIiI,,13,6,3086,,,
IlliilliII(16).class,rustme/IlliilliII,java/lang/Object,,0,5,257,,,
IlliilliiI(1).class,rustme/IlliilliiI,rustme/lililIliiI,,3,0,1950,Particles,,
IlliilllII(8).class,rustme/IlliilllII,java/lang/Object,,0,1,174,,,
IlliillliI(1).class,rustme/IlliillliI,java/lang/Object,kotlin/jvm/functions/Function1,5,1,3116,Kotlin internals,,
IllilIIIiI(13).class,rustme/IllilIIIiI,java/lang/Object,,0,0,220,,,
IllilIIiII(28).class,rustme/IllilIIiII,java/lang/Object,,0,2,194,,,
IllilIIlII(22).class,rustme/IllilIIlII,java/lang/Object,,0,1,174,,,
IllilIIliI(13).class,rustme/IllilIIliI,kotlin/coroutines/jvm/internal/SuspendLambda,kotlin/jvm/functions/Function2,8,4,6509,Kotlin internals,,
IllilIiIII(32).class,rustme/IllilIiIII,java/lang/Object,,0,15,467,,,
IllilIiIiI(5).class,rustme/IllilIiIiI,java/lang/Object,rustme/IiiIlIiIiI,3,1,1007,,,
IllilIiiII(21).class,rustme/IllilIiiII,java/lang/Object,kotlin/jvm/functions/Function1,5,1,1465,Kotlin internals,,
IllilIiilI(2).class,rustme/IllilIiilI,java/lang/Object,,0,3,218,,,
IllilIiliI(5).class,rustme/IllilIiliI,java/lang/Object,rustme/iiiIlIiliI,7,2,2658,Kotlin internals,,
IllilIlIII(22).class,rustme/IllilIlIII,java/lang/Object,,0,1,173,,,
IllilIlIiI(13).class,rustme/IllilIlIiI,rustme/illilIlIiI,,4,0,1340,,,
IllilIliiI(5).class,rustme/IllilIliiI,java/lang/Object,rustme/iililIliiI,2,0,798,Particles,,
IllilIlliI(5).class,rustme/IllilIlliI,java/lang/Object,kotlin/jvm/functions/Function1,5,1,1467,Kotlin internals,,
IlliliIIII(34).class,rustme/IlliliIIII,java/lang/Object,,0,8,320,,,
IlliliIIiI(9).class,rustme/IlliliIIiI,rustme/IIIiliIIiI,,17,8,9684,,,
IlliliIiII(25).class,rustme/IlliliIiII,rustme/iIllIiIiII,,3,0,1535,Kotlin internals,,
IlliliIilI(4).class,rustme/IlliliIilI,java/lang/Object,,0,1,174,,,
IlliliIliI(9).class,rustme/IlliliIliI,java/lang/Object,,2,0,1980,Kotlin internals,,
IlliliiIiI(1).class,rustme/IlliliiIiI,java/lang/Object,rustme/IiiIlIiIiI,3,1,1296,,,
IlliliiiII(17).class,rustme/IlliliiiII,java/lang/Object,kotlin/jvm/functions/Function1,5,1,3064,Kotlin internals,,
IlliliilII(16).class,rustme/IlliliilII,java/lang/Object,,0,1,174,,,
IlliliiliI(1).class,rustme/IlliliiliI,rustme/iiiIliiliI,,3,0,1756,Kotlin internals,,
IllililIiI(9).class,rustme/IllililIiI,java/lang/Object,com/google/gson/JsonDeserializer;com/google/gson/JsonSerializer,7,0,2286,,,
IllililiII(16).class,rustme/IllililiII,java/lang/Object,,0,4,236,,,
IllililiiI(1).class,rustme/IllililiiI,rustme/IliIlilIiI,,5,1,2221,GUI/Screen,,
IllilillII(8).class,rustme/IllilillII,java/lang/Object,,0,1,174,,,
IllililliI(1).class,rustme/IllililliI,java/lang/Object,,1,0,728,Kotlin internals,,
IllillIIII(20).class,rustme/IllillIIII,java/lang/Object,,0,4,236,,,
IllillIIiI(9).class,rustme/IllillIIiI,rustme/iIIlIilIiI,,4,0,1496,Container/Slot,,
IllillIiiI(1).class,rustme/IllillIiiI,java/lang/Enum,rustme/ililIilIiI,12,13,4443,,,
IllillIilI(2).class,rustme/IllillIilI,java/lang/Object,,0,1,174,,,
IllillIliI(5).class,rustme/IllillIliI,java/lang/Object,kotlin/jvm/functions/Function0,3,6,3070,Kotlin internals,,
IllilliIiI(5).class,rustme/IllilliIiI,java/lang/Object,rustme/ilIiIilIiI,4,0,1755,,,
IllilliiII(13).class,rustme/IllilliiII,java/lang/Object,kotlin/jvm/functions/Function1,5,1,2878,Kotlin internals,,
IllillilII(8).class,rustme/IllillilII,java/lang/Object,,0,4,240,,,
IllilliliI(1).class,rustme/IllilliliI,rustme/lIlilliliI,,12,7,10738,Kotlin internals,,
IllilllIiI(5).class,rustme/IllilllIiI,java/lang/Object,,1,0,194,,,
IllillliII(8).class,rustme/IllillliII,java/lang/Object,,0,5,257,,,
IllillliiI(1).class,rustme/IllillliiI,java/lang/Object,rustme/liiIllliiI,2,0,1072,,,
IllillllII(4).class,rustme/IllillllII,java/lang/Object,,0,1,174,,,
IllilllliI(1).class,rustme/IllilllliI,java/lang/Object,kotlin/jvm/functions/Function1,5,1,3660,Kotlin internals,,
IlllIIIIII(38).class,rustme/IlllIIIIII,java/lang/Object,,0,24,656,,,
IlllIIIIiI(15).class,rustme/IlllIIIIiI,java/lang/Object,rustme/IlIlIIIIiI,8,0,1845,,,
IlllIIIilI(7).class,rustme/IlllIIIilI,java/lang/Object,,0,1,174,,,
IlllIIIliI(15).class,rustme/IlllIIIliI,java/lang/Object,,6,4,7092,GUI/Screen;Texture;Kotlin internals,,
IlllIIiIiI(7).class,rustme/IlllIIiIiI,rustme/IIlliIiIiI,,6,0,1761,,,
IlllIIiiII(23).class,rustme/IlllIIiiII,java/lang/Object,kotlin/jvm/functions/Function1,5,1,3290,Kotlin internals,,
IlllIIilII(19).class,rustme/IlllIIilII,java/lang/Object,,0,6,284,,,
IlllIIiliI(7).class,rustme/IlllIIiliI,kotlin/coroutines/jvm/internal/SuspendLambda,kotlin/jvm/functions/Function2,11,3,7446,Kotlin internals,,
IlllIIlIiI(15).class,rustme/IlllIIlIiI,java/lang/Object,,5,2,1503,,,
IlllIIliII(19).class,rustme/IlllIIliII,java/lang/Object,,0,2,194,,,
IlllIIliiI(7).class,rustme/IlllIIliiI,java/lang/Object,,4,3,803,,,
IlllIIllII(11).class,rustme/IlllIIllII,java/lang/Object,,0,1,174,,,
IlllIIlliI(7).class,rustme/IlllIIlliI,java/lang/Object,,19,16,16565,Kotlin internals,,
IlllIiIIiI(11).class,rustme/IlllIiIIiI,rustme/iilIlIiIiI,,4,1,1340,,,
IlllIiIiII(27).class,rustme/IlllIiIiII,java/lang/Object,rustme/lIIlIiIiII,5,1,2095,Kotlin internals,,
IlllIiIlII(21).class,rustme/IlllIiIlII,java/lang/Object,,0,8,328,,,
IlllIiIliI(11).class,rustme/IlllIiIliI,rustme/IliIIiIliI,,11,2,7350,Kotlin internals,,
IlllIiiIII(32).class,rustme/IlllIiiIII,java/lang/Object,,0,2,194,,,
IlllIiiIiI(3).class,rustme/IlllIiiIiI,java/lang/Object,rustme/lIilIiiIiI,4,0,1082,,,
IlllIiiiII(19).class,rustme/IlllIiiiII,java/lang/Object,kotlin/jvm/functions/Function1,5,1,1815,Kotlin internals,,
IlllIiiilI(1).class,rustme/IlllIiiilI,java/lang/Object,,0,1,174,,,
IlllIiiliI(3).class,rustme/IlllIiiliI,rustme/iiiiliiliI,,5,0,2832,Kotlin internals,,
IlllIilIII(21).class,rustme/IlllIilIII,java/lang/Object,,0,3,215,,,
IlllIilIiI(11).class,rustme/IlllIilIiI,com/google/common/collect/UnmodifiableIterator,,5,4,2544,,,
IlllIiliiI(3).class,rustme/IlllIiliiI,java/lang/Enum,,7,4,1816,,,
IlllIililI(1).class,rustme/IlllIililI,java/lang/Object,,0,1,174,,,
IlllIilliI(3).class,rustme/IlllIilliI,java/lang/Object,,5,0,2730,Kotlin internals,,
IlllIlIIiI(11).class,rustme/IlllIlIIiI,java/lang/Object,,1,3,819,,,
IlllIlIiII(17).class,rustme/IlllIlIiII,java/lang/Object,,0,1,173,,,
IlllIlIiiI(3).class,rustme/IlllIlIiiI,java/lang/Object,,1,1,734,,,
IlllIlIlII(11).class,rustme/IlllIlIlII,java/lang/Object,,0,1,174,,,
IlllIlIliI(7).class,rustme/IlllIlIliI,java/lang/Object,,5,2,1844,Kotlin internals,,
IlllIliIII(19).class,rustme/IlllIliIII,java/lang/Object,,0,6,278,,,
IlllIliIiI(7).class,rustme/IlllIliIiI,java/lang/Object,,2,0,206,,,
IlllIliiII(15).class,rustme/IlllIliiII,java/lang/Object,kotlin/jvm/functions/Function0,4,1,954,Kotlin internals,,
IlllIliilI(1).class,rustme/IlllIliilI,java/lang/Object,,0,1,174,,,
IlllIliliI(3).class,rustme/IlllIliliI,rustme/llIIlliliI,,13,13,14518,Kotlin internals,,
IlllIllIII(11).class,rustme/IlllIllIII,java/lang/Object,,0,1,174,,,
IlllIllIiI(7).class,rustme/IlllIllIiI,rustme/IIliIllIiI,,7,0,2190,,,
IlllIlliiI(3).class,rustme/IlllIlliiI,java/lang/Object,java/lang/Runnable,2,6,1206,,,
IlllIllliI(3).class,rustme/IlllIllliI,java/lang/Object,kotlin/jvm/functions/Function1,5,1,1880,Kotlin internals,,
IllliIIIiI(13).class,rustme/IllliIIIiI,java/lang/Object,,1,1,627,,,
IllliIIiII(29).class,rustme/IllliIIiII,java/lang/Object,,6,0,281,,,
IllliIIlII(22).class,rustme/IllliIIlII,java/lang/Object,,0,126,2924,,,
IllliIIliI(13).class,rustme/IllliIIliI,java/lang/Object,,2,0,1020,Kotlin internals,,
IllliIiIII(33).class,rustme/IllliIiIII,java/lang/Object,,0,2,194,,,
IllliIiIiI(5).class,rustme/IllliIiIiI,java/lang/Object,,1,3,631,,,
IllliIiiII(21).class,rustme/IllliIiiII,java/lang/Object,kotlin/jvm/functions/Function1,5,1,3147,Kotlin internals,,
IllliIiilI(2).class,rustme/IllliIiilI,java/lang/Object,,0,1,174,,,
IllliIiliI(5).class,rustme/IllliIiliI,rustme/liIliIiliI,,4,7,1994,Kotlin internals,,
IllliIlIII(22).class,rustme/IllliIlIII,java/lang/Object,,0,2,194,,,
IllliIlIiI(13).class,rustme/IllliIlIiI,java/lang/Enum,,6,4,1396,,,
IllliIliiI(5).class,rustme/IllliIliiI,rustme/lIlliIliiI,,4,3,1666,,,
IllliIlilI(2).class,rustme/IllliIlilI,java/lang/Object,,0,7,306,,,
IllliIlliI(5).class,rustme/IllliIlliI,java/lang/Object,kotlin/jvm/functions/Function1,5,1,3174,Kotlin internals,,
IllliiIIII(35).class,rustme/IllliiIIII,java/lang/Object,,0,1,173,,,
IllliiIIiI(9).class,rustme/IllliiIIiI,rustme/lIIiIliIiI,,3,2,1212,,,
IllliiIiII(25).class,rustme/IllliiIiII,java/lang/Object,kotlin/jvm/functions/Function1,5,1,1506,Kotlin internals,,
IllliiIilI(4).class,rustme/IllliiIilI,java/lang/Object,,0,1,174,,,
IllliiIliI(9).class,rustme/IllliiIliI,rustme/IlilIIIliI,,25,9,9619,Kotlin internals,,
IllliiiIiI(1).class,rustme/IllliiiIiI,rustme/IIIiiiiIiI,,5,1,1188,Texture,,
IllliiiiII(17).class,rustme/IllliiiiII,java/lang/Object,kotlin/jvm/functions/Function1,5,1,1496,Kotlin internals,,
IllliiilII(16).class,rustme/IllliiilII,java/lang/Object,,0,1,174,,,
IllliiiliI(1).class,rustme/IllliiiliI,rustme/iiiiIiiliI,,1,0,570,GUI/Screen,,
IllliilIiI(9).class,rustme/IllliilIiI,java/lang/Object,rustme/IlIiIilIiI,5,0,1486,,,
IllliiliII(16).class,rustme/IllliiliII,java/lang/Object,,0,3,215,,,
IllliiliiI(1).class,rustme/IllliiliiI,rustme/iIIiIlIiiI,rustme/iIliIiliiI,19,2,6741,,,
IllliillII(8).class,rustme/IllliillII,java/lang/Object,,0,1,174,,,
IllliilliI(1).class,rustme/IllliilliI,java/lang/Object,,6,0,2416,Kotlin internals,,
IlllilIIII(20).class,rustme/IlllilIIII,java/lang/Object,,0,3,215,,,
IlllilIIiI(9).class,rustme/IlllilIIiI,java/lang/Enum,,10,7,2772,,,
IlllilIiiI(1).class,rustme/IlllilIiiI,rustme/llllilIiiI,,8,0,2877,,,
IlllilIilI(2).class,rustme/IlllilIilI,java/lang/Object,,0,1,174,,,
IlllilIliI(5).class,rustme/IlllilIliI,java/lang/Object,,20,6,8616,Kotlin internals,,
IllliliIiI(5).class,rustme/IllliliIiI,rustme/liIliliIiI,,2,1,1140,,,
IllliliiII(13).class,rustme/IllliliiII,java/lang/Object,kotlin/jvm/functions/Function1,5,1,1898,Kotlin internals,,
IlllililII(8).class,rustme/IlllililII,java/lang/Object,,0,2,196,,,
IlllililiI(1).class,rustme/IlllililiI,kotlin/coroutines/jvm/internal/SuspendLambda,kotlin/jvm/functions/Function2,7,2,3690,Kotlin internals,,
IlllillIiI(5).class,rustme/IlllillIiI,java/lang/Object,,16,10,4966,,,
IlllilliII(8).class,rustme/IlllilliII,java/lang/Object,,0,22,614,,,
IlllilliiI(1).class,rustme/IlllilliiI,java/lang/Object,,11,3,4167,,,
IlllilllII(4).class,rustme/IlllilllII,java/lang/Object,,0,3,218,,,
IlllillliI(1).class,rustme/IlllillliI,java/lang/Object,kotlin/jvm/functions/Function1,5,1,2660,Kotlin internals,,
IllllIIIiI(7).class,rustme/IllllIIIiI,java/lang/Object,rustme/llillIIIiI,9,3,2104,,,
IllllIIiII(14).class,rustme/IllllIIiII,java/lang/Object,,0,2,194,,,
IllllIIlII(11).class,rustme/IllllIIlII,java/lang/Object,,0,1,174,,,
IllllIIliI(7).class,rustme/IllllIIliI,java/lang/Object,kotlin/jvm/functions/Function1,5,2,3821,Kotlin internals,,
IllllIiIII(16).class,rustme/IllllIiIII,java/lang/Object,,0,2,194,,,
IllllIiIiI(3).class,rustme/IllllIiIiI,rustme/IiillIiIiI,,9,1,2908,,,
IllllIiiII(11).class,rustme/IllllIiiII,java/lang/Object,kotlin/jvm/functions/Function1,5,1,1609,Kotlin internals,,
IllllIiilI(1).class,rustme/IllllIiilI,java/lang/Object,,0,1,174,,,
IllllIiliI(3).class,rustme/IllllIiliI,java/lang/Object,,1,1,702,Kotlin internals,,
IllllIlIII(11).class,rustme/IllllIlIII,java/lang/Object,,0,3,215,,,
IllllIlIiI(7).class,rustme/IllllIlIiI,rustme/illllIlIiI,,19,1,3808,,,
IllllIliiI(3).class,rustme/IllllIliiI,java/lang/Object,rustme/iililIliiI,2,0,716,Particles,,
IllllIlliI(3).class,rustme/IllllIlliI,java/lang/Object,kotlin/jvm/functions/Function1,5,1,1973,Kotlin internals,,
IlllliIIII(17).class,rustme/IlllliIIII,java/lang/Object,,0,3,215,,,
IlllliIIiI(5).class,rustme/IlllliIIiI,java/lang/Object,rustme/iiIlliIIiI,7,0,2938,,,
IlllliIiII(13).class,rustme/IlllliIiII,java/lang/Object,rustme/lIIlIiIiII,1,0,615,Kotlin internals,,
IlllliIilI(2).class,rustme/IlllliIilI,java/lang/Object,,0,1,174,,,
IlllliIliI(5).class,rustme/IlllliIliI,java/lang/Object,,2,0,798,Kotlin internals,,
IlllliiIiI(1).class,rustme/IlllliiIiI,rustme/lIIlliiIiI,com/google/gson/JsonSerializer,8,0,3391,,,
IlllliiiII(9).class,rustme/IlllliiiII,java/lang/Object,kotlin/jvm/functions/Function1,5,1,1938,Kotlin internals,,
IlllliilII(8).class,rustme/IlllliilII,java/lang/Object,,0,6,284,,,
IlllliiliI(1).class,rustme/IlllliiliI,java/lang/Object,,2,1,737,Kotlin internals,,
IllllilIiI(5).class,rustme/IllllilIiI,java/lang/Object,,5,4,2599,World gen,,
IlllliliII(8).class,rustme/IlllliliII,java/lang/Object,,0,1,173,,,
IlllliliiI(1).class,rustme/IlllliliiI,rustme/iIIIlllIiI,,10,4,3877,GUI/Screen,,
IllllillII(4).class,rustme/IllllillII,java/lang/Object,,0,1,174,,,
IllllilliI(1).class,rustme/IllllilliI,java/lang/Object,kotlin/jvm/functions/Function1,5,1,2556,Kotlin internals,,
IlllllIIII(10).class,rustme/IlllllIIII,java/lang/Object,,0,1,173,,,
IlllllIIiI(5).class,rustme/IlllllIIiI,java/lang/Enum,,15,44,14906,,,
IlllllIiiI(1).class,rustme/IlllllIiiI,rustme/IllIiiliiI,,12,1,3864,,,
IlllllIilI(1).class,rustme/IlllllIilI,java/lang/Object,,0,1,174,,,
IlllllIliI(3).class,rustme/IlllllIliI,java/lang/Object,kotlin/jvm/functions/Function0,3,5,1992,Kotlin internals,,
IllllliIiI(3).class,rustme/IllllliIiI,rustme/illIiliIiI,,3,1,1057,,,
IllllliiII(7).class,rustme/IllllliiII,java/lang/Object,kotlin/jvm/functions/Function1,5,1,1506,Kotlin internals,,
IlllllilII(4).class,rustme/IlllllilII,java/lang/Object,,0,8,328,,,
IllllliliI(1).class,rustme/IllllliliI,java/lang/Object,,0,0,352,Kotlin internals,,
IllllllIiI(3).class,rustme/IllllllIiI,rustme/lIlliIliiI,,1,0,331,,,
IlllllliII(4).class,rustme/IlllllliII,java/lang/Object,,0,1,173,,,
IlllllliiI(1).class,rustme/IlllllliiI,java/lang/Object,rustme/lIllllliiI,6,3,3022,Texture,,
IlllllllII(2).class,rustme/IlllllllII,java/lang/Object,,0,1,174,,,
IllllllliI(1).class,rustme/IllllllliI,java/lang/Object,kotlin/jvm/functions/Function1,5,1,1468,Kotlin internals,,
iIIIIIIIII(311).class,rustme/iIIIIIIIII,java/lang/Object,,0,8,320,,,
iIIIIIIIiI(126).class,rustme/iIIIIIIIiI,rustme/llliiIIIiI,,13,2,4153,,,
iIIIIIIilI(63).class,rustme/iIIIIIIilI,java/lang/Object,,0,1,174,,,
iIIIIIIliI(126).class,rustme/iIIIIIIliI,rustme/IliIIiIliI,,18,8,20079,Kotlin internals,,
iIIIIIiIiI(62).class,rustme/iIIIIIiIiI,rustme/IIlliIiIiI,,9,0,8895,,,
iIIIIIiiII(190).class,rustme/iIIIIIiiII,java/lang/Object,kotlin/jvm/functions/Function1,5,1,1974,Kotlin internals,,
iIIIIIilII(159).class,rustme/iIIIIIilII,java/lang/Object,,0,2,196,,,
iIIIIIiliI(62).class,rustme/iIIIIIiliI,rustme/iIIliIiliI,,4,0,1424,Kotlin internals,,
iIIIIIlIiI(126).class,rustme/iIIIIIlIiI,rustme/iiIIIIlIiI,,4,2,1580,,,
iIIIIIliII(159).class,rustme/iIIIIIliII,java/lang/Object,,0,6,278,,,
iIIIIIliiI(62).class,rustme/iIIIIIliiI,rustme/lIlliIliiI,,3,3,1866,,,
iIIIIIllII(95).class,rustme/iIIIIIllII,java/lang/Object,,0,1,174,,,
iIIIIIlliI(62).class,rustme/iIIIIIlliI,java/lang/Object,kotlin/jvm/functions/Function1,5,1,1468,Kotlin internals,,
iIIIIiIIiI(94).class,rustme/iIIIIiIIiI,java/lang/Object,com/google/common/base/Predicate,3,0,960,,,
iIIIIiIiII(222).class,rustme/iIIIIiIiII,java/lang/Object,kotlin/jvm/functions/Function1,5,1,1476,Kotlin internals,,
iIIIIiIlII(175).class,rustme/iIIIIiIlII,java/lang/Object,,0,9,350,,,
iIIIIiIliI(94).class,rustme/iIIIIiIliI,rustme/IlilIIIliI,,9,2,3411,Kotlin internals,,
iIIIIiiIII(263).class,rustme/iIIIIiiIII,java/lang/Object,,0,3,215,,,
iIIIIiiIiI(30).class,rustme/iIIIIiiIiI,java/lang/Enum,,6,16,2812,,,
iIIIIiiiII(158).class,rustme/iIIIIiiiII,java/lang/Object,kotlin/jvm/functions/Function1,5,1,1769,Kotlin internals,,
iIIIIiiilI(15).class,rustme/iIIIIiiilI,java/lang/Object,,0,1,174,,,
iIIIIiiliI(30).class,rustme/iIIIIiiliI,rustme/iliiliiIiI,,8,4,3943,Kotlin internals,,
iIIIIilIII(175).class,rustme/iIIIIilIII,java/lang/Object,,0,48,1160,,,
iIIIIilIiI(94).class,rustme/iIIIIilIiI,java/lang/Enum,,6,5,1508,,,
iIIIIiliiI(30).class,rustme/iIIIIiliiI,rustme/liIIIiliiI,,8,1,3263,,,
iIIIIililI(15).class,rustme/iIIIIililI,java/lang/Object,,0,4,240,,,
iIIIIilliI(30).class,rustme/iIIIIilliI,java/lang/Object,,2,2,826,Kotlin internals,,
iIIIIlIIiI(78).class,rustme/iIIIIlIIiI,java/lang/Object,com/google/gson/JsonDeserializer;com/google/gson/JsonSerializer,7,0,4995,,,
iIIIIlIiII(127).class,rustme/iIIIIlIiII,java/lang/Object,,0,2,194,,,
iIIIIlIiiI(14).class,rustme/iIIIIlIiiI,rustme/IillilIiiI,,11,2,4288,,,
iIIIIlIlII(95).class,rustme/iIIIIlIlII,java/lang/Object,,0,1,174,,,
iIIIIlIliI(62).class,rustme/iIIIIlIliI,java/lang/Object,,1,1,942,Kotlin internals,,
iIIIIliIII(143).class,rustme/iIIIIliIII,java/lang/Object,,0,8,320,,,
iIIIIliIiI(46).class,rustme/iIIIIliIiI,java/lang/Object,,0,0,220,,,
iIIIIliiII(110).class,rustme/iIIIIliiII,java/lang/Object,kotlin/jvm/functions/Function1,5,1,3502,Kotlin internals,,
iIIIIliilI(15).class,rustme/iIIIIliilI,java/lang/Object,,0,1,174,,,
iIIIIliliI(30).class,rustme/iIIIIliliI,java/lang/Object,,1,1,750,Kotlin internals,,
iIIIIllIII(95).class,rustme/iIIIIllIII,java/lang/Object,,0,12,404,,,
iIIIIllIiI(62).class,rustme/iIIIIllIiI,rustme/iIlIIllIiI,,5,0,1288,,,
iIIIIlliiI(30).class,rustme/iIIIIlliiI,java/lang/Object,,4,1,1114,,,
iIIIIllliI(30).class,rustme/iIIIIllliI,java/lang/Object,kotlin/jvm/functions/Function1,5,1,1880,Kotlin internals,,
iIIIiIIIiI(110).class,rustme/iIIIiIIIiI,rustme/llliiIIIiI,,2,1,3151,,,
iIIIiIIiII(238).class,rustme/iIIIiIIiII,java/lang/Object,,6,2,5752,Kotlin internals,,
iIIIiIIlII(183).class,rustme/iIIIiIIlII,java/lang/Object,,0,2,196,,,
iIIIiIIliI(110).class,rustme/iIIIiIIliI,rustme/IliIIiIliI,,10,9,8376,Kotlin internals,,
iIIIiIiIII(271).class,rustme/iIIIiIiIII,java/lang/Object,,0,31,803,,,
iIIIiIiIiI(46).class,rustme/iIIIiIiIiI,java/lang/Object,java/lang/Runnable,2,4,2540,,,
iIIIiIiiII(174).class,rustme/iIIIiIiiII,java/lang/Object,kotlin/jvm/functions/Function1,5,1,1482,Kotlin internals,,
iIIIiIiilI(23).class,rustme/iIIIiIiilI,java/lang/Object,,0,1,174,,,
iIIIiIiliI(46).class,rustme/iIIIiIiliI,java/lang/Object,java/util/Comparator,2,0,1661,Kotlin internals,,
iIIIiIlIII(183).class,rustme/iIIIiIlIII,java/lang/Object,,0,2,194,,,
iIIIiIlIiI(110).class,rustme/iIIIiIlIiI,java/lang/Object,rustme/IilIiIlIiI,6,4,1993,,,
iIIIiIliiI(46).class,rustme/iIIIiIliiI,java/lang/Object,rustme/lIIIliliiI,8,4,2271,,,
iIIIiIlilI(23).class,rustme/iIIIiIlilI,java/lang/Object,,0,6,284,,,
iIIIiIlliI(46).class,rustme/iIIIiIlliI,java/lang/Object,kotlin/jvm/functions/Function1,5,1,1468,Kotlin internals,,
iIIIiiIIII(287).class,rustme/iIIIiiIIII,java/lang/Object,,0,121,2693,,,
iIIIiiIIiI(78).class,rustme/iIIIiiIIiI,rustme/lilllliIiI,rustme/IlllIliIiI,19,4,9402,,,
iIIIiiIiII(206).class,rustme/iIIIiiIiII,java/lang/Object,kotlin/jvm/functions/Function0,4,1,954,Kotlin internals,,
iIIIiiIilI(39).class,rustme/iIIIiiIilI,java/lang/Object,,0,1,174,,,
iIIIiiIliI(78).class,rustme/iIIIiiIliI,java/lang/Enum,,10,7,3669,Kotlin internals,,
iIIIiiiIiI(14).class,rustme/iIIIiiiIiI,rustme/iIlIiiiIiI,,13,2,7199,Texture,,
iIIIiiiiII(142).class,rustme/iIIIiiiiII,java/lang/Object,kotlin/jvm/functions/Function1,5,1,2013,Kotlin internals,,
iIIIiiilII(135).class,rustme/iIIIiiilII,java/lang/Object,,0,1,174,,,
iIIIiiiliI(14).class,rustme/iIIIiiiliI,java/lang/Object,,6,3,2881,,,
iIIIiilIiI(78).class,rustme/iIIIiilIiI,java/lang/Object,,1,1,698,,,
iIIIiiliII(135).class,rustme/iIIIiiliII,java/lang/Object,,0,1,173,,,
iIIIiiliiI(14).class,rustme/iIIIiiliiI,rustme/iliIIlIiiI,,15,1,3354,,,
iIIIiillII(71).class,rustme/iIIIiillII,java/lang/Object,,0,1,174,,,
iIIIiilliI(14).class,rustme/iIIIiilliI,java/lang/Object,,0,1,375,Kotlin internals,,
iIIIilIIII(151).class,rustme/iIIIilIIII,java/lang/Object,,0,9,341,,,
iIIIilIIiI(62).class,rustme/iIIIilIIiI,java/lang/Enum,,6,4,1487,,,
iIIIilIilI(23).class,rustme/iIIIilIilI,java/lang/Object,,0,1,174,,,
iIIIilIliI(46).class,rustme/iIIIilIliI,java/lang/Object,,19,5,5629,Kotlin internals,,
iIIIiliIiI(30).class,rustme/iIIIiliIiI,java/lang/Object,com/google/common/base/Predicate,3,1,1487,,,
iIIIiliiII(94).class,rustme/iIIIiliiII,java/lang/Object,kotlin/jvm/functions/Function1,5,1,1780,Kotlin internals,,
iIIIililII(71).class,rustme/iIIIililII,java/lang/Object,,0,2,196,,,
iIIIililiI(14).class,rustme/iIIIililiI,kotlin/coroutines/jvm/internal/SuspendLambda,kotlin/jvm/functions/Function2,7,1,3527,Kotlin internals,,
iIIIillIiI(46).class,rustme/iIIIillIiI,java/lang/Object,,13,19,7440,,,
iIIIilliII(71).class,rustme/iIIIilliII,java/lang/Object,,0,1,173,,,
iIIIilliiI(14).class,rustme/iIIIilliiI,java/lang/Object,rustme/liIiillIiI,25,10,5944,,,
iIIIilllII(39).class,rustme/iIIIilllII,java/lang/Object,,0,1,174,,,
iIIIillliI(14).class,rustme/iIIIillliI,java/lang/Object,kotlin/jvm/functions/Function1,5,1,3128,Kotlin internals,,
iIIIlIIIiI(62).class,rustme/iIIIlIIIiI,io/netty/handler/codec/MessageToByteEncoder,,3,1,1280,,,
iIIIlIIiII(119).class,rustme/iIIIlIIiII,java/lang/Object,,0,1,173,,,
iIIIlIIlII(95).class,rustme/iIIIlIIlII,java/lang/Object,,0,1,174,,,
iIIIlIIliI(62).class,rustme/iIIIlIIliI,java/lang/Object,,8,3,5386,Kotlin internals,,
iIIIlIiIII(135).class,rustme/iIIIlIiIII,java/lang/Object,,0,72,1664,,,
iIIIlIiIiI(30).class,rustme/iIIIlIiIiI,rustme/ilIIlIiIiI,,2,0,679,,,
iIIIlIiiII(94).class,rustme/iIIIlIiiII,java/lang/Object,kotlin/jvm/functions/Function1,5,1,1469,Kotlin internals,,
iIIIlIiilI(15).class,rustme/iIIIlIiilI,java/lang/Object,,0,1,174,,,
iIIIlIiliI(30).class,rustme/iIIIlIiliI,java/lang/Object,,3,8,1597,Kotlin internals,,
iIIIlIlIII(95).class,rustme/iIIIlIlIII,java/lang/Object,,0,1,173,,,
iIIIlIlIiI(62).class,rustme/iIIIlIlIiI,java/lang/Object,,1,0,294,,,
iIIIlIliiI(30).class,rustme/iIIIlIliiI,java/lang/Object,rustme/iililIliiI,2,0,793,Particles,,
iIIIlIlliI(30).class,rustme/iIIIlIlliI,java/lang/Object,kotlin/jvm/functions/Function1,5,1,2816,Kotlin internals,,
iIIIliIIII(143).class,rustme/iIIIliIIII,java/lang/Object,,0,1,173,,,
iIIIliIIiI(46).class,rustme/iIIIliIIiI,rustme/IIIiliIIiI,,8,5,4484,,,
iIIIliIiII(110).class,rustme/iIIIliIiII,java/lang/Object,rustme/lIIlIiIiII,1,0,611,Kotlin internals,,
iIIIliIilI(23).class,rustme/iIIIliIilI,java/lang/Object,,0,1,174,,,
iIIIliIliI(46).class,rustme/iIIIliIliI,rustme/IliIIiIliI,,11,24,16042,Kotlin internals,,
iIIIliiIiI(14).class,rustme/iIIIliiIiI,rustme/IIlIliiIiI,,8,6,6352,Texture,,
iIIIliiiII(78).class,rustme/iIIIliiiII,java/lang/Object,kotlin/jvm/functions/Function1,5,1,1751,Kotlin internals,,
iIIIliilII(71).class,rustme/iIIIliilII,java/lang/Object,,0,5,262,,,
iIIIliiliI(14).class,rustme/iIIIliiliI,java/lang/Object,rustme/iIlliIIiII,4,1,1910,Kotlin internals,,
iIIIlilIiI(46).class,rustme/iIIIlilIiI,java/lang/Object,,6,2,1706,,,
iIIIliliII(71).class,rustme/iIIIliliII,java/lang/Object,,0,6,278,,,
iIIIliliiI(14).class,rustme/iIIIliliiI,rustme/iIlililiiI,,5,15,3027,,,
iIIIlillII(39).class,rustme/iIIIlillII,java/lang/Object,,0,1,174,,,
iIIIlilliI(14).class,rustme/iIIIlilliI,java/lang/Object,,20,6,4880,Kotlin internals,,
iIIIllIIII(87).class,rustme/iIIIllIIII,java/lang/Object,,0,2,194,,,
iIIIllIIiI(46).class,rustme/iIIIllIIiI,java/lang/Object,java/util/Comparator,3,0,1200,,,
iIIIllIiiI(14).class,rustme/iIIIllIiiI,rustme/iIIiIlIiiI,,14,2,4663,,,
iIIIllIilI(15).class,rustme/iIIIllIilI,java/lang/Object,,0,1,174,,,
iIIIllIliI(30).class,rustme/iIIIllIliI,java/lang/Object,,3,0,1429,Kotlin internals,,
iIIIlliIiI(30).class,rustme/iIIIlliIiI,rustme/liiIiiIIiI,,7,0,2159,,,
iIIIlliiII(62).class,rustme/iIIIlliiII,java/lang/Object,kotlin/jvm/functions/Function0,4,1,954,Kotlin internals,,
iIIIllilII(39).class,rustme/iIIIllilII,java/lang/Object,,0,6,284,,,
iIIIlliliI(14).class,rustme/iIIIlliliI,java/lang/Object,java/util/Comparator,2,1,1957,Kotlin internals,,
iIIIlllIiI(30).class,rustme/iIIIlllIiI,rustme/IlIlliliiI,,4,0,1711,,,
iIIIllliII(39).class,rustme/iIIIllliII,java/lang/Object,,0,14,446,,,
iIIIllliiI(14).class,rustme/iIIIllliiI,java/lang/Object,,5,1,3493,,,
iIIIllllII(23).class,rustme/iIIIllllII,java/lang/Object,,0,1,174,,,
iIIIlllliI(14).class,rustme/iIIIlllliI,java/lang/Object,kotlin/jvm/functions/Function1,5,1,1479,Kotlin internals,,
iIIiIIIIiI(118).class,rustme/iIIiIIIIiI,rustme/liIIiIIIiI,,4,2,1530,,,
iIIiIIIiII(243).class,rustme/iIIiIIIiII,java/lang/Object,,0,2,194,,,
iIIiIIIlII(187).class,rustme/iIIiIIIlII,java/lang/Object,,0,1,174,,,
iIIiIIIliI(118).class,rustme/iIIiIIIliI,rustme/IliIIiIliI,,12,2,16455,Kotlin internals,,
iIIiIIiIII(275).class,rustme/iIIiIIiIII,java/lang/Object,,0,31,803,,,
iIIiIIiIiI(54).class,rustme/iIIiIIiIiI,rustme/IIlliIiIiI,,9,0,5317,,,
iIIiIIiiII(182).class,rustme/iIIiIIiiII,java/lang/Object,kotlin/jvm/functions/Function1,5,1,1513,Kotlin internals,,
iIIiIIiilI(27).class,rustme/iIIiIIiilI,java/lang/Object,,0,1,174,,,
iIIiIIiliI(54).class,rustme/iIIiIIiliI,java/lang/Object,,6,3,1865,Kotlin internals,,
iIIiIIlIII(187).class,rustme/iIIiIIlIII,java/lang/Object,,0,2,194,,,
iIIiIIlIiI(118).class,rustme/iIIiIIlIiI,rustme/iiIiIIlIiI,,8,4,4645,,,
iIIiIIliiI(54).class,rustme/iIIiIIliiI,rustme/lllliIliiI,,2,2,2369,,,
iIIiIIlliI(54).class,rustme/iIIiIIlliI,java/lang/Object,kotlin/jvm/functions/Function1,5,1,1468,Kotlin internals,,
iIIiIiIIII(291).class,rustme/iIIiIiIIII,java/lang/Object,,0,4,236,,,
iIIiIiIIiI(86).class,rustme/iIIiIiIIiI,java/lang/Object,,1,0,282,,,
iIIiIiIiII(214).class,rustme/iIIiIiIiII,java/lang/Object,kotlin/jvm/functions/Function1,5,1,2823,Kotlin internals,,
iIIiIiIilI(43).class,rustme/iIIiIiIilI,java/lang/Object,,0,1,174,,,
iIIiIiIliI(86).class,rustme/iIIiIiIliI,rustme/IIIiIiIliI,,12,10,9061,Kotlin internals,,
iIIiIiiIiI(22).class,rustme/iIIiIiiIiI,rustme/lliiiiiIiI,,8,3,2864,Texture,,
iIIiIiiiII(150).class,rustme/iIIiIiiiII,java/lang/Object,kotlin/jvm/functions/Function1,5,1,1598,Kotlin internals,,
iIIiIiilII(139).class,rustme/iIIiIiilII,java/lang/Object,,0,15,482,,,
iIIiIiiliI(22).class,rustme/iIIiIiiliI,rustme/lIIiIiiliI,,1,0,527,,,
iIIiIilIiI(86).class,rustme/iIIiIilIiI,java/lang/Object,rustme/IlIiIilIiI,5,0,1638,,,
iIIiIiliII(139).class,rustme/iIIiIiliII,java/lang/Object,,0,2,194,,,
iIIiIiliiI(22).class,rustme/iIIiIiliiI,java/lang/Enum,rustme/ililIilIiI,11,7,2484,,,
iIIiIillII(75).class,rustme/iIIiIillII,java/lang/Object,,0,1,174,,,
iIIiIilliI(22).class,rustme/iIIiIilliI,java/lang/Object,rustme/IIliIilliI,2,0,1042,Kotlin internals,,
iIIiIlIIII(155).class,rustme/iIIiIlIIII,java/lang/Object,,0,10,362,,,
iIIiIlIIiI(70).class,rustme/iIIiIlIIiI,java/lang/Object,rustme/llillIIIiI,11,5,2258,,,
iIIiIlIiiI(6).class,rustme/iIIiIlIiiI,rustme/IillilIiiI,,16,1,4034,,,
iIIiIlIilI(27).class,rustme/iIIiIlIilI,java/lang/Object,,0,1,174,,,
iIIiIlIliI(54).class,rustme/iIIiIlIliI,java/lang/Object,java/util/Comparator,2,0,1625,Kotlin internals,,
iIIiIliIiI(38).class,rustme/iIIiIliIiI,java/lang/Object,,9,7,2709,,,
iIIiIliiII(102).class,rustme/iIIiIliiII,java/lang/Object,kotlin/jvm/functions/Function1,5,1,1495,Kotlin internals,,
iIIiIlilII(75).class,rustme/iIIiIlilII,java/lang/Object,,0,2,196,,,
iIIiIliliI(22).class,rustme/iIIiIliliI,rustme/IlilIIIliI,,3,1,1621,Kotlin internals,,
iIIiIllIiI(54).class,rustme/iIIiIllIiI,java/lang/Object,,14,3,9370,,,
iIIiIlliII(75).class,rustme/iIIiIlliII,java/lang/Object,,0,7,299,,,
iIIiIlliiI(22).class,rustme/iIIiIlliiI,java/lang/Object,rustme/IIIiIlliiI,2,0,757,,,
iIIiIlllII(43).class,rustme/iIIiIlllII,java/lang/Object,,0,1,174,,,
iIIiIllliI(22).class,rustme/iIIiIllliI,java/lang/Object,kotlin/jvm/functions/Function1,5,1,5095,Kotlin internals,,
iIIiiIIIII(299).class,rustme/iIIiiIIIII,java/lang/Object,,0,5,257,,,
iIIiiIIIiI(102).class,rustme/iIIiiIIIiI,java/lang/Object,rustme/liIiIIIIiI,2,0,757,,,
iIIiiIIiII(230).class,rustme/iIIiiIIiII,rustme/IIIiiIIiII,,8,1,2951,Kotlin internals,,
iIIiiIIilI(51).class,rustme/iIIiiIIilI,java/lang/Object,,0,1,174,,,
iIIiiIIliI(102).class,rustme/iIIiiIIliI,java/lang/Object,,5,2,1949,Kotlin internals,,
iIIiiIiIiI(38).class,rustme/iIIiiIiIiI,java/lang/Object,,3,0,484,,??? (со Minecraft ctor),Второй аргумент ctor Minecraft.
iIIiiIiiII(166).class,rustme/iIIiiIiiII,java/lang/Object,kotlin/jvm/functions/Function1,5,1,1973,Kotlin internals,,
iIIiiIilII(147).class,rustme/iIIiiIilII,java/lang/Object,,0,19,570,,,
iIIiiIiliI(38).class,rustme/iIIiiIiliI,java/lang/Object,rustme/lIIlIiIiII,4,1,1608,Kotlin internals,,
iIIiiIlIiI(102).class,rustme/iIIiiIlIiI,rustme/IIlllilIiI,,2,4,1709,,,
iIIiiIliII(147).class,rustme/iIIiiIliII,java/lang/Object,,0,1,173,,,
iIIiiIliiI(38).class,rustme/iIIiiIliiI,rustme/lIlililiiI,,4,4,1867,GUI/Screen,,
iIIiiIllII(83).class,rustme/iIIiiIllII,java/lang/Object,,0,1,174,,,
iIIiiIlliI(38).class,rustme/iIIiiIlliI,java/lang/Object,kotlin/jvm/functions/Function1,5,1,1468,Kotlin internals,,
iIIiiiIIiI(70).class,rustme/iIIiiiIIiI,rustme/iliIiliIiI,,6,2,2517,,,
iIIiiiIiII(198).class,rustme/iIIiiiIiII,java/lang/Object,kotlin/jvm/functions/Function1,5,1,1506,Kotlin internals,,
iIIiiiIlII(163).class,rustme/iIIiiiIlII,java/lang/Object,,0,1,174,,,
iIIiiiIliI(70).class,rustme/iIIiiiIliI,kotlin/jvm/internal/FunctionReferenceImpl,kotlin/jvm/functions/Function1,5,0,1731,Kotlin internals,,
iIIiiiiIII(251).class,rustme/iIIiiiiIII,java/lang/Object,,0,1,173,,,
iIIiiiiIiI(6).class,rustme/iIIiiiiIiI,rustme/lIlIiiiIiI,,15,1,3635,Texture,,
iIIiiiiiII(134).class,rustme/iIIiiiiiII,java/lang/Object,kotlin/jvm/functions/Function1,5,1,1482,Kotlin internals,,
iIIiiiiilI(3).class,rustme/iIIiiiiilI,java/lang/Object,,0,1,174,,,
iIIiiiiliI(6).class,rustme/iIIiiiiliI,java/lang/Object,,6,10,2814,,,
iIIiiilIII(163).class,rustme/iIIiiilIII,java/lang/Object,,0,1,173,,,
iIIiiilIiI(70).class,rustme/iIIiiilIiI,rustme/lliiiilIiI,,12,1,2508,,,
iIIiiiliiI(6).class,rustme/iIIiiiliiI,rustme/iliiiiliiI,,12,2,6727,,,
iIIiiililI(3).class,rustme/iIIiiililI,java/lang/Object,,0,58,1428,,,
iIIiiilliI(6).class,rustme/iIIiiilliI,java/lang/Object,,7,0,5924,Kotlin internals,,
iIIiilIIiI(54).class,rustme/iIIiilIIiI,java/lang/Object,rustme/llillIIIiI,5,0,1040,,,
iIIiilIiII(115).class,rustme/iIIiilIiII,java/lang/Object,,0,2,194,,,
iIIiilIlII(83).class,rustme/iIIiilIlII,java/lang/Object,,0,1,174,,,
iIIiilIliI(38).class,rustme/iIIiilIliI,java/lang/Object,kotlin/jvm/functions/Function1,5,2,3802,Kotlin internals,,
iIIiiliIII(131).class,rustme/iIIiiliIII,java/lang/Object,,0,1,173,,,
iIIiiliIiI(22).class,rustme/iIIiiliIiI,rustme/llIiiliIiI,,2,0,738,,,
iIIiiliiII(86).class,rustme/iIIiiliiII,java/lang/Object,kotlin/jvm/functions/Function1,5,1,3144,Kotlin internals,,
iIIiiliilI(3).class,rustme/iIIiiliilI,java/lang/Object,,0,1,174,,,
iIIiililiI(6).class,rustme/iIIiililiI,java/lang/Object,kotlin/jvm/functions/Function0,3,2,1280,Kotlin internals,,
iIIiillIII(83).class,rustme/iIIiillIII,java/lang/Object,,0,3,215,,,
iIIiillIiI(38).class,rustme/iIIiillIiI,java/lang/Object,,0,0,131,,,
iIIiilliiI(6).class,rustme/iIIiilliiI,java/lang/Object,rustme/iililIliiI,2,0,715,Particles,,
iIIiillliI(6).class,rustme/iIIiillliI,java/lang/Object,kotlin/jvm/functions/Function1,5,1,1672,Kotlin internals,,
iIIilIIIII(147).class,rustme/iIIilIIIII,java/lang/Object,,0,13,425,,,
iIIilIIIiI(54).class,rustme/iIIilIIIiI,java/lang/Enum,,12,9,6599,,,
iIIilIIilI(27).class,rustme/iIIilIIilI,java/lang/Object,,0,1,174,,,
iIIilIIliI(54).class,rustme/iIIilIIliI,rustme/IililIIliI,,4,0,2112,Kotlin internals,,
iIIilIiIiI(22).class,rustme/iIIilIiIiI,rustme/liIilIiIiI,,2,0,502,,,
iIIilIiiII(86).class,rustme/iIIilIiiII,java/lang/Object,kotlin/jvm/functions/Function1,5,1,1641,Kotlin internals,,
iIIilIilII(75).class,rustme/iIIilIilII,java/lang/Object,,0,2,196,,,
iIIilIiliI(22).class,rustme/iIIilIiliI,java/lang/Object,,55,38,34104,Kotlin internals;Sounds,,
iIIilIlIiI(54).class,rustme/iIIilIlIiI,rustme/IlllIIlIiI,,7,0,2497,,,
iIIilIliII(75).class,rustme/iIIilIliII,java/lang/Object,,0,2,194,,,
iIIilIliiI(22).class,rustme/iIIilIliiI,io/netty/channel/SimpleChannelInboundHandler,,7,1,4854,,,
iIIilIllII(43).class,rustme/iIIilIllII,java/lang/Object,,0,1,174,,,
iIIilIlliI(22).class,rustme/iIIilIlliI,java/lang/Object,kotlin/jvm/functions/Function1,5,1,1468,Kotlin internals,,
iIIiliIIiI(38).class,rustme/iIIiliIIiI,java/lang/Object,,4,553,57875,,,
iIIiliIiII(102).class,rustme/iIIiliIiII,java/lang/Object,rustme/lIIlIiIiII,20,7,4285,Kotlin internals,,
iIIiliIlII(83).class,rustme/iIIiliIlII,java/lang/Object,,0,4,240,,,
iIIiliIliI(38).class,rustme/iIIiliIliI,kotlin/properties/ObservableProperty,,4,1,2562,Kotlin internals,,
iIIiliiIII(123).class,rustme/iIIiliiIII,java/lang/Object,,0,53,1265,,,
iIIiliiIiI(6).class,rustme/iIIiliiIiI,rustme/iliiliiIiI,,4,4,3756,,,
iIIiliiiII(70).class,rustme/iIIiliiiII,java/lang/Object,kotlin/jvm/functions/Function1,5,1,1641,Kotlin internals,,
iIIiliiilI(3).class,rustme/iIIiliiilI,java/lang/Object,,0,1,174,,,
iIIiliiliI(6).class,rustme/iIIiliiliI,rustme/IIIiliiliI,,5,2,2728,Kotlin internals,,
iIIililIII(83).class,rustme/iIIililIII,java/lang/Object,,0,3,215,,,
iIIililIiI(38).class,rustme/iIIililIiI,java/lang/Object,,3,3,718,,,
iIIililiiI(6).class,rustme/iIIililiiI,java/lang/Object,,0,0,220,,,
iIIilililI(3).class,rustme/iIIilililI,java/lang/Object,,0,3,218,,,
iIIililliI(6).class,rustme/iIIililliI,java/lang/Enum,,7,6,2226,Kotlin internals,,
iIIillIIiI(38).class,rustme/iIIillIIiI,java/lang/Object,,13,7,2663,Scoreboard,,
iIIillIiII(67).class,rustme/iIIillIiII,java/lang/Object,,0,1,173,,,
iIIillIiiI(6).class,rustme/iIIillIiiI,java/lang/Object,com/google/common/base/Predicate,3,0,976,,,
iIIillIlII(43).class,rustme/iIIillIlII,java/lang/Object,,0,1,174,,,
iIIillIliI(22).class,rustme/iIIillIliI,java/lang/Object,rustme/lIIillIliI,14,3,3242,Kotlin internals,,
iIIilliIII(75).class,rustme/iIIilliIII,java/lang/Object,,0,7,299,,,
iIIilliIiI(22).class,rustme/iIIilliIiI,rustme/iIilIliIiI,,26,3,8633,,,
iIIilliiII(54).class,rustme/iIIilliiII,java/lang/Object,kotlin/jvm/functions/Function1,5,1,1899,Kotlin internals,,
iIIilliilI(3).class,rustme/iIIilliilI,java/lang/Object,,0,1,174,,,
iIIilliliI(6).class,rustme/iIIilliliI,kotlin/jvm/internal/MutablePropertyReference1Impl,,5,1,1409,Kotlin internals,,
iIIilllIII(43).class,rustme/iIIilllIII,java/lang/Object,,0,1,174,,,
iIIilllIiI(22).class,rustme/iIIilllIiI,java/lang/Object,,1,1,737,,,
iIIillliiI(6).class,rustme/iIIillliiI,java/lang/Object,rustme/iliillliiI,2,0,616,,,
iIIilllliI(6).class,rustme/iIIilllliI,java/lang/Object,kotlin/jvm/functions/Function1,5,1,3101,Kotlin internals,,
iIIlIIIIiI(62).class,rustme/iIIlIIIIiI,rustme/lilIIIIIiI,,15,1,2809,,,
iIIlIIIiII(123).class,rustme/iIIlIIIiII,java/lang/Object,,0,4,236,,,
iIIlIIIlII(95).class,rustme/iIIlIIIlII,java/lang/Object,,0,1,174,,,
iIIlIIIliI(62).class,rustme/iIIlIIIliI,java/lang/Object,kotlin/jvm/functions/Function1,4,1,2487,Kotlin internals,,
iIIlIIiIII(139).class,rustme/iIIlIIiIII,java/lang/Object,,0,3,215,,,
iIIlIIiIiI(30).class,rustme/iIIlIIiIiI,rustme/IIlliIiIiI,,9,0,3939,,,
iIIlIIiiII(94).class,rustme/iIIlIIiiII,java/lang/Object,kotlin/jvm/functions/Function1,5,1,1506,Kotlin internals,,
iIIlIIiilI(15).class,rustme/iIIlIIiilI,java/lang/Object,,0,1,174,,,
iIIlIIiliI(30).class,rustme/iIIlIIiliI,java/lang/Object,,10,8,9828,Kotlin internals,,
iIIlIIlIII(95).class,rustme/iIIlIIlIII,java/lang/Object,,0,1,173,,,
iIIlIIlIiI(62).class,rustme/iIIlIIlIiI,java/lang/Object,,5,2,1466,,,
iIIlIIliiI(30).class,rustme/iIIlIIliiI,java/lang/Object,,8,2,3995,,,
iIIlIIlliI(30).class,rustme/iIIlIIlliI,java/lang/Object,kotlin/jvm/functions/Function1,5,1,1784,Kotlin internals,,
iIIlIiIIII(147).class,rustme/iIIlIiIIII,java/lang/Object,,0,4,236,,,
iIIlIiIIiI(46).class,rustme/iIIlIiIIiI,rustme/llIIlIiIiI,,3,0,2063,,,
iIIlIiIiII(110).class,rustme/iIIlIiIiII,java/lang/Object,,48,0,33598,Kotlin internals,,
iIIlIiIilI(23).class,rustme/iIIlIiIilI,java/lang/Object,,0,1,174,,,
iIIlIiIliI(46).class,rustme/iIIlIiIliI,rustme/IliIIiIliI,,20,32,16061,Kotlin internals,,
iIIlIiiIiI(14).class,rustme/iIIlIiiIiI,java/lang/Object,,0,0,220,,,
iIIlIiiiII(78).class,rustme/iIIlIiiiII,java/lang/Object,kotlin/jvm/functions/Function1,5,1,1463,Kotlin internals,,
iIIlIiilII(71).class,rustme/iIIlIiilII,java/lang/Object,,0,8,328,,,
iIIlIiiliI(14).class,rustme/iIIlIiiliI,java/lang/Object,rustme/lllliilliI,9,1,5654,Block;Kotlin internals,,
iIIlIilIiI(46).class,rustme/iIIlIilIiI,java/io/PrintStream,,6,2,1451,,,
iIIlIiliII(71).class,rustme/iIIlIiliII,java/lang/Object,,0,2,194,,,
iIIlIiliiI(14).class,rustme/iIIlIiliiI,java/lang/Enum,,7,4,1531,,,
iIIlIillII(39).class,rustme/iIIlIillII,java/lang/Object,,0,1,174,,,
iIIlIilliI(14).class,rustme/iIIlIilliI,java/lang/Object,,2,3,819,Kotlin internals,,
iIIlIlIIII(79).class,rustme/iIIlIlIIII,java/lang/Object,,0,1,173,,,
iIIlIlIIiI(38).class,rustme/iIIlIlIIiI,java/lang/Enum,,7,19,3055,,,
iIIlIlIiiI(6).class,rustme/iIIlIlIiiI,java/lang/Object,,1,2,909,,,
iIIlIlIilI(15).class,rustme/iIIlIlIilI,java/lang/Object,,0,1,174,,,
iIIlIlIliI(30).class,rustme/iIIlIlIliI,java/lang/Object,,21,4,4134,Kotlin internals,,
iIIlIliIiI(22).class,rustme/iIIlIliIiI,java/lang/Object,,3,1,2744,,,
iIIlIliiII(54).class,rustme/iIIlIliiII,java/lang/Object,kotlin/jvm/functions/Function1,5,1,1495,Kotlin internals,,
iIIlIlilII(39).class,rustme/iIIlIlilII,java/lang/Object,,0,2,196,,,
iIIlIliliI(14).class,rustme/iIIlIliliI,java/lang/Object,,2,0,1314,Kotlin internals,,
iIIlIllIiI(30).class,rustme/iIIlIllIiI,rustme/iiIlIllIiI,,5,0,2771,,,
iIIlIlliII(39).class,rustme/iIIlIlliII,java/lang/Object,,0,13,425,,,
iIIlIlliiI(14).class,rustme/iIIlIlliiI,java/lang/Object,,1,1,705,,,
iIIlIlllII(23).class,rustme/iIIlIlllII,java/lang/Object,,0,1,174,,,
iIIlIllliI(14).class,rustme/iIIlIllliI,java/lang/Object,kotlin/jvm/functions/Function1,5,1,1898,Kotlin internals,,
iIIliIIIII(151).class,rustme/iIIliIIIII,java/lang/Object,,0,1,173,,,
iIIliIIIiI(54).class,rustme/iIIliIIIiI,rustme/llliiIIIiI,,3,0,2233,,,
iIIliIIiII(118).class,rustme/iIIliIIiII,java/lang/Object,kotlinx/serialization/KSerializer,8,1,3706,Kotlin internals,,
iIIliIIilI(27).class,rustme/iIIliIIilI,java/lang/Object,,0,1,174,,,
iIIliIIliI(54).class,rustme/iIIliIIliI,rustme/IIllIiIliI,,9,2,10086,Kotlin internals,,
iIIliIiIiI(22).class,rustme/iIIliIiIiI,java/lang/Object,,12,1,3277,,,
iIIliIiiII(86).class,rustme/iIIliIiiII,java/lang/Object,kotlin/jvm/functions/Function1,5,1,1482,Kotlin internals,,
iIIliIilII(75).class,rustme/iIIliIilII,java/lang/Object,,0,2,196,,,
iIIliIiliI(22).class,rustme/iIIliIiliI,java/lang/Object,,20,6,12563,Kotlin internals,,
iIIliIlIiI(54).class,rustme/iIIliIlIiI,java/lang/Object,,7,1,831,,,
iIIliIliII(75).class,rustme/iIIliIliII,java/lang/Object,,0,5,257,,,
iIIliIliiI(22).class,rustme/iIIliIliiI,java/lang/Object,,1,5,1113,,,
iIIliIllII(43).class,rustme/iIIliIllII,java/lang/Object,,0,3,218,,,
iIIliIlliI(22).class,rustme/iIIliIlliI,java/lang/Object,kotlin/jvm/functions/Function1,5,1,2021,Kotlin internals,,
iIIliiIIiI(38).class,rustme/iIIliiIIiI,java/lang/Object,rustme/iillIliIiI,1,1,446,,,
iIIliiIiII(102).class,rustme/iIIliiIiII,java/lang/Object,kotlin/jvm/functions/Function1,5,1,1468,Kotlin internals,,
iIIliiIlII(83).class,rustme/iIIliiIlII,java/lang/Object,,0,1,174,,,
iIIliiIliI(38).class,rustme/iIIliiIliI,kotlin/properties/ObservableProperty,,4,1,2237,Kotlin internals,,
iIIliiiIII(127).class,rustme/iIIliiiIII,java/lang/Object,,0,1,173,,,
iIIliiiIiI(6).class,rustme/iIIliiiIiI,rustme/lIlliiiIiI,,3,0,977,,,
iIIliiiiII(70).class,rustme/iIIliiiiII,java/lang/Object,kotlin/jvm/functions/Function1,5,1,1713,Kotlin internals,,
iIIliiiilI(3).class,rustme/iIIliiiilI,java/lang/Object,,0,1,174,,,
iIIliiiliI(6).class,rustme/iIIliiiliI,java/lang/Object,,26,86,17073,,,
iIIliilIII(83).class,rustme/iIIliilIII,java/lang/Object,,0,2,194,,,
iIIliilIiI(38).class,rustme/iIIliilIiI,java/lang/Object,rustme/IlIiIilIiI,5,0,2406,,,
iIIliiliiI(6).class,rustme/iIIliiliiI,rustme/IillilIiiI,,41,23,15612,,,
iIIliililI(3).class,rustme/iIIliililI,java/lang/Object,,0,1,174,,,
iIIliilliI(6).class,rustme/iIIliilliI,java/lang/Object,,0,10,1103,Kotlin internals,,
iIIlilIIiI(30).class,rustme/iIIlilIIiI,java/lang/Object,rustme/llillIIIiI,7,1,1341,,,
iIIlilIiII(59).class,rustme/iIIlilIiII,java/lang/Object,,0,2,194,,,
iIIlilIlII(43).class,rustme/iIIlilIlII,java/lang/Object,,0,1,174,,,
iIIlilIliI(22).class,rustme/iIIlilIliI,java/lang/Object,,5,0,899,Kotlin internals,,
iIIliliIII(67).class,rustme/iIIliliIII,java/lang/Object,,0,2,194,,,
iIIliliIiI(14).class,rustme/iIIliliIiI,rustme/iliIiliIiI,,5,4,2158,,,
iIIliliiII(46).class,rustme/iIIliliiII,java/lang/Object,kotlin/jvm/functions/Function1,5,1,1974,Kotlin internals,,
iIIliliilI(3).class,rustme/iIIliliilI,java/lang/Object,,0,1,174,,,
iIIlililiI(6).class,rustme/iIIlililiI,java/lang/Object,kotlin/jvm/functions/Function1,5,1,2616,Kotlin internals,,
iIIlillIII(43).class,rustme/iIIlillIII,java/lang/Object,,0,2,194,,,
iIIlillIiI(22).class,rustme/iIIlillIiI,java/lang/Object,,43,41,27586,,,
iIIlilliiI(6).class,rustme/iIIlilliiI,java/lang/Object,,5,3,2797,,,
iIIlillliI(6).class,rustme/iIIlillliI,java/lang/Object,kotlin/jvm/functions/Function1,5,1,1974,Kotlin internals,,
iIIllIIIII(75).class,rustme/iIIllIIIII,java/lang/Object,,0,1,173,,,
iIIllIIIiI(30).class,rustme/iIIllIIIiI,java/lang/Object,rustme/llillIIIiI,7,1,1478,,,
iIIllIIilI(15).class,rustme/iIIllIIilI,java/lang/Object,,0,1,174,,,
iIIllIIliI(30).class,rustme/iIIllIIliI,kotlin/jvm/internal/FunctionReferenceImpl,kotlin/jvm/functions/Function0,5,1,1274,Kotlin internals,,
iIIllIiIiI(14).class,rustme/iIIllIiIiI,rustme/IiillIiIiI,,6,0,1084,,,
iIIllIiiII(46).class,rustme/iIIllIiiII,java/lang/Object,kotlin/jvm/functions/Function1,5,1,1506,Kotlin internals,,
iIIllIilII(39).class,rustme/iIIllIilII,java/lang/Object,,0,2,196,,,
iIIllIiliI(14).class,rustme/iIIllIiliI,java/lang/Object,kotlinx/coroutines/flow/FlowCollector,4,2,3322,Kotlin internals,,
iIIllIlIiI(30).class,rustme/iIIllIlIiI,java/lang/Object,,6,2,799,,,
iIIllIliII(39).class,rustme/iIIllIliII,java/lang/Object,,0,1,173,,,
iIIllIliiI(14).class,rustme/iIIllIliiI,rustme/lililIliiI,,4,1,2090,Particles,,
iIIllIllII(23).class,rustme/iIIllIllII,java/lang/Object,,0,1,174,,,
iIIllIlliI(14).class,rustme/iIIllIlliI,java/lang/Object,kotlin/jvm/functions/Function1,5,1,2176,Kotlin internals,,
iIIlliIIiI(22).class,rustme/iIIlliIIiI,java/lang/Object,rustme/iiIlliIIiI,9,1,6000,,,
iIIlliIiII(54).class,rustme/iIIlliIiII,java/lang/Object,rustme/lIIlIiIiII,1,0,612,Kotlin internals,,
iIIlliIlII(43).class,rustme/iIIlliIlII,java/lang/Object,,0,3,218,,,
iIIlliIliI(22).class,rustme/iIIlliIliI,java/lang/Object,,1,1,747,Kotlin internals,,
iIIlliiIII(63).class,rustme/iIIlliiIII,java/lang/Object,,0,1,173,,,
iIIlliiIiI(6).class,rustme/iIIlliiIiI,java/lang/Object,rustme/llIlliiIiI,11,5,2521,,,
iIIlliiiII(38).class,rustme/iIIlliiiII,java/lang/Object,kotlin/jvm/functions/Function1,5,1,3410,Kotlin internals,,
iIIlliiilI(3).class,rustme/iIIlliiilI,java/lang/Object,,0,1,174,,,
iIIlliiliI(6).class,rustme/iIIlliiliI,rustme/lilliiiliI,,6,2,1764,Kotlin internals,PlayerSprintEvent (mod),extends IIiIIiIIiI; Z-флаг.
iIIllilIII(43).class,rustme/iIIllilIII,java/lang/Object,,0,1,173,,,
iIIllilIiI(22).class,rustme/iIIllilIiI,java/lang/Object,,1,1,414,,,
iIIlliliiI(6).class,rustme/iIIlliliiI,rustme/IiliiIliiI,rustme/IIIIliIIiI,16,4,7116,GUI/Screen;Texture,,
iIIllililI(3).class,rustme/iIIllililI,java/lang/Object,,0,2,196,,,
iIIllilliI(6).class,rustme/iIIllilliI,java/lang/Object,kotlin/jvm/functions/Function1,5,1,1809,Kotlin internals,,
iIIlllIIiI(22).class,rustme/iIIlllIIiI,java/lang/Object,rustme/lIilIilIiI,8,1,1643,,,
iIIlllIiII(35).class,rustme/iIIlllIiII,java/lang/Object,,0,9,341,,,
iIIlllIiiI(6).class,rustme/iIIlllIiiI,java/lang/Object,,8,8,3773,,,
iIIlllIlII(23).class,rustme/iIIlllIlII,java/lang/Object,,0,1,174,,,
iIIlllIliI(14).class,rustme/iIIlllIliI,java/lang/Object,,64,0,40880,GUI/Screen;Kotlin internals,,
iIIllliIII(39).class,rustme/iIIllliIII,java/lang/Object,,0,12,404,,,
iIIllliIiI(14).class,rustme/iIIllliIiI,rustme/lilllliIiI,,33,11,11417,,,
iIIllliiII(30).class,rustme/iIIllliiII,java/lang/Object,kotlin/jvm/functions/Function1,5,1,1973,Kotlin internals,,
iIIllliilI(3).class,rustme/iIIllliilI,java/lang/Object,,0,1,174,,,
iIIllliliI(6).class,rustme/iIIllliliI,java/lang/Object,,2,0,1013,Kotlin internals,,
iIIllllIII(23).class,rustme/iIIllllIII,java/lang/Object,,0,11,394,,,
iIIllllIiI(14).class,rustme/iIIllllIiI,java/lang/Object,,10,2,2182,,,
iIIlllliiI(6).class,rustme/iIIlllliiI,java/lang/Object,rustme/lIllllliiI,4,0,3036,,,
iIIllllliI(6).class,rustme/iIIllllliI,java/lang/Object,kotlin/jvm/functions/Function1,5,1,1541,Kotlin internals,,
iIiIIIIIiI(122).class,rustme/iIiIIIIIiI,rustme/llliiIIIiI,,9,1,7141,,,
iIiIIIIiII(245).class,rustme/iIiIIIIiII,java/lang/Object,,0,1,173,,,
iIiIIIIlII(189).class,rustme/iIiIIIIlII,java/lang/Object,,0,1,174,,,
iIiIIIIliI(122).class,rustme/iIiIIIIliI,java/lang/Object,,3,0,1004,Kotlin internals,,
iIiIIIiIII(277).class,rustme/iIiIIIiIII,java/lang/Object,,0,1,173,,,
iIiIIIiIiI(58).class,rustme/iIiIIIiIiI,rustme/IIlliIiIiI,,13,0,10585,,,
iIiIIIiiII(186).class,rustme/iIiIIIiiII,java/lang/Object,kotlin/jvm/functions/Function1,5,1,1880,Kotlin internals,,
iIiIIIiilI(29).class,rustme/iIiIIIiilI,java/lang/Object,,0,1,174,,,
iIiIIIiliI(58).class,rustme/iIiIIIiliI,rustme/iiiliIiliI,,9,3,3360,Kotlin internals;Particles,,
iIiIIIlIII(189).class,rustme/iIiIIIlIII,java/lang/Object,,0,11,383,,,
iIiIIIlIiI(122).class,rustme/iIiIIIlIiI,rustme/IIIiIIlIiI,,5,0,3846,,,
iIiIIIliiI(58).class,rustme/iIiIIIliiI,rustme/iliIIIliiI,,2,0,629,,,
iIiIIIlliI(58).class,rustme/iIiIIIlliI,java/lang/Object,kotlin/jvm/functions/Function1,5,1,1654,Kotlin internals,,
iIiIIiIIII(293).class,rustme/iIiIIiIIII,java/lang/Object,,0,3,215,,,
iIiIIiIIiI(90).class,rustme/iIiIIiIIiI,java/lang/Enum,,6,7,1784,,,
iIiIIiIiII(218).class,rustme/iIiIIiIiII,java/lang/Object,kotlin/jvm/functions/Function1,5,1,1495,Kotlin internals,,
iIiIIiIilI(45).class,rustme/iIiIIiIilI,java/lang/Object,,0,1,174,,,
iIiIIiIliI(90).class,rustme/iIiIIiIliI,java/lang/Object,kotlin/jvm/functions/Function0,3,6,2888,Kotlin internals,,
iIiIIiiIiI(26).class,rustme/iIiIIiiIiI,java/lang/Object,,4,2,865,,,
iIiIIiiiII(154).class,rustme/iIiIIiiiII,java/lang/Object,kotlin/jvm/functions/Function1,5,1,1769,Kotlin internals,,
iIiIIiilII(141).class,rustme/iIiIIiilII,java/lang/Object,,0,6,284,,,
iIiIIiiliI(26).class,rustme/iIiIIiiliI,rustme/IIiIIiiliI,,1,1,500,,,
iIiIIilIiI(90).class,rustme/iIiIIilIiI,java/lang/Object,com/google/common/base/Predicate,3,0,1016,,,
iIiIIiliII(141).class,rustme/iIiIIiliII,java/lang/Object,,0,6,278,,,
iIiIIiliiI(26).class,rustme/iIiIIiliiI,rustme/llliIiliiI,,4,0,624,,,
iIiIIillII(77).class,rustme/iIiIIillII,java/lang/Object,,0,1,174,,,
iIiIIilliI(26).class,rustme/iIiIIilliI,java/lang/Object,rustme/IIliIilliI,4,2,1991,Kotlin internals,,
iIiIIlIIII(157).class,rustme/iIiIIlIIII,java/lang/Object,,0,52,1244,,,
iIiIIlIIiI(74).class,rustme/iIiIIlIIiI,java/lang/Object,rustme/llillIIIiI,12,4,2933,,,
iIiIIlIiiI(10).class,rustme/iIiIIlIiiI,rustme/iliIIlIiiI,,21,3,9945,,,
iIiIIlIilI(29).class,rustme/iIiIIlIilI,java/lang/Object,,0,1,174,,,
iIiIIlIliI(58).class,rustme/iIiIIlIliI,java/lang/Enum,,7,5,2069,Kotlin internals,,
iIiIIliIiI(42).class,rustme/iIiIIliIiI,rustme/liliIliIiI,,3,0,839,,,
iIiIIliiII(106).class,rustme/iIiIIliiII,java/lang/Object,kotlin/jvm/functions/Function1,5,1,1468,Kotlin internals,,
iIiIIlilII(77).class,rustme/iIiIIlilII,java/lang/Object,,0,2,196,,,
iIiIIliliI(26).class,rustme/iIiIIliliI,java/lang/Object,kotlin/jvm/functions/Function0,3,2,2799,Kotlin internals,,
iIiIIllIiI(58).class,rustme/iIiIIllIiI,rustme/iiIlIllIiI,,5,0,1258,,,
iIiIIlliII(77).class,rustme/iIiIIlliII,java/lang/Object,,0,1,173,,,
iIiIIlliiI(26).class,rustme/iIiIIlliiI,java/lang/Object,,12,5,4358,,,
iIiIIlllII(45).class,rustme/iIiIIlllII,java/lang/Object,,0,1,174,,,
iIiIIllliI(26).class,rustme/iIiIIllliI,java/lang/Object,kotlin/jvm/functions/Function1,5,1,1541,Kotlin internals,,
iIiIiIIIII(301).class,rustme/iIiIiIIIII,java/lang/Object,,0,1,173,,,
iIiIiIIIiI(106).class,rustme/iIiIiIIIiI,rustme/llIIlIiIiI,,2,0,746,,,
iIiIiIIiII(234).class,rustme/iIiIiIIiII,java/lang/Object,,4,0,3107,Kotlin internals,,
iIiIiIIilI(53).class,rustme/iIiIiIIilI,java/lang/Object,,0,1,174,,,
iIiIiIIliI(106).class,rustme/iIiIiIIliI,java/lang/Object,java/util/Comparator,2,1,1135,Kotlin internals,,
iIiIiIiIiI(42).class,rustme/iIiIiIiIiI,java/lang/Object,java/lang/Runnable,2,2,974,,,
iIiIiIiiII(170).class,rustme/iIiIiIiiII,java/lang/Object,kotlin/jvm/functions/Function1,5,1,2023,Kotlin internals,,
iIiIiIilII(149).class,rustme/iIiIiIilII,java/lang/Object,,0,34,900,,,
iIiIiIiliI(42).class,rustme/iIiIiIiliI,java/lang/Object,,2,0,820,Kotlin internals,,
iIiIiIlIiI(106).class,rustme/iIiIiIlIiI,java/lang/Object,,7,0,385,,,
iIiIiIliII(149).class,rustme/iIiIiIliII,java/lang/Object,,0,1,173,,,
iIiIiIliiI(42).class,rustme/iIiIiIliiI,rustme/IIilIiiIiI,,11,4,4842,,,
iIiIiIllII(85).class,rustme/iIiIiIllII,java/lang/Object,,0,1,174,,,
iIiIiIlliI(42).class,rustme/iIiIiIlliI,java/lang/Object,kotlin/jvm/functions/Function1,5,1,1468,Kotlin internals,,
iIiIiiIIiI(74).class,rustme/iIiIiiIIiI,rustme/iiIIlliIiI,,9,0,2019,,,
iIiIiiIiII(202).class,rustme/iIiIiiIiII,java/lang/Object,kotlin/jvm/functions/Function1,5,1,1468,Kotlin internals,,
iIiIiiIlII(165).class,rustme/iIiIiiIlII,java/lang/Object,,0,27,746,,,
iIiIiiIliI(74).class,rustme/iIiIiiIliI,java/lang/Object,kotlin/jvm/functions/Function0,5,1,1708,Kotlin internals,,
iIiIiiiIII(253).class,rustme/iIiIiiiIII,java/lang/Object,,0,1,173,,,
iIiIiiiIiI(10).class,rustme/iIiIiiiIiI,rustme/iillllliiI,,3,0,1396,,,
iIiIiiiiII(138).class,rustme/iIiIiiiiII,java/lang/Object,kotlin/jvm/functions/Function1,5,1,3338,Kotlin internals,,
iIiIiiiilI(5).class,rustme/iIiIiiiilI,java/lang/Object,,0,1,174,,,
iIiIiiiliI(10).class,rustme/iIiIiiiliI,java/lang/Object,,5,3,1671,,,
iIiIiilIII(165).class,rustme/iIiIiilIII,java/lang/Object,,0,5,257,,,
iIiIiilIiI(74).class,rustme/iIiIiilIiI,rustme/lliiiilIiI,rustme/lilIIIlIiI,7,1,1593,,,
iIiIiiliiI(10).class,rustme/iIiIiiliiI,rustme/IillilIiiI,,10,1,3361,,,
iIiIiililI(5).class,rustme/iIiIiililI,java/lang/Object,,0,1,174,,,
iIiIiilliI(10).class,rustme/iIiIiilliI,java/lang/Object,,5,2,6351,Kotlin internals,,
iIiIilIIiI(58).class,rustme/iIiIilIIiI,java/lang/Object,rustme/llillIIIiI,10,4,2229,,,
iIiIilIiII(117).class,rustme/iIiIilIiII,java/lang/Object,,0,1,173,,,
iIiIilIlII(85).class,rustme/iIiIilIlII,java/lang/Object,,0,1,174,,,
iIiIilIliI(42).class,rustme/iIiIilIliI,java/lang/Object,kotlin/jvm/functions/Function1,5,2,3773,Kotlin internals,,
iIiIiliIII(133).class,rustme/iIiIiliIII,java/lang/Object,,0,1,173,,,
iIiIiliIiI(26).class,rustme/iIiIiliIiI,rustme/iliIiliIiI,,8,9,4213,,,
iIiIiliiII(90).class,rustme/iIiIiliiII,java/lang/Object,kotlin/jvm/functions/Function1,5,1,1899,Kotlin internals,,
iIiIiliilI(5).class,rustme/iIiIiliilI,java/lang/Object,,0,1,174,,,
iIiIililiI(10).class,rustme/iIiIililiI,java/lang/Object,kotlin/jvm/functions/Function1,5,1,3141,Kotlin internals,,
iIiIillIII(85).class,rustme/iIiIillIII,java/lang/Object,,0,15,467,,,
iIiIillIiI(42).class,rustme/iIiIillIiI,java/lang/Object,,49,5,25301,World gen,,
iIiIilliiI(10).class,rustme/iIiIilliiI,java/lang/Object,rustme/iililIliiI,2,0,719,Particles,,
iIiIillliI(10).class,rustme/iIiIillliI,java/lang/Object,kotlin/jvm/functions/Function1,5,1,1661,Kotlin internals,,
iIiIlIIIII(149).class,rustme/iIiIlIIIII,java/lang/Object,,0,17,509,,,
iIiIlIIIiI(58).class,rustme/iIiIlIIIiI,java/lang/Object,rustme/llillIIIiI,7,1,1996,,,
iIiIlIIilI(29).class,rustme/iIiIlIIilI,java/lang/Object,,0,1,174,,,
iIiIlIIliI(58).class,rustme/iIiIlIIliI,java/lang/Object,,3,2,1476,Kotlin internals,,
iIiIlIiIiI(26).class,rustme/iIiIlIiIiI,rustme/ilIIlIiIiI,,2,0,771,,,
iIiIlIiiII(90).class,rustme/iIiIlIiiII,java/lang/Object,kotlin/jvm/functions/Function1,5,1,1971,Kotlin internals,,
iIiIlIilII(77).class,rustme/iIiIlIilII,java/lang/Object,,0,9,350,,,
iIiIlIiliI(26).class,rustme/iIiIlIiliI,java/lang/Object,,4,0,1787,Kotlin internals,,
iIiIlIlIiI(58).class,rustme/iIiIlIlIiI,java/lang/Object,com/google/gson/JsonDeserializer;com/google/gson/JsonSerializer,7,0,2871,,,
iIiIlIliII(77).class,rustme/iIiIlIliII,java/lang/Object,,0,6,278,,,
iIiIlIliiI(26).class,rustme/iIiIlIliiI,rustme/lililIliiI,,3,1,2506,Particles,,
iIiIlIllII(45).class,rustme/iIiIlIllII,java/lang/Object,,0,1,174,,,
iIiIlIlliI(26).class,rustme/iIiIlIlliI,java/lang/Object,kotlin/jvm/functions/Function1,5,1,1973,Kotlin internals,,
iIiIliIIiI(42).class,rustme/iIiIliIIiI,rustme/lllIliIIiI,,5,1,1314,,,
iIiIliIiII(106).class,rustme/iIiIliIiII,java/lang/Object,java/util/Comparator,2,0,2495,Kotlin internals,,
iIiIliIlII(85).class,rustme/iIiIliIlII,java/lang/Object,,0,2,196,,,
iIiIliIliI(42).class,rustme/iIiIliIliI,rustme/liiIIiIliI,,6,3,5525,Kotlin internals,,
iIiIliiIII(125).class,rustme/iIiIliiIII,java/lang/Object,,0,4,236,,,
iIiIliiIiI(10).class,rustme/iIiIliiIiI,rustme/IlIiliiIiI,,12,10,6090,,,
iIiIliiiII(74).class,rustme/iIiIliiiII,java/lang/Object,kotlin/jvm/functions/Function1,5,1,1751,Kotlin internals,,
iIiIliiilI(5).class,rustme/iIiIliiilI,java/lang/Object,,0,1,174,,,
iIiIliiliI(10).class,rustme/iIiIliiliI,rustme/IIiIliiliI,,4,0,1600,Kotlin internals,,
iIiIlilIII(85).class,rustme/iIiIlilIII,java/lang/Object,,0,3,215,,,
iIiIlilIiI(42).class,rustme/iIiIlilIiI,java/lang/Object,,6,4,1795,,,
iIiIliliiI(10).class,rustme/iIiIliliiI,rustme/iiIiiIliiI,,8,4,3044,GUI/Screen,,
iIiIlililI(5).class,rustme/iIiIlililI,java/lang/Object,,0,2,196,,,
iIiIlilliI(10).class,rustme/iIiIlilliI,java/lang/Object,,2,28,3808,Kotlin internals,,
iIiIllIIiI(42).class,rustme/iIiIllIIiI,rustme/ilIlllIIiI,,30,10,14437,,,
iIiIllIiII(69).class,rustme/iIiIllIiII,java/lang/Object,,0,4,236,,,
iIiIllIiiI(10).class,rustme/iIiIllIiiI,java/lang/Enum,rustme/ililIilIiI,9,6,2160,,,
iIiIllIlII(45).class,rustme/iIiIllIlII,java/lang/Object,,0,1,174,,,
iIiIllIliI(26).class,rustme/iIiIllIliI,java/lang/Object,kotlin/jvm/functions/Function1,4,1,1083,Kotlin internals,,
iIiIlliIII(77).class,rustme/iIiIlliIII,java/lang/Object,,0,8,320,,,
iIiIlliIiI(26).class,rustme/iIiIlliIiI,rustme/IIlIIliIiI,,17,3,4683,,,
iIiIlliiII(58).class,rustme/iIiIlliiII,java/lang/Object,kotlin/jvm/functions/Function1,5,1,2860,Kotlin internals,,
iIiIlliilI(5).class,rustme/iIiIlliilI,java/lang/Object,,0,1,174,,,
iIiIlliliI(10).class,rustme/iIiIlliliI,kotlin/jvm/internal/FunctionReferenceImpl,kotlin/jvm/functions/Function0,5,0,1472,Kotlin internals,,
iIiIlllIII(45).class,rustme/iIiIlllIII,java/lang/Object,,0,2,196,,,
iIiIlllIiI(26).class,rustme/iIiIlllIiI,java/lang/Object,,5,2,1596,,,
iIiIllliiI(10).class,rustme/iIiIllliiI,java/lang/Object,,1,0,178,,,
iIiIlllliI(10).class,rustme/iIiIlllliI,java/lang/Object,kotlin/jvm/functions/Function1,5,1,3338,Kotlin internals,,
iIiiIIIIII(305).class,rustme/iIiiIIIIII,java/lang/Object,,0,1,173,,,
iIiiIIIIiI(114).class,rustme/iIiiIIIIiI,rustme/lllIiIIIiI,,2,0,3083,,,
iIiiIIIilI(57).class,rustme/iIiiIIIilI,java/lang/Object,,0,1,174,,,
iIiiIIIliI(114).class,rustme/iIiiIIIliI,kotlin/properties/ObservableProperty,,4,1,2295,Kotlin internals,,
iIiiIIiIiI(50).class,rustme/iIiiIIiIiI,rustme/IIlliIiIiI,,9,0,3354,,,
iIiiIIiiII(178).class,rustme/iIiiIIiiII,java/lang/Object,kotlin/jvm/functions/Function1,5,1,3439,Kotlin internals,,
iIiiIIilII(153).class,rustme/iIiiIIilII,java/lang/Object,,0,1,174,,,
iIiiIIiliI(50).class,rustme/iIiiIIiliI,rustme/lllliIiliI,,4,1,4186,Kotlin internals,,
iIiiIIlIiI(114).class,rustme/iIiiIIlIiI,java/lang/Enum,,16,9,3832,,,
iIiiIIliII(153).class,rustme/iIiiIIliII,java/lang/Object,,0,1,173,,,
iIiiIIliiI(50).class,rustme/iIiiIIliiI,java/lang/Object,,6,9,4473,,,
iIiiIIllII(89).class,rustme/iIiiIIllII,java/lang/Object,,0,1,174,,,
iIiiIIlliI(50).class,rustme/iIiiIIlliI,java/lang/Object,kotlin/jvm/functions/Function1,5,1,1468,Kotlin internals,,
iIiiIiIIiI(82).class,rustme/iIiiIiIIiI,rustme/liiliiIIiI,,33,5,11525,,,
iIiiIiIiII(210).class,rustme/iIiiIiIiII,java/lang/Object,kotlin/jvm/functions/Function1,5,1,1724,Kotlin internals,,
iIiiIiIlII(169).class,rustme/iIiiIiIlII,java/lang/Object,,0,1,174,,,
iIiiIiIliI(82).class,rustme/iIiiIiIliI,kotlin/properties/ObservableProperty,,4,1,2329,Kotlin internals,,
iIiiIiiIII(257).class,rustme/iIiiIiiIII,java/lang/Object,,0,2,194,,,
iIiiIiiIiI(18).class,rustme/iIiiIiiIiI,rustme/IiiliiiIiI,,3,0,2092,,,
iIiiIiiiII(146).class,rustme/iIiiIiiiII,java/lang/Object,kotlin/jvm/functions/Function1,5,1,1713,Kotlin internals,,
iIiiIiiilI(9).class,rustme/iIiiIiiilI,java/lang/Object,,0,1,174,,,
iIiiIiiliI(18).class,rustme/iIiiIiiliI,rustme/IiIiIiiliI,,1,0,460,GUI/Screen,,
iIiiIilIII(169).class,rustme/iIiiIilIII,java/lang/Object,,0,1,173,,,
iIiiIilIiI(82).class,rustme/iIiiIilIiI,java/lang/Object,com/google/gson/JsonDeserializer,3,0,2345,,,
iIiiIiliiI(18).class,rustme/iIiiIiliiI,java/lang/Object,,1,1,735,,,
iIiiIililI(9).class,rustme/iIiiIililI,java/lang/Object,,0,1,174,,,
iIiiIilliI(18).class,rustme/iIiiIilliI,java/lang/Object,,1,0,905,Kotlin internals,,
iIiiIlIIiI(66).class,rustme/iIiiIlIIiI,java/lang/Object,rustme/llillIIIiI,10,4,2561,,,
iIiiIlIiII(121).class,rustme/iIiiIlIiII,java/lang/Object,,0,2,194,,,
iIiiIlIiiI(2).class,rustme/iIiiIlIiiI,java/lang/Object,java/lang/Runnable,2,2,1638,,,
iIiiIlIlII(89).class,rustme/iIiiIlIlII,java/lang/Object,,0,1,174,,,
iIiiIlIliI(50).class,rustme/iIiiIlIliI,java/lang/Object,kotlin/jvm/functions/Function1,4,1,1256,Kotlin internals,,
iIiiIliIII(137).class,rustme/iIiiIliIII,java/lang/Object,,0,12,404,,,
iIiiIliIiI(34).class,rustme/iIiiIliIiI,rustme/lliiIliIiI,,3,2,2775,,,
iIiiIliiII(98).class,rustme/iIiiIliiII,java/lang/Object,kotlin/jvm/functions/Function1,5,1,1466,Kotlin internals,,
iIiiIliilI(9).class,rustme/iIiiIliilI,java/lang/Object,,0,1,174,,,
iIiiIliliI(18).class,rustme/iIiiIliliI,rustme/llIiIliliI,,9,5,9056,Kotlin internals,,
iIiiIllIII(89).class,rustme/iIiiIllIII,java/lang/Object,,0,4,236,,,
iIiiIllIiI(50).class,rustme/iIiiIllIiI,java/lang/Object,rustme/lIlilllIiI,5,3,1083,,,
iIiiIlliiI(18).class,rustme/iIiiIlliiI,java/lang/Object,rustme/IIIiIlliiI,2,1,1274,,,
iIiiIllliI(18).class,rustme/iIiiIllliI,java/lang/Object,kotlin/jvm/functions/Function1,5,1,1880,Kotlin internals,,
iIiiiIIIiI(98).class,rustme/iIiiiIIIiI,java/lang/Object,,1,0,215,,,
iIiiiIIiII(226).class,rustme/iIiiiIIiII,java/lang/Object,,8,4,2505,Kotlin internals,,
iIiiiIIlII(177).class,rustme/iIiiiIIlII,java/lang/Object,,0,2,196,,,
iIiiiIIliI(98).class,rustme/iIiiiIIliI,rustme/IliIIiIliI,,8,6,10494,Kotlin internals,,
iIiiiIiIII(265).class,rustme/iIiiiIiIII,java/lang/Object,,0,2,194,,,
iIiiiIiIiI(34).class,rustme/iIiiiIiIiI,java/io/InputStream,,4,3,1855,,,
iIiiiIiiII(162).class,rustme/iIiiiIiiII,java/lang/Object,kotlin/jvm/functions/Function1,5,1,1938,Kotlin internals,,
iIiiiIiilI(17).class,rustme/iIiiiIiilI,java/lang/Object,,0,66,1604,,,
iIiiiIiliI(34).class,rustme/iIiiiIiliI,rustme/lilliiiliI,,1,0,812,Kotlin internals,,
iIiiiIlIII(177).class,rustme/iIiiiIlIII,java/lang/Object,,0,10,362,,,
iIiiiIlIiI(98).class,rustme/iIiiiIlIiI,java/lang/Object,,6,3,2169,World gen,,
iIiiiIliiI(34).class,rustme/iIiiiIliiI,java/lang/Object,,33,23,10421,,,
iIiiiIlilI(17).class,rustme/iIiiiIlilI,java/lang/Object,,0,13,438,,,
iIiiiIlliI(34).class,rustme/iIiiiIlliI,java/lang/Object,kotlin/jvm/functions/Function1,5,1,1986,Kotlin internals,,
iIiiiiIIII(281).class,rustme/iIiiiiIIII,java/lang/Object,,0,3,215,,,
iIiiiiIIiI(66).class,rustme/iIiiiiIIiI,java/lang/Object,,1,1,846,,,
iIiiiiIiII(194).class,rustme/iIiiiiIiII,java/lang/Object,kotlin/jvm/functions/Function1,5,1,2828,Kotlin internals,,
iIiiiiIilI(33).class,rustme/iIiiiiIilI,java/lang/Object,,0,1,174,,,
iIiiiiIliI(66).class,rustme/iIiiiiIliI,rustme/IlilIIIliI,,5,2,2060,Kotlin internals,,
iIiiiiiIiI(2).class,rustme/iIiiiiiIiI,rustme/IlilllliiI,,2,0,689,,,
iIiiiiiiII(130).class,rustme/iIiiiiiiII,java/lang/Object,kotlin/jvm/functions/Function1,5,1,1468,Kotlin internals,,
iIiiiiilII(129).class,rustme/iIiiiiilII,java/lang/Object,,0,1,174,,,
iIiiiiiliI(2).class,rustme/iIiiiiiliI,java/lang/Object,,23,18,13581,,,
iIiiiilIiI(66).class,rustme/iIiiiilIiI,java/lang/Object,,18,12,8937,,,
iIiiiiliII(129).class,rustme/iIiiiiliII,java/lang/Object,,0,1,173,,,
iIiiiiliiI(2).class,rustme/iIiiiiliiI,rustme/iliiiiliiI,,10,1,4575,,,
iIiiiillII(65).class,rustme/iIiiiillII,java/lang/Object,,0,1,174,,,
iIiiiilliI(2).class,rustme/iIiiiilliI,java/lang/Object,,25,1,13226,Kotlin internals,,
iIiiilIIII(145).class,rustme/iIiiilIIII,java/lang/Object,,0,1,173,,,
iIiiilIIiI(50).class,rustme/iIiiilIIiI,rustme/iliiilIIiI,,5,0,1347,,,
iIiiilIilI(17).class,rustme/iIiiilIilI,java/lang/Object,,0,1,174,,,
iIiiilIliI(34).class,rustme/iIiiilIliI,kotlin/coroutines/jvm/internal/SuspendLambda,kotlin/jvm/functions/Function2,7,2,3924,Kotlin internals,,
iIiiiliIiI(18).class,rustme/iIiiiliIiI,rustme/IiillIiIiI,,7,0,1389,,,
iIiiiliiII(82).class,rustme/iIiiiliiII,java/lang/Object,kotlin/jvm/functions/Function1,5,1,3289,Kotlin internals,,
iIiiililII(65).class,rustme/iIiiililII,java/lang/Object,,0,2,196,,,
iIiiililiI(2).class,rustme/iIiiililiI,java/lang/Object,kotlin/jvm/functions/Function0,3,2,2465,Kotlin internals,,
iIiiillIiI(34).class,rustme/iIiiillIiI,java/util/ArrayList,,1,0,462,,,
iIiiilliII(65).class,rustme/iIiiilliII,java/lang/Object,,0,1,173,,,
iIiiilliiI(2).class,rustme/iIiiilliiI,rustme/lililIliiI,,4,1,2402,Particles,,
iIiiilllII(33).class,rustme/iIiiilllII,java/lang/Object,,0,1,174,,,
iIiiillliI(2).class,rustme/iIiiillliI,java/lang/Object,kotlin/jvm/functions/Function1,5,1,2935,Kotlin internals,,
iIiilIIIiI(50).class,rustme/iIiilIIIiI,java/lang/Object,rustme/IlIlIIIIiI,8,0,1952,,,
iIiilIIiII(113).class,rustme/iIiilIIiII,java/lang/Object,,0,26,698,,,
iIiilIIlII(89).class,rustme/iIiilIIlII,java/lang/Object,,0,1,174,,,
iIiilIIliI(50).class,rustme/iIiilIIliI,java/lang/Object,,1,1,774,Kotlin internals,,
iIiilIiIII(129).class,rustme/iIiilIiIII,java/lang/Object,,0,1,173,,,
iIiilIiIiI(18).class,rustme/iIiilIiIiI,rustme/IIlliIiIiI,,6,0,1438,,,
iIiilIiiII(82).class,rustme/iIiilIiiII,java/lang/Object,,8,5,6418,Kotlin internals,,
iIiilIiilI(9).class,rustme/iIiilIiilI,java/lang/Object,,0,1,174,,,
iIiilIiliI(18).class,rustme/iIiilIiliI,java/lang/Object,kotlin/jvm/functions/Function0,3,2,2221,Kotlin internals;Sounds,,
iIiilIlIII(89).class,rustme/iIiilIlIII,java/lang/Object,,0,2,194,,,
iIiilIlIiI(50).class,rustme/iIiilIlIiI,rustme/llllIIlIiI,,2,2,1473,,,
iIiilIliiI(18).class,rustme/iIiilIliiI,java/lang/Object,java/lang/Runnable,4,3,1593,,,
iIiilIlliI(18).class,rustme/iIiilIlliI,java/lang/Object,kotlin/jvm/functions/Function1,5,1,1468,Kotlin internals,,
iIiiliIIII(137).class,rustme/iIiiliIIII,java/lang/Object,,0,1,173,,,
iIiiliIIiI(34).class,rustme/iIiiliIIiI,rustme/llIIlIiIiI,,3,2,2598,,,
iIiiliIiII(98).class,rustme/iIiiliIiII,java/lang/Object,rustme/lIIlIiIiII,7,2,3147,Kotlin internals,,
iIiiliIilI(17).class,rustme/iIiiliIilI,java/lang/Object,,0,1,174,,,
iIiiliIliI(34).class,rustme/iIiiliIliI,kotlin/properties/ObservableProperty,,4,1,2281,Kotlin internals,,
iIiiliiIiI(2).class,rustme/iIiiliiIiI,rustme/ilIillliiI,,5,4,2731,,,
iIiiliiiII(66).class,rustme/iIiiliiiII,java/lang/Object,kotlin/jvm/functions/Function1,5,1,1500,Kotlin internals,,
iIiiliilII(65).class,rustme/iIiiliilII,java/lang/Object,,0,12,416,,,
iIiiliiliI(2).class,rustme/iIiiliiliI,rustme/IililiiliI,,4,1,1552,Kotlin internals,,
iIiililIiI(34).class,rustme/iIiililIiI,java/lang/Object,,0,0,220,,,
iIiililiII(65).class,rustme/iIiililiII,java/lang/Object,,0,6,278,,,
iIiililiiI(2).class,rustme/iIiililiiI,java/lang/Object,,1,1,639,,,
iIiilillII(33).class,rustme/iIiilillII,java/lang/Object,,0,1,174,,,
iIiililliI(2).class,rustme/iIiililliI,java/lang/Enum,,7,7,2302,Kotlin internals,ModEntityType (mod),enum-подобный: типы сущностей.
iIiillIIII(81).class,rustme/iIiillIIII,java/lang/Object,,0,6,278,,,
iIiillIIiI(34).class,rustme/iIiillIIiI,java/lang/Object,,0,0,220,,,
iIiillIiiI(2).class,rustme/iIiillIiiI,rustme/IillilIiiI,rustme/iIliIiliiI,12,1,5872,,,
iIiillIilI(9).class,rustme/iIiillIilI,java/lang/Object,,0,1,174,,,
iIiillIliI(18).class,rustme/iIiillIliI,java/lang/Object,,5,2,1998,Kotlin internals,,
iIiilliIiI(18).class,rustme/iIiilliIiI,java/lang/Enum,,11,9,3067,,,
iIiilliiII(50).class,rustme/iIiilliiII,java/lang/Object,kotlin/jvm/functions/Function1,5,1,1469,Kotlin internals,,
iIiillilII(33).class,rustme/iIiillilII,java/lang/Object,,0,2,196,,,
iIiilliliI(2).class,rustme/iIiilliliI,rustme/llIIlliliI,,28,23,31831,Kotlin internals,,
iIiilllIiI(18).class,rustme/iIiilllIiI,rustme/IIliIllIiI,,5,0,1270,,,
iIiillliII(33).class,rustme/iIiillliII,java/lang/Object,,0,1,173,,,
iIiillliiI(2).class,rustme/iIiillliiI,java/lang/Object,java/lang/Runnable,10,4,7793,,,
iIiillllII(17).class,rustme/iIiillllII,java/lang/Object,,0,3,218,,,
iIiilllliI(2).class,rustme/iIiilllliI,java/lang/Object,kotlin/jvm/functions/Function1,5,1,1975,Kotlin internals,,
iIilIIIIII(153).class,rustme/iIilIIIIII,java/lang/Object,,0,75,1727,,,
iIilIIIIiI(58).class,rustme/iIilIIIIiI,rustme/IIlIIIIIiI,,16,1,2532,,,
iIilIIIilI(29).class,rustme/iIilIIIilI,java/lang/Object,,0,1,174,,,
iIilIIIliI(58).class,rustme/iIilIIIliI,rustme/IlilIIIliI,,16,6,7790,Kotlin internals,,
iIilIIiIiI(26).class,rustme/iIilIIiIiI,java/lang/Object,java/lang/Comparable,7,0,923,,,
iIilIIiiII(90).class,rustme/iIilIIiiII,java/lang/Object,kotlin/jvm/functions/Function1,5,1,1460,Kotlin internals,,
iIilIIilII(77).class,rustme/iIilIIilII,java/lang/Object,,0,1,174,,,
iIilIIiliI(26).class,rustme/iIilIIiliI,java/lang/Object,,22,11,13540,Kotlin internals,,
iIilIIlIiI(58).class,rustme/iIilIIlIiI,java/lang/Object,,13,0,850,,,
iIilIIliII(77).class,rustme/iIilIIliII,java/lang/Object,,0,16,488,,,
iIilIIliiI(26).class,rustme/iIilIIliiI,java/lang/Object,,4,3,976,,,
iIilIIllII(45).class,rustme/iIilIIllII,java/lang/Object,,0,3,218,,,
iIilIIlliI(26).class,rustme/iIilIIlliI,java/lang/Object,kotlin/jvm/functions/Function1,5,1,1800,Kotlin internals,,
iIilIiIIiI(42).class,rustme/iIilIiIIiI,rustme/lIIIIiIIiI,,20,4,8771,,,
iIilIiIiII(106).class,rustme/iIilIiIiII,java/lang/Object,kotlin/jvm/functions/Function1,5,1,1702,Kotlin internals,,
iIilIiIlII(85).class,rustme/iIilIiIlII,java/lang/Object,,0,2,196,,,
iIilIiIliI(42).class,rustme/iIilIiIliI,rustme/lllIIiIliI,,27,11,10853,Kotlin internals,,
iIilIiiIII(129).class,rustme/iIilIiiIII,java/lang/Object,,0,12,404,,,
iIilIiiIiI(10).class,rustme/iIilIiiIiI,java/lang/Object,rustme/liilIiiIiI,5,3,3209,,,
iIilIiiiII(74).class,rustme/iIilIiiiII,java/lang/Object,kotlin/jvm/functions/Function1,5,1,1501,Kotlin internals,,
iIilIiiilI(5).class,rustme/iIilIiiilI,java/lang/Object,,0,1,174,,,
iIilIiiliI(10).class,rustme/iIilIiiliI,rustme/lIlIIiiliI,,19,6,9149,Kotlin internals,,
iIilIilIII(85).class,rustme/iIilIilIII,java/lang/Object,,0,2,194,,,
iIilIilIiI(42).class,rustme/iIilIilIiI,java/lang/Object,rustme/IIilIilIiI,16,6,4455,,,
iIilIiliiI(10).class,rustme/iIilIiliiI,java/lang/Object,,10,7,2901,,,
iIilIililI(5).class,rustme/iIilIililI,java/lang/Object,,0,2,196,,,
iIilIilliI(10).class,rustme/iIilIilliI,java/lang/Object,,2,4,894,Kotlin internals,,
iIilIlIIiI(34).class,rustme/iIilIlIIiI,java/lang/Object,,0,0,220,,,
iIilIlIiII(61).class,rustme/iIilIlIiII,java/lang/Object,,0,2,194,,,
iIilIlIiiI(2).class,rustme/iIilIlIiiI,rustme/iliIIlIiiI,,11,0,3933,,,
iIilIlIlII(45).class,rustme/iIilIlIlII,java/lang/Object,,0,1,174,,,
iIilIlIliI(26).class,rustme/iIilIlIliI,rustme/illIIlIliI,,20,6,6535,Kotlin internals,,
iIilIliIII(69).class,rustme/iIilIliIII,java/lang/Object,,0,1,173,,,
iIilIliIiI(18).class,rustme/iIilIliIiI,rustme/IIlIIliIiI,,29,4,8794,,,
iIilIliiII(50).class,rustme/iIilIliiII,java/lang/Object,kotlin/jvm/functions/Function1,5,1,1506,Kotlin internals,,
iIilIliilI(5).class,rustme/iIilIliilI,java/lang/Object,,0,1,174,,,
iIilIliliI(10).class,rustme/iIilIliliI,rustme/IlilIIIliI,,2,7,7855,Kotlin internals,,
iIilIllIII(45).class,rustme/iIilIllIII,java/lang/Object,,0,1,174,,,
iIilIllIiI(26).class,rustme/iIilIllIiI,rustme/IilIIllIiI,,4,0,1125,,,
iIilIlliiI(10).class,rustme/iIilIlliiI,rustme/IIlIIlliiI,,4,0,1855,,,
iIilIllliI(10).class,rustme/iIilIllliI,java/lang/Object,kotlin/jvm/functions/Function1,5,1,5362,Kotlin internals,,
iIiliIIIiI(50).class,rustme/iIiliIIIiI,rustme/llliiIIIiI,,8,1,6319,,,
iIiliIIiII(114).class,rustme/iIiliIIiII,rustme/IillIiIiII,,4,1,1303,Kotlin internals;Sounds,,
iIiliIIlII(89).class,rustme/iIiliIIlII,java/lang/Object,,0,1,174,,,
iIiliIIliI(50).class,rustme/iIiliIIliI,rustme/IliIIiIliI,,4,0,3621,Kotlin internals,,
iIiliIiIII(133).class,rustme/iIiliIiIII,java/lang/Object,,0,9,341,,,
iIiliIiIiI(18).class,rustme/iIiliIiIiI,java/lang/Object,,20,9,7017,,,
iIiliIiiII(82).class,rustme/iIiliIiiII,java/lang/Object,kotlin/jvm/functions/Function1,5,1,3158,Kotlin internals,,
iIiliIiilI(9).class,rustme/iIiliIiilI,java/lang/Object,,0,1,174,,,
iIiliIiliI(18).class,rustme/iIiliIiliI,java/lang/Object,,9,5,5979,Kotlin internals;Particles,,
iIiliIlIII(89).class,rustme/iIiliIlIII,java/lang/Object,,0,3,215,,,
iIiliIlIiI(50).class,rustme/iIiliIlIiI,java/lang/Object,,5,0,5339,World gen,,
iIiliIliiI(18).class,rustme/iIiliIliiI,java/lang/Object,rustme/illIiIliiI,7,0,1574,GUI/Screen,,
iIiliIlilI(9).class,rustme/iIiliIlilI,java/lang/Object,,0,11,394,,,
iIiliIlliI(18).class,rustme/iIiliIlliI,java/lang/Object,kotlin/jvm/functions/Function1,5,1,1964,Kotlin internals,,
iIiliiIIII(141).class,rustme/iIiliiIIII,java/lang/Object,,0,77,1769,,,
iIiliiIIiI(34).class,rustme/iIiliiIIiI,rustme/IiiliiIIiI,,29,2,7574,,,
iIiliiIiII(98).class,rustme/iIiliiIiII,java/lang/Object,kotlin/jvm/functions/Function1,5,1,2600,Kotlin internals,,
iIiliiIilI(17).class,rustme/iIiliiIilI,java/lang/Object,,0,22,636,,,
iIiliiIliI(34).class,rustme/iIiliiIliI,java/lang/Object,kotlin/jvm/functions/Function0,3,1,1339,Kotlin internals,,
iIiliiiIiI(2).class,rustme/iIiliiiIiI,rustme/iIlIiiiIiI,,7,1,1609,Texture,,
iIiliiiiII(66).class,rustme/iIiliiiiII,java/lang/Object,kotlin/jvm/functions/Function1,5,1,1713,Kotlin internals,,
iIiliiilII(65).class,rustme/iIiliiilII,java/lang/Object,,0,3,218,,,
iIiliiiliI(2).class,rustme/iIiliiiliI,java/lang/Object,,8,7,1498,,,
iIiliilIiI(34).class,rustme/iIiliilIiI,java/lang/Object,rustme/lIIiIilIiI,11,4,4762,,,
iIiliiliII(65).class,rustme/iIiliiliII,java/lang/Object,,0,1,173,,,
iIiliiliiI(2).class,rustme/iIiliiliiI,java/lang/Object,rustme/iIlIlIiIiI,8,2,1476,,,
iIiliillII(33).class,rustme/iIiliillII,java/lang/Object,,0,1,174,,,
iIiliilliI(2).class,rustme/iIiliilliI,java/lang/Object,,22,7,4849,Kotlin internals,,
iIililIIII(73).class,rustme/iIililIIII,java/lang/Object,,0,9,341,,,
iIililIIiI(26).class,rustme/iIililIIiI,java/lang/Object,rustme/llillIIIiI,8,2,1983,,,
iIililIilI(9).class,rustme/iIililIilI,java/lang/Object,,0,1,174,,,
iIililIliI(18).class,rustme/iIililIliI,java/lang/Object,,3,0,774,Kotlin internals,,
iIililiIiI(10).class,rustme/iIililiIiI,rustme/iliIiliIiI,,5,4,1543,,,
iIililiiII(42).class,rustme/iIililiiII,java/lang/Object,kotlin/jvm/functions/Function1,5,1,1958,Kotlin internals,,
iIilililII(33).class,rustme/iIilililII,java/lang/Object,,0,2,196,,,
iIilililiI(2).class,rustme/iIilililiI,java/lang/Object,kotlin/jvm/functions/Function0,3,1,1264,Kotlin internals,,
iIilillIiI(18).class,rustme/iIilillIiI,java/lang/Object,rustme/ililillIiI,3,0,978,,,
iIililliII(33).class,rustme/iIililliII,java/lang/Object,,0,6,278,,,
iIililliiI(2).class,rustme/iIililliiI,java/lang/Object,,8,0,662,,,
iIililllII(17).class,rustme/iIililllII,java/lang/Object,,0,1,174,,,
iIilillliI(2).class,rustme/iIilillliI,java/lang/Object,kotlin/jvm/functions/Function1,5,1,2132,Kotlin internals,,
iIillIIIiI(26).class,rustme/iIillIIIiI,io/netty/channel/ChannelInitializer,,4,1,1883,,,
iIillIIiII(57).class,rustme/iIillIIiII,java/lang/Object,,0,4,236,,,
iIillIIlII(45).class,rustme/iIillIIlII,java/lang/Object,,0,1,174,,,
iIillIIliI(26).class,rustme/iIillIIliI,kotlin/jvm/internal/FunctionReferenceImpl,kotlin/jvm/functions/Function0,5,1,1274,Kotlin internals,,
iIillIiIII(65).class,rustme/iIillIiIII,java/lang/Object,,0,2,194,,,
iIillIiIiI(10).class,rustme/iIillIiIiI,rustme/IiillIiIiI,,6,0,1140,,,
iIillIiiII(42).class,rustme/iIillIiiII,java/lang/Object,kotlin/jvm/functions/Function1,5,1,1646,Kotlin internals,,
iIillIiilI(5).class,rustme/iIillIiilI,java/lang/Object,,0,1,174,,,
iIillIiliI(10).class,rustme/iIillIiliI,java/lang/Object,kotlin/jvm/functions/Function1,5,2,3792,Kotlin internals,,
iIillIlIII(45).class,rustme/iIillIlIII,java/lang/Object,,0,2,194,,,
iIillIlIiI(26).class,rustme/iIillIlIiI,java/lang/Object,rustme/IiiIlIiIiI,3,1,1032,,,
iIillIliiI(10).class,rustme/iIillIliiI,rustme/IIiiilliiI,,6,7,2325,Particles,,
iIillIlliI(10).class,rustme/iIillIlliI,java/lang/Object,,25,7,8167,Kotlin internals,,
iIilliIIII(69).class,rustme/iIilliIIII,java/lang/Object,,0,44,1076,,,
iIilliIIiI(18).class,rustme/iIilliIIiI,rustme/lllIliIIiI,,10,4,3229,,,
iIilliIiII(50).class,rustme/iIilliIiII,java/lang/Object,rustme/lIIlIiIiII,1,0,610,Kotlin internals,,
iIilliIilI(9).class,rustme/iIilliIilI,java/lang/Object,,0,1,174,,,
iIilliIliI(18).class,rustme/iIilliIliI,rustme/IliIIiIliI,,4,6,9010,Container/Slot;Kotlin internals,,
iIilliiIiI(2).class,rustme/iIilliiIiI,java/lang/Enum,,9,11,2712,,,
iIilliiiII(34).class,rustme/iIilliiiII,java/lang/Object,kotlin/jvm/functions/Function1,5,1,1466,Kotlin internals,,
iIilliilII(33).class,rustme/iIilliilII,java/lang/Object,,0,4,240,,,
iIilliiliI(2).class,rustme/iIilliiliI,rustme/lilliiiliI,,3,2,913,Kotlin internals,,
iIillilIiI(18).class,rustme/iIillilIiI,java/lang/Enum,,18,30,7901,,,
iIilliliII(33).class,rustme/iIilliliII,java/lang/Object,,0,16,488,,,
iIilliliiI(2).class,rustme/iIilliliiI,rustme/ililliliiI,,2,1,602,GUI/Screen,,
iIillillII(17).class,rustme/iIillillII,java/lang/Object,,0,1,174,,,
iIillilliI(2).class,rustme/iIillilliI,java/lang/Object,,57,38,23990,Kotlin internals,,
iIilllIIII(41).class,rustme/iIilllIIII,java/lang/Object,,0,1,173,,,
iIilllIIiI(18).class,rustme/iIilllIIiI,rustme/lIilllIIiI,,7,0,2707,,,
iIilllIiiI(2).class,rustme/iIilllIiiI,java/lang/Object,,1,2,1112,,,
iIilllIilI(5).class,rustme/iIilllIilI,java/lang/Object,,0,1,174,,,
iIilllIliI(10).class,rustme/iIilllIliI,java/lang/Object,kotlin/jvm/functions/Function1,5,1,1500,Kotlin internals,,
iIillliIiI(10).class,rustme/iIillliIiI,rustme/iliIiliIiI,,3,1,1331,,,
iIillliiII(26).class,rustme/iIillliiII,java/lang/Object,kotlin/jvm/functions/Function1,5,1,1468,Kotlin internals,,
iIilllilII(17).class,rustme/iIilllilII,java/lang/Object,,0,1,174,,,
iIillliliI(2).class,rustme/iIillliliI,rustme/llIIlliliI,,11,18,15720,Kotlin internals,,
iIillllIiI(10).class,rustme/iIillllIiI,java/lang/Object,,1,0,207,,,
iIilllliII(17).class,rustme/iIilllliII,java/lang/Object,,0,1,173,,,
iIilllliiI(2).class,rustme/iIilllliiI,java/lang/Object,,1,1,810,,,
iIilllllII(9).class,rustme/iIilllllII,java/lang/Object,,0,1,174,,,
iIillllliI(2).class,rustme/iIillllliI,java/lang/Object,kotlin/jvm/functions/Function1,5,1,1899,Kotlin internals,,
iIlIIIIIiI(62).class,rustme/iIlIIIIIiI,java/lang/Exception,,4,0,1354,,,
iIlIIIIiII(123).class,rustme/iIlIIIIiII,java/lang/Object,,0,1,173,,,
iIlIIIIlII(95).class,rustme/iIlIIIIlII,java/lang/Object,,0,1,174,,,
iIlIIIIliI(62).class,rustme/iIlIIIIliI,java/lang/Object,,14,6,4088,Kotlin internals,,
iIlIIIiIII(139).class,rustme/iIlIIIiIII,java/lang/Object,,0,17,509,,,
iIlIIIiIiI(30).class,rustme/iIlIIIiIiI,java/lang/Object,com/google/common/base/Predicate,3,0,1019,,,
iIlIIIiiII(94).class,rustme/iIlIIIiiII,java/lang/Object,kotlin/jvm/functions/Function1,5,1,1482,Kotlin internals,,
iIlIIIiilI(15).class,rustme/iIlIIIiilI,java/lang/Object,,0,1,174,,,
iIlIIIiliI(30).class,rustme/iIlIIIiliI,java/lang/Object,,9,3,4157,Kotlin internals,,
iIlIIIlIII(95).class,rustme/iIlIIIlIII,java/lang/Object,,0,1,173,,,
iIlIIIlIiI(62).class,rustme/iIlIIIlIiI,java/lang/Object,,12,0,746,,,
iIlIIIliiI(30).class,rustme/iIlIIIliiI,rustme/lIlliIliiI,,3,2,1731,,,
iIlIIIlliI(30).class,rustme/iIlIIIlliI,java/lang/Object,kotlin/jvm/functions/Function1,5,1,1899,Kotlin internals,,
iIlIIiIIII(147).class,rustme/iIlIIiIIII,java/lang/Object,,0,553,11765,,,
iIlIIiIIiI(46).class,rustme/iIlIIiIIiI,rustme/iilIIiIIiI,,9,1,2883,,,
iIlIIiIiII(110).class,rustme/iIlIIiIiII,java/lang/Object,kotlin/jvm/functions/Function1,5,1,1463,Kotlin internals,,
iIlIIiIilI(23).class,rustme/iIlIIiIilI,java/lang/Object,,0,1,174,,,
iIlIIiIliI(46).class,rustme/iIlIIiIliI,kotlin/properties/ObservableProperty,,4,1,2295,Kotlin internals,,
iIlIIiiIiI(14).class,rustme/iIlIIiiIiI,java/lang/Enum,,6,17,2926,,,
iIlIIiiiII(78).class,rustme/iIlIIiiiII,java/lang/Object,kotlin/jvm/functions/Function1,5,1,1500,Kotlin internals,,
iIlIIiilII(71).class,rustme/iIlIIiilII,java/lang/Object,,0,3,218,,,
iIlIIiiliI(14).class,rustme/iIlIIiiliI,java/lang/Enum,,7,6,2220,Kotlin internals,,
iIlIIilIiI(46).class,rustme/iIlIIilIiI,java/lang/Object,com/google/gson/TypeAdapterFactory,3,0,2165,,,
iIlIIiliII(71).class,rustme/iIlIIiliII,java/lang/Object,,0,2,194,,,
iIlIIiliiI(14).class,rustme/iIlIIiliiI,java/lang/Object,,13,5,8973,,,
iIlIIillII(39).class,rustme/iIlIIillII,java/lang/Object,,0,1,174,,,
iIlIIilliI(14).class,rustme/iIlIIilliI,java/lang/Object,,2,7,1109,Kotlin internals,,
iIlIIlIIII(79).class,rustme/iIlIIlIIII,java/lang/Object,,0,12,404,,,
iIlIIlIIiI(38).class,rustme/iIlIIlIIiI,java/lang/Object,rustme/iililIIIiI,2,0,248,,,
iIlIIlIiiI(6).class,rustme/iIlIIlIiiI,rustme/iIlliiliiI,,3,0,756,,,
iIlIIlIilI(15).class,rustme/iIlIIlIilI,java/lang/Object,,0,1,174,,,
iIlIIlIliI(30).class,rustme/iIlIIlIliI,kotlin/coroutines/jvm/internal/SuspendLambda,kotlin/jvm/functions/Function2,7,4,3967,Kotlin internals,,
iIlIIliIiI(22).class,rustme/iIlIIliIiI,java/lang/Object,,1,2,908,,,
iIlIIliiII(54).class,rustme/iIlIIliiII,java/lang/Object,kotlin/jvm/functions/Function0,4,1,954,Kotlin internals,,
iIlIIlilII(39).class,rustme/iIlIIlilII,java/lang/Object,,0,2,196,,,
iIlIIliliI(14).class,rustme/iIlIIliliI,java/lang/Object,,121,0,25838,Kotlin internals,,
iIlIIllIiI(30).class,rustme/iIlIIllIiI,rustme/llIiIllIiI,,6,0,2317,,,
iIlIIlliII(39).class,rustme/iIlIIlliII,java/lang/Object,,0,4,236,,,
iIlIIlliiI(14).class,rustme/iIlIIlliiI,rustme/IIlIIlliiI,,3,3,2933,,,
iIlIIlllII(23).class,rustme/iIlIIlllII,java/lang/Object,,0,1,174,,,
iIlIIllliI(14).class,rustme/iIlIIllliI,java/lang/Object,kotlin/jvm/functions/Function1,5,1,5417,Kotlin internals,,
iIlIiIIIII(151).class,rustme/iIlIiIIIII,java/lang/Object,,0,69,1601,,,
iIlIiIIIiI(54).class,rustme/iIlIiIIIiI,rustme/iIlliIIIiI,,2,0,1788,,,
iIlIiIIiII(118).class,rustme/iIlIiIIiII,java/lang/Object,,8,3,4110,Kotlin internals,,
iIlIiIIilI(27).class,rustme/iIlIiIIilI,java/lang/Object,,0,1,174,,,
iIlIiIIliI(54).class,rustme/iIlIiIIliI,kotlin/properties/ObservableProperty,,4,1,3083,GUI/Screen;Kotlin internals,,
iIlIiIiIiI(22).class,rustme/iIlIiIiIiI,java/lang/Object,,16,10,6185,,,
iIlIiIiiII(86).class,rustme/iIlIiIiiII,java/lang/Object,kotlin/jvm/functions/Function1,5,1,1880,Kotlin internals,,
iIlIiIilII(75).class,rustme/iIlIiIilII,java/lang/Object,,0,4,240,,,
iIlIiIiliI(22).class,rustme/iIlIiIiliI,java/lang/Object,,6,12,5756,Kotlin internals,,
iIlIiIlIiI(54).class,rustme/iIlIiIlIiI,java/lang/Object,,5,0,341,,,
iIlIiIliII(75).class,rustme/iIlIiIliII,java/lang/Object,,0,4,236,,,
iIlIiIliiI(22).class,rustme/iIlIiIliiI,java/lang/Object,rustme/illIiIliiI;rustme/lllIiIliiI,10,2,3632,GUI/Screen,,
iIlIiIllII(43).class,rustme/iIlIiIllII,java/lang/Object,,0,1,174,,,
iIlIiIlliI(22).class,rustme/iIlIiIlliI,java/lang/Object,kotlin/jvm/functions/Function1,5,1,1973,Kotlin internals,,
iIlIiiIIiI(38).class,rustme/iIlIiiIIiI,java/lang/Enum,,6,6,1593,,Enum/particle?,статик lilIiiiII.
iIlIiiIiII(102).class,rustme/iIlIiiIiII,java/lang/Object,kotlin/jvm/functions/Function1,5,1,1973,Kotlin internals,,
iIlIiiIlII(83).class,rustme/iIlIiiIlII,java/lang/Object,,0,2,196,,,
iIlIiiIliI(38).class,rustme/iIlIiiIliI,java/lang/Object,,6,0,1781,Kotlin internals,,
iIlIiiiIII(127).class,rustme/iIlIiiiIII,java/lang/Object,,0,1,173,,,
iIlIiiiIiI(6).class,rustme/iIlIiiiIiI,rustme/lIlIiiiIiI,,12,0,6203,,,
iIlIiiiiII(70).class,rustme/iIlIiiiiII,java/lang/Object,kotlin/jvm/functions/Function1,5,1,1541,Kotlin internals,,
iIlIiiiilI(3).class,rustme/iIlIiiiilI,java/lang/Object,,0,1,174,,,
iIlIiiiliI(6).class,rustme/iIlIiiiliI,java/lang/Object,,2,0,1481,,,
iIlIiilIII(83).class,rustme/iIlIiilIII,java/lang/Object,,0,4,236,,,
iIlIiilIiI(38).class,rustme/iIlIiilIiI,java/lang/Enum,,7,6,1922,,,
iIlIiiliiI(6).class,rustme/iIlIiiliiI,java/lang/Object,com/google/common/base/Predicate,3,0,1275,,,
iIlIiililI(3).class,rustme/iIlIiililI,java/lang/Object,,0,1,174,,,
iIlIiilliI(6).class,rustme/iIlIiilliI,java/lang/Object,,2,0,796,Kotlin internals,,
iIlIilIIiI(30).class,rustme/iIlIilIIiI,java/lang/Object,rustme/llillIIIiI,10,4,2035,,,
iIlIilIiII(59).class,rustme/iIlIilIiII,java/lang/Object,,0,9,341,,,
iIlIilIlII(43).class,rustme/iIlIilIlII,java/lang/Object,,0,1,174,,,
iIlIilIliI(22).class,rustme/iIlIilIliI,rustme/lllIilIliI,,3,0,1316,Kotlin internals,,
iIlIiliIII(67).class,rustme/iIlIiliIII,java/lang/Object,,0,1,173,,,
iIlIiliIiI(14).class,rustme/iIlIiliIiI,rustme/lilIiliIiI,,2,0,1096,,,
iIlIiliiII(46).class,rustme/iIlIiliiII,java/lang/Object,kotlin/jvm/functions/Function1,5,1,2001,Kotlin internals,,
iIlIiliilI(3).class,rustme/iIlIiliilI,java/lang/Object,,0,1,174,,,
iIlIililiI(6).class,rustme/iIlIililiI,rustme/IlilIIIliI,,2,1,3732,Kotlin internals,,
iIlIillIII(43).class,rustme/iIlIillIII,java/lang/Object,,0,2,194,,,
iIlIillIiI(22).class,rustme/iIlIillIiI,java/lang/Object,,54,35,50466,,,
iIlIilliiI(6).class,rustme/iIlIilliiI,java/lang/Object,,1,4,615,,,
iIlIillliI(6).class,rustme/iIlIillliI,java/lang/Object,kotlin/jvm/functions/Function1,5,1,1468,Kotlin internals,,
iIlIlIIIII(75).class,rustme/iIlIlIIIII,java/lang/Object,,0,6,278,,,
iIlIlIIIiI(30).class,rustme/iIlIlIIIiI,java/lang/Object,java/lang/Runnable,2,5,1840,Networking client,,
iIlIlIIilI(15).class,rustme/iIlIlIIilI,java/lang/Object,,0,1,174,,,
iIlIlIIliI(30).class,rustme/iIlIlIIliI,java/lang/Object,kotlin/jvm/functions/Function1,5,2,3805,Kotlin internals,,
iIlIlIiIiI(14).class,rustme/iIlIlIiIiI,java/lang/Object,rustme/IIlIlIiIiI,6,0,411,,,
iIlIlIiiII(46).class,rustme/iIlIlIiiII,java/lang/Object,,26,23,22775,Kotlin internals,,
iIlIlIilII(39).class,rustme/iIlIlIilII,java/lang/Object,,0,2,196,,,
iIlIlIiliI(14).class,rustme/iIlIlIiliI,java/lang/Object,,6,15,4009,Kotlin internals,,
iIlIlIlIiI(30).class,rustme/iIlIlIlIiI,java/lang/Object,,9,4,6447,,,
iIlIlIliII(39).class,rustme/iIlIlIliII,java/lang/Object,,0,10,362,,,
iIlIlIliiI(14).class,rustme/iIlIlIliiI,rustme/lililIliiI,,2,0,1693,Particles,,
iIlIlIllII(23).class,rustme/iIlIlIllII,java/lang/Object,,0,1,174,,,
iIlIlIlliI(14).class,rustme/iIlIlIlliI,java/lang/Object,kotlin/jvm/functions/Function1,5,1,1900,Kotlin internals,,
iIlIliIIiI(22).class,rustme/iIlIliIIiI,java/lang/Object,rustme/lilIIIlIiI,28,3,4608,,,
iIlIliIiII(54).class,rustme/iIlIliIiII,java/lang/Enum,,7,9,2549,Kotlin internals,,
iIlIliIlII(43).class,rustme/iIlIliIlII,java/lang/Object,,0,1,174,,,
iIlIliIliI(22).class,rustme/iIlIliIliI,java/lang/Object,,2,0,1313,Kotlin internals,,
iIlIliiIII(63).class,rustme/iIlIliiIII,java/lang/Object,,0,4,236,,,
iIlIliiIiI(6).class,rustme/iIlIliiIiI,rustme/IIlIliiIiI,,7,9,5671,Texture,,
iIlIliiiII(38).class,rustme/iIlIliiiII,java/lang/Object,kotlin/jvm/functions/Function1,5,1,2013,Kotlin internals,,
iIlIliiilI(3).class,rustme/iIlIliiilI,java/lang/Object,,0,1,174,,,
iIlIliiliI(6).class,rustme/iIlIliiliI,rustme/IIiIIIliiI,,5,0,3416,Model rendering;Kotlin internals,,
iIlIlilIII(43).class,rustme/iIlIlilIII,java/lang/Object,,0,2,194,,,
iIlIlilIiI(22).class,rustme/iIlIlilIiI,java/lang/Object,com/google/common/base/Function,3,0,1288,,,
iIlIliliiI(6).class,rustme/iIlIliliiI,rustme/lIlililiiI,,2,1,1362,GUI/Screen,,
iIlIlililI(3).class,rustme/iIlIlililI,java/lang/Object,,0,8,328,,,
iIlIlilliI(6).class,rustme/iIlIlilliI,kotlin/properties/ObservableProperty,,4,1,2669,Kotlin internals,,
iIlIllIIiI(22).class,rustme/iIlIllIIiI,java/lang/Object,com/google/gson/JsonSerializer;com/google/gson/JsonDeserializer,7,1,4425,,,
iIlIllIiII(35).class,rustme/iIlIllIiII,java/lang/Object,,0,17,509,,,
iIlIllIiiI(6).class,rustme/iIlIllIiiI,java/lang/Object,com/google/common/base/Predicate,3,0,985,,,
iIlIllIlII(23).class,rustme/iIlIllIlII,java/lang/Object,,0,1,174,,,
iIlIllIliI(14).class,rustme/iIlIllIliI,kotlin/coroutines/jvm/internal/RestrictedSuspendLambda,kotlin/jvm/functions/Function2,7,5,4295,Kotlin internals,,
iIlIlliIII(39).class,rustme/iIlIlliIII,java/lang/Object,,0,5,257,,,
iIlIlliIiI(14).class,rustme/iIlIlliIiI,rustme/lilllliIiI,,28,7,13699,,,
iIlIlliiII(30).class,rustme/iIlIlliiII,java/lang/Object,kotlin/jvm/functions/Function1,5,1,1620,Kotlin internals,,
iIlIlliilI(3).class,rustme/iIlIlliilI,java/lang/Object,,0,4,240,,,
iIlIlliliI(6).class,rustme/iIlIlliliI,rustme/lIlilliliI,,11,2,6986,Kotlin internals,,
iIlIlllIII(23).class,rustme/iIlIlllIII,java/lang/Object,,0,2,196,,,
iIlIlllIiI(14).class,rustme/iIlIlllIiI,java/lang/Object,,14,10,7534,,,
iIlIllliiI(6).class,rustme/iIlIllliiI,java/lang/Object,rustme/IilIllliiI,2,1,3428,,,
iIlIlllliI(6).class,rustme/iIlIlllliI,java/lang/Object,kotlin/jvm/functions/Function1,5,1,1440,Kotlin internals,,
iIliIIIIII(153).class,rustme/iIliIIIIII,java/lang/Object,,0,18,530,,,
iIliIIIIiI(58).class,rustme/iIliIIIIiI,rustme/llliiIIIiI,,2,0,1479,,,
iIliIIIilI(29).class,rustme/iIliIIIilI,java/lang/Object,,0,1,174,,,
iIliIIIliI(58).class,rustme/iIliIIIliI,java/lang/Object,,9,11,3246,GUI/Screen;Texture;Kotlin internals,,
iIliIIiIiI(26).class,rustme/iIliIIiIiI,java/lang/Object,rustme/ililIIiIiI,12,1,2039,,,
iIliIIiiII(90).class,rustme/iIliIIiiII,java/lang/Object,kotlin/jvm/functions/Function1,5,1,1880,Kotlin internals,,
iIliIIilII(77).class,rustme/iIliIIilII,java/lang/Object,,0,4,240,,,
iIliIIiliI(26).class,rustme/iIliIIiliI,rustme/illIiIiliI,,19,2,11411,Kotlin internals,,
iIliIIlIiI(58).class,rustme/iIliIIlIiI,rustme/IIIiIIlIiI,,5,1,2851,,,
iIliIIliII(77).class,rustme/iIliIIliII,java/lang/Object,,0,6,278,,,
iIliIIliiI(26).class,rustme/iIliIIliiI,rustme/IIiiIIliiI,,1,0,896,,,
iIliIIllII(45).class,rustme/iIliIIllII,java/lang/Object,,0,1,174,,,
iIliIIlliI(26).class,rustme/iIliIIlliI,java/lang/Object,kotlin/jvm/functions/Function1,5,1,1652,Kotlin internals,,
iIliIiIIiI(42).class,rustme/iIliIiIIiI,rustme/lliiIiIIiI,,45,9,15176,,,
iIliIiIiII(106).class,rustme/iIliIiIiII,java/lang/Object,kotlin/jvm/functions/Function1,5,1,3415,Kotlin internals,,
iIliIiIlII(85).class,rustme/iIliIiIlII,java/lang/Object,,0,5,262,,,
iIliIiIliI(42).class,rustme/iIliIiIliI,rustme/IIIiIiIliI,,11,6,7280,Kotlin internals,,
iIliIiiIII(129).class,rustme/iIliIiiIII,java/lang/Object,,0,4,236,,,
iIliIiiIiI(10).class,rustme/iIliIiiIiI,java/lang/Object,rustme/IiiIlIiIiI,5,2,1558,,,
iIliIiiiII(74).class,rustme/iIliIiiiII,java/lang/Object,kotlin/jvm/functions/Function1,5,1,1528,Kotlin internals,,
iIliIiiilI(5).class,rustme/iIliIiiilI,java/lang/Object,,0,1,174,,,
iIliIiiliI(10).class,rustme/iIliIiiliI,rustme/IIiIIiiliI,,1,0,404,,,
iIliIilIII(85).class,rustme/iIliIilIII,java/lang/Object,,0,1,173,,,
iIliIilIiI(42).class,rustme/iIliIilIiI,java/lang/Object,rustme/ilIiIilIiI,5,1,1570,,,
iIliIiliiI(10).class,rustme/iIliIiliiI,java/lang/Object,,3,0,420,,,
iIliIililI(5).class,rustme/iIliIililI,java/lang/Object,,0,1,174,,,
iIliIilliI(10).class,rustme/iIliIilliI,java/lang/Object,,5,0,1571,Kotlin internals,,
iIliIlIIiI(34).class,rustme/iIliIlIIiI,java/lang/Object,rustme/llillIIIiI,19,10,5376,,,
iIliIlIiII(61).class,rustme/iIliIlIiII,java/lang/Object,,0,7,299,,,
iIliIlIiiI(2).class,rustme/iIliIlIiiI,rustme/IillilIiiI,,20,6,9827,,,
iIliIlIlII(45).class,rustme/iIliIlIlII,java/lang/Object,,0,1,174,,,
iIliIlIliI(26).class,rustme/iIliIlIliI,rustme/IIliIlIliI,,10,1,2760,Kotlin internals,,
iIliIliIII(69).class,rustme/iIliIliIII,java/lang/Object,,0,11,383,,,
iIliIliIiI(18).class,rustme/iIliIliIiI,rustme/liliIliIiI,,9,3,2339,,,
iIliIliiII(50).class,rustme/iIliIliiII,java/lang/Object,kotlin/jvm/functions/Function1,5,1,1609,Kotlin internals,,
iIliIliilI(5).class,rustme/iIliIliilI,java/lang/Object,,0,1,174,,,
iIliIliliI(10).class,rustme/iIliIliliI,kotlin/jvm/internal/FunctionReferenceImpl,kotlin/jvm/functions/Function2,5,0,1843,Kotlin internals,,
iIliIllIII(45).class,rustme/iIliIllIII,java/lang/Object,,0,15,467,,,
iIliIllIiI(26).class,rustme/iIliIllIiI,rustme/llIiIllIiI,,7,0,2565,,,
iIliIlliiI(10).class,rustme/iIliIlliiI,java/lang/Object,,3,1,1311,,,
iIliIllliI(10).class,rustme/iIliIllliI,java/lang/Object,kotlin/jvm/functions/Function1,5,1,1605,Kotlin internals,,
iIliiIIIiI(50).class,rustme/iIliiIIIiI,java/lang/Object,rustme/liIiIIIIiI,2,0,757,,,
iIliiIIiII(114).class,rustme/iIliiIIiII,java/lang/Object,rustme/lIIlIiIiII,49,13,13230,Kotlin internals,,
iIliiIIlII(89).class,rustme/iIliiIIlII,java/lang/Object,,0,1,174,,,
iIliiIIliI(50).class,rustme/iIliiIIliI,java/lang/Object,,15,3,4195,Kotlin internals,,
iIliiIiIII(133).class,rustme/iIliiIiIII,java/lang/Object,,0,1,173,,,
iIliiIiIiI(18).class,rustme/iIliiIiIiI,java/lang/Object,,7,2,4916,,,
iIliiIiiII(82).class,rustme/iIliiIiiII,java/lang/Object,kotlin/jvm/functions/Function1,5,1,1468,Kotlin internals,,
iIliiIiilI(9).class,rustme/iIliiIiilI,java/lang/Object,,0,1,174,,,
iIliiIiliI(18).class,rustme/iIliiIiliI,java/lang/Object,rustme/illililliI,54,2,30168,Kotlin internals,,
iIliiIlIII(89).class,rustme/iIliiIlIII,java/lang/Object,,0,4,236,,,
iIliiIlIiI(50).class,rustme/iIliiIlIiI,rustme/liliiIlIiI,,1,0,349,,,
iIliiIliiI(18).class,rustme/iIliiIliiI,rustme/lllIliIIiI,,21,1,3286,GUI/Screen,,
iIliiIlilI(9).class,rustme/iIliiIlilI,java/lang/Object,,0,16,504,,,
iIliiIlliI(18).class,rustme/iIliiIlliI,java/lang/Object,kotlin/jvm/functions/Function1,5,1,1468,Kotlin internals,,
iIliiiIIII(141).class,rustme/iIliiiIIII,java/lang/Object,,0,41,1013,,,
iIliiiIIiI(34).class,rustme/iIliiiIIiI,rustme/llillliIiI,rustme/IlllIliIiI,20,1,7536,,,
iIliiiIiII(98).class,rustme/iIliiiIiII,java/lang/Object,kotlin/jvm/functions/Function1,5,1,2807,Kotlin internals,,
iIliiiIilI(17).class,rustme/iIliiiIilI,java/lang/Object,,0,1,174,,,
iIliiiIliI(34).class,rustme/iIliiiIliI,java/lang/Object,kotlin/jvm/functions/Function1,5,1,1495,Kotlin internals,,
iIliiiiIiI(2).class,rustme/iIliiiiIiI,rustme/iIlIiiiIiI,,9,1,2403,Texture,,
iIliiiiiII(66).class,rustme/iIliiiiiII,java/lang/Object,kotlin/jvm/functions/Function1,5,1,5345,Kotlin internals,,
iIliiiilII(65).class,rustme/iIliiiilII,java/lang/Object,,0,1,174,,,
iIliiiiliI(2).class,rustme/iIliiiiliI,java/lang/Object,,9,18,6858,,,
iIliiilIiI(34).class,rustme/iIliiilIiI,rustme/IIiIiilIiI,,15,2,4172,,,
iIliiiliII(65).class,rustme/iIliiiliII,java/lang/Object,,0,1,173,,,
iIliiiliiI(2).class,rustme/iIliiiliiI,rustme/IillilIiiI,,15,1,5060,,,
iIliiillII(33).class,rustme/iIliiillII,java/lang/Object,,0,1,174,,,
iIliiilliI(2).class,rustme/iIliiilliI,java/lang/Object,,4,0,5857,Kotlin internals,,
iIliilIIII(73).class,rustme/iIliilIIII,java/lang/Object,,0,1,173,,,
iIliilIIiI(26).class,rustme/iIliilIIiI,java/lang/Object,rustme/llillIIIiI,12,4,3219,,,
iIliilIilI(9).class,rustme/iIliilIilI,java/lang/Object,,0,1,174,,,
iIliilIliI(18).class,rustme/iIliilIliI,java/lang/Object,kotlin/jvm/functions/Function1,5,2,3807,Kotlin internals,,
iIliiliIiI(10).class,rustme/iIliiliIiI,java/lang/Object,,13,5,3100,,,
iIliiliiII(42).class,rustme/iIliiliiII,java/lang/Object,kotlin/jvm/functions/Function1,5,1,2024,Kotlin internals,,
iIliililII(33).class,rustme/iIliililII,java/lang/Object,,0,2,196,,,
iIliililiI(2).class,rustme/iIliililiI,rustme/IliIIiIliI,,3,0,4454,Kotlin internals;Scoreboard,,
iIliillIiI(18).class,rustme/iIliillIiI,java/lang/Object,,8,1,3082,,,
iIliilliII(33).class,rustme/iIliilliII,java/lang/Object,,0,8,320,,,
iIliilliiI(2).class,rustme/iIliilliiI,java/lang/Object,rustme/iililIliiI,2,0,717,Particles,,
iIliilllII(17).class,rustme/iIliilllII,java/lang/Object,,0,1,174,,,
iIliillliI(2).class,rustme/iIliillliI,java/lang/Object,kotlin/jvm/functions/Function1,5,1,3069,Kotlin internals,,
iIlilIIIiI(26).class,rustme/iIlilIIIiI,java/lang/Object,rustme/llillIIIiI,7,1,1642,,,
iIlilIIiII(57).class,rustme/iIlilIIiII,java/lang/Object,,0,1,173,,,
iIlilIIlII(45).class,rustme/iIlilIIlII,java/lang/Object,,0,1,174,,,
iIlilIIliI(26).class,rustme/iIlilIIliI,java/lang/Object,,12,2,3218,Kotlin internals,,
iIlilIiIII(65).class,rustme/iIlilIiIII,java/lang/Object,,0,2,194,,,
iIlilIiIiI(10).class,rustme/iIlilIiIiI,java/lang/Object,rustme/IiiIlIiIiI,5,2,1905,,,
iIlilIiiII(42).class,rustme/iIlilIiiII,java/lang/Object,kotlin/jvm/functions/Function1,5,1,1889,Kotlin internals,,
iIlilIiilI(5).class,rustme/iIlilIiilI,java/lang/Object,,0,1,174,,,
iIlilIiliI(10).class,rustme/iIlilIiliI,java/lang/Object,rustme/lIlilIiliI,7,2,2310,Kotlin internals,,
iIlilIlIII(45).class,rustme/iIlilIlIII,java/lang/Object,,0,1,173,,,
iIlilIlIiI(26).class,rustme/iIlilIlIiI,java/lang/Enum,,7,5,2246,,,
iIlilIliiI(10).class,rustme/iIlilIliiI,java/lang/Object,rustme/iililIliiI,2,0,1159,Particles,,
iIlilIlliI(10).class,rustme/iIlilIlliI,java/lang/Object,kotlin/jvm/functions/Function1,5,1,1724,Kotlin internals,,
iIliliIIII(69).class,rustme/iIliliIIII,java/lang/Object,,0,5,257,,,
iIliliIIiI(18).class,rustme/iIliliIIiI,rustme/IIIiliIIiI,,5,1,2327,,,
iIliliIiII(50).class,rustme/iIliliIiII,java/lang/Object,rustme/lIIlIiIiII,1,0,599,Kotlin internals,,
iIliliIilI(9).class,rustme/iIliliIilI,java/lang/Object,,0,1,174,,,
iIliliIliI(18).class,rustme/iIliliIliI,java/lang/Object,java/util/Comparator,2,1,1800,Kotlin internals,,
iIliliiIiI(2).class,rustme/iIliliiIiI,java/lang/Object,,58,29,16486,,,
iIliliiiII(34).class,rustme/iIliliiiII,java/lang/Object,,70,67,77869,Kotlin internals,,
iIliliilII(33).class,rustme/iIliliilII,java/lang/Object,,0,2,196,,,
iIliliiliI(2).class,rustme/iIliliiliI,rustme/illiliiliI,,3,0,1931,Kotlin internals,,
iIlililIiI(18).class,rustme/iIlililIiI,rustme/lIlililIiI,rustme/IIilIilIiI,9,2,2651,,,
iIlililiII(33).class,rustme/iIlililiII,java/lang/Object,,0,2,194,,,
iIlililiiI(2).class,rustme/iIlililiiI,java/lang/Object,,14,4,6246,GUI/Screen;Texture,,
iIlilillII(17).class,rustme/iIlilillII,java/lang/Object,,0,1,174,,,
iIlililliI(2).class,rustme/iIlililliI,java/lang/Object,,1,0,728,Kotlin internals,,
iIlillIIII(41).class,rustme/iIlillIIII,java/lang/Object,,0,4,236,,,
iIlillIIiI(18).class,rustme/iIlillIIiI,rustme/IIIillIIiI,,20,3,6266,,,
iIlillIiiI(2).class,rustme/iIlillIiiI,java/lang/Object,,1,1,733,,,
iIlillIilI(5).class,rustme/iIlillIilI,java/lang/Object,,0,1,174,,,
iIlillIliI(10).class,rustme/iIlillIliI,java/lang/Object,,6,3,1962,Kotlin internals,,
iIlilliIiI(10).class,rustme/iIlilliIiI,rustme/ilIilliIiI,,6,0,1722,,,
iIlilliiII(26).class,rustme/iIlilliiII,java/lang/Object,kotlin/jvm/functions/Function1,5,1,2741,Kotlin internals,,
iIlillilII(17).class,rustme/iIlillilII,java/lang/Object,,0,1,174,,,
iIlilliliI(2).class,rustme/iIlilliliI,rustme/lIlilliliI,,5,2,4064,Kotlin internals,,
iIlilllIiI(10).class,rustme/iIlilllIiI,java/lang/Object,rustme/lililllIiI,2,0,422,,,
iIlillliII(17).class,rustme/iIlillliII,java/lang/Object,,0,3,215,,,
iIlillliiI(2).class,rustme/iIlillliiI,java/lang/Object,rustme/liiIllliiI,2,0,1019,,,
iIlillllII(9).class,rustme/iIlillllII,java/lang/Object,,0,1,174,,,
iIlilllliI(2).class,rustme/iIlilllliI,java/lang/Object,kotlin/jvm/functions/Function1,5,1,1482,Kotlin internals,,
iIllIIIIII(77).class,rustme/iIllIIIIII,java/lang/Object,,0,5,257,,,
iIllIIIIiI(30).class,rustme/iIllIIIIiI,java/lang/Object,rustme/IlIlIIIIiI,8,0,2769,,,
iIllIIIilI(15).class,rustme/iIllIIIilI,java/lang/Object,,0,1,174,,,
iIllIIIliI(30).class,rustme/iIllIIIliI,java/lang/Object,,9,8,2847,Kotlin internals,,
iIllIIiIiI(14).class,rustme/iIllIIiIiI,rustme/IIlliIiIiI,,9,0,3177,,,
iIllIIiiII(46).class,rustme/iIllIIiiII,java/lang/Object,kotlin/jvm/functions/Function1,5,1,3232,Kotlin internals,,
iIllIIilII(39).class,rustme/iIllIIilII,java/lang/Object,,0,25,702,,,
iIllIIiliI(14).class,rustme/iIllIIiliI,rustme/iIIliIiliI,,4,5,1782,Kotlin internals,,
iIllIIlIiI(30).class,rustme/iIllIIlIiI,rustme/IlllIIlIiI,,7,0,4290,,,
iIllIIliII(39).class,rustme/iIllIIliII,java/lang/Object,,0,2,194,,,
iIllIIliiI(14).class,rustme/iIllIIliiI,rustme/IIlllIlIiI,,39,11,18379,,,
iIllIIllII(23).class,rustme/iIllIIllII,java/lang/Object,,0,3,218,,,
iIllIIlliI(14).class,rustme/iIllIIlliI,java/lang/Object,kotlin/jvm/functions/Function1,5,1,2944,Kotlin internals,,
iIllIiIIiI(22).class,rustme/iIllIiIIiI,rustme/iilIlIiIiI,,2,0,1011,,,
iIllIiIiII(54).class,rustme/iIllIiIiII,java/lang/Object,rustme/lIIlIiIiII,18,8,4507,Kotlin internals,,
iIllIiIlII(43).class,rustme/iIllIiIlII,java/lang/Object,,0,3,218,,,
iIllIiIliI(22).class,rustme/iIllIiIliI,rustme/IliIIiIliI,,6,7,7027,Kotlin internals,,
iIllIiiIII(65).class,rustme/iIllIiiIII,java/lang/Object,,0,14,446,,,
iIllIiiIiI(6).class,rustme/iIllIiiIiI,java/lang/Object,rustme/IiiIlIiIiI,3,1,1132,,,
iIllIiiiII(38).class,rustme/iIllIiiiII,java/lang/Object,kotlin/jvm/functions/Function1,5,1,1463,Kotlin internals,,
iIllIiiilI(3).class,rustme/iIllIiiilI,java/lang/Object,,0,1,174,,,
iIllIiiliI(6).class,rustme/iIllIiiliI,rustme/IililiiliI,,2,0,1373,Kotlin internals,,
iIllIilIII(43).class,rustme/iIllIilIII,java/lang/Object,,0,2,194,,,
iIllIilIiI(22).class,rustme/iIllIilIiI,rustme/lIllIilIiI,,19,3,3308,,,
iIllIiliiI(6).class,rustme/iIllIiliiI,java/lang/Object,rustme/iiIlIilIiI,3,4,2030,,,
iIllIililI(3).class,rustme/iIllIililI,java/lang/Object,,0,4,240,,,
iIllIilliI(6).class,rustme/iIllIilliI,java/lang/Enum,,12,11,4224,Kotlin internals,,
iIllIlIIiI(22).class,rustme/iIllIlIIiI,java/lang/Object,java/lang/Comparable,26,8,6746,,,
iIllIlIiII(35).class,rustme/iIllIlIiII,java/lang/Object,,0,11,383,,,
iIllIlIiiI(6).class,rustme/iIllIlIiiI,java/lang/Object,,1,2,1403,,,
iIllIlIlII(23).class,rustme/iIllIlIlII,java/lang/Object,,0,1,174,,,
iIllIlIliI(14).class,rustme/iIllIlIliI,java/lang/Object,,21,4,3984,Kotlin internals,,
iIllIliIII(39).class,rustme/iIllIliIII,java/lang/Object,,0,3,215,,,
iIllIliIiI(14).class,rustme/iIllIliIiI,java/lang/Object,,4,0,234,,,
iIllIliiII(30).class,rustme/iIllIliiII,java/lang/Object,kotlin/jvm/functions/Function1,5,1,3535,Kotlin internals,,
iIllIliilI(3).class,rustme/iIllIliilI,java/lang/Object,,0,1,174,,,
iIllIliliI(6).class,rustme/iIllIliliI,java/lang/Object,kotlin/jvm/functions/Function1,3,3,2486,Kotlin internals,,
iIllIllIII(23).class,rustme/iIllIllIII,java/lang/Object,,0,1,174,,,
iIllIllIiI(14).class,rustme/iIllIllIiI,rustme/llIiIllIiI,,7,0,2344,,,
iIllIlliiI(6).class,rustme/iIllIlliiI,java/lang/Object,java/lang/Comparable,16,9,3825,,,
iIllIllliI(6).class,rustme/iIllIllliI,java/lang/Object,kotlin/jvm/functions/Function1,5,1,1880,Kotlin internals,,
iIlliIIIiI(26).class,rustme/iIlliIIIiI,rustme/llliiIIIiI,,12,7,3818,,,
iIlliIIiII(58).class,rustme/iIlliIIiII,java/lang/Object,,4,0,542,,,
iIlliIIlII(45).class,rustme/iIlliIIlII,java/lang/Object,,0,1,174,,,
iIlliIIliI(26).class,rustme/iIlliIIliI,java/lang/Object,,1,1,604,Kotlin internals,,
iIlliIiIII(67).class,rustme/iIlliIiIII,java/lang/Object,,0,16,488,,,
iIlliIiIiI(10).class,rustme/iIlliIiIiI,java/lang/Object,,4,3,753,,,
iIlliIiiII(42).class,rustme/iIlliIiiII,java/lang/Object,kotlin/jvm/functions/Function1,5,1,1880,Kotlin internals,,
iIlliIiilI(5).class,rustme/iIlliIiilI,java/lang/Object,,0,1,174,,,
iIlliIiliI(10).class,rustme/iIlliIiliI,rustme/illIiIiliI,,14,1,8781,Kotlin internals,,
iIlliIlIII(45).class,rustme/iIlliIlIII,java/lang/Object,,0,2,194,,,
iIlliIlIiI(26).class,rustme/iIlliIlIiI,rustme/IIlliIlIiI,,2,0,936,,,
iIlliIliiI(10).class,rustme/iIlliIliiI,rustme/lllliIliiI,,4,0,1920,,,
iIlliIlilI(5).class,rustme/iIlliIlilI,java/lang/Object,,0,6,284,,,
iIlliIlliI(10).class,rustme/iIlliIlliI,java/lang/Object,kotlin/jvm/functions/Function1,5,1,1468,Kotlin internals,,
iIlliiIIII(71).class,rustme/iIlliiIIII,java/lang/Object,,0,13,425,,,
iIlliiIIiI(18).class,rustme/iIlliiIIiI,rustme/IiiIiliIiI,,2,0,644,,,
iIlliiIiII(50).class,rustme/iIlliiIiII,java/lang/Object,kotlin/jvm/functions/Function0,4,1,954,Kotlin internals,,
iIlliiIilI(9).class,rustme/iIlliiIilI,java/lang/Object,,0,1,174,,,
iIlliiIliI(18).class,rustme/iIlliiIliI,kotlin/properties/ObservableProperty,,4,1,2300,Kotlin internals,,
iIlliiiIiI(2).class,rustme/iIlliiiIiI,rustme/ilIiiiiIiI,,7,1,1852,Texture,,
iIlliiiiII(34).class,rustme/iIlliiiiII,java/lang/Object,kotlin/jvm/functions/Function1,5,1,1713,Kotlin internals,,
iIlliiilII(33).class,rustme/iIlliiilII,java/lang/Object,,0,1,174,,,
iIlliiiliI(2).class,rustme/iIlliiiliI,java/lang/Object,,2,0,644,,,
iIlliilIiI(18).class,rustme/iIlliilIiI,java/lang/Object,,0,0,220,,,
iIlliiliII(33).class,rustme/iIlliiliII,java/lang/Object,,0,2,194,,,
iIlliiliiI(2).class,rustme/iIlliiliiI,rustme/IllIiiliiI,,14,2,5306,,,
iIlliillII(17).class,rustme/iIlliillII,java/lang/Object,,0,20,592,,,
iIlliilliI(2).class,rustme/iIlliilliI,java/lang/Object,,1,1,830,Kotlin internals,,
iIllilIIII(41).class,rustme/iIllilIIII,java/lang/Object,,0,94,2126,,,
iIllilIIiI(18).class,rustme/iIllilIIiI,java/lang/Object,rustme/llillIIIiI,7,2,1431,,,
iIllilIiiI(2).class,rustme/iIllilIiiI,java/lang/Object,rustme/IilIIIlIiI,8,2,1902,,,
iIllilIilI(5).class,rustme/iIllilIilI,java/lang/Object,,0,1,174,,,
iIllilIliI(10).class,rustme/iIllilIliI,java/lang/Object,,9,5,3797,Kotlin internals,,
iIlliliIiI(10).class,rustme/iIlliliIiI,rustme/iliIiliIiI,,5,2,1357,,,
iIlliliiII(26).class,rustme/iIlliliiII,java/lang/Object,kotlin/jvm/functions/Function1,5,1,1468,Kotlin internals,,
iIllililII(17).class,rustme/iIllililII,java/lang/Object,,0,2,196,,,
iIllililiI(2).class,rustme/iIllililiI,rustme/llIiIliliI,,3,0,3325,Kotlin internals,,
iIllillIiI(10).class,rustme/iIllillIiI,java/lang/Object,,19,24,11831,,,
iIllilliII(17).class,rustme/iIllilliII,java/lang/Object,,0,8,320,,,
iIllilliiI(2).class,rustme/iIllilliiI,java/lang/RuntimeException,,1,0,379,,,
iIllilllII(9).class,rustme/iIllilllII,java/lang/Object,,0,1,174,,,
iIllillliI(2).class,rustme/iIllillliI,java/lang/Object,kotlin/jvm/functions/Function1,5,1,1468,Kotlin internals,,
iIlllIIIiI(14).class,rustme/iIlllIIIiI,java/lang/Object,rustme/llillIIIiI,8,2,1749,,,
iIlllIIiII(29).class,rustme/iIlllIIiII,java/lang/Object,,0,1,173,,,
iIlllIIlII(23).class,rustme/iIlllIIlII,java/lang/Object,,0,1,174,,,
iIlllIIliI(14).class,rustme/iIlllIIliI,java/lang/Object,kotlin/jvm/functions/Function1,5,2,3796,Kotlin internals,,
iIlllIiIII(33).class,rustme/iIlllIiIII,java/lang/Object,,0,4,236,,,
iIlllIiIiI(6).class,rustme/iIlllIiIiI,rustme/IiillIiIiI,,7,0,1589,,,
iIlllIiiII(22).class,rustme/iIlllIiiII,java/lang/Object,kotlin/jvm/functions/Function1,5,1,1506,Kotlin internals,,
iIlllIiilI(3).class,rustme/iIlllIiilI,java/lang/Object,,0,1,174,,,
iIlllIiliI(6).class,rustme/iIlllIiliI,java/lang/Object,rustme/illllIiliI,6,2,1761,Kotlin internals,,
iIlllIlIII(23).class,rustme/iIlllIlIII,java/lang/Object,,0,1,173,,,
iIlllIlIiI(14).class,rustme/iIlllIlIiI,java/lang/Object,rustme/IiiIlIiIiI,3,1,1025,,,
iIlllIliiI(6).class,rustme/iIlllIliiI,java/lang/Object,rustme/iililIliiI,2,0,714,Particles,,
iIlllIlliI(6).class,rustme/iIlllIlliI,java/lang/Object,kotlin/jvm/functions/Function1,5,1,2053,Kotlin internals,,
iIllliIIII(35).class,rustme/iIllliIIII,java/lang/Object,,0,6,278,,,
iIllliIIiI(10).class,rustme/iIllliIIiI,java/lang/Object,rustme/iiIlliIIiI,22,5,11601,,,
iIllliIiII(26).class,rustme/iIllliIiII,java/lang/Object,,9,4,6013,Kotlin internals,,
iIllliIilI(5).class,rustme/iIllliIilI,java/lang/Object,,0,1,174,,,
iIllliIliI(10).class,rustme/iIllliIliI,rustme/IlilIIIliI,,2,4,3785,Kotlin internals,,
iIllliiIiI(2).class,rustme/iIllliiIiI,java/lang/Object,,1,2,929,,,
iIllliiiII(18).class,rustme/iIllliiiII,java/lang/Object,kotlin/jvm/functions/Function1,5,1,3434,Kotlin internals,,
iIllliilII(17).class,rustme/iIllliilII,java/lang/Object,,0,1,174,,,
iIllliiliI(2).class,rustme/iIllliiliI,rustme/lilliiiliI,,11,5,2811,Kotlin internals,,
iIlllilIiI(10).class,rustme/iIlllilIiI,java/lang/Enum,,6,5,1543,World gen,,
iIllliliII(17).class,rustme/iIllliliII,java/lang/Object,,0,4,236,,,
iIllliliiI(2).class,rustme/iIllliliiI,rustme/IlIlliliiI,,7,2,3916,GUI/Screen;Texture,,
iIlllillII(9).class,rustme/iIlllillII,java/lang/Object,,0,1,174,,,
iIlllilliI(2).class,rustme/iIlllilliI,java/lang/Object,kotlin/jvm/functions/Function1,5,1,1807,Kotlin internals,,
iIllllIIII(21).class,rustme/iIllllIIII,java/lang/Object,,0,1,173,,,
iIllllIIiI(10).class,rustme/iIllllIIiI,java/lang/Object,rustme/iiIlIilIiI;rustme/illilIIIiI,11,12,7484,,,
iIllllIiiI(2).class,rustme/iIllllIiiI,rustme/lIIillIiiI,,22,5,8662,,,
iIllllIilI(3).class,rustme/iIllllIilI,java/lang/Object,,0,1,174,,,
iIllllIliI(6).class,rustme/iIllllIliI,java/lang/Object,kotlin/jvm/functions/Function0,4,1,1101,Kotlin internals,,
iIlllliIiI(6).class,rustme/iIlllliIiI,rustme/illIiliIiI,,2,0,805,,,
iIlllliiII(14).class,rustme/iIlllliiII,java/lang/Object,kotlin/jvm/functions/Function1,5,1,2889,Kotlin internals,,
iIllllilII(9).class,rustme/iIllllilII,java/lang/Object,,0,4,240,,,
iIlllliliI(2).class,rustme/iIlllliliI,java/lang/Object,,7,0,3171,Kotlin internals,,
iIlllllIiI(6).class,rustme/iIlllllIiI,java/lang/Object,,9,3,4034,,,
iIllllliII(9).class,rustme/iIllllliII,java/lang/Object,,0,1,173,,,
iIllllliiI(2).class,rustme/iIllllliiI,java/lang/Object,rustme/lIllllliiI,6,3,3401,Texture,,
iIllllllII(5).class,rustme/iIllllllII,java/lang/Object,,0,1,174,,,
iIlllllliI(2).class,rustme/iIlllllliI,java/lang/Object,kotlin/jvm/functions/Function1,5,1,4555,Kotlin internals,,
iiIIIIIIiI(124).class,rustme/iiIIIIIIiI,rustme/IliIiIIIiI,,2,0,626,,,
iiIIIIIiII(246).class,rustme/iiIIIIIiII,java/lang/Object,,0,1,173,,,
iiIIIIIlII(190).class,rustme/iiIIIIIlII,java/lang/Object,,0,1,174,,,
iiIIIIIliI(124).class,rustme/iiIIIIIliI,rustme/IIiIIIIliI,,8,1,5702,Kotlin internals,,
iiIIIIiIII(278).class,rustme/iiIIIIiIII,java/lang/Object,,0,4,236,,,
iiIIIIiIiI(60).class,rustme/iiIIIIiIiI,rustme/IIlliIiIiI,,10,0,5791,,,
iiIIIIiiII(188).class,rustme/iiIIIIiiII,java/lang/Object,kotlin/jvm/functions/Function1,5,1,1468,Kotlin internals,,
iiIIIIiilI(30).class,rustme/iiIIIIiilI,java/lang/Object,,0,1,174,,,
iiIIIIiliI(60).class,rustme/iiIIIIiliI,java/lang/Object,,17,15,9756,Kotlin internals,,
iiIIIIlIII(190).class,rustme/iiIIIIlIII,java/lang/Object,,0,5,257,,,
iiIIIIlIiI(124).class,rustme/iiIIIIlIiI,java/lang/Object,,1,0,292,,,
iiIIIIliiI(60).class,rustme/iiIIIIliiI,rustme/iliIIIliiI,,3,1,1646,,,
iiIIIIlliI(60).class,rustme/iiIIIIlliI,java/lang/Object,kotlin/jvm/functions/Function1,5,1,1468,Kotlin internals,,
iiIIIiIIII(294).class,rustme/iiIIIiIIII,java/lang/Object,,0,1,173,,,
iiIIIiIIiI(92).class,rustme/iiIIIiIIiI,java/lang/Object,rustme/lIIIliIIiI,58,9,17227,,InventoryPlayer,slots; getCurrentItem; методы (I).ItemStack.
iiIIIiIiII(220).class,rustme/iiIIIiIiII,java/lang/Object,kotlin/jvm/functions/Function1,5,1,1476,Kotlin internals,,
iiIIIiIilI(46).class,rustme/iiIIIiIilI,java/lang/Object,,0,1,174,,,
iiIIIiIliI(92).class,rustme/iiIIIiIliI,rustme/IlilIIIliI,,12,4,7085,Kotlin internals,,
iiIIIiiIiI(28).class,rustme/iiIIIiiIiI,java/lang/Enum,,6,5,1577,,,
iiIIIiiiII(156).class,rustme/iiIIIiiiII,java/lang/Object,kotlin/jvm/functions/Function1,5,1,1769,Kotlin internals,,
iiIIIiilII(142).class,rustme/iiIIIiilII,java/lang/Object,,0,1,174,,,
iiIIIiiliI(28).class,rustme/iiIIIiiliI,java/lang/Object,,4,2,805,,,
iiIIIilIiI(92).class,rustme/iiIIIilIiI,java/lang/Object,com/google/common/base/Predicate,3,1,1466,,,
iiIIIiliII(142).class,rustme/iiIIIiliII,java/lang/Object,,0,14,446,,,
iiIIIiliiI(28).class,rustme/iiIIIiliiI,rustme/IiIIIiliiI,,4,0,1919,,,
iiIIIillII(78).class,rustme/iiIIIillII,java/lang/Object,,0,1,174,,,
iiIIIilliI(28).class,rustme/iiIIIilliI,java/lang/Object,,3,4,1841,Kotlin internals,,
iiIIIlIIII(158).class,rustme/iiIIIlIIII,java/lang/Object,,0,2,194,,,
iiIIIlIIiI(76).class,rustme/iiIIIlIIiI,java/lang/Object,rustme/llillIIIiI,7,9,3494,,,
iiIIIlIiiI(12).class,rustme/iiIIIlIiiI,rustme/iIIiIlIiiI,,9,1,2895,,,
iiIIIlIilI(30).class,rustme/iiIIIlIilI,java/lang/Object,,0,1,174,,,
iiIIIlIliI(60).class,rustme/iiIIIlIliI,java/lang/Enum,,8,6,2874,Kotlin internals,,
iiIIIliIiI(44).class,rustme/iiIIIliIiI,java/lang/Object,com/google/common/base/Predicate,3,0,1150,,,
iiIIIliiII(108).class,rustme/iiIIIliiII,java/lang/Object,kotlin/jvm/functions/Function1,5,1,1468,Kotlin internals,,
iiIIIlilII(78).class,rustme/iiIIIlilII,java/lang/Object,,0,2,196,,,
iiIIIliliI(28).class,rustme/iiIIIliliI,java/lang/Object,kotlin/jvm/functions/Function1,5,1,1493,Kotlin internals,,
iiIIIllIiI(60).class,rustme/iiIIIllIiI,rustme/lliIIllIiI,,6,0,2134,,,
iiIIIlliII(78).class,rustme/iiIIIlliII,java/lang/Object,,0,4,236,,,
iiIIIlliiI(28).class,rustme/iiIIIlliiI,java/lang/Object,com/google/gson/JsonDeserializer,10,0,3676,,,
iiIIIlllII(46).class,rustme/iiIIIlllII,java/lang/Object,,0,1,174,,,
iiIIIllliI(28).class,rustme/iiIIIllliI,java/lang/Object,kotlin/jvm/functions/Function1,5,1,1975,Kotlin internals,,
iiIIiIIIII(302).class,rustme/iiIIiIIIII,java/lang/Object,,0,18,530,,,
iiIIiIIIiI(108).class,rustme/iiIIiIIIiI,rustme/liIIiIIIiI,,11,0,7279,,,
iiIIiIIiII(236).class,rustme/iiIIiIIiII,java/lang/Object,,3,2,1145,Kotlin internals,,
iiIIiIIilI(54).class,rustme/iiIIiIIilI,java/lang/Object,,0,1,174,,,
iiIIiIIliI(108).class,rustme/iiIIiIIliI,java/lang/Object,,2,0,840,Kotlin internals,,
iiIIiIiIiI(44).class,rustme/iiIIiIiIiI,java/lang/Object,rustme/liIiiIiIiI,9,8,3531,,,
iiIIiIiiII(172).class,rustme/iiIIiIiiII,java/lang/Object,kotlin/jvm/functions/Function1,5,1,1468,Kotlin internals,,
iiIIiIilII(150).class,rustme/iiIIiIilII,java/lang/Object,,0,1,174,,,
iiIIiIiliI(44).class,rustme/iiIIiIiliI,java/lang/Object,,9,9,13474,Kotlin internals,,
iiIIiIlIiI(108).class,rustme/iiIIiIlIiI,rustme/lliIiIlIiI,,13,3,3891,,,
iiIIiIliII(150).class,rustme/iiIIiIliII,java/lang/Object,,0,2,194,,,
iiIIiIliiI(44).class,rustme/iiIIiIliiI,java/lang/Object,,9,3,2858,GUI/Screen;Texture,,
iiIIiIllII(86).class,rustme/iiIIiIllII,java/lang/Object,,0,1,174,,,
iiIIiIlliI(44).class,rustme/iiIIiIlliI,java/lang/Object,kotlin/jvm/functions/Function1,5,1,1468,Kotlin internals,,
iiIIiiIIiI(76).class,rustme/iiIIiiIIiI,java/lang/Object,com/google/common/base/Predicate,3,0,1030,,,
iiIIiiIiII(204).class,rustme/iiIIiiIiII,java/lang/Object,kotlin/jvm/functions/Function1,5,1,1620,Kotlin internals,,
iiIIiiIlII(166).class,rustme/iiIIiiIlII,java/lang/Object,,0,2,196,,,
iiIIiiIliI(76).class,rustme/iiIIiiIliI,rustme/iiIliiIliI,,25,23,28131,Kotlin internals,,
iiIIiiiIII(254).class,rustme/iiIIiiiIII,java/lang/Object,,0,1,173,,,
iiIIiiiIiI(12).class,rustme/iiIIiiiIiI,rustme/iIlIiiiIiI,,7,2,1878,Texture,,
iiIIiiiiII(140).class,rustme/iiIIiiiiII,java/lang/Object,kotlin/jvm/functions/Function1,5,1,1880,Kotlin internals,,
iiIIiiiilI(6).class,rustme/iiIIiiiilI,java/lang/Object,,0,1,174,,,
iiIIiiiliI(12).class,rustme/iiIIiiiliI,java/lang/Object,,14,4,2393,,,
iiIIiilIII(166).class,rustme/iiIIiilIII,java/lang/Object,,0,4,236,,,
iiIIiilIiI(76).class,rustme/iiIIiilIiI,java/lang/ThreadLocal,,3,0,685,,,
iiIIiiliiI(12).class,rustme/iiIIiiliiI,rustme/IillilIiiI,,6,0,1521,,,
iiIIiililI(6).class,rustme/iiIIiililI,java/lang/Object,,0,1,174,,,
iiIIiilliI(12).class,rustme/iiIIiilliI,java/lang/Object,,13,5,8008,Kotlin internals,,
iiIIilIIiI(60).class,rustme/iiIIilIIiI,java/lang/Object,rustme/llillIIIiI,17,6,6266,,,
iiIIilIiII(118).class,rustme/iiIIilIiII,java/lang/Object,,0,9,341,,,
iiIIilIlII(86).class,rustme/iiIIilIlII,java/lang/Object,,0,1,174,,,
iiIIilIliI(44).class,rustme/iiIIilIliI,java/lang/Object,,1,1,685,Kotlin internals,,
iiIIiliIII(134).class,rustme/iiIIiliIII,java/lang/Object,,0,2,194,,,
iiIIiliIiI(28).class,rustme/iiIIiliIiI,rustme/iliIiliIiI,,5,2,1442,,,
iiIIiliiII(92).class,rustme/iiIIiliiII,java/lang/Object,kotlin/jvm/functions/Function1,5,1,3089,Kotlin internals,,
iiIIiliilI(6).class,rustme/iiIIiliilI,java/lang/Object,,0,1,174,,,
iiIIililiI(12).class,rustme/iiIIililiI,java/lang/Object,kotlin/jvm/functions/Function1,4,1,1275,Kotlin internals,,
iiIIillIII(86).class,rustme/iiIIillIII,java/lang/Object,,0,17,509,,,
iiIIillIiI(44).class,rustme/iiIIillIiI,java/lang/Object,rustme/IliIillIiI,2,0,661,,,
iiIIilliiI(12).class,rustme/iiIIilliiI,java/lang/Object,,3,4,3564,,,
iiIIillliI(12).class,rustme/iiIIillliI,java/lang/Object,kotlin/jvm/functions/Function1,5,1,1672,Kotlin internals,,
iiIIlIIIII(150).class,rustme/iiIIlIIIII,java/lang/Object,,0,1,173,,,
iiIIlIIIiI(60).class,rustme/iiIIlIIIiI,io/netty/handler/codec/ByteToMessageDecoder,,3,2,2360,,,
iiIIlIIilI(30).class,rustme/iiIIlIIilI,java/lang/Object,,0,1,174,,,
iiIIlIIliI(60).class,rustme/iiIIlIIliI,java/lang/Object,,12,2,3310,Kotlin internals,,
iiIIlIiIiI(28).class,rustme/iiIIlIiIiI,rustme/ilIIlIiIiI,,2,0,771,,,
iiIIlIiiII(92).class,rustme/iiIIlIiiII,java/lang/Object,,23,20,18330,Kotlin internals,,
iiIIlIilII(78).class,rustme/iiIIlIilII,java/lang/Object,,0,3,218,,,
iiIIlIiliI(28).class,rustme/iiIIlIiliI,java/lang/Object,,6,6,2980,Kotlin internals,,
iiIIlIlIiI(60).class,rustme/iiIIlIlIiI,rustme/liIIlIlIiI,,7,0,2114,,,
iiIIlIliII(78).class,rustme/iiIIlIliII,java/lang/Object,,0,1,173,,,
iiIIlIliiI(28).class,rustme/iiIIlIliiI,rustme/lililIliiI,,7,2,4441,Particles,,
iiIIlIllII(46).class,rustme/iiIIlIllII,java/lang/Object,,0,1,174,,,
iiIIlIlliI(28).class,rustme/iiIIlIlliI,java/lang/Object,kotlin/jvm/functions/Function1,5,1,3096,Kotlin internals,,
iiIIliIIiI(44).class,rustme/iiIIliIIiI,java/lang/Object,,1,1,742,,,
iiIIliIiII(108).class,rustme/iiIIliIiII,java/lang/Object,kotlin/jvm/functions/Function1,5,1,1533,Kotlin internals,,
iiIIliIlII(86).class,rustme/iiIIliIlII,java/lang/Object,,0,43,1098,,,
iiIIliIliI(44).class,rustme/iiIIliIliI,rustme/IliIIiIliI,,6,8,4887,Kotlin internals,,
iiIIliiIII(126).class,rustme/iiIIliiIII,java/lang/Object,,0,2,194,,,
iiIIliiIiI(12).class,rustme/iiIIliiIiI,rustme/IIlIliiIiI,,5,2,2394,Texture,,
iiIIliiiII(76).class,rustme/iiIIliiiII,java/lang/Object,kotlin/jvm/functions/Function1,5,1,1508,Kotlin internals,,
iiIIliiilI(6).class,rustme/iiIIliiilI,java/lang/Object,,0,1,174,,,
iiIIliiliI(12).class,rustme/iiIIliiliI,rustme/lIlIIiiliI,,8,2,3586,Kotlin internals,,
iiIIlilIII(86).class,rustme/iiIIlilIII,java/lang/Object,,0,18,530,,,
iiIIlilIiI(44).class,rustme/iiIIlilIiI,java/lang/Enum,,9,9,2869,,,
iiIIliliiI(12).class,rustme/iiIIliliiI,rustme/IiliiIliiI,,6,3,2408,GUI/Screen;Texture,,
iiIIlililI(6).class,rustme/iiIIlililI,java/lang/Object,,0,1,174,,,
iiIIlilliI(12).class,rustme/iiIIlilliI,rustme/IillIiIiII,,4,2,1679,Kotlin internals,,
iiIIllIIiI(44).class,rustme/iiIIllIIiI,java/lang/Object,com/google/common/base/Predicate,5,0,1489,,,
iiIIllIiII(70).class,rustme/iiIIllIiII,java/lang/Object,,0,2,194,,,
iiIIllIiiI(12).class,rustme/iiIIllIiiI,rustme/IillilIiiI,,9,1,4287,,,
iiIIllIlII(46).class,rustme/iiIIllIlII,java/lang/Object,,0,1,174,,,
iiIIllIliI(28).class,rustme/iiIIllIliI,java/lang/Object,,5,0,6210,Kotlin internals,,
iiIIlliIII(78).class,rustme/iiIIlliIII,java/lang/Object,,0,7,299,,,
iiIIlliIiI(28).class,rustme/iiIIlliIiI,rustme/lilllliIiI,rustme/IlllIliIiI,21,3,8804,,,
iiIIlliiII(60).class,rustme/iiIIlliiII,java/lang/Object,kotlin/jvm/functions/Function1,5,1,2706,Kotlin internals,,
iiIIlliilI(6).class,rustme/iiIIlliilI,java/lang/Object,,0,1,174,,,
iiIIlliliI(12).class,rustme/iiIIlliliI,java/lang/Object,kotlin/jvm/functions/Function1,4,1,1082,Kotlin internals,,
iiIIlllIII(46).class,rustme/iiIIlllIII,java/lang/Object,,0,3,218,,,
iiIIlllIiI(28).class,rustme/iiIIlllIiI,java/lang/Object,,4,8,1431,,,
iiIIllliiI(12).class,rustme/iiIIllliiI,java/lang/Object,rustme/iIiIllliiI,2,1,1210,,,
iiIIlllliI(12).class,rustme/iiIIlllliI,java/lang/Object,kotlin/jvm/functions/Function1,5,1,1468,Kotlin internals,,
iiIiIIIIII(306).class,rustme/iiIiIIIIII,java/lang/Object,,0,2,194,,,
iiIiIIIIiI(116).class,rustme/iiIiIIIIiI,rustme/llliiIIIiI,,12,0,10271,,,
iiIiIIIilI(58).class,rustme/iiIiIIIilI,java/lang/Object,,0,1,174,,,
iiIiIIIliI(116).class,rustme/iiIiIIIliI,java/lang/Object,kotlin/jvm/functions/Function0,5,1,2774,Kotlin internals,,
iiIiIIiIiI(52).class,rustme/iiIiIIiIiI,rustme/IIlliIiIiI,,8,0,7674,,,
iiIiIIiiII(180).class,rustme/iiIiIIiiII,java/lang/Object,kotlin/jvm/functions/Function1,5,1,1467,Kotlin internals,,
iiIiIIilII(154).class,rustme/iiIiIIilII,java/lang/Object,,0,1,174,,,
iiIiIIiliI(52).class,rustme/iiIiIIiliI,java/lang/Object,,7,4,2026,Kotlin internals,,
iiIiIIlIiI(116).class,rustme/iiIiIIlIiI,java/lang/Object,,5,1,969,,,
iiIiIIliII(154).class,rustme/iiIiIIliII,java/lang/Object,,0,1,173,,,
iiIiIIliiI(52).class,rustme/iiIiIIliiI,rustme/lIlliIliiI,,4,2,3389,,,
iiIiIIllII(90).class,rustme/iiIiIIllII,java/lang/Object,,0,3,218,,,
iiIiIIlliI(52).class,rustme/iiIiIIlliI,java/lang/Object,kotlin/jvm/functions/Function1,5,1,3083,Kotlin internals,,
iiIiIiIIiI(84).class,rustme/iiIiIiIIiI,java/lang/Object,rustme/ilIiIilIiI,4,0,2195,,,
iiIiIiIiII(212).class,rustme/iiIiIiIiII,java/lang/Object,kotlin/jvm/functions/Function1,5,1,1495,Kotlin internals,,
iiIiIiIlII(170).class,rustme/iiIiIiIlII,java/lang/Object,,0,1,174,,,
iiIiIiIliI(84).class,rustme/iiIiIiIliI,rustme/lIliIiIliI,,66,20,34092,Kotlin internals,,
iiIiIiiIII(258).class,rustme/iiIiIiiIII,java/lang/Object,,0,1,173,,,
iiIiIiiIiI(20).class,rustme/iiIiIiiIiI,rustme/iIlIiiiIiI,,14,1,2947,Texture,,
iiIiIiiiII(148).class,rustme/iiIiIiiiII,java/lang/Object,kotlin/jvm/functions/Function1,5,1,1713,Kotlin internals,,
iiIiIiiilI(10).class,rustme/iiIiIiiilI,java/lang/Object,,0,1,174,,,
iiIiIiiliI(20).class,rustme/iiIiIiiliI,rustme/IiIiIiiliI,,1,0,460,GUI/Screen,,
iiIiIilIII(170).class,rustme/iiIiIilIII,java/lang/Object,,0,5,257,,,
iiIiIilIiI(84).class,rustme/iiIiIilIiI,java/lang/Object,rustme/IlIiIilIiI,5,1,4192,,,
iiIiIiliiI(20).class,rustme/iiIiIiliiI,rustme/IillilIiiI,,29,7,11841,,,
iiIiIililI(10).class,rustme/iiIiIililI,java/lang/Object,,0,1,174,,,
iiIiIilliI(20).class,rustme/iiIiIilliI,java/lang/Enum,,8,15,4550,Kotlin internals,,
iiIiIlIIiI(68).class,rustme/iiIiIlIIiI,java/lang/Object,rustme/llillIIIiI,10,3,2061,,,
iiIiIlIiII(122).class,rustme/iiIiIlIiII,java/lang/Object,,0,6,278,,,
iiIiIlIiiI(4).class,rustme/iiIiIlIiiI,rustme/IillilIiiI,,3,0,920,,,
iiIiIlIlII(90).class,rustme/iiIiIlIlII,java/lang/Object,,0,1,174,,,
iiIiIlIliI(52).class,rustme/iiIiIlIliI,java/lang/Object,,13,0,2833,Kotlin internals,,
iiIiIliIII(138).class,rustme/iiIiIliIII,java/lang/Object,,0,1,173,,,
iiIiIliIiI(36).class,rustme/iiIiIliIiI,rustme/IiiIiliIiI,,4,2,936,,,
iiIiIliiII(100).class,rustme/iiIiIliiII,java/lang/Object,kotlin/jvm/functions/Function1,5,1,1506,Kotlin internals,,
iiIiIliilI(10).class,rustme/iiIiIliilI,java/lang/Object,,0,1,174,,,
iiIiIliliI(20).class,rustme/iiIiIliliI,java/lang/Object,,4,0,1473,Kotlin internals,,
iiIiIllIII(90).class,rustme/iiIiIllIII,java/lang/Object,,0,3,215,,,
iiIiIllIiI(52).class,rustme/iiIiIllIiI,java/lang/Object,rustme/iiiiIllIiI,2,0,461,,,
iiIiIlliiI(20).class,rustme/iiIiIlliiI,java/lang/Object,com/google/common/base/Predicate,3,0,1091,,,
iiIiIllliI(20).class,rustme/iiIiIllliI,java/lang/Object,kotlin/jvm/functions/Function1,5,1,5441,Kotlin internals,,
iiIiiIIIiI(100).class,rustme/iiIiiIIIiI,java/lang/Object,rustme/liIiIIIIiI,2,0,845,,,
iiIiiIIiII(228).class,rustme/iiIiiIIiII,rustme/IIIiiIIiII,,6,0,2395,Kotlin internals,,
iiIiiIIlII(178).class,rustme/iiIiiIIlII,java/lang/Object,,0,15,482,,,
iiIiiIIliI(100).class,rustme/iiIiiIIliI,rustme/IliIIiIliI,,10,4,9166,Kotlin internals,,
iiIiiIiIII(266).class,rustme/iiIiiIiIII,java/lang/Object,,0,5,257,,,
iiIiiIiIiI(36).class,rustme/iiIiiIiIiI,java/lang/Object,,7,1,1294,,,
iiIiiIiiII(164).class,rustme/iiIiiIiiII,java/lang/Object,kotlin/jvm/functions/Function1,5,1,1451,Kotlin internals,,
iiIiiIiilI(18).class,rustme/iiIiiIiilI,java/lang/Object,,0,1,174,,,
iiIiiIiliI(36).class,rustme/iiIiiIiliI,java/lang/Object,,18,4,5682,Kotlin internals,,
iiIiiIlIII(178).class,rustme/iiIiiIlIII,java/lang/Object,,0,11,383,,,
iiIiiIlIiI(100).class,rustme/iiIiiIlIiI,rustme/IIlllilIiI,,1,0,849,,,
iiIiiIliiI(36).class,rustme/iiIiiIliiI,rustme/IlIlliliiI,,9,8,3530,GUI/Screen,,
iiIiiIlilI(18).class,rustme/iiIiiIlilI,java/lang/Object,,0,6,284,,,
iiIiiIlliI(36).class,rustme/iiIiiIlliI,java/lang/Object,kotlin/jvm/functions/Function1,5,1,1468,Kotlin internals,,
iiIiiiIIII(282).class,rustme/iiIiiiIIII,java/lang/Object,,0,17,509,,,
iiIiiiIIiI(68).class,rustme/iiIiiiIIiI,rustme/IllIIliIiI,,2,0,602,,,
iiIiiiIiII(196).class,rustme/iiIiiiIiII,java/lang/Object,kotlin/jvm/functions/Function1,5,1,2879,Kotlin internals,,
iiIiiiIilI(34).class,rustme/iiIiiiIilI,java/lang/Object,,0,1,174,,,
iiIiiiIliI(68).class,rustme/iiIiiiIliI,java/lang/Object,kotlin/jvm/functions/Function1,5,1,1495,Kotlin internals,,
iiIiiiiIiI(4).class,rustme/iiIiiiiIiI,rustme/iIlIiiiIiI,,8,2,2553,Texture,,
iiIiiiiiII(132).class,rustme/iiIiiiiiII,java/lang/Object,kotlin/jvm/functions/Function1,5,1,2604,Kotlin internals,,
iiIiiiilII(130).class,rustme/iiIiiiilII,java/lang/Object,,0,10,372,,,
iiIiiiiliI(4).class,rustme/iiIiiiiliI,java/lang/Object,,15,0,2992,,,
iiIiiilIiI(68).class,rustme/iiIiiilIiI,rustme/lliiiilIiI,rustme/IIlIIIlIiI,19,7,6833,,,
iiIiiiliII(130).class,rustme/iiIiiiliII,java/lang/Object,,0,1,173,,,
iiIiiiliiI(4).class,rustme/iiIiiiliiI,rustme/iliiiiliiI,,23,2,10236,,,
iiIiiillII(66).class,rustme/iiIiiillII,java/lang/Object,,0,1,174,,,
iiIiiilliI(4).class,rustme/iiIiiilliI,java/lang/Object,,5,0,3003,Kotlin internals,,
iiIiilIIII(146).class,rustme/iiIiilIIII,java/lang/Object,,0,15,467,,,
iiIiilIIiI(52).class,rustme/iiIiilIIiI,java/lang/Object,rustme/llillIIIiI,9,3,2278,,,
iiIiilIilI(18).class,rustme/iiIiilIilI,java/lang/Object,,0,1,174,,,
iiIiilIliI(36).class,rustme/iiIiilIliI,java/lang/Object,kotlin/jvm/functions/Function1,5,2,3798,Kotlin internals,,
iiIiiliIiI(20).class,rustme/iiIiiliIiI,rustme/llIiiliIiI,,2,0,600,,,
iiIiiliiII(84).class,rustme/iiIiiliiII,java/lang/Object,kotlin/jvm/functions/Function1,5,1,1506,Kotlin internals,,
iiIiililII(66).class,rustme/iiIiililII,java/lang/Object,,0,2,196,,,
iiIiililiI(4).class,rustme/iiIiililiI,java/lang/Object,,2,0,969,Kotlin internals,,
iiIiillIiI(36).class,rustme/iiIiillIiI,java/lang/Object,,17,14,3277,World gen,,
iiIiilliII(66).class,rustme/iiIiilliII,java/lang/Object,,0,6,278,,,
iiIiilliiI(4).class,rustme/iiIiilliiI,java/lang/Object,rustme/iililIliiI,2,0,720,Particles,,
iiIiilllII(34).class,rustme/iiIiilllII,java/lang/Object,,0,1,174,,,
iiIiillliI(4).class,rustme/iiIiillliI,java/lang/Object,kotlin/jvm/functions/Function1,5,1,3132,Kotlin internals,,
iiIilIIIiI(52).class,rustme/iiIilIIIiI,rustme/iIIilIIIiI,,1,0,4819,,,
iiIilIIiII(114).class,rustme/iiIilIIiII,java/lang/Object,,0,3,215,,,
iiIilIIlII(90).class,rustme/iiIilIIlII,java/lang/Object,,0,1,174,,,
iiIilIIliI(52).class,rustme/iiIilIIliI,kotlin/jvm/internal/FunctionReferenceImpl,kotlin/jvm/functions/Function0,5,0,1404,Kotlin internals,,
iiIilIiIII(130).class,rustme/iiIilIiIII,java/lang/Object,,0,5,257,,,
iiIilIiIiI(20).class,rustme/iiIilIiIiI,java/lang/Object,,0,0,220,,,
iiIilIiiII(84).class,rustme/iiIilIiiII,java/lang/Object,kotlin/jvm/functions/Function1,5,1,1474,Kotlin internals,,
iiIilIiilI(10).class,rustme/iiIilIiilI,java/lang/Object,,0,1,174,,,
iiIilIiliI(20).class,rustme/iiIilIiliI,kotlin/coroutines/jvm/internal/SuspendLambda,kotlin/jvm/functions/Function2,7,2,3210,Kotlin internals,,
iiIilIlIII(90).class,rustme/iiIilIlIII,java/lang/Object,,0,1,173,,,
iiIilIlIiI(52).class,rustme/iiIilIlIiI,rustme/llllIIlIiI,,2,1,944,,,
iiIilIliiI(20).class,rustme/iiIilIliiI,java/lang/Object,,26,12,5217,,,
iiIilIlliI(20).class,rustme/iiIilIlliI,java/lang/Object,kotlin/jvm/functions/Function1,5,1,3174,Kotlin internals,,
iiIiliIIII(138).class,rustme/iiIiliIIII,java/lang/Object,,0,4,236,,,
iiIiliIIiI(36).class,rustme/iiIiliIIiI,java/lang/Object,,4,27,3860,,,
iiIiliIiII(100).class,rustme/iiIiliIiII,java/lang/Object,rustme/lIIlIiIiII,17,9,7160,Kotlin internals,,
iiIiliIilI(18).class,rustme/iiIiliIilI,java/lang/Object,,0,1,174,,,
iiIiliIliI(36).class,rustme/iiIiliIliI,java/lang/Object,,3,0,1116,Kotlin internals,,
iiIiliiIiI(4).class,rustme/iiIiliiIiI,java/lang/Object,,4,0,308,,,
iiIiliiiII(68).class,rustme/iiIiliiiII,java/lang/Object,kotlin/jvm/functions/Function1,5,1,1500,Kotlin internals,,
iiIiliilII(66).class,rustme/iiIiliilII,java/lang/Object,,0,4,240,,,
iiIiliiliI(4).class,rustme/iiIiliiliI,rustme/IililiiliI,,4,2,1745,Kotlin internals,,
iiIililIiI(36).class,rustme/iiIililIiI,java/lang/Object,java/lang/Comparable,16,4,3240,,,
iiIililiII(66).class,rustme/iiIililiII,java/lang/Object,,0,3,215,,,
iiIililiiI(4).class,rustme/iiIililiiI,rustme/IIiIIiIIiI,,15,7,5384,Texture,AbstractClientPlayer,abstract extends SP-wrapper base.
iiIilillII(34).class,rustme/iiIilillII,java/lang/Object,,0,1,174,,,
iiIililliI(4).class,rustme/iiIililliI,java/lang/Object,,7,43,7688,Kotlin internals,,
iiIillIIII(82).class,rustme/iiIillIIII,java/lang/Object,,0,4,236,,,
iiIillIIiI(36).class,rustme/iiIillIIiI,java/lang/Object,,4,14,2529,Scoreboard,,
iiIillIiiI(4).class,rustme/iiIillIiiI,rustme/llIiIiliiI,,2,0,370,,,
iiIillIilI(10).class,rustme/iiIillIilI,java/lang/Object,,0,1,174,,,
iiIillIliI(20).class,rustme/iiIillIliI,java/lang/Object,rustme/lIIillIliI,14,2,3154,Container/Slot;Kotlin internals,,
iiIilliIiI(20).class,rustme/iiIilliIiI,rustme/IIlIIliIiI,,21,9,12404,,,
iiIilliiII(52).class,rustme/iiIilliiII,java/lang/Object,kotlin/jvm/functions/Function0,4,1,954,Kotlin internals,,
iiIillilII(34).class,rustme/iiIillilII,java/lang/Object,,0,1,174,,,
iiIilliliI(4).class,rustme/iiIilliliI,rustme/llIIlliliI,,45,67,39483,Kotlin internals,,
iiIilllIiI(20).class,rustme/iiIilllIiI,java/lang/Object,rustme/lIlilllIiI,3,1,665,,,
iiIillliII(34).class,rustme/iiIillliII,java/lang/Object,,0,4,236,,,
iiIillliiI(4).class,rustme/iiIillliiI,java/lang/Object,,0,0,220,,,
iiIillllII(18).class,rustme/iiIillllII,java/lang/Object,,0,1,174,,,
iiIilllliI(4).class,rustme/iiIilllliI,java/lang/Object,kotlin/jvm/functions/Function1,5,1,5078,Kotlin internals,,
iiIlIIIIII(154).class,rustme/iiIlIIIIII,java/lang/Object,,0,4,236,,,
iiIlIIIIiI(60).class,rustme/iiIlIIIIiI,rustme/IIlIIIIIiI,,16,1,2362,,,
iiIlIIIilI(30).class,rustme/iiIlIIIilI,java/lang/Object,,0,1,174,,,
iiIlIIIliI(60).class,rustme/iiIlIIIliI,java/lang/Object,kotlin/jvm/functions/Function1,4,1,2490,Kotlin internals,,
iiIlIIiIiI(28).class,rustme/iiIlIIiIiI,java/lang/Object,,0,0,220,,,
iiIlIIiiII(92).class,rustme/iiIlIIiiII,java/lang/Object,kotlin/jvm/functions/Function1,5,1,2534,Kotlin internals,,
iiIlIIilII(78).class,rustme/iiIlIIilII,java/lang/Object,,0,1,174,,,
iiIlIIiliI(28).class,rustme/iiIlIIiliI,rustme/iIIliIiliI,,10,3,5184,Kotlin internals,,
iiIlIIlIiI(60).class,rustme/iiIlIIlIiI,java/lang/Object,rustme/IIIlIIlIiI,3,2,2710,,,
iiIlIIliII(78).class,rustme/iiIlIIliII,java/lang/Object,,0,3,215,,,
iiIlIIliiI(28).class,rustme/iiIlIIliiI,rustme/IlIlliliiI,,12,6,5771,GUI/Screen,,
iiIlIIllII(46).class,rustme/iiIlIIllII,java/lang/Object,,0,1,174,,,
iiIlIIlliI(28).class,rustme/iiIlIIlliI,java/lang/Object,kotlin/jvm/functions/Function1,5,1,1782,Kotlin internals,,
iiIlIiIIiI(44).class,rustme/iiIlIiIIiI,java/lang/Object,,4,253,26823,,,
iiIlIiIiII(108).class,rustme/iiIlIiIiII,java/lang/Object,kotlin/jvm/functions/Function1,5,1,1496,Kotlin internals,,
iiIlIiIlII(86).class,rustme/iiIlIiIlII,java/lang/Object,,0,4,240,,,
iiIlIiIliI(44).class,rustme/iiIlIiIliI,java/lang/Object,,3,0,1260,Kotlin internals,,
iiIlIiiIII(130).class,rustme/iiIlIiiIII,java/lang/Object,,0,2,194,,,
iiIlIiiIiI(12).class,rustme/iiIlIiiIiI,org/lwjglx/util/vector/Matrix4f,,2,0,989,,,
iiIlIiiiII(76).class,rustme/iiIlIiiiII,java/lang/Object,kotlin/jvm/functions/Function1,5,1,1529,Kotlin internals,,
iiIlIiiilI(6).class,rustme/iiIlIiiilI,java/lang/Object,,0,1,174,,,
iiIlIiiliI(12).class,rustme/iiIlIiiliI,java/lang/Object,,2,0,845,Kotlin internals,,
iiIlIilIII(86).class,rustme/iiIlIilIII,java/lang/Object,,0,15,467,,,
iiIlIilIiI(44).class,rustme/iiIlIilIiI,java/lang/Object,,1,0,158,,,
iiIlIiliiI(12).class,rustme/iiIlIiliiI,java/lang/Exception,,1,0,349,,,
iiIlIililI(6).class,rustme/iiIlIililI,java/lang/Object,,0,2,196,,,
iiIlIilliI(12).class,rustme/iiIlIilliI,java/lang/Object,,2,3,914,Kotlin internals,,
iiIlIlIIiI(36).class,rustme/iiIlIlIIiI,rustme/IlilIlIIiI,,12,0,4525,,,
iiIlIlIiII(62).class,rustme/iiIlIlIiII,java/lang/Object,,0,7,299,,,
iiIlIlIiiI(4).class,rustme/iiIlIlIiiI,rustme/IillilIiiI,,13,1,4291,,,
iiIlIlIlII(46).class,rustme/iiIlIlIlII,java/lang/Object,,0,1,174,,,
iiIlIlIliI(28).class,rustme/iiIlIlIliI,java/lang/Object,,5,0,1284,Kotlin internals,,
iiIlIliIII(70).class,rustme/iiIlIliIII,java/lang/Object,,0,1,173,,,
iiIlIliIiI(20).class,rustme/iiIlIliIiI,rustme/liIlIliIiI,,95,26,35302,Kotlin internals,,
iiIlIliiII(52).class,rustme/iiIlIliiII,java/lang/Object,kotlin/jvm/functions/Function1,5,1,1506,Kotlin internals,,
iiIlIliilI(6).class,rustme/iiIlIliilI,java/lang/Object,,0,1,174,,,
iiIlIliliI(12).class,rustme/iiIlIliliI,rustme/llIliiIliI,,7,3,5793,GUI/Screen;Kotlin internals,,
iiIlIllIII(46).class,rustme/iiIlIllIII,java/lang/Object,,0,1,174,,,
iiIlIllIiI(28).class,rustme/iiIlIllIiI,rustme/llIiIllIiI,,5,0,1848,,,
iiIlIlliiI(12).class,rustme/iiIlIlliiI,rustme/IIlIIlliiI,,4,0,2189,,,
iiIlIllliI(12).class,rustme/iiIlIllliI,java/lang/Object,kotlin/jvm/functions/Function1,5,1,1468,Kotlin internals,,
iiIliIIIiI(52).class,rustme/iiIliIIIiI,rustme/llliiIIIiI,,5,0,3626,,,
iiIliIIiII(116).class,rustme/iiIliIIiII,java/lang/Object,kotlinx/serialization/KSerializer,8,1,3711,Kotlin internals,,
iiIliIIlII(90).class,rustme/iiIliIIlII,java/lang/Object,,0,1,174,,,
iiIliIIliI(52).class,rustme/iiIliIIliI,rustme/IliIIiIliI,,3,0,2599,Kotlin internals,,
iiIliIiIII(134).class,rustme/iiIliIiIII,java/lang/Object,,0,6,278,,,
iiIliIiIiI(20).class,rustme/iiIliIiIiI,java/io/IOException,,8,2,2330,,,
iiIliIiiII(84).class,rustme/iiIliIiiII,java/lang/Object,kotlin/jvm/functions/Function1,5,1,1468,Kotlin internals,,
iiIliIiilI(10).class,rustme/iiIliIiilI,java/lang/Object,,0,2,196,,,
iiIliIiliI(20).class,rustme/iiIliIiliI,java/lang/Object,,5,4,1248,Kotlin internals,,
iiIliIlIII(90).class,rustme/iiIliIlIII,java/lang/Object,,0,1,173,,,
iiIliIlIiI(52).class,rustme/iiIliIlIiI,java/lang/Object,,13,8,6024,,,
iiIliIliiI(20).class,rustme/iiIliIliiI,java/lang/Object,,1,3,576,,,
iiIliIlilI(10).class,rustme/iiIliIlilI,java/lang/Object,,0,100,2352,,,
iiIliIlliI(20).class,rustme/iiIliIlliI,java/lang/Object,kotlin/jvm/functions/Function1,5,1,1964,Kotlin internals,,
iiIliiIIII(142).class,rustme/iiIliiIIII,java/lang/Object,,0,48,1160,,,
iiIliiIIiI(36).class,rustme/iiIliiIIiI,rustme/iiiliiIIiI,,31,9,12307,,,
iiIliiIiII(100).class,rustme/iiIliiIiII,java/lang/Object,kotlin/jvm/functions/Function1,5,1,3585,Kotlin internals,,
iiIliiIilI(18).class,rustme/iiIliiIilI,java/lang/Object,,0,1,174,,,
iiIliiIliI(36).class,rustme/iiIliiIliI,rustme/IlIlliliiI,rustme/liiiililiI,75,19,38108,Kotlin internals,,
iiIliiiIiI(4).class,rustme/iiIliiiIiI,rustme/ilIiiiiIiI,,6,1,1626,Texture,,
iiIliiiiII(68).class,rustme/iiIliiiiII,java/lang/Object,kotlin/jvm/functions/Function1,5,1,1713,Kotlin internals,,
iiIliiilII(66).class,rustme/iiIliiilII,java/lang/Object,,0,2,196,,,
iiIliiiliI(4).class,rustme/iiIliiiliI,java/lang/Object,,38,0,10460,,,
iiIliilIiI(36).class,rustme/iiIliilIiI,java/lang/Object,rustme/IlIiIilIiI,5,0,2785,,,
iiIliiliII(66).class,rustme/iiIliiliII,java/lang/Object,,0,1,173,,,
iiIliiliiI(4).class,rustme/iiIliiliiI,java/lang/Object,,1,2,960,,,
iiIliillII(34).class,rustme/iiIliillII,java/lang/Object,,0,1,174,,,
iiIliilliI(4).class,rustme/iiIliilliI,java/lang/Object,,5,1,3709,Kotlin internals,,
iiIlilIIII(74).class,rustme/iiIlilIIII,java/lang/Object,,0,17,509,,,
iiIlilIIiI(28).class,rustme/iiIlilIIiI,java/lang/Object,rustme/llillIIIiI,14,8,3998,,,
iiIlilIilI(10).class,rustme/iiIlilIilI,java/lang/Object,,0,1,174,,,
iiIlilIliI(20).class,rustme/iiIlilIliI,java/lang/Object,,8,3,2556,Kotlin internals,,
iiIliliIiI(12).class,rustme/iiIliliIiI,java/lang/Object,com/google/common/base/Function,3,1,2007,,,
iiIliliiII(44).class,rustme/iiIliliiII,java/lang/Object,,13,10,8109,Kotlin internals,,
iiIlililII(34).class,rustme/iiIlililII,java/lang/Object,,0,1,174,,,
iiIlililiI(4).class,rustme/iiIlililiI,java/lang/Object,kotlin/jvm/functions/Function0,3,1,1895,Kotlin internals,,
iiIlillIiI(20).class,rustme/iiIlillIiI,java/lang/Enum,,6,7,1744,,,
iiIlilliII(34).class,rustme/iiIlilliII,java/lang/Object,,0,2,194,,,
iiIlilliiI(4).class,rustme/iiIlilliiI,java/lang/Object,,10,1,8565,Particles,,
iiIlilllII(18).class,rustme/iiIlilllII,java/lang/Object,,0,1,174,,,
iiIlillliI(4).class,rustme/iiIlillliI,java/lang/Object,kotlin/jvm/functions/Function1,5,1,2977,Kotlin internals,,
iiIllIIIiI(28).class,rustme/iiIllIIIiI,io/netty/buffer/ByteBuf,,223,1,30217,,,
iiIllIIiII(58).class,rustme/iiIllIIiII,java/lang/Object,,0,1,173,,,
iiIllIIlII(46).class,rustme/iiIllIIlII,java/lang/Object,,0,1,174,,,
iiIllIIliI(28).class,rustme/iiIllIIliI,kotlin/jvm/internal/FunctionReferenceImpl,kotlin/jvm/functions/Function0,5,1,1274,Kotlin internals,,
iiIllIiIII(66).class,rustme/iiIllIiIII,java/lang/Object,,0,1,173,,,
iiIllIiIiI(12).class,rustme/iiIllIiIiI,rustme/IiillIiIiI,,7,0,1480,,,
iiIllIiiII(44).class,rustme/iiIllIiiII,java/lang/Object,kotlin/jvm/functions/Function1,5,1,1974,Kotlin internals,,
iiIllIiilI(6).class,rustme/iiIllIiilI,java/lang/Object,,0,1,174,,,
iiIllIiliI(12).class,rustme/iiIllIiliI,kotlin/coroutines/jvm/internal/SuspendLambda,kotlin/jvm/functions/Function2,7,2,3249,Kotlin internals,,
iiIllIlIII(46).class,rustme/iiIllIlIII,java/lang/Object,,0,1,173,,,
iiIllIlIiI(28).class,rustme/iiIllIlIiI,java/lang/Object,rustme/IiiIlIiIiI,5,1,1710,,,
iiIllIliiI(12).class,rustme/iiIllIliiI,rustme/lililIliiI,,7,4,3321,Texture;Particles,,
iiIllIlliI(12).class,rustme/iiIllIlliI,java/lang/Object,kotlin/jvm/functions/Function1,5,1,1974,Kotlin internals,,
iiIlliIIII(70).class,rustme/iiIlliIIII,java/lang/Object,,0,1,173,,,
iiIlliIIiI(20).class,rustme/iiIlliIIiI,java/lang/Object,,8,0,931,,,
iiIlliIiII(52).class,rustme/iiIlliIiII,java/lang/Object,rustme/lIIlIiIiII,1,0,608,Kotlin internals,,
iiIlliIilI(10).class,rustme/iiIlliIilI,java/lang/Object,,0,1,174,,,
iiIlliIliI(20).class,rustme/iiIlliIliI,rustme/IliIIiIliI,,19,30,22675,Kotlin internals,,
iiIlliiIiI(4).class,rustme/iiIlliiIiI,java/lang/Object,,2,0,2907,,,
iiIlliiiII(36).class,rustme/iiIlliiiII,java/lang/Object,kotlin/jvm/functions/Function1,5,1,1482,Kotlin internals,,
iiIlliilII(34).class,rustme/iiIlliilII,java/lang/Object,,0,6,284,,,
iiIlliiliI(4).class,rustme/iiIlliiliI,rustme/lilliiiliI,,4,1,1433,Kotlin internals,,
iiIllilIiI(20).class,rustme/iiIllilIiI,java/lang/Object,,5,2,818,,,
iiIlliliII(34).class,rustme/iiIlliliII,java/lang/Object,,0,2,194,,,
iiIlliliiI(4).class,rustme/iiIlliliiI,rustme/ilIIliliiI,,26,7,9888,GUI/Screen,,
iiIllillII(18).class,rustme/iiIllillII,java/lang/Object,,0,1,174,,,
iiIllilliI(4).class,rustme/iiIllilliI,java/lang/Object,kotlin/jvm/functions/Function1,5,1,1766,Kotlin internals,,
iiIlllIIII(42).class,rustme/iiIlllIIII,java/lang/Object,,0,1,173,,,
iiIlllIIiI(20).class,rustme/iiIlllIIiI,rustme/IIilllIIiI,,8,2,3278,,,
iiIlllIiiI(4).class,rustme/iiIlllIiiI,java/lang/Enum,rustme/ililIilIiI,13,12,3630,,,
iiIlllIilI(6).class,rustme/iiIlllIilI,java/lang/Object,,0,1,174,,,
iiIlllIliI(12).class,rustme/iiIlllIliI,java/lang/Object,kotlin/jvm/functions/Function1,5,1,1819,Kotlin internals,,
iiIllliIiI(12).class,rustme/iiIllliIiI,rustme/iliIiliIiI,,6,3,2879,,,
iiIllliiII(28).class,rustme/iiIllliiII,java/lang/Object,kotlin/jvm/functions/Function0,4,1,954,Kotlin internals,,
iiIlllilII(18).class,rustme/iiIlllilII,java/lang/Object,,0,1,174,,,
iiIllliliI(4).class,rustme/iiIllliliI,java/lang/Object,kotlin/jvm/functions/Function1,5,1,1749,Kotlin internals,,
iiIllllIiI(12).class,rustme/iiIllllIiI,java/lang/Object,,13,2,5757,,,
iiIlllliII(18).class,rustme/iiIlllliII,java/lang/Object,,0,2,194,,,
iiIlllliiI(4).class,rustme/iiIlllliiI,java/lang/Object,rustme/lIllllliiI,5,2,5102,,,
iiIlllllII(10).class,rustme/iiIlllllII,java/lang/Object,,0,1,174,,,
iiIllllliI(4).class,rustme/iiIllllliI,java/lang/Object,kotlin/jvm/functions/Function1,5,1,1937,Kotlin internals,,
iiiIIIIIII(308).class,rustme/iiiIIIIIII,java/lang/Object,,0,11,383,,,
iiiIIIIIiI(120).class,rustme/iiiIIIIIiI,rustme/liIIiIIIiI,,1,0,407,,,
iiiIIIIilI(60).class,rustme/iiiIIIIilI,java/lang/Object,,0,1,174,,,
iiiIIIIliI(120).class,rustme/iiiIIIIliI,kotlin/properties/ObservableProperty,,4,1,2451,Kotlin internals,,
iiiIIIiIiI(56).class,rustme/iiiIIIiIiI,rustme/IIlliIiIiI,,9,0,3313,,,
iiiIIIiiII(184).class,rustme/iiiIIIiiII,java/lang/Object,kotlin/jvm/functions/Function1,5,1,2014,Kotlin internals,,
iiiIIIilII(156).class,rustme/iiiIIIilII,java/lang/Object,,0,7,306,,,
iiiIIIiliI(56).class,rustme/iiiIIIiliI,java/lang/Object,,9,0,10183,Rendering/shader;Kotlin internals;Particles,,
iiiIIIlIiI(120).class,rustme/iiiIIIlIiI,rustme/IIIiIIlIiI,,3,0,1425,,,
iiiIIIliII(156).class,rustme/iiiIIIliII,java/lang/Object,,0,2,194,,,
iiiIIIliiI(56).class,rustme/iiiIIIliiI,rustme/lIlliIliiI,,6,9,4921,,,
iiiIIIllII(92).class,rustme/iiiIIIllII,java/lang/Object,,0,3,218,,,
iiiIIIlliI(56).class,rustme/iiiIIIlliI,java/lang/Object,kotlin/jvm/functions/Function1,5,1,3276,Kotlin internals,,
iiiIIiIIiI(88).class,rustme/iiiIIiIIiI,java/lang/Object,,1,1,743,,,
iiiIIiIiII(216).class,rustme/iiiIIiIiII,java/lang/Object,kotlin/jvm/functions/Function1,5,1,1476,Kotlin internals,,
iiiIIiIlII(172).class,rustme/iiiIIiIlII,java/lang/Object,,0,6,284,,,
iiiIIiIliI(88).class,rustme/iiiIIiIliI,kotlin/properties/ObservableProperty,,4,1,2292,Kotlin internals,,
iiiIIiiIII(260).class,rustme/iiiIIiiIII,java/lang/Object,,0,75,1727,,,
iiiIIiiIiI(24).class,rustme/iiiIIiiIiI,java/lang/Object,,9,0,2180,,,
iiiIIiiiII(152).class,rustme/iiiIIiiiII,java/lang/Object,kotlin/jvm/functions/Function1,5,1,1769,Kotlin internals,,
iiiIIiiilI(12).class,rustme/iiiIIiiilI,java/lang/Object,,0,1,174,,,
iiiIIiiliI(24).class,rustme/iiiIIiiliI,rustme/IIiIIiiliI,,1,0,404,,,
iiiIIilIII(172).class,rustme/iiiIIilIII,java/lang/Object,,0,2,194,,,
iiiIIilIiI(88).class,rustme/iiiIIilIiI,rustme/llliIilIiI,,4,1,1981,,,
iiiIIiliiI(24).class,rustme/iiiIIiliiI,rustme/llliIiliiI,,4,0,656,,,
iiiIIililI(12).class,rustme/iiiIIililI,java/lang/Object,,0,11,394,,,
iiiIIilliI(24).class,rustme/iiiIIilliI,rustme/iIiIIilliI,,4,1,3983,Kotlin internals,,
iiiIIlIIiI(72).class,rustme/iiiIIlIIiI,java/lang/Object,rustme/llillIIIiI,17,9,4261,,,
iiiIIlIiII(124).class,rustme/iiiIIlIiII,java/lang/Object,,0,6,278,,,
iiiIIlIiiI(8).class,rustme/iiiIIlIiiI,java/lang/Object,,1,1,732,,,
iiiIIlIlII(92).class,rustme/iiiIIlIlII,java/lang/Object,,0,1,174,,,
iiiIIlIliI(56).class,rustme/iiiIIlIliI,rustme/liiIIlIliI,,6,1,1496,Kotlin internals,,
iiiIIliIII(140).class,rustme/iiiIIliIII,java/lang/Object,,0,18,530,,,
iiiIIliIiI(40).class,rustme/iiiIIliIiI,java/lang/Object,,9,15,5149,,,
iiiIIliiII(104).class,rustme/iiiIIliiII,java/lang/Object,kotlin/jvm/functions/Function1,5,1,1506,Kotlin internals,,
iiiIIliilI(12).class,rustme/iiiIIliilI,java/lang/Object,,0,1,174,,,
iiiIIliliI(24).class,rustme/iiiIIliliI,rustme/iiIliiIliI,,18,8,17403,Kotlin internals,,
iiiIIllIII(92).class,rustme/iiiIIllIII,java/lang/Object,,0,12,404,,,
iiiIIllIiI(56).class,rustme/iiiIIllIiI,rustme/llIiIllIiI,,7,0,2188,,,
iiiIIlliiI(24).class,rustme/iiiIIlliiI,it/unimi/dsi/fastutil/objects/AbstractObjectSortedSet,,20,1,4224,,,
iiiIIllliI(24).class,rustme/iiiIIllliI,java/lang/Object,kotlin/jvm/functions/Function1,5,1,1975,Kotlin internals,,
iiiIiIIIiI(104).class,rustme/iiiIiIIIiI,rustme/llliiIIIiI,,4,1,1291,,,
iiiIiIIiII(232).class,rustme/iiiIiIIiII,java/lang/Object,,4,2,1167,Kotlin internals,,
iiiIiIIlII(180).class,rustme/iiiIiIIlII,java/lang/Object,,0,3,218,,,
iiiIiIIliI(104).class,rustme/iiiIiIIliI,java/lang/Object,,2,0,996,Kotlin internals,,
iiiIiIiIII(268).class,rustme/iiiIiIiIII,java/lang/Object,,0,10,362,,,
iiiIiIiIiI(40).class,rustme/iiiIiIiIiI,rustme/IlliiIiIiI,,6,1,1170,,,
iiiIiIiiII(168).class,rustme/iiiIiIiiII,java/lang/Object,kotlin/jvm/functions/Function1,5,1,5414,Kotlin internals,,
iiiIiIiilI(20).class,rustme/iiiIiIiilI,java/lang/Object,,0,1,174,,,
iiiIiIiliI(40).class,rustme/iiiIiIiliI,java/lang/Object,,2,0,792,Kotlin internals,,
iiiIiIlIII(180).class,rustme/iiiIiIlIII,java/lang/Object,,0,1,173,,,
iiiIiIlIiI(104).class,rustme/iiiIiIlIiI,rustme/IIlllilIiI,,2,0,629,,,
iiiIiIliiI(40).class,rustme/iiiIiIliiI,rustme/IlIlliliiI,rustme/IlilIilIiI,13,8,6505,GUI/Screen,,
iiiIiIlilI(20).class,rustme/iiiIiIlilI,java/lang/Object,,0,11,394,,,
iiiIiIlliI(40).class,rustme/iiiIiIlliI,java/lang/Object,kotlin/jvm/functions/Function1,5,1,1468,Kotlin internals,,
iiiIiiIIII(284).class,rustme/iiiIiiIIII,java/lang/Object,,0,10,362,,,
iiiIiiIIiI(72).class,rustme/iiiIiiIIiI,rustme/liIliliIiI,,2,0,1013,,,
iiiIiiIiII(200).class,rustme/iiiIiiIiII,java/lang/Object,kotlin/jvm/functions/Function1,5,1,2789,Kotlin internals,,
iiiIiiIilI(36).class,rustme/iiiIiiIilI,java/lang/Object,,0,1,174,,,
iiiIiiIliI(72).class,rustme/iiiIiiIliI,java/lang/Object,kotlin/jvm/functions/Function0,5,1,1708,Kotlin internals,,
iiiIiiiIiI(8).class,rustme/iiiIiiiIiI,rustme/iIlIiiiIiI,,7,1,1499,Texture,,
iiiIiiiiII(136).class,rustme/iiiIiiiiII,java/lang/Object,kotlin/jvm/functions/Function1,5,1,1479,Kotlin internals,,
iiiIiiilII(132).class,rustme/iiiIiiilII,java/lang/Object,,0,4,240,,,
iiiIiiiliI(8).class,rustme/iiiIiiiliI,java/lang/Object,,14,17,5976,,,
iiiIiilIiI(72).class,rustme/iiiIiilIiI,rustme/lliiiilIiI,,13,2,3207,,,
iiiIiiliII(132).class,rustme/iiiIiiliII,java/lang/Object,,0,5,257,,,
iiiIiiliiI(8).class,rustme/iiiIiiliiI,rustme/IillilIiiI,,36,8,15805,,,
iiiIiillII(68).class,rustme/iiiIiillII,java/lang/Object,,0,1,174,,,
iiiIiilliI(8).class,rustme/iiiIiilliI,java/lang/Object,javax/net/ssl/X509TrustManager,9,1,5867,Kotlin internals,,
iiiIilIIII(148).class,rustme/iiiIilIIII,java/lang/Object,,0,7,299,,,
iiiIilIIiI(56).class,rustme/iiiIilIIiI,java/lang/Object,,0,0,220,,,
iiiIilIilI(20).class,rustme/iiiIilIilI,java/lang/Object,,0,1,174,,,
iiiIilIliI(40).class,rustme/iiiIilIliI,java/lang/Object,kotlin/jvm/functions/Function1,5,2,3773,Kotlin internals;Sounds,,
iiiIiliIiI(24).class,rustme/iiiIiliIiI,rustme/IIliiliIiI,,6,3,1778,,,
iiiIiliiII(88).class,rustme/iiiIiliiII,java/lang/Object,kotlin/jvm/functions/Function1,5,1,3249,Kotlin internals,,
iiiIililII(68).class,rustme/iiiIililII,java/lang/Object,,0,2,196,,,
iiiIililiI(8).class,rustme/iiiIililiI,java/lang/Object,java/util/Comparator,2,0,1820,Kotlin internals;Scoreboard,,
iiiIillIiI(40).class,rustme/iiiIillIiI,java/lang/Object,,4,0,3280,,,
iiiIilliII(68).class,rustme/iiiIilliII,java/lang/Object,,0,2,194,,,
iiiIilliiI(8).class,rustme/iiiIilliiI,rustme/lililIliiI,,8,6,4073,Texture;Particles,,
iiiIilllII(36).class,rustme/iiiIilllII,java/lang/Object,,0,1,174,,,
iiiIillliI(8).class,rustme/iiiIillliI,java/lang/Object,kotlin/jvm/functions/Function1,5,1,1897,Kotlin internals,,
iiiIlIIIiI(56).class,rustme/iiiIlIIIiI,java/lang/Object,rustme/llillIIIiI,7,1,1533,,,
iiiIlIIiII(116).class,rustme/iiiIlIIiII,java/lang/Object,,0,2,194,,,
iiiIlIIlII(92).class,rustme/iiiIlIIlII,java/lang/Object,,0,1,174,,,
iiiIlIIliI(56).class,rustme/iiiIlIIliI,java/lang/Object,,10,4,6106,Kotlin internals,,
iiiIlIiIII(132).class,rustme/iiiIlIiIII,java/lang/Object,,0,9,341,,,
iiiIlIiIiI(24).class,rustme/iiiIlIiIiI,java/lang/Object,,16,4,7736,Container/Slot,,
iiiIlIiiII(88).class,rustme/iiiIlIiiII,java/lang/Object,kotlin/jvm/functions/Function1,5,1,1889,Kotlin internals,,
iiiIlIiilI(12).class,rustme/iiiIlIiilI,java/lang/Object,,0,1,174,,,
iiiIlIiliI(24).class,rustme/iiiIlIiliI,java/lang/Object,,5,1,1360,Kotlin internals,,
iiiIlIlIII(92).class,rustme/iiiIlIlIII,java/lang/Object,,0,1,173,,,
iiiIlIlIiI(56).class,rustme/iiiIlIlIiI,rustme/illilIlIiI,,6,1,2559,,,
iiiIlIliiI(24).class,rustme/iiiIlIliiI,java/lang/Object,rustme/iililIliiI,2,0,716,Particles,,
iiiIlIlliI(24).class,rustme/iiiIlIlliI,java/lang/Object,kotlin/jvm/functions/Function1,5,1,3046,Kotlin internals,,
iiiIliIIII(140).class,rustme/iiiIliIIII,java/lang/Object,,0,6,278,,,
iiiIliIIiI(40).class,rustme/iiiIliIIiI,rustme/IIIiliIIiI,,6,1,2504,,,
iiiIliIiII(104).class,rustme/iiiIliIiII,java/lang/Object,,15,3,3766,Kotlin internals,,
iiiIliIilI(20).class,rustme/iiiIliIilI,java/lang/Object,,0,1,174,,,
iiiIliIliI(40).class,rustme/iiiIliIliI,java/lang/Object,kotlin/jvm/functions/Function1,3,2,2412,Kotlin internals,,
iiiIliiIiI(8).class,rustme/iiiIliiIiI,rustme/iliiliiIiI,rustme/liIiliiIiI,40,21,24614,,,
iiiIliiiII(72).class,rustme/iiiIliiiII,java/lang/Object,kotlin/jvm/functions/Function1,5,1,1466,Kotlin internals,,
iiiIliilII(68).class,rustme/iiiIliilII,java/lang/Object,,0,3,218,,,
iiiIliiliI(8).class,rustme/iiiIliiliI,rustme/IililiiliI,,11,2,3920,Kotlin internals,,
iiiIlilIiI(40).class,rustme/iiiIlilIiI,java/lang/Enum,,9,7,3154,,,
iiiIliliII(68).class,rustme/iiiIliliII,java/lang/Object,,0,2,194,,,
iiiIliliiI(8).class,rustme/iiiIliliiI,rustme/IliIlilIiI,,2,1,885,GUI/Screen,,
iiiIlillII(36).class,rustme/iiiIlillII,java/lang/Object,,0,1,174,,,
iiiIlilliI(8).class,rustme/iiiIlilliI,java/lang/Object,,1,0,728,Kotlin internals,,
iiiIllIIII(84).class,rustme/iiiIllIIII,java/lang/Object,,0,3,215,,,
iiiIllIIiI(40).class,rustme/iiiIllIIiI,java/lang/Object,rustme/IiiIlIiIiI,5,0,1217,,,
iiiIllIiiI(8).class,rustme/iiiIllIiiI,rustme/iIIiIlIiiI,,8,1,3275,,,
iiiIllIilI(12).class,rustme/iiiIllIilI,java/lang/Object,,0,1,174,,,
iiiIllIliI(24).class,rustme/iiiIllIliI,java/lang/Object,,5,2,2437,Kotlin internals,,
iiiIlliIiI(24).class,rustme/iiiIlliIiI,rustme/ilIilliIiI,,21,1,6134,,,
iiiIlliiII(56).class,rustme/iiiIlliiII,java/lang/Object,kotlin/jvm/functions/Function1,5,1,1899,Kotlin internals,,
iiiIllilII(36).class,rustme/iiiIllilII,java/lang/Object,,0,5,262,,,
iiiIlliliI(8).class,rustme/iiiIlliliI,java/lang/Object,,6,3,2265,Kotlin internals;Sounds,,
iiiIlllIiI(24).class,rustme/iiiIlllIiI,java/lang/Object,rustme/lllilllIiI,2,1,571,,,
iiiIllliII(36).class,rustme/iiiIllliII,java/lang/Object,,0,5,257,,,
iiiIllliiI(8).class,rustme/iiiIllliiI,java/lang/Object,rustme/liiIllliiI,2,0,1135,,,
iiiIllllII(20).class,rustme/iiiIllllII,java/lang/Object,,0,1,174,,,
iiiIlllliI(8).class,rustme/iiiIlllliI,java/lang/Object,kotlin/jvm/functions/Function1,5,1,1479,Kotlin internals,,
iiiiIIIIiI(112).class,rustme/iiiiIIIIiI,rustme/llliiIIIiI,,4,1,2117,,,
iiiiIIIiII(240).class,rustme/iiiiIIIiII,java/lang/Object,,13,3,2551,,,
iiiiIIIlII(184).class,rustme/iiiiIIIlII,java/lang/Object,,0,1,174,,,
iiiiIIIliI(112).class,rustme/iiiiIIIliI,kotlin/properties/ObservableProperty,,4,1,2412,Kotlin internals,,
iiiiIIiIII(272).class,rustme/iiiiIIiIII,java/lang/Object,,0,33,845,,,
iiiiIIiIiI(48).class,rustme/iiiiIIiIiI,rustme/IIlliIiIiI,,8,0,5703,,,
iiiiIIiiII(176).class,rustme/iiiiIIiiII,java/lang/Object,kotlin/jvm/functions/Function1,5,1,2505,Kotlin internals,,
iiiiIIiilI(24).class,rustme/iiiiIIiilI,java/lang/Object,,0,1,174,,,
iiiiIIiliI(48).class,rustme/iiiiIIiliI,rustme/lIlliIiliI,,4,2,3054,Kotlin internals,,
iiiiIIlIII(184).class,rustme/iiiiIIlIII,java/lang/Object,,0,2,194,,,
iiiiIIlIiI(112).class,rustme/iiiiIIlIiI,java/lang/Object,,8,5,1927,,,
iiiiIIliiI(48).class,rustme/iiiiIIliiI,rustme/lIlliIliiI,,3,2,1944,,,
iiiiIIlilI(24).class,rustme/iiiiIIlilI,java/lang/Object,,0,3,218,,,
iiiiIIlliI(48).class,rustme/iiiiIIlliI,java/lang/Object,kotlin/jvm/functions/Function1,5,1,1468,Kotlin internals,,
iiiiIiIIII(288).class,rustme/iiiiIiIIII,java/lang/Object,,0,3,215,,,
iiiiIiIIiI(80).class,rustme/iiiiIiIIiI,rustme/liiliiIIiI,,44,6,13853,,,
iiiiIiIiII(208).class,rustme/iiiiIiIiII,java/lang/Object,kotlin/jvm/functions/Function0,4,1,954,Kotlin internals,,
iiiiIiIilI(40).class,rustme/iiiiIiIilI,java/lang/Object,,0,1,174,,,
iiiiIiIliI(80).class,rustme/iiiiIiIliI,java/lang/Object,rustme/IiiiIiIliI,4,1,1482,Container/Slot;Kotlin internals,,
iiiiIiiIiI(16).class,rustme/iiiiIiiIiI,rustme/iIlIiiiIiI,,9,1,2167,Texture,,
iiiiIiiiII(144).class,rustme/iiiiIiiiII,java/lang/Object,kotlin/jvm/functions/Function1,5,1,1713,Kotlin internals,,
iiiiIiilII(136).class,rustme/iiiiIiilII,java/lang/Object,,0,1,174,,,
iiiiIiiliI(16).class,rustme/iiiiIiiliI,rustme/IiIiIiiliI,,1,3,664,GUI/Screen,,
iiiiIilIiI(80).class,rustme/iiiiIilIiI,java/lang/Object,rustme/IlIiIilIiI,5,0,1207,,,
iiiiIiliII(136).class,rustme/iiiiIiliII,java/lang/Object,,0,7,299,,,
iiiiIiliiI(16).class,rustme/iiiiIiliiI,java/lang/Object,com/google/common/base/Predicate,3,0,975,,,
iiiiIillII(72).class,rustme/iiiiIillII,java/lang/Object,,0,1,174,,,
iiiiIilliI(16).class,rustme/iiiiIilliI,java/lang/Object,rustme/iIiiIilliI,10,2,2376,Kotlin internals,,
iiiiIlIIII(152).class,rustme/iiiiIlIIII,java/lang/Object,,0,1,173,,,
iiiiIlIIiI(64).class,rustme/iiiiIlIIiI,java/lang/Object,rustme/llillIIIiI,5,0,982,,,
iiiiIlIiiI.class,rustme/iiiiIlIiiI,rustme/IillilIiiI,,5,0,1272,,,
iiiiIlIilI(24).class,rustme/iiiiIlIilI,java/lang/Object,,0,1,174,,,
iiiiIlIliI(48).class,rustme/iiiiIlIliI,java/lang/Object,,3,0,938,Kotlin internals,,
iiiiIliIiI(32).class,rustme/iiiiIliIiI,java/lang/Object,,13,7,4244,,,
iiiiIliiII(96).class,rustme/iiiiIliiII,java/lang/Object,kotlin/jvm/functions/Function0,4,1,954,Kotlin internals,,
iiiiIlilII(72).class,rustme/iiiiIlilII,java/lang/Object,,0,2,196,,,
iiiiIliliI(16).class,rustme/iiiiIliliI,rustme/llIiIliliI,,2,0,3275,Kotlin internals,,
iiiiIllIiI(48).class,rustme/iiiiIllIiI,java/lang/Object,,1,0,194,,,
iiiiIlliII(72).class,rustme/iiiiIlliII,java/lang/Object,,0,11,383,,,
iiiiIlliiI(16).class,rustme/iiiiIlliiI,rustme/lllililIiI,,11,1,2660,,,
iiiiIlllII(40).class,rustme/iiiiIlllII,java/lang/Object,,0,1,174,,,
iiiiIllliI(16).class,rustme/iiiiIllliI,java/lang/Object,kotlin/jvm/functions/Function1,5,1,1468,Kotlin internals,,
iiiiiIIIII(296).class,rustme/iiiiiIIIII,java/lang/Object,,0,3,215,,,
iiiiiIIIiI(96).class,rustme/iiiiiIIIiI,java/lang/Enum,,6,6,1579,,,
iiiiiIIiII(224).class,rustme/iiiiiIIiII,java/lang/Object,rustme/lIIlIiIiII,7,2,2403,Kotlin internals,,
iiiiiIIilI(48).class,rustme/iiiiiIIilI,java/lang/Object,,0,1,174,,,
iiiiiIIliI(96).class,rustme/iiiiiIIliI,rustme/IlilIIIliI,,19,5,10386,Kotlin internals,,
iiiiiIiIiI(32).class,rustme/iiiiiIiIiI,rustme/lIIlliiIiI,,6,0,1797,,,
iiiiiIiiII(160).class,rustme/iiiiiIiiII,java/lang/Object,kotlin/jvm/functions/Function1,5,1,1880,Kotlin internals,,
iiiiiIilII(144).class,rustme/iiiiiIilII,java/lang/Object,,0,1,174,,,
iiiiiIiliI(32).class,rustme/iiiiiIiliI,java/lang/Object,,2,1,739,Kotlin internals,,
iiiiiIlIiI(96).class,rustme/iiiiiIlIiI,java/lang/Object,rustme/liiiiIlIiI,2,0,689,World gen,,
iiiiiIliII(144).class,rustme/iiiiiIliII,java/lang/Object,,0,1,173,,,
iiiiiIliiI(32).class,rustme/iiiiiIliiI,rustme/IlIlliliiI,,7,5,4596,GUI/Screen,,
iiiiiIllII(80).class,rustme/iiiiiIllII,java/lang/Object,,0,1,174,,,
iiiiiIlliI(32).class,rustme/iiiiiIlliI,java/lang/Object,kotlin/jvm/functions/Function1,5,1,2301,Kotlin internals,,
iiiiiiIIiI(64).class,rustme/iiiiiiIIiI,rustme/llIliliIiI,,2,1,735,,,
iiiiiiIiII(192).class,rustme/iiiiiiIiII,java/lang/Object,kotlin/jvm/functions/Function1,5,1,1899,Kotlin internals,,
iiiiiiIlII(160).class,rustme/iiiiiiIlII,java/lang/Object,,0,4,240,,,
iiiiiiIliI(64).class,rustme/iiiiiiIliI,rustme/liiiiiIliI,,13,3,9044,Kotlin internals,,
iiiiiiiIII(248).class,rustme/iiiiiiiIII,java/lang/Object,,0,15,467,,,
iiiiiiiIiI.class,rustme/iiiiiiiIiI,java/lang/Object,rustme/lIllllliiI,4,1,1990,,,
iiiiiiiiII(128).class,rustme/iiiiiiiiII,java/lang/Object,kotlin/jvm/functions/Function1,5,1,1541,Kotlin internals,,
iiiiiiiilI.class,rustme/iiiiiiiilI,java/lang/Object,,0,1,174,,,
iiiiiiiliI.class,rustme/iiiiiiiliI,java/lang/Object,,10,35,13120,,,
iiiiiilIII(160).class,rustme/iiiiiilIII,java/lang/Object,,0,1,173,,,
iiiiiilIiI(64).class,rustme/iiiiiilIiI,java/lang/Object,rustme/IiiIlIiIiI,3,1,963,,,
iiiiiiliiI.class,rustme/iiiiiiliiI,java/lang/Enum,rustme/ililIilIiI,10,10,2932,,,
iiiiiililI.class,rustme/iiiiiililI,java/lang/Object,,0,1,174,,,
iiiiiilliI.class,rustme/iiiiiilliI,java/lang/Object,,6,0,5341,Kotlin internals,,
iiiiilIIiI(48).class,rustme/iiiiilIIiI,java/lang/Object,rustme/llillIIIiI,10,4,2057,,,
iiiiilIiII(112).class,rustme/iiiiilIiII,java/lang/Object,,0,1,173,,,
iiiiilIlII(80).class,rustme/iiiiilIlII,java/lang/Object,,0,1,174,,,
iiiiilIliI(32).class,rustme/iiiiilIliI,java/lang/Object,kotlin/jvm/functions/Function1,5,2,3795,Kotlin internals,,
iiiiiliIII(128).class,rustme/iiiiiliIII,java/lang/Object,,0,13,425,,,
iiiiiliIiI(16).class,rustme/iiiiiliIiI,rustme/IiillIiIiI,,10,0,2658,,,
iiiiiliiII(80).class,rustme/iiiiiliiII,java/lang/Object,kotlin/jvm/functions/Function1,5,1,3480,Kotlin internals,,
iiiiiliilI.class,rustme/iiiiiliilI,java/lang/Object,,0,1,174,,,
iiiiililiI.class,rustme/iiiiililiI,java/lang/Object,,2,0,479,Kotlin internals,,
iiiiillIII(80).class,rustme/iiiiillIII,java/lang/Object,,0,3,215,,,
iiiiillIiI(32).class,rustme/iiiiillIiI,rustme/illllIlIiI,,11,0,1902,,,
iiiiilliiI.class,rustme/iiiiilliiI,java/lang/Object,rustme/iililIliiI,2,0,705,Particles,,
iiiiillliI.class,rustme/iiiiillliI,java/lang/Object,kotlin/jvm/functions/Function1,5,1,2507,Kotlin internals,,
iiiilIIIII(144).class,rustme/iiiilIIIII,java/lang/Object,,0,28,740,,,
iiiilIIIiI(48).class,rustme/iiiilIIIiI,java/lang/Object,rustme/IlIlIIIIiI,8,0,1877,,,
iiiilIIilI(24).class,rustme/iiiilIIilI,java/lang/Object,,0,1,174,,,
iiiilIIliI(48).class,rustme/iiiilIIliI,rustme/IililIIliI,,2,0,2648,Kotlin internals,,
iiiilIiIiI(16).class,rustme/iiiilIiIiI,rustme/IIlliIiIiI,,33,0,37089,,,
iiiilIiiII(80).class,rustme/iiiilIiiII,java/lang/Object,kotlin/jvm/functions/Function1,5,1,1468,Kotlin internals,,
iiiilIilII(72).class,rustme/iiiilIilII,java/lang/Object,,0,1,174,,,
iiiilIiliI(16).class,rustme/iiiilIiliI,kotlin/coroutines/jvm/internal/SuspendLambda,kotlin/jvm/functions/Function2,7,2,3488,Kotlin internals,,
iiiilIlIiI(48).class,rustme/iiiilIlIiI,java/lang/Object,com/google/gson/JsonSerializer;com/google/gson/JsonDeserializer,7,0,4591,,,
iiiilIliII(72).class,rustme/iiiilIliII,java/lang/Object,,0,2,194,,,
iiiilIliiI(16).class,rustme/iiiilIliiI,java/lang/Object,io/netty/util/concurrent/GenericFutureListener,2,2,1388,,,
iiiilIllII(40).class,rustme/iiiilIllII,java/lang/Object,,0,3,218,,,
iiiilIlliI(16).class,rustme/iiiilIlliI,java/lang/Object,kotlin/jvm/functions/Function1,5,1,2785,Kotlin internals,,
iiiiliIIiI(32).class,rustme/iiiiliIIiI,rustme/iilIlIiIiI,,4,1,1340,,,
iiiiliIiII(96).class,rustme/iiiiliIiII,rustme/lIliliIiII,,21,9,5031,Kotlin internals,,
iiiiliIlII(80).class,rustme/iiiiliIlII,java/lang/Object,,0,5,262,,,
iiiiliIliI(32).class,rustme/iiiiliIliI,kotlin/properties/ObservableProperty,,4,0,2160,Kotlin internals,,
iiiiliiIII(120).class,rustme/iiiiliiIII,java/lang/Object,,0,5,257,,,
iiiiliiIiI.class,rustme/iiiiliiIiI,java/lang/Object,rustme/lIilIiiIiI,4,0,1082,,,
iiiiliiiII(64).class,rustme/iiiiliiiII,java/lang/Object,kotlin/jvm/functions/Function1,5,1,1500,Kotlin internals,,
iiiiliiilI.class,rustme/iiiiliiilI,java/lang/Object,,0,1,174,,,
iiiiliiliI.class,rustme/iiiiliiliI,rustme/IililiiliI,,6,3,3814,Kotlin internals,,
iiiililIII(80).class,rustme/iiiililIII,java/lang/Object,,0,2,194,,,
iiiililIiI(32).class,rustme/iiiililIiI,java/lang/Object,,6,0,3055,,,
iiiililiiI.class,rustme/iiiililiiI,java/lang/Object,rustme/lIIlIiliiI,6,3,2134,,,
iiiilililI.class,rustme/iiiilililI,java/lang/Object,,0,9,350,,,
iiiililliI.class,rustme/iiiililliI,java/lang/Object,,0,2,448,Kotlin internals,,
iiiillIIiI(32).class,rustme/iiiillIIiI,java/lang/Object,,10,5,7407,,,
iiiillIiII(64).class,rustme/iiiillIiII,java/lang/Object,,0,1,173,,,
iiiillIiiI.class,rustme/iiiillIiiI,rustme/IiIiIlIiiI,,5,0,1024,,,
iiiillIlII(40).class,rustme/iiiillIlII,java/lang/Object,,0,1,174,,,
iiiillIliI(16).class,rustme/iiiillIliI,rustme/IiiillIliI,,4,1,1352,Kotlin internals,,
iiiilliIII(72).class,rustme/iiiilliIII,java/lang/Object,,0,1,173,,,
iiiilliIiI(16).class,rustme/iiiilliIiI,java/lang/Object,,1,1,647,,,
iiiilliiII(48).class,rustme/iiiilliiII,java/lang/Object,kotlin/jvm/functions/Function1,5,1,3633,Kotlin internals,,
iiiilliilI.class,rustme/iiiilliilI,java/lang/Object,,0,1,174,,,
iiiilliliI.class,rustme/iiiilliliI,kotlin/jvm/internal/FunctionReferenceImpl,kotlin/jvm/functions/Function2,5,1,1608,Kotlin internals,,
iiiilllIII(40).class,rustme/iiiilllIII,java/lang/Object,,0,3,218,,,
iiiilllIiI(16).class,rustme/iiiilllIiI,rustme/iIlIIllIiI,,5,0,1290,,,
iiiillliiI.class,rustme/iiiillliiI,java/lang/Object,,22,12,12456,,,
iiiilllliI.class,rustme/iiiilllliI,java/lang/Object,kotlin/jvm/functions/Function1,5,1,1468,Kotlin internals,,
iiilIIIIiI(56).class,rustme/iiilIIIIiI,java/lang/Object,rustme/IiiIlIiIiI,3,2,1294,NBT,,
iiilIIIiII(120).class,rustme/iiilIIIiII,java/lang/Object,,0,8,320,,,
iiilIIIlII(92).class,rustme/iiilIIIlII,java/lang/Object,,0,1,174,,,
iiilIIIliI(56).class,rustme/iiilIIIliI,java/lang/Object,kotlin/jvm/functions/Function0,4,1,785,Kotlin internals,,
iiilIIiIII(136).class,rustme/iiilIIiIII,java/lang/Object,,0,5,257,,,
iiilIIiIiI(24).class,rustme/iiilIIiIiI,java/lang/Object,com/google/common/base/Predicate,3,2,1240,,,
iiilIIiiII(88).class,rustme/iiilIIiiII,java/lang/Object,kotlin/jvm/functions/Function1,5,1,2025,Kotlin internals,,
iiilIIiilI(12).class,rustme/iiilIIiilI,java/lang/Object,,0,1,174,,,
iiilIIiliI(24).class,rustme/iiilIIiliI,java/lang/Object,,7,3,2324,Kotlin internals,,
iiilIIlIII(92).class,rustme/iiilIIlIII,java/lang/Object,,0,15,467,,,
iiilIIlIiI(56).class,rustme/iiilIIlIiI,java/lang/Object,rustme/iIlIIIlIiI,13,2,4731,,,
iiilIIliiI(24).class,rustme/iiilIIliiI,rustme/lllliIliiI,,3,0,1532,,,
iiilIIlliI(24).class,rustme/iiilIIlliI,java/lang/Object,kotlin/jvm/functions/Function1,5,1,1974,Kotlin internals,,
iiilIiIIII(144).class,rustme/iiilIiIIII,java/lang/Object,,0,10,362,,,
iiilIiIIiI(40).class,rustme/iiilIiIIiI,rustme/liilIiIIiI,,8,0,2236,,,
iiilIiIiII(104).class,rustme/iiilIiIiII,java/lang/Object,kotlin/jvm/functions/Function1,5,1,1608,Kotlin internals,,
iiilIiIilI(20).class,rustme/iiilIiIilI,java/lang/Object,,0,1,174,,,
iiilIiIliI(40).class,rustme/iiilIiIliI,rustme/iIilIiIliI,,4,0,1904,Kotlin internals,,
iiilIiiIiI(8).class,rustme/iiilIiiIiI,java/lang/Object,,1,2,499,,,
iiilIiiiII(72).class,rustme/iiilIiiiII,java/lang/Object,kotlin/jvm/functions/Function1,5,1,1501,Kotlin internals,,
iiilIiilII(68).class,rustme/iiilIiilII,java/lang/Object,,0,1,174,,,
iiilIiiliI(8).class,rustme/iiilIiiliI,rustme/lIlIIiiliI,,11,3,7435,Kotlin internals;Recipes,,
iiilIilIiI(40).class,rustme/iiilIilIiI,java/lang/Object,,3,1,715,,,
iiilIiliII(68).class,rustme/iiilIiliII,java/lang/Object,,0,324,6956,,,
iiilIiliiI(8).class,rustme/iiilIiliiI,java/lang/Object,,0,0,220,,,
iiilIillII(36).class,rustme/iiilIillII,java/lang/Object,,0,1,174,,,
iiilIilliI(8).class,rustme/iiilIilliI,java/lang/Object,,2,3,831,Kotlin internals,,
iiilIlIIII(76).class,rustme/iiilIlIIII,java/lang/Object,,0,4,236,,,
iiilIlIIiI(32).class,rustme/iiilIlIIiI,java/lang/RuntimeException,,3,1,623,,,
iiilIlIiiI.class,rustme/iiilIlIiiI,rustme/IillilIiiI,,3,0,733,,,
iiilIlIilI(12).class,rustme/iiilIlIilI,java/lang/Object,,0,1,174,,,
iiilIlIliI(24).class,rustme/iiilIlIliI,java/lang/Enum,,7,4,1950,Kotlin internals,,
iiilIliIiI(16).class,rustme/iiilIliIiI,rustme/iiIlIliIiI,,5,0,2510,,,
iiilIliiII(48).class,rustme/iiilIliiII,java/lang/Object,kotlin/jvm/functions/Function1,5,1,2874,Kotlin internals,,
iiilIlilII(36).class,rustme/iiilIlilII,java/lang/Object,,0,30,812,,,
iiilIliliI(8).class,rustme/iiilIliliI,java/lang/Object,,1,1,751,Kotlin internals,,
iiilIllIiI(24).class,rustme/iiilIllIiI,rustme/lllIIllIiI,,4,0,1137,,,
iiilIlliII(36).class,rustme/iiilIlliII,java/lang/Object,,0,36,908,,,
iiilIlliiI(8).class,rustme/iiilIlliiI,java/lang/Enum,,6,14,2898,,,
iiilIlllII(20).class,rustme/iiilIlllII,java/lang/Object,,0,1,174,,,
iiilIllliI(8).class,rustme/iiilIllliI,java/lang/Object,kotlin/jvm/functions/Function1,5,1,1541,Kotlin internals,,
iiiliIIIII(148).class,rustme/iiiliIIIII,java/lang/Object,,0,6,278,,,
iiiliIIIiI(48).class,rustme/iiiliIIIiI,java/lang/Object,rustme/iIiiiIIIiI,5,3,2733,,,
iiiliIIiII(112).class,rustme/iiiliIIiII,java/lang/Object,,56,52,16763,Kotlin internals;Sounds,,
iiiliIIilI(24).class,rustme/iiiliIIilI,java/lang/Object,,0,1,174,,,
iiiliIIliI(48).class,rustme/iiiliIIliI,java/lang/Object,,1,1,642,Kotlin internals,,
iiiliIiIiI(16).class,rustme/iiiliIiIiI,java/lang/Enum,,10,7,2518,,,
iiiliIiiII(80).class,rustme/iiiliIiiII,java/lang/Object,kotlin/jvm/functions/Function1,5,1,1952,Kotlin internals,,
iiiliIilII(72).class,rustme/iiiliIilII,java/lang/Object,,0,1,174,,,
iiiliIiliI(16).class,rustme/iiiliIiliI,java/lang/Object,,11,7,3879,Kotlin internals,,
iiiliIlIiI(48).class,rustme/iiiliIlIiI,rustme/illIlIlIiI,,15,1,9633,,,
iiiliIliII(72).class,rustme/iiiliIliII,java/lang/Object,,0,1,173,,,
iiiliIliiI(16).class,rustme/iiiliIliiI,java/lang/Object,,0,0,220,,,
iiiliIllII(40).class,rustme/iiiliIllII,java/lang/Object,,0,1,174,,,
iiiliIlliI(16).class,rustme/iiiliIlliI,java/lang/Object,kotlin/jvm/functions/Function1,5,1,2913,Kotlin internals,,
iiiliiIIiI(32).class,rustme/iiiliiIIiI,rustme/liiliiIIiI,rustme/ilIIliIIiI;rustme/iIllIliIiI,94,22,27349,,,
iiiliiIiII(96).class,rustme/iiiliiIiII,java/lang/Object,kotlin/jvm/functions/Function1,5,1,1899,Kotlin internals,,
iiiliiIlII(80).class,rustme/iiiliiIlII,java/lang/Object,,0,14,460,,,
iiiliiIliI(32).class,rustme/iiiliiIliI,java/lang/Object,java/util/Comparator,2,0,1744,Kotlin internals,,
iiiliiiIII(124).class,rustme/iiiliiiIII,java/lang/Object,,0,1,173,,,
iiiliiiIiI.class,rustme/iiiliiiIiI,java/lang/Object,,25,22,19173,,,
iiiliiiiII(64).class,rustme/iiiliiiiII,java/lang/Object,,28,25,26114,Kotlin internals,,
iiiliiiilI.class,rustme/iiiliiiilI,java/lang/Object,,0,1,174,,,
iiiliiiliI.class,rustme/iiiliiiliI,java/lang/Object,,11,4,1867,,,
iiiliilIII(80).class,rustme/iiiliilIII,java/lang/Object,,0,3,215,,,
iiiliilIiI(32).class,rustme/iiiliilIiI,java/lang/Object,,13,8,6889,,,
iiiliiliiI.class,rustme/iiiliiliiI,rustme/IillilIiiI,,22,2,7282,,,
iiiliililI.class,rustme/iiiliililI,java/lang/Object,,0,1,174,,,
iiiliilliI.class,rustme/iiiliilliI,java/lang/Object,,5,4,1525,Kotlin internals,,
iiililIIiI(24).class,rustme/iiililIIiI,java/lang/Object,rustme/llillIIIiI,13,5,2626,,,
iiililIiII(56).class,rustme/iiililIiII,java/lang/Object,,0,1,173,,,
iiililIlII(40).class,rustme/iiililIlII,java/lang/Object,,0,1,174,,,
iiililIliI(16).class,rustme/iiililIliI,rustme/lllIilIliI,,3,0,1357,Kotlin internals,,
iiililiIII(64).class,rustme/iiililiIII,java/lang/Object,,0,2,194,,,
iiililiIiI(8).class,rustme/iiililiIiI,rustme/iliIiliIiI,,6,3,3399,,,
iiililiiII(40).class,rustme/iiililiiII,java/lang/Object,kotlin/jvm/functions/Function1,5,1,2526,Kotlin internals,,
iiililiilI.class,rustme/iiililiilI,java/lang/Object,,0,1,174,,,
iiilililiI.class,rustme/iiilililiI,java/lang/Object,kotlin/jvm/functions/Function0,3,1,1395,Kotlin internals,,
iiilillIII(40).class,rustme/iiilillIII,java/lang/Object,,0,2,194,,,
iiilillIiI(16).class,rustme/iiilillIiI,java/lang/Object,rustme/ililillIiI,33,26,13305,,,
iiililliiI.class,rustme/iiililliiI,java/lang/Object,,1,2,1132,,,
iiilillliI.class,rustme/iiilillliI,java/lang/Object,kotlin/jvm/functions/Function1,5,1,1468,Kotlin internals,,
iiillIIIII(72).class,rustme/iiillIIIII,java/lang/Object,,0,13,425,,,
iiillIIIiI(24).class,rustme/iiillIIIiI,rustme/liIlIilIiI,,5,0,1444,,,
iiillIIilI(12).class,rustme/iiillIIilI,java/lang/Object,,0,1,174,,,
iiillIIliI(24).class,rustme/iiillIIliI,kotlin/jvm/internal/FunctionReferenceImpl,kotlin/jvm/functions/Function0,5,1,1274,Kotlin internals,,
iiillIiIiI(8).class,rustme/iiillIiIiI,java/lang/Enum,,7,6,1741,,,
iiillIiiII(40).class,rustme/iiillIiiII,java/lang/Object,kotlin/jvm/functions/Function1,5,1,1506,Kotlin internals,,
iiillIilII(36).class,rustme/iiillIilII,java/lang/Object,,0,2,196,,,
iiillIiliI(8).class,rustme/iiillIiliI,java/lang/Object,kotlin/jvm/functions/Function1,5,2,3776,Kotlin internals,,
iiillIlIiI(24).class,rustme/iiillIlIiI,java/lang/Object,java/lang/Runnable,8,5,2499,,,
iiillIliII(36).class,rustme/iiillIliII,java/lang/Object,,0,14,446,,,
iiillIliiI(8).class,rustme/iiillIliiI,rustme/lililIliiI,,3,2,2122,Particles,,
iiillIllII(20).class,rustme/iiillIllII,java/lang/Object,,0,1,174,,,
iiillIlliI(8).class,rustme/iiillIlliI,java/lang/Object,kotlin/jvm/functions/Function1,5,1,1900,Kotlin internals,,
iiilliIIiI(16).class,rustme/iiilliIIiI,rustme/lllIliIIiI,,10,3,3717,,,
iiilliIiII(48).class,rustme/iiilliIiII,rustme/illIliIiII,,1,0,639,Kotlin internals,,
iiilliIlII(40).class,rustme/iiilliIlII,java/lang/Object,,0,1,174,,,
iiilliIliI(16).class,rustme/iiilliIliI,java/lang/Object,,4,0,1342,Kotlin internals,,
iiilliiIII(60).class,rustme/iiilliiIII,java/lang/Object,,0,10,362,,,
iiilliiIiI.class,rustme/iiilliiIiI,java/lang/Object,,11,6,2310,,,
iiilliiiII(32).class,rustme/iiilliiiII,java/lang/Object,kotlin/jvm/functions/Function1,5,1,3619,Kotlin internals,,
iiilliiilI.class,rustme/iiilliiilI,java/lang/Object,,0,1,174,,,
iiilliiliI.class,rustme/iiilliiliI,rustme/lilliiiliI,,7,3,2626,Kotlin internals,,
iiillilIII(40).class,rustme/iiillilIII,java/lang/Object,,0,1,173,,,
iiillilIiI(16).class,rustme/iiillilIiI,rustme/IIlIlilIiI,,16,7,7510,,,
iiilliliiI.class,rustme/iiilliliiI,java/lang/Object,rustme/lIIIliliiI,5,3,2232,GUI/Screen,,
iiillililI.class,rustme/iiillililI,java/lang/Object,,0,3,218,,,
iiillilliI.class,rustme/iiillilliI,java/lang/Object,kotlin/jvm/functions/Function1,5,1,1751,Kotlin internals,,
iiilllIIiI(16).class,rustme/iiilllIIiI,java/lang/Object,com/google/gson/JsonDeserializer;com/google/gson/JsonSerializer,5,1,2802,,,
iiilllIiII(32).class,rustme/iiilllIiII,java/lang/Object,,0,4,236,,,
iiilllIiiI.class,rustme/iiilllIiiI,rustme/IillilIiiI,,2,0,702,,,
iiilllIlII(20).class,rustme/iiilllIlII,java/lang/Object,,0,1,174,,,
iiilllIliI(8).class,rustme/iiilllIliI,java/lang/Object,kotlin/jvm/functions/Function0,3,1,2268,Kotlin internals,,
iiillliIII(36).class,rustme/iiillliIII,java/lang/Object,,0,15,467,,,
iiillliIiI(8).class,rustme/iiillliIiI,rustme/lIliiiIIiI,,12,2,3388,,,
iiillliiII(24).class,rustme/iiillliiII,java/lang/Object,kotlin/jvm/functions/Function0,4,1,954,Kotlin internals,,
iiillliilI.class,rustme/iiillliilI,java/lang/Object,,0,1,174,,,
iiillliliI.class,rustme/iiillliliI,java/lang/Object,,2,0,1774,Kotlin internals,,
iiillllIII(20).class,rustme/iiillllIII,java/lang/Object,,0,16,504,,,
iiillllIiI(8).class,rustme/iiillllIiI,java/lang/Object,,6,4,1319,,,
iiilllliiI.class,rustme/iiilllliiI,java/lang/Object,rustme/IilIllliiI,2,5,3939,,,
iiillllliI.class,rustme/iiillllliI,java/lang/Object,kotlin/jvm/functions/Function1,5,1,4279,Kotlin internals,,
iilIIIIIII(154).class,rustme/iilIIIIIII,java/lang/Object,,0,20,572,,,
iilIIIIIiI(60).class,rustme/iilIIIIIiI,java/lang/Object,,13,0,5275,,,
iilIIIIilI(30).class,rustme/iilIIIIilI,java/lang/Object,,0,1,174,,,
iilIIIIliI(60).class,rustme/iilIIIIliI,java/lang/Object,,2,0,1010,Kotlin internals,,
iilIIIiIiI(28).class,rustme/iilIIIiIiI,java/lang/Object,com/google/common/base/Predicate,3,2,1313,,,
iilIIIiiII(92).class,rustme/iilIIIiiII,java/lang/Object,kotlin/jvm/functions/Function1,5,1,3331,Kotlin internals,,
iilIIIilII(78).class,rustme/iilIIIilII,java/lang/Object,,0,2,196,,,
iilIIIiliI(28).class,rustme/iilIIIiliI,java/lang/Object,java/util/Comparator,2,1,1884,Kotlin internals,,
iilIIIlIiI(60).class,rustme/iilIIIlIiI,java/lang/Object,,7,0,568,,,
iilIIIliII(78).class,rustme/iilIIIliII,java/lang/Object,,0,76,1748,,,
iilIIIliiI(28).class,rustme/iilIIIliiI,rustme/lIlliIliiI,,2,4,1310,,,
iilIIIllII(46).class,rustme/iilIIIllII,java/lang/Object,,0,1,174,,,
iilIIIlliI(28).class,rustme/iilIIIlliI,java/lang/Object,kotlin/jvm/functions/Function1,5,1,1468,Kotlin internals,,
iilIIiIIiI(44).class,rustme/iilIIiIIiI,rustme/IIlIIliIiI,,20,6,6517,,,
iilIIiIiII(108).class,rustme/iilIIiIiII,java/lang/Object,kotlin/jvm/functions/Function1,5,1,1476,Kotlin internals,,
iilIIiIlII(86).class,rustme/iilIIiIlII,java/lang/Object,,0,2,196,,,
iilIIiIliI(44).class,rustme/iilIIiIliI,rustme/IlilIIIliI,,31,8,12970,GUI/Screen;Kotlin internals,,
iilIIiiIII(130).class,rustme/iilIIiiIII,java/lang/Object,,0,7,299,,,
iilIIiiIiI(12).class,rustme/iilIIiiIiI,rustme/lilIIiiIiI,,3,0,722,,,
iilIIiiiII(76).class,rustme/iilIIiiiII,java/lang/Object,kotlin/jvm/functions/Function1,5,1,1495,Kotlin internals,,
iilIIiiilI(6).class,rustme/iilIIiiilI,java/lang/Object,,0,1,174,,,
iilIIiiliI(12).class,rustme/iilIIiiliI,java/lang/Object,,14,3,3621,Kotlin internals,,
iilIIilIII(86).class,rustme/iilIIilIII,java/lang/Object,,0,59,1391,,,
iilIIilIiI(44).class,rustme/iilIIilIiI,java/lang/Enum,,8,4,1976,,,
iilIIiliiI(12).class,rustme/iilIIiliiI,java/lang/Object,com/google/common/base/Function,5,0,1502,,,
iilIIililI(6).class,rustme/iilIIililI,java/lang/Object,,0,2,196,,,
iilIIilliI(12).class,rustme/iilIIilliI,java/lang/Object,,3,0,2469,Kotlin internals,,
iilIIlIIiI(36).class,rustme/iilIIlIIiI,java/lang/Object,rustme/llillIIIiI,7,1,1346,,,
iilIIlIiII(62).class,rustme/iilIIlIiII,java/lang/Object,,0,1,173,,,
iilIIlIiiI(4).class,rustme/iilIIlIiiI,java/lang/Enum,rustme/ililIilIiI,8,3,1721,,,
iilIIlIlII(46).class,rustme/iilIIlIlII,java/lang/Object,,0,1,174,,,
iilIIlIliI(28).class,rustme/iilIIlIliI,kotlin/coroutines/jvm/internal/SuspendLambda,kotlin/jvm/functions/Function2,7,3,3381,Kotlin internals,,
iilIIliIII(70).class,rustme/iilIIliIII,java/lang/Object,,0,1,173,,,
iilIIliIiI(20).class,rustme/iilIIliIiI,java/lang/Object,rustme/IiiIlIiIiI,3,1,944,,,
iilIIliiII(52).class,rustme/iilIIliiII,java/lang/Object,kotlin/jvm/functions/Function1,5,1,1973,Kotlin internals,,
iilIIliilI(6).class,rustme/iilIIliilI,java/lang/Object,,0,1,174,,,
iilIIliliI(12).class,rustme/iilIIliliI,rustme/IlilIIIliI,,2,1,2125,Kotlin internals,,
iilIIllIII(46).class,rustme/iilIIllIII,java/lang/Object,,0,10,362,,,
iilIIllIiI(28).class,rustme/iilIIllIiI,rustme/llIiIllIiI,,7,0,1972,,,
iilIIlliiI(12).class,rustme/iilIIlliiI,java/lang/Object,,1,0,290,,,
iilIIllliI(12).class,rustme/iilIIllliI,java/lang/Object,kotlin/jvm/functions/Function1,5,1,1541,Kotlin internals,,
iilIiIIIiI(52).class,rustme/iilIiIIIiI,rustme/llliiIIIiI,,4,1,6068,,,
iilIiIIiII(116).class,rustme/iilIiIIiII,java/lang/Object,,16,0,1976,Kotlin internals,,
iilIiIIlII(90).class,rustme/iilIiIIlII,java/lang/Object,,0,6,284,,,
iilIiIIliI(52).class,rustme/iilIiIIliI,kotlin/properties/ObservableProperty,,4,1,2497,GUI/Screen;Kotlin internals,,
iilIiIiIII(134).class,rustme/iilIiIiIII,java/lang/Object,,0,19,551,,,
iilIiIiIiI(20).class,rustme/iilIiIiIiI,java/util/ArrayList,,5,1,1640,,,
iilIiIiiII(84).class,rustme/iilIiIiiII,java/lang/Object,kotlin/jvm/functions/Function1,5,1,1763,Kotlin internals,,
iilIiIiilI(10).class,rustme/iilIiIiilI,java/lang/Object,,0,1,174,,,
iilIiIiliI(20).class,rustme/iilIiIiliI,java/lang/Object,,4,5,5131,Kotlin internals,,
iilIiIlIII(90).class,rustme/iilIiIlIII,java/lang/Object,,0,11,383,,,
iilIiIlIiI(52).class,rustme/iilIiIlIiI,rustme/IlIIiIlIiI,,27,0,4627,,,
iilIiIliiI(20).class,rustme/iilIiIliiI,java/lang/Object,,0,0,220,,,
iilIiIlilI(10).class,rustme/iilIiIlilI,java/lang/Object,,0,1,174,,,
iilIiIlliI(20).class,rustme/iilIiIlliI,java/lang/Object,kotlin/jvm/functions/Function1,5,1,1696,Kotlin internals,,
iilIiiIIII(142).class,rustme/iilIiiIIII,java/lang/Object,,0,4,236,,,
iilIiiIIiI(36).class,rustme/iilIiiIIiI,java/lang/Object,com/google/common/base/Predicate,3,0,992,,,
iilIiiIiII(100).class,rustme/iilIiiIiII,java/lang/Object,kotlin/jvm/functions/Function0,4,1,954,Kotlin internals,,
iilIiiIilI(18).class,rustme/iilIiiIilI,java/lang/Object,,0,1,174,,,
iilIiiIliI(36).class,rustme/iilIiiIliI,java/lang/Object,kotlin/jvm/functions/Function0,3,6,3395,Kotlin internals,,
iilIiiiIiI(4).class,rustme/iilIiiiIiI,rustme/lliiiiiIiI,,12,6,6885,Texture,,
iilIiiiiII(68).class,rustme/iilIiiiiII,java/lang/Object,kotlin/jvm/functions/Function1,5,1,1974,Kotlin internals,,
iilIiiilII(66).class,rustme/iilIiiilII,java/lang/Object,,0,1,174,,,
iilIiiiliI(4).class,rustme/iilIiiiliI,java/lang/Object,java/util/Iterator,1,0,379,,,
iilIiilIiI(36).class,rustme/iilIiilIiI,rustme/lliiiilIiI,rustme/iiIlIilIiI,21,7,6309,,,
iilIiiliII(66).class,rustme/iilIiiliII,java/lang/Object,,0,54,1286,,,
iilIiiliiI(4).class,rustme/iilIiiliiI,rustme/IilIiiliiI,,2,0,1012,,,
iilIiillII(34).class,rustme/iilIiillII,java/lang/Object,,0,1,174,,,
iilIiilliI(4).class,rustme/iilIiilliI,java/lang/Object,kotlin/jvm/functions/Function1,5,2,3811,Kotlin internals,,
iilIilIIII(74).class,rustme/iilIilIIII,java/lang/Object,,0,12,404,,,
iilIilIIiI(28).class,rustme/iilIilIIiI,java/lang/Object,rustme/llillIIIiI,7,1,1519,,,
iilIilIilI(10).class,rustme/iilIilIilI,java/lang/Object,,0,1,174,,,
iilIilIliI(20).class,rustme/iilIilIliI,java/lang/Object,,4,0,870,Kotlin internals,,
iilIiliIiI(12).class,rustme/iilIiliIiI,rustme/iliIiliIiI,,8,9,4053,,,
iilIiliiII(44).class,rustme/iilIiliiII,java/lang/Object,kotlin/jvm/functions/Function1,5,1,2526,Kotlin internals,,
iilIililII(34).class,rustme/iilIililII,java/lang/Object,,0,2,196,,,
iilIililiI(4).class,rustme/iilIililiI,rustme/IlilIIIliI,,2,1,2742,Kotlin internals,,
iilIillIiI(20).class,rustme/iilIillIiI,java/lang/Object,,192,30,42328,,,
iilIilliII(34).class,rustme/iilIilliII,java/lang/Object,,0,8,320,,,
iilIilliiI(4).class,rustme/iilIilliiI,java/lang/Object,,3,5,2694,,,
iilIilllII(18).class,rustme/iilIilllII,java/lang/Object,,0,1,174,,,
iilIillliI(4).class,rustme/iilIillliI,java/lang/Object,kotlin/jvm/functions/Function1,5,1,3124,Kotlin internals,,
iilIlIIIiI(28).class,rustme/iilIlIIIiI,rustme/liIlIilIiI,,5,0,1427,Networking client,,
iilIlIIiII(58).class,rustme/iilIlIIiII,java/lang/Object,,0,1,173,,,
iilIlIIlII(46).class,rustme/iilIlIIlII,java/lang/Object,,0,24,680,,,
iilIlIIliI(28).class,rustme/iilIlIIliI,java/lang/Object,kotlin/jvm/functions/Function1,5,2,3786,Kotlin internals,,
iilIlIiIII(66).class,rustme/iilIlIiIII,java/lang/Object,,0,2,194,,,
iilIlIiIiI(12).class,rustme/iilIlIiIiI,rustme/llIIlIiIiI,,6,0,1905,,,
iilIlIiiII(44).class,rustme/iilIlIiiII,java/lang/Object,kotlin/jvm/functions/Function1,5,1,2371,Kotlin internals,,
iilIlIiilI(6).class,rustme/iilIlIiilI,java/lang/Object,,0,1,174,,,
iilIlIiliI(12).class,rustme/iilIlIiliI,java/lang/Object,,4,6,1540,Kotlin internals,,
iilIlIlIII(46).class,rustme/iilIlIlIII,java/lang/Object,,0,3,215,,,
iilIlIlIiI(28).class,rustme/iilIlIlIiI,rustme/iIIllIlIiI,,12,10,10406,,,
iilIlIliiI(12).class,rustme/iilIlIliiI,java/lang/Object,rustme/iililIliiI,2,0,716,Particles,,
iilIlIlliI(12).class,rustme/iilIlIlliI,java/lang/Object,kotlin/jvm/functions/Function1,5,1,1899,Kotlin internals,,
iilIliIIII(70).class,rustme/iilIliIIII,java/lang/Object,,0,65,1517,,,
iilIliIIiI(20).class,rustme/iilIliIIiI,java/lang/Object,rustme/lIIIliIIiI,26,2,3930,,,
iilIliIiII(52).class,rustme/iilIliIiII,rustme/illIliIiII,,1,0,638,Kotlin internals,,
iilIliIilI(10).class,rustme/iilIliIilI,java/lang/Object,,0,1,174,,,
iilIliIliI(20).class,rustme/iilIliIliI,rustme/IlilIIIliI,,16,20,12178,Kotlin internals,,
iilIliiIiI(4).class,rustme/iilIliiIiI,rustme/IIlIliiIiI,,3,1,3139,,,
iilIliiiII(36).class,rustme/iilIliiiII,java/lang/Object,kotlin/jvm/functions/Function1,5,1,1953,Kotlin internals,,
iilIliilII(34).class,rustme/iilIliilII,java/lang/Object,,0,1,174,,,
iilIliiliI(4).class,rustme/iilIliiliI,java/lang/Object,,2,4,885,Kotlin internals,,
iilIlilIiI(20).class,rustme/iilIlilIiI,java/lang/Object,com/google/gson/JsonSerializer;com/google/gson/JsonDeserializer,7,0,7039,,,
iilIliliII(34).class,rustme/iilIliliII,java/lang/Object,,0,5,257,,,
iilIliliiI(4).class,rustme/iilIliliiI,java/lang/Object,rustme/IiIiiIliiI,2,1,1384,GUI/Screen,,
iilIlillII(18).class,rustme/iilIlillII,java/lang/Object,,0,1,174,,,
iilIlilliI(4).class,rustme/iilIlilliI,java/lang/Object,,14,2,4031,Kotlin internals,,
iilIllIIII(42).class,rustme/iilIllIIII,java/lang/Object,,0,7,299,,,
iilIllIIiI(20).class,rustme/iilIllIIiI,java/lang/Object,java/lang/reflect/ParameterizedType,4,0,827,,,
iilIllIiiI(4).class,rustme/iilIllIiiI,rustme/iliIIlIiiI,,9,1,4105,,,
iilIllIilI(6).class,rustme/iilIllIilI,java/lang/Object,,0,1,174,,,
iilIllIliI(12).class,rustme/iilIllIliI,java/lang/Object,,13,3,7723,Kotlin internals;Sounds,,
iilIlliIiI(12).class,rustme/iilIlliIiI,rustme/liIliliIiI,,6,4,2296,,,
iilIlliiII(28).class,rustme/iilIlliiII,java/lang/Object,kotlin/jvm/functions/Function1,5,1,1506,Kotlin internals,,
iilIllilII(18).class,rustme/iilIllilII,java/lang/Object,,0,4,240,,,
iilIlliliI(4).class,rustme/iilIlliliI,rustme/lIlilliliI,,11,9,8284,Kotlin internals,,
iilIlllIiI(12).class,rustme/iilIlllIiI,java/lang/Thread,,5,4,1363,,,
iilIllliII(18).class,rustme/iilIllliII,java/lang/Object,,0,9,341,,,
iilIllliiI(4).class,rustme/iilIllliiI,java/lang/Object,,0,0,220,,,
iilIllllII(10).class,rustme/iilIllllII,java/lang/Object,,0,1,174,,,
iilIlllliI(4).class,rustme/iilIlllliI,java/lang/Object,kotlin/jvm/functions/Function1,5,1,1468,Kotlin internals,,
iiliIIIIiI(56).class,rustme/iiliIIIIiI,rustme/llliiIIIiI,,12,0,5174,,,
iiliIIIiII(120).class,rustme/iiliIIIiII,java/lang/Object,,0,1,173,,,
iiliIIIlII(92).class,rustme/iiliIIIlII,java/lang/Object,,0,1,174,,,
iiliIIIliI(56).class,rustme/iiliIIIliI,rustme/lllIIiIliI,,1,0,1267,Kotlin internals,,
iiliIIiIII(136).class,rustme/iiliIIiIII,java/lang/Object,,0,37,929,,,
iiliIIiIiI(24).class,rustme/iiliIIiIiI,rustme/IIlliIiIiI,,9,0,4907,,,
iiliIIiiII(88).class,rustme/iiliIIiiII,java/lang/Object,kotlin/jvm/functions/Function1,5,1,1460,Kotlin internals,,
iiliIIiilI(12).class,rustme/iiliIIiilI,java/lang/Object,,0,1,174,,,
iiliIIiliI(24).class,rustme/iiliIIiliI,java/lang/Object,,5,2,1824,Kotlin internals,,
iiliIIlIII(92).class,rustme/iiliIIlIII,java/lang/Object,,0,4,236,,,
iiliIIlIiI(56).class,rustme/iiliIIlIiI,rustme/IIIiIIlIiI,,5,0,3539,,,
iiliIIliiI(24).class,rustme/iiliIIliiI,rustme/llIIIIliiI,,3,1,1133,,,
iiliIIlliI(24).class,rustme/iiliIIlliI,java/lang/Object,kotlin/jvm/functions/Function1,5,1,1960,Kotlin internals,,
iiliIiIIII(144).class,rustme/iiliIiIIII,java/lang/Object,,0,6,278,,,
iiliIiIIiI(40).class,rustme/iiliIiIIiI,rustme/iiIlIliIiI,rustme/illiIiIIiI,9,0,1659,,,
iiliIiIiII(104).class,rustme/iiliIiIiII,java/lang/Object,kotlin/jvm/functions/Function1,5,1,1899,Kotlin internals,,
iiliIiIilI(20).class,rustme/iiliIiIilI,java/lang/Object,,0,1,174,,,
iiliIiIliI(40).class,rustme/iiliIiIliI,rustme/IIIiIiIliI,,16,10,10198,Kotlin internals,,
iiliIiiIiI(8).class,rustme/iiliIiiIiI,java/lang/Object,com/google/common/base/Predicate,3,0,1093,,,
iiliIiiiII(72).class,rustme/iiliIiiiII,java/lang/Object,kotlin/jvm/functions/Function1,5,1,1527,Kotlin internals,,
iiliIiilII(68).class,rustme/iiliIiilII,java/lang/Object,,0,4,240,,,
iiliIiiliI(8).class,rustme/iiliIiiliI,rustme/lilliiiliI,,1,1,593,,,
iiliIilIiI(40).class,rustme/iiliIilIiI,java/lang/Object,,0,0,220,,,
iiliIiliII(68).class,rustme/iiliIiliII,java/lang/Object,,0,8,320,,,
iiliIiliiI(8).class,rustme/iiliIiliiI,java/lang/Object,rustme/IilIIIlIiI,8,2,1904,,,
iiliIillII(36).class,rustme/iiliIillII,java/lang/Object,,0,1,174,,,
iiliIilliI(8).class,rustme/iiliIilliI,rustme/liliIilliI,,3,0,1370,Kotlin internals,,
iiliIlIIII(76).class,rustme/iiliIlIIII,java/lang/Object,,0,3,215,,,
iiliIlIIiI(32).class,rustme/iiliIlIIiI,java/lang/Object,rustme/llillIIIiI,7,1,1415,,,
iiliIlIiiI.class,rustme/iiliIlIiiI,rustme/IillilIiiI,,21,2,6034,,,
iiliIlIilI(12).class,rustme/iiliIlIilI,java/lang/Object,,0,1,174,,,
iiliIlIliI(24).class,rustme/iiliIlIliI,java/lang/Object,,31,11,8008,Kotlin internals,,
iiliIliIiI(16).class,rustme/iiliIliIiI,java/lang/Object,,11,0,663,,,
iiliIliiII(48).class,rustme/iiliIliiII,java/lang/Object,kotlin/jvm/functions/Function1,5,1,1506,Kotlin internals,,
iiliIlilII(36).class,rustme/iiliIlilII,java/lang/Object,,0,2,196,,,
iiliIliliI(8).class,rustme/iiliIliliI,java/lang/Object,,15,0,3413,Kotlin internals,,
iiliIllIiI(24).class,rustme/iiliIllIiI,rustme/IIliIllIiI,,7,0,2390,,,
iiliIlliII(36).class,rustme/iiliIlliII,java/lang/Object,,0,11,383,,,
iiliIlliiI(8).class,rustme/iiliIlliiI,java/lang/Object,com/google/common/base/Function,3,0,1427,,,
iiliIlllII(20).class,rustme/iiliIlllII,java/lang/Object,,0,1,174,,,
iiliIllliI(8).class,rustme/iiliIllliI,java/lang/Object,kotlin/jvm/functions/Function1,5,1,1468,Kotlin internals,,
iiliiIIIII(148).class,rustme/iiliiIIIII,java/lang/Object,,0,3,215,,,
iiliiIIIiI(48).class,rustme/iiliiIIIiI,java/lang/Object,rustme/iIiiiIIIiI,2,0,916,,,
iiliiIIiII(112).class,rustme/iiliiIIiII,java/lang/Enum,,7,9,2584,Kotlin internals,,
iiliiIIilI(24).class,rustme/iiliiIIilI,java/lang/Object,,0,1,174,,,
iiliiIIliI(48).class,rustme/iiliiIIliI,rustme/IlilIIIliI,,2,6,4303,Kotlin internals,,
iiliiIiIiI(16).class,rustme/iiliiIiIiI,java/lang/Object,rustme/lIIiiIiIiI,10,1,2851,,,
iiliiIiiII(80).class,rustme/iiliiIiiII,java/lang/Object,kotlin/jvm/functions/Function1,5,1,1880,Kotlin internals,,
iiliiIilII(72).class,rustme/iiliiIilII,java/lang/Object,,0,12,416,,,
iiliiIiliI(16).class,rustme/iiliiIiliI,java/lang/Object,rustme/illililliI,16,1,9370,Kotlin internals,,
iiliiIlIiI(48).class,rustme/iiliiIlIiI,rustme/llIiiIlIiI,,7,1,2276,,,
iiliiIliII(72).class,rustme/iiliiIliII,java/lang/Object,,0,1,173,,,
iiliiIliiI(16).class,rustme/iiliiIliiI,rustme/IiliiIliiI,,6,4,2702,GUI/Screen;Texture,,
iiliiIllII(40).class,rustme/iiliiIllII,java/lang/Object,,0,1,174,,,
iiliiIlliI(16).class,rustme/iiliiIlliI,java/lang/Object,kotlin/jvm/functions/Function1,5,1,1468,Kotlin internals,,
iiliiiIIiI(32).class,rustme/iiliiiIIiI,rustme/iliIiliIiI,,3,1,785,,,
iiliiiIiII(96).class,rustme/iiliiiIiII,java/lang/Object,kotlin/jvm/functions/Function1,5,1,1506,Kotlin internals,,
iiliiiIlII(80).class,rustme/iiliiiIlII,java/lang/Object,,0,1,174,,,
iiliiiIliI(32).class,rustme/iiliiiIliI,java/lang/Object,kotlin/jvm/functions/Function0,5,1,1629,Kotlin internals,,
iiliiiiIII(124).class,rustme/iiliiiiIII,java/lang/Object,,0,1,173,,,
iiliiiiIiI.class,rustme/iiliiiiIiI,rustme/lllliiiIiI,,8,1,1671,Texture,,
iiliiiiiII(64).class,rustme/iiliiiiiII,java/lang/Object,kotlin/jvm/functions/Function1,5,1,1513,Kotlin internals,,
iiliiiiilI.class,rustme/iiliiiiilI,java/lang/Object,,0,1,174,,,
iiliiiiliI.class,rustme/iiliiiiliI,java/lang/Object,,10,3,1870,,,
iiliiilIII(80).class,rustme/iiliiilIII,java/lang/Object,,0,1,173,,,
iiliiilIiI(32).class,rustme/iiliiilIiI,rustme/lliiiilIiI,,20,5,5045,,,
iiliiiliiI.class,rustme/iiliiiliiI,rustme/IiliiiliiI,rustme/IIliIiliiI,29,2,11136,,,
iiliiililI.class,rustme/iiliiililI,java/lang/Object,,0,1,174,,,
iiliiilliI.class,rustme/iiliiilliI,java/lang/Object,,4,1,3449,Kotlin internals,,
iiliilIIiI(24).class,rustme/iiliilIIiI,java/lang/Object,rustme/llillIIIiI,9,3,2316,,,
iiliilIiII(56).class,rustme/iiliilIiII,java/lang/Object,,0,4,236,,,
iiliilIlII(40).class,rustme/iiliilIlII,java/lang/Object,,0,1,174,,,
iiliilIliI(16).class,rustme/iiliilIliI,java/lang/Object,kotlin/jvm/functions/Function1,5,2,3801,Kotlin internals,,
iiliiliIII(64).class,rustme/iiliiliIII,java/lang/Object,,0,1,173,,,
iiliiliIiI(8).class,rustme/iiliiliIiI,java/lang/Object,,0,0,220,,,
iiliiliiII(40).class,rustme/iiliiliiII,java/lang/Object,,17,14,14636,Kotlin internals,,
iiliiliilI.class,rustme/iiliiliilI,java/lang/Object,,0,1,174,,,
iiliililiI.class,rustme/iiliililiI,rustme/llIiIliliI,,17,10,10392,Kotlin internals,,
iiliillIII(40).class,rustme/iiliillIII,java/lang/Object,,0,7,299,,,
iiliillIiI(16).class,rustme/iiliillIiI,java/lang/Object,,3,0,358,,,
iiliilliiI.class,rustme/iiliilliiI,rustme/iIlIlIliiI,,2,0,710,Particles,,
iiliillliI.class,rustme/iiliillliI,java/lang/Object,kotlin/jvm/functions/Function1,5,1,1661,Kotlin internals,,
iililIIIII(72).class,rustme/iililIIIII,java/lang/Object,,0,16,488,,,
iililIIIiI(24).class,rustme/iililIIIiI,java/lang/Object,,1,0,177,,,
iililIIilI(12).class,rustme/iililIIilI,java/lang/Object,,0,1,174,,,
iililIIliI(24).class,rustme/iililIIliI,rustme/IililIIliI,,4,0,2458,Kotlin internals,,
iililIiIiI(8).class,rustme/iililIiIiI,java/lang/Object,rustme/IiiIlIiIiI,5,0,2279,,,
iililIiiII(40).class,rustme/iililIiiII,java/lang/Object,kotlin/jvm/functions/Function1,5,1,1761,Kotlin internals,,
iililIilII(36).class,rustme/iililIilII,java/lang/Object,,0,25,702,,,
iililIiliI(8).class,rustme/iililIiliI,java/lang/Object,,5,0,1767,Kotlin internals;Sounds,,
iililIlIiI(24).class,rustme/iililIlIiI,java/lang/Object,,1,0,176,,,
iililIliII(36).class,rustme/iililIliII,java/lang/Object,,0,7,299,,,
iililIliiI(8).class,rustme/iililIliiI,java/lang/Object,,1,0,246,,,
iililIllII(20).class,rustme/iililIllII,java/lang/Object,,0,1,174,,,
iililIlliI(8).class,rustme/iililIlliI,java/lang/Object,kotlin/jvm/functions/Function1,5,1,1467,Kotlin internals,,
iililiIIiI(16).class,rustme/iililiIIiI,rustme/lllIliIIiI,,7,0,1733,,,
iililiIiII(48).class,rustme/iililiIiII,java/lang/Object,rustme/lIIlIiIiII,9,3,2409,GUI/Screen;Kotlin internals,,
iililiIlII(40).class,rustme/iililiIlII,java/lang/Object,,0,2,196,,,
iililiIliI(16).class,rustme/iililiIliI,java/lang/Object,java/util/Comparator,2,0,1710,Kotlin internals,,
iililiiIII(60).class,rustme/iililiiIII,java/lang/Object,,0,6,278,,,
iililiiIiI.class,rustme/iililiiIiI,java/lang/Object,,7,6,3059,,,
iililiiiII(32).class,rustme/iililiiiII,java/lang/Object,kotlin/jvm/functions/Function1,5,1,1641,Kotlin internals,,
iililiiilI.class,rustme/iililiiilI,java/lang/Object,,0,1,174,,,
iililiiliI.class,rustme/iililiiliI,rustme/IililiiliI,,7,3,2967,Kotlin internals,,
iilililIII(40).class,rustme/iilililIII,java/lang/Object,,0,6,278,,,
iilililIiI(16).class,rustme/iilililIiI,java/lang/Object,java/lang/Iterable,3,0,545,,,
iilililiiI.class,rustme/iilililiiI,java/lang/Object,,0,0,220,,,
iililililI.class,rustme/iililililI,java/lang/Object,,0,1,174,,,
iilililliI.class,rustme/iilililliI,java/lang/Enum,,7,4,1933,Kotlin internals,,
iilillIIiI(16).class,rustme/iilillIIiI,rustme/ilIillIIiI,,2,0,424,,,
iilillIiII(32).class,rustme/iilillIiII,java/lang/Object,,0,1,173,,,
iilillIiiI.class,rustme/iilillIiiI,rustme/IiIiIlIiiI,,7,0,3742,,,
iilillIlII(20).class,rustme/iilillIlII,java/lang/Object,,0,1,174,,,
iilillIliI(8).class,rustme/iilillIliI,java/lang/Object,,11,10,2475,Kotlin internals,,
iililliIII(36).class,rustme/iililliIII,java/lang/Object,,0,27,719,,,
iililliIiI(8).class,rustme/iililliIiI,java/lang/Object,rustme/ilIiIilIiI,4,0,1719,,,
iililliiII(24).class,rustme/iililliiII,java/lang/Object,kotlin/jvm/functions/Function1,5,1,1506,Kotlin internals,,
iililliilI.class,rustme/iililliilI,java/lang/Object,,0,42,1076,,,
iililliliI.class,rustme/iililliliI,rustme/lIlilliliI,,24,7,15345,Kotlin internals,,
iililllIII(20).class,rustme/iililllIII,java/lang/Object,,0,1,174,,,
iililllIiI(8).class,rustme/iililllIiI,java/lang/Object,rustme/illilllIiI,3,2,990,,,
iilillliiI.class,rustme/iilillliiI,java/lang/Object,rustme/liiIllliiI,2,0,1004,,,
iililllliI.class,rustme/iililllliI,java/lang/Object,kotlin/jvm/functions/Function1,5,1,1836,Kotlin internals,,
iillIIIIiI(28).class,rustme/iillIIIIiI,java/lang/Object,rustme/IlIlIIIIiI,8,0,1851,,,
iillIIIiII(60).class,rustme/iillIIIiII,java/lang/Object,,0,6,278,,,
iillIIIlII(46).class,rustme/iillIIIlII,java/lang/Object,,0,1,174,,,
iillIIIliI(28).class,rustme/iillIIIliI,java/lang/Enum,,7,8,2391,Kotlin internals,,
iillIIiIII(68).class,rustme/iillIIiIII,java/lang/Object,,0,8,320,,,
iillIIiIiI(12).class,rustme/iillIIiIiI,rustme/IIlliIiIiI,,10,0,3824,,,
iillIIiiII(44).class,rustme/iillIIiiII,java/lang/Object,kotlin/jvm/functions/Function1,5,1,1687,Kotlin internals,,
iillIIiilI(6).class,rustme/iillIIiilI,java/lang/Object,,0,1,174,,,
iillIIiliI(12).class,rustme/iillIIiliI,java/lang/Object,,52,82,29098,Kotlin internals,,
iillIIlIII(46).class,rustme/iillIIlIII,java/lang/Object,,0,1,173,,,
iillIIlIiI(28).class,rustme/iillIIlIiI,java/lang/Object,rustme/IIIlIIlIiI,2,1,748,,,
iillIIliiI(12).class,rustme/iillIIliiI,java/lang/Object,rustme/IiiIlIiIiI,3,1,1338,,,
iillIIlliI(12).class,rustme/iillIIlliI,java/lang/Object,kotlin/jvm/functions/Function1,5,1,1468,Kotlin internals,,
iillIiIIII(72).class,rustme/iillIiIIII,java/lang/Object,,0,46,1118,,,
iillIiIIiI(20).class,rustme/iillIiIIiI,rustme/IIiiliIIiI,,4,0,3656,,,
iillIiIiII(52).class,rustme/iillIiIiII,java/lang/Object,,3,0,1138,Kotlin internals,,
iillIiIilI(10).class,rustme/iillIiIilI,java/lang/Object,,0,1,174,,,
iillIiIliI(20).class,rustme/iillIiIliI,java/lang/Object,,3,0,978,Kotlin internals,,
iillIiiIiI(4).class,rustme/iillIiiIiI,java/lang/Object,,7,3,2269,,,
iillIiiiII(36).class,rustme/iillIiiiII,java/lang/Object,kotlin/jvm/functions/Function1,5,1,1463,Kotlin internals,,
iillIiilII(34).class,rustme/iillIiilII,java/lang/Object,,0,1,174,,,
iillIiiliI(4).class,rustme/iillIiiliI,rustme/IililiiliI,,3,0,1854,Kotlin internals,,
iillIilIiI(20).class,rustme/iillIilIiI,com/google/common/collect/AbstractIterator,,3,2,1527,,,
iillIiliII(34).class,rustme/iillIiliII,java/lang/Object,,0,2,194,,,
iillIiliiI(4).class,rustme/iillIiliiI,rustme/llIlIiliiI,,2,2,1367,,,
iillIillII(18).class,rustme/iillIillII,java/lang/Object,,0,1,174,,,
iillIilliI(4).class,rustme/iillIilliI,java/lang/Object,,2,3,802,Kotlin internals,,
iillIlIIII(42).class,rustme/iillIlIIII,java/lang/Object,,0,13,425,,,
iillIlIIiI(20).class,rustme/iillIlIIiI,java/lang/Object,,27,8,13160,,,
iillIlIiiI(4).class,rustme/iillIlIiiI,java/lang/Object,com/google/common/base/Predicate,3,1,1071,,,
iillIlIilI(6).class,rustme/iillIlIilI,java/lang/Object,,0,1,174,,,
iillIlIliI(12).class,rustme/iillIlIliI,java/lang/Object,,21,4,3982,Kotlin internals,,
iillIliIiI(12).class,rustme/iillIliIiI,java/lang/Object,,0,0,131,,,
iillIliiII(28).class,rustme/iillIliiII,java/lang/Object,kotlin/jvm/functions/Function1,5,1,1468,Kotlin internals,,
iillIlilII(18).class,rustme/iillIlilII,java/lang/Object,,0,2,196,,,
iillIliliI(4).class,rustme/iillIliliI,java/lang/Object,kotlin/jvm/functions/Function0,3,1,1427,Kotlin internals,,
iillIllIiI(12).class,rustme/iillIllIiI,rustme/IIliIllIiI,,5,0,1263,,,
iillIlliII(18).class,rustme/iillIlliII,java/lang/Object,,0,7,299,,,
iillIlliiI(4).class,rustme/iillIlliiI,java/lang/Object,,2,0,732,,,
iillIlllII(10).class,rustme/iillIlllII,java/lang/Object,,0,3,218,,,
iillIllliI(4).class,rustme/iillIllliI,java/lang/Object,kotlin/jvm/functions/Function1,5,1,1460,Kotlin internals,,
iilliIIIII(74).class,rustme/iilliIIIII,java/lang/Object,,0,1,173,,,
iilliIIIiI(24).class,rustme/iilliIIIiI,java/lang/Object,rustme/iIiiiIIIiI,2,0,1234,,,
iilliIIiII(56).class,rustme/iilliIIiII,java/lang/Object,,2,0,607,Kotlin internals,,
iilliIIilI(12).class,rustme/iilliIIilI,java/lang/Object,,0,1,174,,,
iilliIIliI(24).class,rustme/iilliIIliI,rustme/IlilIIIliI,,4,3,4813,Kotlin internals,,
iilliIiIiI(8).class,rustme/iilliIiIiI,java/lang/Object,,10,9,7667,,,
iilliIiiII(40).class,rustme/iilliIiiII,java/lang/Object,kotlin/jvm/functions/Function1,5,1,1602,Kotlin internals,,
iilliIilII(36).class,rustme/iilliIilII,java/lang/Object,,0,14,460,,,
iilliIiliI(8).class,rustme/iilliIiliI,java/lang/Object,,8,3,3725,Kotlin internals,,
iilliIlIiI(24).class,rustme/iilliIlIiI,rustme/IIlliIlIiI,,2,0,1279,,,
iilliIliII(36).class,rustme/iilliIliII,java/lang/Object,,0,1,173,,,
iilliIliiI(8).class,rustme/iilliIliiI,java/lang/Object,rustme/liiillIIiI;rustme/llilIilIiI,120,91,95681,,GameSettings,"91 поле (keybinds/options), 120 методов."
iilliIllII(20).class,rustme/iilliIllII,java/lang/Object,,0,3,218,,,
iilliIlliI(8).class,rustme/iilliIlliI,java/lang/Object,kotlin/jvm/functions/Function1,5,1,1468,Kotlin internals,,
iilliiIIiI(16).class,rustme/iilliiIIiI,rustme/IIiiIiIIiI,rustme/IliliiIIiI,43,12,16037,,,
iilliiIiII(48).class,rustme/iilliiIiII,java/lang/Object,kotlin/jvm/functions/Function1,5,1,3065,Kotlin internals,,
iilliiIlII(40).class,rustme/iilliiIlII,java/lang/Object,,0,7,306,,,
iilliiIliI(16).class,rustme/iilliiIliI,rustme/IlilIIIliI,,5,1,2022,Kotlin internals,,
iilliiiIII(62).class,rustme/iilliiiIII,java/lang/Object,,0,1,173,,,
iilliiiIiI.class,rustme/iilliiiIiI,rustme/lliiiiiIiI,,8,2,2752,Texture,,
iilliiiiII(32).class,rustme/iilliiiiII,java/lang/Object,kotlin/jvm/functions/Function1,5,1,1713,Kotlin internals,,
iilliiiilI.class,rustme/iilliiiilI,java/lang/Object,,0,1,174,,,
iilliiiliI.class,rustme/iilliiiliI,rustme/lilliiiliI,,1,3,573,,,
iilliilIII(40).class,rustme/iilliilIII,java/lang/Object,,0,1,173,,,
iilliilIiI(16).class,rustme/iilliilIiI,java/lang/Object,rustme/IlIiIilIiI,5,1,23897,,,
iilliiliiI.class,rustme/iilliiliiI,java/lang/Enum,rustme/ililIilIiI,11,9,2899,,,
iilliililI.class,rustme/iilliililI,java/lang/Object,,0,1,174,,,
iilliilliI.class,rustme/iilliilliI,java/lang/Enum,,12,17,6554,Kotlin internals,,
iillilIIiI(16).class,rustme/iillilIIiI,java/lang/Object,rustme/llillIIIiI,17,11,3512,,,
iillilIiII(32).class,rustme/iillilIiII,java/lang/Object,,0,1,173,,,
iillilIiiI.class,rustme/iillilIiiI,java/lang/Enum,,6,4,1432,,,
iillilIlII(20).class,rustme/iillilIlII,java/lang/Object,,0,1,174,,,
iillilIliI(8).class,rustme/iillilIliI,java/lang/Object,kotlin/jvm/functions/Function1,5,1,2158,Kotlin internals,,
iilliliIII(36).class,rustme/iilliliIII,java/lang/Object,,0,2,194,,,
iilliliIiI(8).class,rustme/iilliliIiI,rustme/iliIiliIiI,,6,4,2711,,,
iilliliiII(24).class,rustme/iilliliiII,java/lang/Object,kotlin/jvm/functions/Function1,5,1,4051,Kotlin internals,,
iilliliilI.class,rustme/iilliliilI,java/lang/Object,,0,3,218,,,
iillililiI.class,rustme/iillililiI,java/lang/Object,,3,0,1307,Kotlin internals,,
iillillIII(20).class,rustme/iillillIII,java/lang/Object,,0,15,467,,,
iillillIiI(8).class,rustme/iillillIiI,java/lang/Object,,9,2,3977,GUI/Screen;Texture,,
iillilliiI.class,rustme/iillilliiI,java/lang/Object,,49,23,52833,,,
iillillliI.class,rustme/iillillliI,java/lang/Object,kotlin/jvm/functions/Function1,5,1,2132,Kotlin internals,,
iilllIIIII(36).class,rustme/iilllIIIII,java/lang/Object,,0,3,215,,,
iilllIIIiI(12).class,rustme/iilllIIIiI,java/lang/Object,rustme/llillIIIiI,6,1,1272,,,
iilllIIilI(6).class,rustme/iilllIIilI,java/lang/Object,,0,1,174,,,
iilllIIliI(12).class,rustme/iilllIIliI,kotlin/jvm/internal/FunctionReferenceImpl,kotlin/jvm/functions/Function0,5,1,1274,Kotlin internals,,
iilllIiIiI(4).class,rustme/iilllIiIiI,java/lang/Object,rustme/IlIllIiIiI,2,2,711,,,
iilllIiiII(20).class,rustme/iilllIiiII,java/lang/Object,kotlin/jvm/functions/Function1,5,1,3703,Kotlin internals,,
iilllIilII(18).class,rustme/iilllIilII,java/lang/Object,,0,2,196,,,
iilllIiliI(4).class,rustme/iilllIiliI,java/lang/Object,,19,6,5318,Kotlin internals,,
iilllIlIiI(12).class,rustme/iilllIlIiI,java/lang/Object,rustme/IiiIlIiIiI,5,1,1989,,,
iilllIliII(18).class,rustme/iilllIliII,java/lang/Object,,0,4,236,,,
iilllIliiI(4).class,rustme/iilllIliiI,java/lang/Object,rustme/IiiIlIiIiI,3,1,1058,Particles,,
iilllIllII(10).class,rustme/iilllIllII,java/lang/Object,,0,1,174,,,
iilllIlliI(4).class,rustme/iilllIlliI,java/lang/Object,kotlin/jvm/functions/Function1,5,1,1468,Kotlin internals,,
iillliIIiI(8).class,rustme/iillliIIiI,java/lang/Object,rustme/iiIlliIIiI,7,0,2869,,,
iillliIiII(24).class,rustme/iillliIiII,java/lang/Object,rustme/lIIlIiIiII,7,2,2986,Kotlin internals,,
iillliIlII(20).class,rustme/iillliIlII,java/lang/Object,,0,1,174,,,
iillliIliI(8).class,rustme/iillliIliI,java/lang/Object,,2,0,896,Kotlin internals,,
iillliiIII(30).class,rustme/iillliiIII,java/lang/Object,,0,5,257,,,
iillliiIiI.class,rustme/iillliiIiI,java/lang/Object,com/google/gson/JsonDeserializer,1,0,319,,,
iillliiiII(16).class,rustme/iillliiiII,java/lang/Object,kotlin/jvm/functions/Function1,5,1,2730,Kotlin internals,,
iillliiilI.class,rustme/iillliiilI,java/lang/Object,,0,1,174,,,
iillliiliI.class,rustme/iillliiliI,rustme/lilliiiliI,,1,0,540,Kotlin internals,,
iilllilIII(20).class,rustme/iilllilIII,java/lang/Object,,0,8,320,,,
iilllilIiI(8).class,rustme/iilllilIiI,java/lang/Object,,1,1,734,World gen,,
iillliliiI.class,rustme/iillliliiI,rustme/IlIlliliiI,,11,6,5258,GUI/Screen,,
iilllililI.class,rustme/iilllililI,java/lang/Object,,0,4,240,,,
iilllilliI.class,rustme/iilllilliI,java/lang/Object,kotlin/jvm/functions/Function1,5,1,1808,Kotlin internals,,
iillllIIiI(8).class,rustme/iillllIIiI,java/lang/Object,io/netty/channel/ChannelFutureListener,3,1,1213,,,
iillllIiII(16).class,rustme/iillllIiII,java/lang/Object,,0,1,173,,,
iillllIiiI.class,rustme/iillllIiiI,java/lang/Enum,rustme/ililIilIiI,11,8,2683,,,
iillllIlII(10).class,rustme/iillllIlII,java/lang/Object,,0,1,174,,,
iillllIliI(4).class,rustme/iillllIliI,java/lang/Object,kotlin/jvm/functions/Function0,3,6,2045,Kotlin internals,,
iilllliIII(18).class,rustme/iilllliIII,java/lang/Object,,0,1,173,,,
iilllliIiI(4).class,rustme/iilllliIiI,rustme/llillliIiI,,26,4,8391,,,
iilllliiII(12).class,rustme/iilllliiII,java/lang/Object,kotlin/jvm/functions/Function1,5,1,1506,Kotlin internals,,
iilllliilI.class,rustme/iilllliilI,java/lang/Object,,0,1,174,,,
iilllliliI.class,rustme/iilllliliI,java/lang/Object,,2,0,2454,Kotlin internals,,
iilllllIII(10).class,rustme/iilllllIII,java/lang/Object,,0,1,174,,,
iilllllIiI(4).class,rustme/iilllllIiI,java/lang/Object,,10,0,5144,GUI/Screen;Particles,,
iillllliiI.class,rustme/iillllliiI,java/lang/Object,rustme/lIllllliiI,5,1,3889,,,
iilllllliI.class,rustme/iilllllliI,java/lang/Object,kotlin/jvm/functions/Function1,5,1,1513,Kotlin internals,,
ilIIIIIIiI(62).class,rustme/ilIIIIIIiI,rustme/llliiIIIiI,,5,0,1976,,,
ilIIIIIiII(123).class,rustme/ilIIIIIiII,java/lang/Object,,0,1,173,,,
ilIIIIIlII(95).class,rustme/ilIIIIIlII,java/lang/Object,,0,1,174,,,
ilIIIIIliI(62).class,rustme/ilIIIIIliI,rustme/lliIIiIliI,,7,3,6381,Kotlin internals,,
ilIIIIiIII(139).class,rustme/ilIIIIiIII,java/lang/Object,,0,12,404,,,
ilIIIIiIiI(30).class,rustme/ilIIIIiIiI,java/lang/Object,com/google/common/base/Predicate,5,0,1391,Scoreboard,,
ilIIIIiiII(94).class,rustme/ilIIIIiiII,java/lang/Object,kotlin/jvm/functions/Function1,5,1,1482,Kotlin internals,,
ilIIIIiilI(15).class,rustme/ilIIIIiilI,java/lang/Object,,0,1,174,,,
ilIIIIiliI(30).class,rustme/ilIIIIiliI,java/lang/Object,,18,8,11839,Kotlin internals;Particles,,
ilIIIIlIII(95).class,rustme/ilIIIIlIII,java/lang/Object,,0,1,173,,,
ilIIIIlIiI(62).class,rustme/ilIIIIlIiI,java/lang/Object,,0,0,220,,,
ilIIIIliiI(30).class,rustme/ilIIIIliiI,rustme/lIlliIliiI,,4,5,2572,,,
ilIIIIlliI(30).class,rustme/ilIIIIlliI,java/lang/Object,kotlin/jvm/functions/Function1,5,1,1973,Kotlin internals,,
ilIIIiIIII(147).class,rustme/ilIIIiIIII,java/lang/Object,,0,6,278,,,
ilIIIiIIiI(46).class,rustme/ilIIIiIIiI,rustme/iilIIiIIiI,,11,0,3845,,,
ilIIIiIiII(110).class,rustme/ilIIIiIiII,java/lang/Object,kotlin/jvm/functions/Function1,5,1,1455,Kotlin internals,,
ilIIIiIilI(23).class,rustme/ilIIIiIilI,java/lang/Object,,0,1,174,,,
ilIIIiIliI(46).class,rustme/ilIIIiIliI,kotlin/jvm/internal/FunctionReferenceImpl,kotlin/jvm/functions/Function1,5,0,1528,Kotlin internals,,
ilIIIiiIiI(14).class,rustme/ilIIIiiIiI,java/lang/Enum,,6,18,2896,,,
ilIIIiiiII(78).class,rustme/ilIIIiiiII,java/lang/Object,kotlin/jvm/functions/Function1,5,1,1769,Kotlin internals,,
ilIIIiilII(71).class,rustme/ilIIIiilII,java/lang/Object,,0,1,174,,,
ilIIIiiliI(14).class,rustme/ilIIIiiliI,java/lang/Enum,,7,6,2214,Kotlin internals,,
ilIIIilIiI(46).class,rustme/ilIIIilIiI,java/lang/Enum,com/google/common/base/Predicate;java/lang/Iterable,11,3,3084,,,
ilIIIiliII(71).class,rustme/ilIIIiliII,java/lang/Object,,0,9,341,,,
ilIIIiliiI(14).class,rustme/ilIIIiliiI,java/lang/Object,,7,6,4482,,,
ilIIIillII(39).class,rustme/ilIIIillII,java/lang/Object,,0,1,174,,,
ilIIIilliI(14).class,rustme/ilIIIilliI,java/lang/Object,,2,2,837,Kotlin internals,,
ilIIIlIIII(79).class,rustme/ilIIIlIIII,java/lang/Object,,0,2,194,,,
ilIIIlIIiI(38).class,rustme/ilIIIlIIiI,java/lang/Object,com/google/gson/JsonDeserializer;com/google/gson/JsonSerializer,7,0,2941,,,
ilIIIlIiiI(6).class,rustme/ilIIIlIiiI,java/lang/Enum,rustme/ililIilIiI,8,3,1714,,,
ilIIIlIilI(15).class,rustme/ilIIIlIilI,java/lang/Object,,0,1,174,,,
ilIIIlIliI(30).class,rustme/ilIIIlIliI,java/lang/Object,,12,6,3889,Kotlin internals,,
ilIIIliIiI(22).class,rustme/ilIIIliIiI,java/lang/Object,,0,0,220,,,
ilIIIliiII(54).class,rustme/ilIIIliiII,java/lang/Object,kotlin/jvm/functions/Function0,4,1,954,Kotlin internals,,
ilIIIlilII(39).class,rustme/ilIIIlilII,java/lang/Object,,0,12,416,,,
ilIIIliliI(14).class,rustme/ilIIIliliI,kotlin/jvm/internal/FunctionReferenceImpl,kotlin/jvm/functions/Function1,5,0,1768,Kotlin internals,,
ilIIIllIiI(30).class,rustme/ilIIIllIiI,rustme/llIiIllIiI,,7,0,3389,,,
ilIIIlliII(39).class,rustme/ilIIIlliII,java/lang/Object,,0,3,215,,,
ilIIIlliiI(14).class,rustme/ilIIIlliiI,java/lang/Object,rustme/iIililliiI,10,3,2426,,,
ilIIIlllII(23).class,rustme/ilIIIlllII,java/lang/Object,,0,1,174,,,
ilIIIllliI(14).class,rustme/ilIIIllliI,java/lang/Object,kotlin/jvm/functions/Function1,5,1,3119,Kotlin internals,,
ilIIiIIIII(151).class,rustme/ilIIiIIIII,java/lang/Object,,0,9,341,,,
ilIIiIIIiI(54).class,rustme/ilIIiIIIiI,java/lang/Object,rustme/iIiiiIIIiI,2,0,1137,,,
ilIIiIIiII(118).class,rustme/ilIIiIIiII,java/lang/Object,,18,1,28308,Kotlin internals,,
ilIIiIIilI(27).class,rustme/ilIIiIIilI,java/lang/Object,,0,1,174,,,
ilIIiIIliI(54).class,rustme/ilIIiIIliI,rustme/IliIIiIliI,,9,2,6726,Kotlin internals,,
ilIIiIiIiI(22).class,rustme/ilIIiIiIiI,java/lang/Object,,6,4,2593,,,
ilIIiIiiII(86).class,rustme/ilIIiIiiII,java/lang/Object,kotlin/jvm/functions/Function1,5,1,1468,Kotlin internals,,
ilIIiIilII(75).class,rustme/ilIIiIilII,java/lang/Object,,0,2,196,,,
ilIIiIiliI(22).class,rustme/ilIIiIiliI,java/lang/Object,,8,3,5944,Kotlin internals,,
ilIIiIlIiI(54).class,rustme/ilIIiIlIiI,java/lang/Enum,,6,4,1453,,,
ilIIiIliII(75).class,rustme/ilIIiIliII,java/lang/Object,,0,1,173,,,
ilIIiIliiI(22).class,rustme/ilIIiIliiI,java/lang/Object,rustme/lIIIliliiI,11,11,9935,GUI/Screen,,
ilIIiIllII(43).class,rustme/ilIIiIllII,java/lang/Object,,0,1,174,,,
ilIIiIlliI(22).class,rustme/ilIIiIlliI,java/lang/Object,kotlin/jvm/functions/Function1,5,1,1963,Kotlin internals,,
ilIIiiIIiI(38).class,rustme/ilIIiiIIiI,rustme/lilllliIiI,,40,10,17428,,,
ilIIiiIiII(102).class,rustme/ilIIiiIiII,java/lang/Object,kotlin/jvm/functions/Function1,5,1,1506,Kotlin internals,,
ilIIiiIlII(83).class,rustme/ilIIiiIlII,java/lang/Object,,0,25,702,,,
ilIIiiIliI(38).class,rustme/ilIIiiIliI,rustme/iiIliiIliI,,13,1,12534,Kotlin internals,,
ilIIiiiIII(127).class,rustme/ilIIiiiIII,java/lang/Object,,0,1,173,,,
ilIIiiiIiI(6).class,rustme/ilIIiiiIiI,rustme/iillllliiI,,3,0,1439,,,
ilIIiiiiII(70).class,rustme/ilIIiiiiII,java/lang/Object,kotlin/jvm/functions/Function1,5,1,1880,Kotlin internals,,
ilIIiiiilI(3).class,rustme/ilIIiiiilI,java/lang/Object,,0,1,174,,,
ilIIiiiliI(6).class,rustme/ilIIiiiliI,java/lang/Object,,10,3,1454,,,
ilIIiilIII(83).class,rustme/ilIIiilIII,java/lang/Object,,0,7,299,,,
ilIIiilIiI(38).class,rustme/ilIIiilIiI,java/lang/Object,rustme/ililIIiIiI,9,1,1808,,,
ilIIiiliiI(6).class,rustme/ilIIiiliiI,rustme/IilIiiliiI,,2,0,1012,,,
ilIIiililI(3).class,rustme/ilIIiililI,java/lang/Object,,0,1,174,,,
ilIIiilliI(6).class,rustme/ilIIiilliI,java/lang/Object,,2,7,1116,Kotlin internals,,
ilIIilIIiI(30).class,rustme/ilIIilIIiI,java/lang/Object,rustme/llillIIIiI,8,2,1681,,,
ilIIilIiII(59).class,rustme/ilIIilIiII,java/lang/Object,,0,10,362,,,
ilIIilIlII(43).class,rustme/ilIIilIlII,java/lang/Object,,0,1,174,,,
ilIIilIliI(22).class,rustme/ilIIilIliI,java/lang/Object,,1,2,926,Kotlin internals,,
ilIIiliIII(67).class,rustme/ilIIiliIII,java/lang/Object,,0,7,299,,,
ilIIiliIiI(14).class,rustme/ilIIiliIiI,rustme/iliIiliIiI,,8,5,3740,,,
ilIIiliiII(46).class,rustme/ilIIiliiII,java/lang/Object,kotlin/jvm/functions/Function1,5,1,1641,Kotlin internals,,
ilIIiliilI(3).class,rustme/ilIIiliilI,java/lang/Object,,0,1,174,,,
ilIIililiI(6).class,rustme/ilIIililiI,rustme/IlilIIIliI,,2,1,4255,Kotlin internals,,
ilIIillIII(43).class,rustme/ilIIillIII,java/lang/Object,,0,32,824,,,
ilIIillIiI(22).class,rustme/ilIIillIiI,java/lang/Object,,9,1,1827,,,
ilIIilliiI(6).class,rustme/ilIIilliiI,java/lang/Object,,8,2,1622,,,
ilIIillliI(6).class,rustme/ilIIillliI,java/lang/Object,kotlin/jvm/functions/Function1,5,1,1468,Kotlin internals,,
ilIIlIIIII(75).class,rustme/ilIIlIIIII,java/lang/Object,,0,7,299,,,
ilIIlIIIiI(30).class,rustme/ilIIlIIIiI,io/netty/handler/codec/MessageToByteEncoder,,5,3,3943,,,
ilIIlIIilI(15).class,rustme/ilIIlIIilI,java/lang/Object,,0,1,174,,,
ilIIlIIliI(30).class,rustme/ilIIlIIliI,java/lang/Object,kotlin/jvm/functions/Function1,5,2,3796,Kotlin internals,,
ilIIlIiIiI(14).class,rustme/ilIIlIiIiI,java/lang/Object,,21,21,6403,,,
ilIIlIiiII(46).class,rustme/ilIIlIiiII,java/lang/Object,kotlin/jvm/functions/Function1,5,1,1501,Kotlin internals,,
ilIIlIilII(39).class,rustme/ilIIlIilII,java/lang/Object,,0,15,482,,,
ilIIlIiliI(14).class,rustme/ilIIlIiliI,java/lang/Object,,3,8,1598,Kotlin internals,,
ilIIlIlIiI(30).class,rustme/ilIIlIlIiI,java/lang/Object,com/google/gson/JsonDeserializer;com/google/gson/JsonSerializer,7,0,3140,,,
ilIIlIliII(39).class,rustme/ilIIlIliII,java/lang/Object,,0,2,194,,,
ilIIlIliiI(14).class,rustme/ilIIlIliiI,rustme/lililIliiI,,5,4,2139,,,
ilIIlIllII(23).class,rustme/ilIIlIllII,java/lang/Object,,0,1,174,,,
ilIIlIlliI(14).class,rustme/ilIIlIlliI,java/lang/Object,kotlin/jvm/functions/Function1,5,1,1898,Kotlin internals,,
ilIIliIIiI(22).class,rustme/ilIIliIIiI,java/lang/Object,,1,0,177,,,
ilIIliIiII(54).class,rustme/ilIIliIiII,java/lang/Object,rustme/lIIlIiIiII,5,1,1821,Kotlin internals,,
ilIIliIlII(43).class,rustme/ilIIliIlII,java/lang/Object,,0,1,174,,,
ilIIliIliI(22).class,rustme/ilIIliIliI,java/lang/Object,,7,3,1868,Kotlin internals,,
ilIIliiIII(63).class,rustme/ilIIliiIII,java/lang/Object,,0,1,173,,,
ilIIliiIiI(6).class,rustme/ilIIliiIiI,rustme/IIlIliiIiI,,4,1,4576,,,
ilIIliiiII(38).class,rustme/ilIIliiiII,java/lang/Object,kotlin/jvm/functions/Function1,5,1,3114,Kotlin internals,,
ilIIliiilI(3).class,rustme/ilIIliiilI,java/lang/Object,,0,1,174,,,
ilIIliiliI(6).class,rustme/ilIIliiliI,java/lang/Object,,4,4,1396,Kotlin internals,,
ilIIlilIII(43).class,rustme/ilIIlilIII,java/lang/Object,,0,5,257,,,
ilIIlilIiI(22).class,rustme/ilIIlilIiI,java/lang/Object,java/lang/Iterable,9,0,777,,,
ilIIliliiI(6).class,rustme/ilIIliliiI,rustme/iIiiiIliiI,,9,0,2315,GUI/Screen,,
ilIIlililI(3).class,rustme/ilIIlililI,java/lang/Object,,0,5,262,,,
ilIIlilliI(6).class,rustme/ilIIlilliI,java/lang/Object,,6,2,3293,Kotlin internals,,
ilIIllIIiI(22).class,rustme/ilIIllIIiI,java/lang/Object,,15,11,9779,,,
ilIIllIiII(35).class,rustme/ilIIllIiII,java/lang/Object,,0,1,173,,,
ilIIllIiiI(6).class,rustme/ilIIllIiiI,java/lang/Object,com/google/common/base/Predicate,3,0,984,,,
ilIIllIlII(23).class,rustme/ilIIllIlII,java/lang/Object,,0,1,174,,,
ilIIllIliI(14).class,rustme/ilIIllIliI,kotlin/coroutines/jvm/internal/SuspendLambda,kotlin/jvm/functions/Function2,7,3,3569,Kotlin internals,,
ilIIlliIII(39).class,rustme/ilIIlliIII,java/lang/Object,,0,2,194,,,
ilIIlliIiI(14).class,rustme/ilIIlliIiI,rustme/iIIllliIiI,,11,0,4122,,,
ilIIlliiII(30).class,rustme/ilIIlliiII,java/lang/Object,kotlin/jvm/functions/Function1,5,1,1974,Kotlin internals,,
ilIIlliilI(3).class,rustme/ilIIlliilI,java/lang/Object,,0,1,174,,,
ilIIlliliI(6).class,rustme/ilIIlliliI,java/lang/Object,,1,1,653,Kotlin internals,,
ilIIlllIII(23).class,rustme/ilIIlllIII,java/lang/Object,,0,1,174,,,
ilIIlllIiI(14).class,rustme/ilIIlllIiI,java/lang/Object,,3,0,290,,,
ilIIllliiI(6).class,rustme/ilIIllliiI,rustme/lIIIllliiI,,5,4,2972,,,
ilIIlllliI(6).class,rustme/ilIIlllliI,java/lang/Object,kotlin/jvm/functions/Function1,5,1,3339,Kotlin internals,,
ilIiIIIIII(153).class,rustme/ilIiIIIIII,java/lang/Object,,0,7,299,,,
ilIiIIIIiI(58).class,rustme/ilIiIIIIiI,java/lang/Object,rustme/iIiiiIIIiI,2,0,1007,,,
ilIiIIIilI(29).class,rustme/ilIiIIIilI,java/lang/Object,,0,1,174,,,
ilIiIIIliI(58).class,rustme/ilIiIIIliI,rustme/IliIIiIliI,,8,3,4196,Kotlin internals,,
ilIiIIiIiI(26).class,rustme/ilIiIIiIiI,rustme/IIlliIiIiI,,9,0,2758,,,
ilIiIIiiII(90).class,rustme/ilIiIIiiII,java/lang/Object,kotlin/jvm/functions/Function1,5,1,5414,Kotlin internals,,
ilIiIIilII(77).class,rustme/ilIiIIilII,java/lang/Object,,0,10,372,,,
ilIiIIiliI(26).class,rustme/ilIiIIiliI,rustme/iiiliIiliI,,3,1,874,Kotlin internals,,
ilIiIIlIiI(58).class,rustme/ilIiIIlIiI,rustme/IIIiIIlIiI,,2,0,1364,,,
ilIiIIliII(77).class,rustme/ilIiIIliII,java/lang/Object,,0,1,173,,,
ilIiIIliiI(26).class,rustme/ilIiIIliiI,rustme/lIlliIliiI,,3,2,1915,,,
ilIiIIllII(45).class,rustme/ilIiIIllII,java/lang/Object,,0,1,174,,,
ilIiIIlliI(26).class,rustme/ilIiIIlliI,java/lang/Object,kotlin/jvm/functions/Function1,5,1,2784,Kotlin internals,,
ilIiIiIIiI(42).class,rustme/ilIiIiIIiI,java/lang/Object,rustme/iIIiIiIIiI,3,2,1653,,,
ilIiIiIiII(106).class,rustme/ilIiIiIiII,java/lang/Object,kotlin/jvm/functions/Function1,5,1,1506,Kotlin internals,,
ilIiIiIlII(85).class,rustme/ilIiIiIlII,java/lang/Object,,0,69,1670,,,
ilIiIiIliI(42).class,rustme/ilIiIiIliI,rustme/IiIiIiIliI,,7,3,3856,Kotlin internals,,
ilIiIiiIII(129).class,rustme/ilIiIiiIII,java/lang/Object,,0,3,215,,,
ilIiIiiIiI(10).class,rustme/ilIiIiiIiI,rustme/IlilllliiI,,2,0,899,,,
ilIiIiiiII(74).class,rustme/ilIiIiiiII,java/lang/Object,kotlin/jvm/functions/Function1,5,1,1641,Kotlin internals,,
ilIiIiiilI(5).class,rustme/ilIiIiiilI,java/lang/Object,,0,1,174,,,
ilIiIiiliI(10).class,rustme/ilIiIiiliI,rustme/lilliiiliI,,1,0,293,,,
ilIiIilIII(85).class,rustme/ilIiIilIII,java/lang/Object,,0,5,257,,,
ilIiIilIiI(42).class,rustme/ilIiIilIiI,java/lang/Object,,1,0,215,,,
ilIiIiliiI(10).class,rustme/ilIiIiliiI,rustme/iIIIiiliiI,,9,5,3889,,,
ilIiIililI(5).class,rustme/ilIiIililI,java/lang/Object,,0,94,2220,,,
ilIiIilliI(10).class,rustme/ilIiIilliI,rustme/llIiIilliI,,4,1,2690,Kotlin internals,,
ilIiIlIIiI(34).class,rustme/ilIiIlIIiI,java/lang/Object,rustme/llillIIIiI,24,12,4593,,,
ilIiIlIiII(61).class,rustme/ilIiIlIiII,java/lang/Object,,0,1,173,,,
ilIiIlIiiI(2).class,rustme/ilIiIlIiiI,rustme/lIIiIlIiiI,,3,0,1119,,,
ilIiIlIlII(45).class,rustme/ilIiIlIlII,java/lang/Object,,0,1,174,,,
ilIiIlIliI(26).class,rustme/ilIiIlIliI,java/lang/Object,,20,1,17992,Kotlin internals,,
ilIiIliIII(69).class,rustme/ilIiIliIII,java/lang/Object,,0,64,1496,,,
ilIiIliIiI(18).class,rustme/ilIiIliIiI,java/lang/Object,,5,3,1669,,,
ilIiIliiII(50).class,rustme/ilIiIliiII,java/lang/Object,kotlin/jvm/functions/Function1,5,1,3175,Kotlin internals,,
ilIiIliilI(5).class,rustme/ilIiIliilI,java/lang/Object,,0,1,174,,,
ilIiIliliI(10).class,rustme/ilIiIliliI,rustme/llIiIliliI,,19,24,9831,Kotlin internals,,
ilIiIllIII(45).class,rustme/ilIiIllIII,java/lang/Object,,0,16,488,,,
ilIiIllIiI(26).class,rustme/ilIiIllIiI,java/lang/Object,,5,4,998,,,
ilIiIlliiI(10).class,rustme/ilIiIlliiI,java/lang/Object,,7,2,2160,,,
ilIiIllliI(10).class,rustme/ilIiIllliI,java/lang/Object,kotlin/jvm/functions/Function1,5,1,5101,Kotlin internals,,
ilIiiIIIiI(50).class,rustme/ilIiiIIIiI,java/lang/Object,rustme/iIiiiIIIiI,2,0,879,,,
ilIiiIIiII(114).class,rustme/ilIiiIIiII,java/lang/Object,rustme/lIIlIiIiII,38,17,8609,Kotlin internals,,
ilIiiIIlII(89).class,rustme/ilIiiIIlII,java/lang/Object,,0,2,196,,,
ilIiiIIliI(50).class,rustme/ilIiiIIliI,rustme/IlilIIIliI,,11,8,4422,Kotlin internals,,
ilIiiIiIII(133).class,rustme/ilIiiIiIII,java/lang/Object,,0,4,236,,,
ilIiiIiIiI(18).class,rustme/ilIiiIiIiI,java/lang/Object,java/lang/Comparable,10,4,1882,,,
ilIiiIiiII(82).class,rustme/ilIiiIiiII,java/lang/Object,kotlin/jvm/functions/Function1,5,1,1482,Kotlin internals,,
ilIiiIiilI(9).class,rustme/ilIiiIiilI,java/lang/Object,,0,1,174,,,
ilIiiIiliI(18).class,rustme/ilIiiIiliI,java/lang/Object,,6,2,2319,Kotlin internals,,
ilIiiIlIII(89).class,rustme/ilIiiIlIII,java/lang/Object,,0,2,194,,,
ilIiiIlIiI(50).class,rustme/ilIiiIlIiI,rustme/IIlllilIiI,,2,0,611,,,
ilIiiIliiI(18).class,rustme/ilIiiIliiI,rustme/iIIiiIliiI,,2,3,1557,GUI/Screen,,
ilIiiIlilI(9).class,rustme/ilIiiIlilI,java/lang/Object,,0,5,262,,,
ilIiiIlliI(18).class,rustme/ilIiiIlliI,java/lang/Object,kotlin/jvm/functions/Function1,5,1,1468,Kotlin internals,,
ilIiiiIIII(141).class,rustme/ilIiiiIIII,java/lang/Object,,0,5,257,,,
ilIiiiIIiI(34).class,rustme/ilIiiiIIiI,rustme/iliIiliIiI,,5,2,1595,,,
ilIiiiIiII(98).class,rustme/ilIiiiIiII,java/lang/Object,kotlin/jvm/functions/Function1,5,1,2808,Kotlin internals,,
ilIiiiIilI(17).class,rustme/ilIiiiIilI,java/lang/Object,,0,1,174,,,
ilIiiiIliI(34).class,rustme/ilIiiiIliI,rustme/iiIliiIliI,rustme/IllllliliI;rustme/lIiiiiIliI,30,10,32477,Kotlin internals,,
ilIiiiiIiI(2).class,rustme/ilIiiiiIiI,rustme/iIlIiiiIiI,,7,2,2129,Texture,,
ilIiiiiiII(66).class,rustme/ilIiiiiiII,java/lang/Object,kotlin/jvm/functions/Function1,5,1,5503,Kotlin internals,,
ilIiiiilII(65).class,rustme/ilIiiiilII,java/lang/Object,,0,18,548,,,
ilIiiiiliI(2).class,rustme/ilIiiiiliI,java/lang/Object,,13,3,1921,,,
ilIiiilIiI(34).class,rustme/ilIiiilIiI,rustme/IIiIiilIiI,rustme/iiIlIilIiI,26,11,9242,,,
ilIiiiliII(65).class,rustme/ilIiiiliII,java/lang/Object,,0,1,173,,,
ilIiiiliiI(2).class,rustme/ilIiiiliiI,rustme/IillilIiiI,,8,1,2954,,,
ilIiiillII(33).class,rustme/ilIiiillII,java/lang/Object,,0,1,174,,,
ilIiiilliI(2).class,rustme/ilIiiilliI,java/lang/Object,kotlin/jvm/functions/Function1,2,2,2100,Kotlin internals,,
ilIiilIIII(73).class,rustme/ilIiilIIII,java/lang/Object,,0,1,173,,,
ilIiilIIiI(26).class,rustme/ilIiilIIiI,java/lang/Object,rustme/llillIIIiI,5,0,982,,,
ilIiilIilI(9).class,rustme/ilIiilIilI,java/lang/Object,,0,1,174,,,
ilIiilIliI(18).class,rustme/ilIiilIliI,java/lang/Object,kotlin/jvm/functions/Function1,5,2,3778,Kotlin internals,,
ilIiiliIiI(10).class,rustme/ilIiiliIiI,rustme/llIiiliIiI,,2,0,600,,,
ilIiiliiII(42).class,rustme/ilIiiliiII,java/lang/Object,kotlin/jvm/functions/Function1,5,1,1469,Kotlin internals,,
ilIiililII(33).class,rustme/ilIiililII,java/lang/Object,,0,2,196,,,
ilIiililiI(2).class,rustme/ilIiililiI,java/lang/Object,,2,0,975,Kotlin internals,,
ilIiillIiI(18).class,rustme/ilIiillIiI,java/lang/Object,,3,0,287,,,
ilIiilliII(33).class,rustme/ilIiilliII,java/lang/Object,,0,6,278,,,
ilIiilliiI(2).class,rustme/ilIiilliiI,java/lang/Object,rustme/iililIliiI,2,0,1035,Particles,,
ilIiilllII(17).class,rustme/ilIiilllII,java/lang/Object,,0,1,174,,,
ilIiillliI(2).class,rustme/ilIiillliI,java/lang/Object,kotlin/jvm/functions/Function1,5,1,3069,Kotlin internals,,
ilIilIIIiI(26).class,rustme/ilIilIIIiI,java/lang/Object,,0,0,220,,,
ilIilIIiII(57).class,rustme/ilIilIIiII,java/lang/Object,,0,2,194,,,
ilIilIIlII(45).class,rustme/ilIilIIlII,java/lang/Object,,0,1,174,,,
ilIilIIliI(26).class,rustme/ilIilIIliI,rustme/IililIIliI,,2,0,1804,Kotlin internals,,
ilIilIiIII(65).class,rustme/ilIilIiIII,java/lang/Object,,0,2,194,,,
ilIilIiIiI(10).class,rustme/ilIilIiIiI,java/lang/Object,rustme/IiiIlIiIiI,5,0,1383,,,
ilIilIiiII(42).class,rustme/ilIilIiiII,java/lang/Object,kotlin/jvm/functions/Function1,5,1,1474,Kotlin internals,,
ilIilIiilI(5).class,rustme/ilIilIiilI,java/lang/Object,,0,3,218,,,
ilIilIiliI(10).class,rustme/ilIilIiliI,java/lang/Object,,6,1,3967,Kotlin internals;Sounds,,
ilIilIlIII(45).class,rustme/ilIilIlIII,java/lang/Object,,0,4,236,,,
ilIilIlIiI(26).class,rustme/ilIilIlIiI,rustme/llllIIlIiI,,2,1,1089,,,
ilIilIliiI(10).class,rustme/ilIilIliiI,java/lang/Object,,0,0,220,,,
ilIilIlliI(10).class,rustme/ilIilIlliI,java/lang/Object,kotlin/jvm/functions/Function1,5,1,1468,Kotlin internals,,
ilIiliIIII(69).class,rustme/ilIiliIIII,java/lang/Object,,0,3,215,,,
ilIiliIIiI(18).class,rustme/ilIiliIIiI,rustme/IIIiliIIiI,,9,2,3697,,,
ilIiliIiII(50).class,rustme/ilIiliIiII,java/lang/Object,rustme/lIIlIiIiII,11,4,3296,Kotlin internals,,
ilIiliIilI(9).class,rustme/ilIiliIilI,java/lang/Object,,0,1,174,,,
ilIiliIliI(18).class,rustme/ilIiliIliI,kotlin/properties/ObservableProperty,,4,1,2510,Kotlin internals,,
ilIiliiIiI(2).class,rustme/ilIiliiIiI,java/lang/Object,,4,2,1682,,,
ilIiliiiII(34).class,rustme/ilIiliiiII,java/lang/Object,kotlin/jvm/functions/Function1,5,1,1539,Kotlin internals,,
ilIiliilII(33).class,rustme/ilIiliilII,java/lang/Object,,0,4,240,,,
ilIiliiliI(2).class,rustme/ilIiliiliI,java/lang/Object,,13,3,3233,Kotlin internals,,
ilIililIiI(18).class,rustme/ilIililIiI,java/util/AbstractList,,11,2,2922,,,
ilIililiII(33).class,rustme/ilIililiII,java/lang/Object,,0,2,194,,,
ilIililiiI(2).class,rustme/ilIililiiI,java/lang/Object,,1,0,196,,,
ilIilillII(17).class,rustme/ilIilillII,java/lang/Object,,0,1,174,,,
ilIililliI(2).class,rustme/ilIililliI,java/lang/Object,kotlinx/serialization/internal/GeneratedSerializer,9,2,5056,Kotlin internals,,
ilIillIIII(41).class,rustme/ilIillIIII,java/lang/Object,,0,20,572,,,
ilIillIIiI(18).class,rustme/ilIillIIiI,java/lang/Object,rustme/iiIillIIiI,4,1,899,,,
ilIillIiiI(2).class,rustme/ilIillIiiI,java/lang/Object,,1,2,916,,,
ilIillIilI(5).class,rustme/ilIillIilI,java/lang/Object,,0,1,174,,,
ilIillIliI(10).class,rustme/ilIillIliI,java/lang/Object,,2,4,874,Kotlin internals,,
ilIilliIiI(10).class,rustme/ilIilliIiI,rustme/IIlIIliIiI,rustme/IIlIIIlIiI,48,17,23746,,,
ilIilliiII(26).class,rustme/ilIilliiII,java/lang/Object,kotlin/jvm/functions/Function1,5,1,1506,Kotlin internals,,
ilIillilII(17).class,rustme/ilIillilII,java/lang/Object,,0,2,196,,,
ilIilliliI(2).class,rustme/ilIilliliI,kotlin/jvm/internal/MutablePropertyReference1Impl,,5,1,1397,Kotlin internals,,
ilIilllIiI(10).class,rustme/ilIilllIiI,java/lang/Object,rustme/iIlilllIiI,3,2,988,,,
ilIillliII(17).class,rustme/ilIillliII,java/lang/Object,,0,7,299,,,
ilIillliiI(2).class,rustme/ilIillliiI,java/lang/Object,,5,7,2081,,,
ilIillllII(9).class,rustme/ilIillllII,java/lang/Object,,0,1,174,,,
ilIilllliI(2).class,rustme/ilIilllliI,java/lang/Object,kotlin/jvm/functions/Function1,5,1,1899,Kotlin internals,,
ilIlIIIIII(77).class,rustme/ilIlIIIIII,java/lang/Object,,0,1,173,,,
ilIlIIIIiI(30).class,rustme/ilIlIIIIiI,java/lang/Object,,5,2,1332,,,
ilIlIIIilI(15).class,rustme/ilIlIIIilI,java/lang/Object,,0,1,174,,,
ilIlIIIliI(30).class,rustme/ilIlIIIliI,java/lang/Object,,12,12,7491,Kotlin internals,,
ilIlIIiIiI(14).class,rustme/ilIlIIiIiI,rustme/IIlliIiIiI,,8,0,2501,,,
ilIlIIiiII(46).class,rustme/ilIlIIiiII,java/lang/Object,,51,22,16376,Kotlin internals,,
ilIlIIilII(39).class,rustme/ilIlIIilII,java/lang/Object,,0,12,416,,,
ilIlIIiliI(14).class,rustme/ilIlIIiliI,java/lang/Object,,7,4,1971,Kotlin internals,,
ilIlIIlIiI(30).class,rustme/ilIlIIlIiI,java/lang/Object,,6,2,3571,,,
ilIlIIliII(39).class,rustme/ilIlIIliII,java/lang/Object,,0,27,719,,,
ilIlIIliiI(14).class,rustme/ilIlIIliiI,java/lang/Object,,12,3,4387,,,
ilIlIIllII(23).class,rustme/ilIlIIllII,java/lang/Object,,0,1,174,,,
ilIlIIlliI(14).class,rustme/ilIlIIlliI,java/lang/Object,kotlin/jvm/functions/Function1,5,1,3374,Kotlin internals,,
ilIlIiIIiI(22).class,rustme/ilIlIiIIiI,rustme/IIiiliIIiI,,2,0,2313,,,
ilIlIiIiII(54).class,rustme/ilIlIiIiII,rustme/IlIlIiIiII,rustme/lillIiIiII,7,3,2285,Kotlin internals,,
ilIlIiIlII(43).class,rustme/ilIlIiIlII,java/lang/Object,,0,10,372,,,
ilIlIiIliI(22).class,rustme/ilIlIiIliI,rustme/IliIIiIliI,,14,15,12925,Kotlin internals,,
ilIlIiiIII(65).class,rustme/ilIlIiiIII,java/lang/Object,,0,12,404,,,
ilIlIiiIiI(6).class,rustme/ilIlIiiIiI,java/lang/Object,,1,1,695,,,
ilIlIiiiII(38).class,rustme/ilIlIiiiII,java/lang/Object,kotlin/jvm/functions/Function1,5,1,1463,Kotlin internals,,
ilIlIiiilI(3).class,rustme/ilIlIiiilI,java/lang/Object,,0,1,174,,,
ilIlIiiliI(6).class,rustme/ilIlIiiliI,rustme/iillIiiliI,,5,0,2572,Kotlin internals,,
ilIlIilIII(43).class,rustme/ilIlIilIII,java/lang/Object,,0,4,236,,,
ilIlIilIiI(22).class,rustme/ilIlIilIiI,java/lang/Object,,36,6,9610,,,
ilIlIiliiI(6).class,rustme/ilIlIiliiI,java/lang/Object,,1,0,195,,,
ilIlIililI(3).class,rustme/ilIlIililI,java/lang/Object,,0,1,174,,,
ilIlIilliI(6).class,rustme/ilIlIilliI,java/lang/Object,,2,2,815,Kotlin internals,,
ilIlIlIIiI(20).class,rustme/ilIlIlIIiI,rustme/liilIlIIiI,,8,0,3278,,,
ilIlIlIiII(33).class,rustme/ilIlIlIiII,java/lang/Object,,0,2,194,,,
ilIlIlIiiI(4).class,rustme/ilIlIlIiiI,rustme/IillilIiiI,,31,8,13881,,,
ilIlIlIlII(23).class,rustme/ilIlIlIlII,java/lang/Object,,0,1,174,,,
ilIlIlIliI(14).class,rustme/ilIlIlIliI,java/lang/Object,,25,0,6110,Kotlin internals,,
ilIlIliIII(37).class,rustme/ilIlIliIII,java/lang/Object,,0,2,194,,,
ilIlIliIiI(12).class,rustme/ilIlIliIiI,java/lang/Object,,20,26,15931,Kotlin internals,,
ilIlIliiII(28).class,rustme/ilIlIliiII,java/lang/Object,kotlin/jvm/functions/Function1,5,1,2627,Kotlin internals,,
ilIlIliilI(3).class,rustme/ilIlIliilI,java/lang/Object,,0,1,174,,,
ilIlIliliI(6).class,rustme/ilIlIliliI,java/lang/Object,kotlin/jvm/functions/Function0,3,1,1437,Kotlin internals,,
ilIlIllIII(23).class,rustme/ilIlIllIII,java/lang/Object,,0,1,174,,,
ilIlIllIiI(14).class,rustme/ilIlIllIiI,rustme/llIiIllIiI,,7,0,1837,,,
ilIlIlliiI(6).class,rustme/ilIlIlliiI,java/lang/Object,,1,1,897,,,
ilIlIllliI(6).class,rustme/ilIlIllliI,java/lang/Object,kotlin/jvm/functions/Function1,5,1,1973,Kotlin internals,,
ilIliIIIiI(26).class,rustme/ilIliIIIiI,rustme/llliiIIIiI,,6,0,4297,,,
ilIliIIiII(58).class,rustme/ilIliIIiII,java/lang/Object,,0,0,488,Kotlin internals,,
ilIliIIlII(45).class,rustme/ilIliIIlII,java/lang/Object,,0,1,174,,,
ilIliIIliI(26).class,rustme/ilIliIIliI,kotlin/properties/ObservableProperty,,4,1,3541,Kotlin internals,,
ilIliIiIII(67).class,rustme/ilIliIiIII,java/lang/Object,,0,2,194,,,
ilIliIiIiI(10).class,rustme/ilIliIiIiI,java/lang/Object,,1,0,493,,,
ilIliIiiII(42).class,rustme/ilIliIiiII,java/lang/Object,kotlin/jvm/functions/Function1,5,1,1451,Kotlin internals,,
ilIliIiilI(5).class,rustme/ilIliIiilI,java/lang/Object,,0,1,174,,,
ilIliIiliI(10).class,rustme/ilIliIiliI,java/lang/Object,,25,29,16514,Kotlin internals,,
ilIliIlIII(45).class,rustme/ilIliIlIII,java/lang/Object,,0,5,257,,,
ilIliIlIiI(26).class,rustme/ilIliIlIiI,java/lang/Enum,,12,8,4488,,,
ilIliIliiI(10).class,rustme/ilIliIliiI,java/lang/Object,rustme/IiiIlIiIiI,3,1,1068,,,
ilIliIlilI(5).class,rustme/ilIliIlilI,java/lang/Object,,0,4,240,,,
ilIliIlliI(10).class,rustme/ilIliIlliI,java/lang/Object,kotlin/jvm/functions/Function1,5,1,3409,Kotlin internals,,
ilIliiIIII(71).class,rustme/ilIliiIIII,java/lang/Object,,0,9,341,,,
ilIliiIIiI(18).class,rustme/ilIliiIIiI,rustme/IllIiiIIiI,,7,0,1512,,,
ilIliiIiII(50).class,rustme/ilIliiIiII,java/lang/Object,kotlin/jvm/functions/Function1,5,1,3530,Kotlin internals,,
ilIliiIilI(9).class,rustme/ilIliiIilI,java/lang/Object,,0,1,174,,,
ilIliiIliI(18).class,rustme/ilIliiIliI,java/lang/Object,,1,1,653,Kotlin internals,,
ilIliiiIiI(2).class,rustme/ilIliiiIiI,java/lang/Object,,1,1,853,,,
ilIliiiiII(34).class,rustme/ilIliiiiII,java/lang/Object,kotlin/jvm/functions/Function1,5,1,1714,Kotlin internals,,
ilIliiilII(33).class,rustme/ilIliiilII,java/lang/Object,,0,8,328,,,
ilIliiiliI(2).class,rustme/ilIliiiliI,java/lang/Object,,30,17,4217,,,
ilIliilIiI(18).class,rustme/ilIliilIiI,java/lang/Object,rustme/IlIiIilIiI,5,0,950,,,
ilIliiliII(33).class,rustme/ilIliiliII,java/lang/Object,,0,12,404,,,
ilIliiliiI(2).class,rustme/ilIliiliiI,rustme/iIIiIlIiiI,rustme/iIliIiliiI,18,4,7409,,,
ilIliillII(17).class,rustme/ilIliillII,java/lang/Object,,0,1,174,,,
ilIliilliI(2).class,rustme/ilIliilliI,java/lang/Object,,3,0,2433,Kotlin internals,,
ilIlilIIII(39).class,rustme/ilIlilIIII,java/lang/Object,,0,1,173,,,
ilIlilIIiI(16).class,rustme/ilIlilIIiI,java/lang/Object,,5,3,1477,,,
ilIlilIiiI.class,rustme/ilIlilIiiI,java/lang/Object,java/lang/Cloneable;java/io/Serializable,1,0,436,,,
ilIlilIilI(5).class,rustme/ilIlilIilI,java/lang/Object,,0,1,174,,,
ilIlilIliI(10).class,rustme/ilIlilIliI,rustme/iIIlilIliI,,13,4,2959,Kotlin internals,,
ilIliliIiI(8).class,rustme/ilIliliIiI,rustme/illliliIiI,,3,3,1344,,,
ilIliliiII(24).class,rustme/ilIliliiII,java/lang/Object,kotlin/jvm/functions/Function1,5,1,2877,Kotlin internals,,
ilIlililII(17).class,rustme/ilIlililII,java/lang/Object,,0,2,196,,,
ilIlililiI(2).class,rustme/ilIlililiI,java/lang/Object,kotlin/jvm/functions/Function0,3,1,1274,Kotlin internals,,
ilIlillIiI(10).class,rustme/ilIlillIiI,java/lang/Object,java/util/Comparator,2,0,905,,,
ilIlilliII(17).class,rustme/ilIlilliII,java/lang/Object,,0,1,173,,,
ilIlilliiI(2).class,rustme/ilIlilliiI,java/lang/Object,com/google/common/base/Predicate,3,1,1223,,,
ilIlilllII(9).class,rustme/ilIlilllII,java/lang/Object,,0,3,218,,,
ilIlillliI(2).class,rustme/ilIlillliI,java/lang/Object,kotlin/jvm/functions/Function1,5,1,3202,Kotlin internals,,
ilIllIIIiI(14).class,rustme/ilIllIIIiI,java/lang/Object,rustme/llillIIIiI,11,6,2634,,,
ilIllIIiII(29).class,rustme/ilIllIIiII,java/lang/Object,,0,1,173,,,
ilIllIIlII(23).class,rustme/ilIllIIlII,java/lang/Object,,0,1,174,,,
ilIllIIliI(14).class,rustme/ilIllIIliI,kotlin/jvm/internal/FunctionReferenceImpl,kotlin/jvm/functions/Function0,5,1,1274,Kotlin internals,,
ilIllIiIII(33).class,rustme/ilIllIiIII,java/lang/Object,,0,1,173,,,
ilIllIiIiI(6).class,rustme/ilIllIiIiI,java/lang/Object,rustme/IlIllIiIiI,2,2,743,,,
ilIllIiiII(22).class,rustme/ilIllIiiII,java/lang/Object,kotlin/jvm/functions/Function1,5,1,1468,Kotlin internals,,
ilIllIiilI(3).class,rustme/ilIllIiilI,java/lang/Object,,0,1,174,,,
ilIllIiliI(6).class,rustme/ilIllIiliI,kotlin/coroutines/jvm/internal/SuspendLambda,kotlin/jvm/functions/Function2,7,3,3702,Kotlin internals,,
ilIllIlIII(23).class,rustme/ilIllIlIII,java/lang/Object,,0,1,173,,,
ilIllIlIiI(14).class,rustme/ilIllIlIiI,rustme/lIllIilIiI,,1,1,642,,,
ilIllIliiI(6).class,rustme/ilIllIliiI,rustme/lililIliiI,,4,1,2405,Particles,,
ilIllIlliI(6).class,rustme/ilIllIlliI,java/lang/Object,kotlin/jvm/functions/Function1,5,1,2507,Kotlin internals,,
ilIlliIIII(35).class,rustme/ilIlliIIII,java/lang/Object,,0,6,278,,,
ilIlliIIiI(10).class,rustme/ilIlliIIiI,java/lang/Object,rustme/iiIlliIIiI,10,0,5168,,,
ilIlliIiII(26).class,rustme/ilIlliIiII,rustme/IIIlliIiII,,7,2,2165,Kotlin internals,,
ilIlliIilI(5).class,rustme/ilIlliIilI,java/lang/Object,,0,1,174,,,
ilIlliIliI(10).class,rustme/ilIlliIliI,rustme/IliIIiIliI,,6,1,5782,GUI/Screen;Texture;Kotlin internals,,
ilIlliiIiI(2).class,rustme/ilIlliiIiI,java/lang/Object,rustme/llIlliiIiI,1,3,485,,,
ilIlliiiII(18).class,rustme/ilIlliiiII,java/lang/Object,kotlin/jvm/functions/Function1,5,1,2013,Kotlin internals,,
ilIlliilII(17).class,rustme/ilIlliilII,java/lang/Object,,0,1,174,,,
ilIlliiliI(2).class,rustme/ilIlliiliI,rustme/lilliiiliI,,5,2,1936,Kotlin internals,,
ilIllilIiI(10).class,rustme/ilIllilIiI,java/lang/Object,,20,6,4284,,,
ilIlliliII(17).class,rustme/ilIlliliII,java/lang/Object,,0,1,173,,,
ilIlliliiI(2).class,rustme/ilIlliliiI,rustme/lIIlliliiI,,4,0,1114,,,
ilIllillII(9).class,rustme/ilIllillII,java/lang/Object,,0,1,174,,,
ilIllilliI(2).class,rustme/ilIllilliI,java/lang/Object,kotlin/jvm/functions/Function1,5,1,1808,Kotlin internals,,
ilIlllIIII(21).class,rustme/ilIlllIIII,java/lang/Object,,0,1,173,,,
ilIlllIIiI(10).class,rustme/ilIlllIIiI,java/lang/Object,rustme/llilIilIiI;java/lang/Runnable;rustme/ililIIiIiI,120,53,34241,,,
ilIlllIiiI(2).class,rustme/ilIlllIiiI,java/lang/Enum,,6,3,1360,,,
ilIlllIilI(3).class,rustme/ilIlllIilI,java/lang/Object,,0,1,174,,,
ilIlllIliI(6).class,rustme/ilIlllIliI,java/lang/Object,kotlin/jvm/functions/Function0,4,1,1125,Kotlin internals,,
ilIllliIiI(6).class,rustme/ilIllliIiI,rustme/lIliiiIIiI,,7,1,1529,,,
ilIllliiII(14).class,rustme/ilIllliiII,java/lang/Object,kotlin/jvm/functions/Function1,5,1,2709,Kotlin internals,,
ilIlllilII(9).class,rustme/ilIlllilII,java/lang/Object,,0,4,240,,,
ilIllliliI(2).class,rustme/ilIllliliI,java/lang/Object,,6,3,3555,Kotlin internals,,
ilIllllIiI(6).class,rustme/ilIllllIiI,java/lang/Object,,13,1,7762,,,
ilIlllliII(9).class,rustme/ilIlllliII,java/lang/Object,,0,59,1391,,,
ilIlllliiI(2).class,rustme/ilIlllliiI,java/lang/Object,,1,5,1208,,,
ilIlllllII(5).class,rustme/ilIlllllII,java/lang/Object,,0,24,680,,,
ilIllllliI(2).class,rustme/ilIllllliI,java/lang/Object,kotlin/jvm/functions/Function1,5,1,1468,Kotlin internals,,
iliIIIIIII(154).class,rustme/iliIIIIIII,java/lang/Object,,0,62,1454,,,
iliIIIIIiI(60).class,rustme/iliIIIIIiI,rustme/llliiIIIiI,,2,0,2180,,,
iliIIIIilI(30).class,rustme/iliIIIIilI,java/lang/Object,,0,1,174,,,
iliIIIIliI(60).class,rustme/iliIIIIliI,rustme/IIiIIIIliI,,17,15,10422,Kotlin internals,,
iliIIIiIiI(28).class,rustme/iliIIIiIiI,rustme/IIlliIiIiI,,10,0,4633,,,
iliIIIiiII(92).class,rustme/iliIIIiiII,java/lang/Object,kotlin/jvm/functions/Function1,5,1,3158,Kotlin internals,,
iliIIIilII(78).class,rustme/iliIIIilII,java/lang/Object,,0,6,284,,,
iliIIIiliI(28).class,rustme/iliIIIiliI,java/lang/Object,,7,4,5227,Kotlin internals;Particles,,
iliIIIlIiI(60).class,rustme/iliIIIlIiI,rustme/IIIiIIlIiI,,4,0,1900,,,
iliIIIliII(78).class,rustme/iliIIIliII,java/lang/Object,,0,3,215,,,
iliIIIliiI(28).class,rustme/iliIIIliiI,rustme/lIlliIliiI,,3,8,2286,,,
iliIIIllII(46).class,rustme/iliIIIllII,java/lang/Object,,0,1,174,,,
iliIIIlliI(28).class,rustme/iliIIIlliI,java/lang/Object,kotlin/jvm/functions/Function1,5,1,1962,Kotlin internals,,
iliIIiIIiI(44).class,rustme/iliIIiIIiI,rustme/IIiIIiIIiI,rustme/IIIIliIIiI,87,32,34282,,,
iliIIiIiII(108).class,rustme/iliIIiIiII,java/lang/Object,kotlin/jvm/functions/Function1,5,1,1501,Kotlin internals,,
iliIIiIlII(86).class,rustme/iliIIiIlII,java/lang/Object,,0,4,240,,,
iliIIiIliI(44).class,rustme/iliIIiIliI,rustme/IlilIIIliI,rustme/iiiiililiI,57,15,20781,Kotlin internals,,
iliIIiiIII(130).class,rustme/iliIIiiIII,java/lang/Object,,0,2,194,,,
iliIIiiIiI(12).class,rustme/iliIIiiIiI,java/lang/Object,,1,2,520,,,
iliIIiiiII(76).class,rustme/iliIIiiiII,java/lang/Object,kotlin/jvm/functions/Function1,5,1,1769,Kotlin internals,,
iliIIiiilI(6).class,rustme/iliIIiiilI,java/lang/Object,,0,1,174,,,
iliIIiiliI(12).class,rustme/iliIIiiliI,java/lang/Object,,5,1,2271,,,
iliIIilIII(86).class,rustme/iliIIilIII,java/lang/Object,,0,14,446,,,
iliIIilIiI(44).class,rustme/iliIIilIiI,java/lang/Object,com/google/common/base/Predicate,3,4,1285,,,
iliIIiliiI(12).class,rustme/iliIIiliiI,java/lang/Object,,5,0,657,,,
iliIIililI(6).class,rustme/iliIIililI,java/lang/Object,,0,1,174,,,
iliIIilliI(12).class,rustme/iliIIilliI,java/lang/Object,,2,10,1328,Kotlin internals,,
iliIIlIIiI(36).class,rustme/iliIIlIIiI,java/lang/Object,rustme/llillIIIiI,9,2,2925,,,
iliIIlIiII(62).class,rustme/iliIIlIiII,java/lang/Object,,0,2,194,,,
iliIIlIiiI(4).class,rustme/iliIIlIiiI,rustme/IillilIiiI,rustme/IIliIiliiI,8,0,3834,,,
iliIIlIlII(46).class,rustme/iliIIlIlII,java/lang/Object,,0,1,174,,,
iliIIlIliI(28).class,rustme/iliIIlIliI,java/lang/Object,,33,16,10183,Kotlin internals,,
iliIIliIII(70).class,rustme/iliIIliIII,java/lang/Object,,0,8,320,,,
iliIIliIiI(20).class,rustme/iliIIliIiI,rustme/liliIliIiI,,10,6,6032,,,
iliIIliiII(52).class,rustme/iliIIliiII,java/lang/Object,kotlin/jvm/functions/Function1,5,1,3483,Kotlin internals,,
iliIIliilI(6).class,rustme/iliIIliilI,java/lang/Object,,0,1,174,,,
iliIIliliI(12).class,rustme/iliIIliliI,java/lang/Object,kotlin/jvm/functions/Function0,3,3,3114,Kotlin internals,,
iliIIllIII(46).class,rustme/iliIIllIII,java/lang/Object,,0,1,173,,,
iliIIllIiI(28).class,rustme/iliIIllIiI,rustme/llIiIllIiI,,7,0,3239,,,
iliIIlliiI(12).class,rustme/iliIIlliiI,java/lang/Object,,0,0,220,,,
iliIIllliI(12).class,rustme/iliIIllliI,java/lang/Object,kotlin/jvm/functions/Function1,5,1,5158,Kotlin internals,,
iliIiIIIiI(52).class,rustme/iliIiIIIiI,rustme/llliiIIIiI,,3,0,4346,,,
iliIiIIiII(116).class,rustme/iliIiIIiII,java/lang/Object,,1,1,557,Kotlin internals,,
iliIiIIlII(90).class,rustme/iliIiIIlII,java/lang/Object,,0,11,394,,,
iliIiIIliI(52).class,rustme/iliIiIIliI,java/lang/Object,,2,0,1155,Kotlin internals,,
iliIiIiIII(134).class,rustme/iliIiIiIII,java/lang/Object,,0,6,278,,,
iliIiIiIiI(20).class,rustme/iliIiIiIiI,java/lang/Object,,20,13,14313,,,
iliIiIiiII(84).class,rustme/iliIiIiiII,java/lang/Object,kotlin/jvm/functions/Function1,5,1,1880,Kotlin internals,,
iliIiIiilI(10).class,rustme/iliIiIiilI,java/lang/Object,,0,1,174,,,
iliIiIiliI(20).class,rustme/iliIiIiliI,rustme/iiiliIiliI,,17,7,4425,Kotlin internals,,
iliIiIlIII(90).class,rustme/iliIiIlIII,java/lang/Object,,0,1,173,,,
iliIiIlIiI(52).class,rustme/iliIiIlIiI,java/lang/Enum,,6,8,1830,,,
iliIiIliiI(20).class,rustme/iliIiIliiI,java/lang/Object,,0,0,220,,,
iliIiIlilI(10).class,rustme/iliIiIlilI,java/lang/Object,,0,26,724,,,
iliIiIlliI(20).class,rustme/iliIiIlliI,java/lang/Object,kotlin/jvm/functions/Function1,5,1,1468,Kotlin internals,,
iliIiiIIII(142).class,rustme/iliIiiIIII,java/lang/Object,,0,13,425,,,
iliIiiIIiI(36).class,rustme/iliIiiIIiI,rustme/lIIiIliIiI,,2,1,1891,,,
iliIiiIiII(100).class,rustme/iliIiiIiII,java/lang/Object,kotlin/jvm/functions/Function1,5,1,3551,Kotlin internals,,
iliIiiIilI(18).class,rustme/iliIiiIilI,java/lang/Object,,0,19,570,,,
iliIiiIliI(36).class,rustme/iliIiiIliI,rustme/iiIliiIliI,rustme/lIiiiiIliI,35,7,67693,Kotlin internals,,
iliIiiiIiI(4).class,rustme/iliIiiiIiI,rustme/lliiiiiIiI,,5,0,3633,,,
iliIiiiiII(68).class,rustme/iliIiiiiII,java/lang/Object,kotlin/jvm/functions/Function1,5,1,1899,Kotlin internals,,
iliIiiilII(66).class,rustme/iliIiiilII,java/lang/Object,,0,6,284,,,
iliIiiiliI(4).class,rustme/iliIiiiliI,java/lang/Object,,5,9,1732,,,
iliIiilIiI(36).class,rustme/iliIiilIiI,java/lang/Object,rustme/ilIiIilIiI,4,0,2187,,,
iliIiiliII(66).class,rustme/iliIiiliII,java/lang/Object,,0,1,173,,,
iliIiiliiI(4).class,rustme/iliIiiliiI,java/lang/Enum,rustme/ililIilIiI,11,8,2694,,,
iliIiillII(34).class,rustme/iliIiillII,java/lang/Object,,0,1,174,,,
iliIiilliI(4).class,rustme/iliIiilliI,java/lang/Object,,12,2,3430,Kotlin internals,,
iliIilIIII(74).class,rustme/iliIilIIII,java/lang/Object,,0,13,425,,,
iliIilIIiI(28).class,rustme/iliIilIIiI,java/lang/Object,rustme/llillIIIiI,7,1,1624,,,
iliIilIilI(10).class,rustme/iliIilIilI,java/lang/Object,,0,1,174,,,
iliIilIliI(20).class,rustme/iliIilIliI,java/lang/Object,kotlin/jvm/functions/Function1,5,2,3782,Kotlin internals,,
iliIiliIiI(12).class,rustme/iliIiliIiI,java/lang/Object,,9,1,894,,,
iliIiliiII(44).class,rustme/iliIiliiII,java/lang/Object,kotlin/jvm/functions/Function1,5,1,1880,Kotlin internals,,
iliIililII(34).class,rustme/iliIililII,java/lang/Object,,0,2,196,,,
iliIililiI(4).class,rustme/iliIililiI,java/lang/Object,kotlin/jvm/functions/Function0,3,1,1311,Kotlin internals,,
iliIillIiI(20).class,rustme/iliIillIiI,java/lang/Object,,1,0,290,,,
iliIilliII(34).class,rustme/iliIilliII,java/lang/Object,,0,19,551,,,
iliIilliiI(4).class,rustme/iliIilliiI,java/lang/Object,rustme/IilIIIlIiI,6,2,1150,,,
iliIilllII(18).class,rustme/iliIilllII,java/lang/Object,,0,1,174,,,
iliIillliI(4).class,rustme/iliIillliI,java/lang/Object,kotlin/jvm/functions/Function1,5,1,1898,Kotlin internals,,
iliIlIIIiI(28).class,rustme/iliIlIIIiI,java/lang/Object,rustme/IiiIlIiIiI,3,1,1113,,,
iliIlIIiII(58).class,rustme/iliIlIIiII,java/lang/Object,,0,3,215,,,
iliIlIIlII(46).class,rustme/iliIlIIlII,java/lang/Object,,0,1,174,,,
iliIlIIliI(28).class,rustme/iliIlIIliI,java/lang/Object,,9,6,2470,Kotlin internals,,
iliIlIiIII(66).class,rustme/iliIlIiIII,java/lang/Object,,0,3,215,,,
iliIlIiIiI(12).class,rustme/iliIlIiIiI,rustme/ilIIlIiIiI,,2,0,771,,,
iliIlIiiII(44).class,rustme/iliIlIiiII,java/lang/Object,kotlin/jvm/functions/Function1,5,1,1625,Kotlin internals,,
iliIlIiilI(6).class,rustme/iliIlIiilI,java/lang/Object,,0,1,174,,,
iliIlIiliI(12).class,rustme/iliIlIiliI,java/lang/Object,,4,4,2358,Kotlin internals,,
iliIlIlIII(46).class,rustme/iliIlIlIII,java/lang/Object,,0,2,194,,,
iliIlIlIiI(28).class,rustme/iliIlIlIiI,java/lang/Object,com/github/benmanes/caffeine/cache/CacheLoader,7,1,4668,,,
iliIlIliiI(12).class,rustme/iliIlIliiI,java/lang/Object,rustme/iililIliiI,2,0,956,Particles,,
iliIlIlliI(12).class,rustme/iliIlIlliI,java/lang/Object,kotlin/jvm/functions/Function1,5,1,2836,Kotlin internals,,
iliIliIIII(70).class,rustme/iliIliIIII,java/lang/Object,,0,19,551,,,
iliIliIIiI(20).class,rustme/iliIliIIiI,rustme/IIIiliIIiI,,9,5,2807,,,
iliIliIiII(52).class,rustme/iliIliIiII,java/lang/Object,,3,0,3418,Kotlin internals,,
iliIliIilI(10).class,rustme/iliIliIilI,java/lang/Object,,0,4,240,,,
iliIliIliI(20).class,rustme/iliIliIliI,java/lang/Enum,,9,8,3061,Kotlin internals,,
iliIliiIiI(4).class,rustme/iliIliiIiI,rustme/IIlIliiIiI,,10,1,6474,Texture,,
iliIliiiII(36).class,rustme/iliIliiiII,java/lang/Object,kotlin/jvm/functions/Function1,5,1,3177,Kotlin internals,,
iliIliilII(34).class,rustme/iliIliilII,java/lang/Object,,0,3,218,,,
iliIliiliI(4).class,rustme/iliIliiliI,rustme/lIlIIiiliI,,16,4,6178,Kotlin internals,,
iliIlilIiI(20).class,rustme/iliIlilIiI,java/lang/Object,,6,1,1703,,,
iliIliliII(34).class,rustme/iliIliliII,java/lang/Object,,0,4,236,,,
iliIliliiI(4).class,rustme/iliIliliiI,rustme/IlIlliliiI,,6,1,1570,,,
iliIlillII(18).class,rustme/iliIlillII,java/lang/Object,,0,1,174,,,
iliIlilliI(4).class,rustme/iliIlilliI,java/lang/Object,,1,0,608,Kotlin internals,,
iliIllIIII(42).class,rustme/iliIllIIII,java/lang/Object,,0,4,236,,,
iliIllIIiI(20).class,rustme/iliIllIIiI,rustme/ilIIllIIiI,,10,4,3528,,,
iliIllIiiI(4).class,rustme/iliIllIiiI,rustme/IillilIiiI,,4,0,1250,,,
iliIllIilI(6).class,rustme/iliIllIilI,java/lang/Object,,0,1,174,,,
iliIllIliI(12).class,rustme/iliIllIliI,java/lang/Object,,22,0,16540,GUI/Screen;Kotlin internals,,
iliIlliIiI(12).class,rustme/iliIlliIiI,java/lang/Enum,,6,5,1578,,,
iliIlliiII(28).class,rustme/iliIlliiII,java/lang/Object,kotlin/jvm/functions/Function1,5,1,1506,Kotlin internals,,
iliIllilII(18).class,rustme/iliIllilII,java/lang/Object,,0,3,218,,,
iliIlliliI(4).class,rustme/iliIlliliI,kotlin/jvm/internal/FunctionReferenceImpl,kotlin/jvm/functions/Function2,5,0,2085,Kotlin internals,,
iliIlllIiI(12).class,rustme/iliIlllIiI,java/lang/Object,,3,0,2329,,,
iliIllliII(18).class,rustme/iliIllliII,java/lang/Object,,0,4,236,,,
iliIllliiI(4).class,rustme/iliIllliiI,java/lang/Object,rustme/iIiIllliiI,4,0,1526,,,
iliIllllII(10).class,rustme/iliIllllII,java/lang/Object,,0,1,174,,,
iliIlllliI(4).class,rustme/iliIlllliI,java/lang/Object,kotlin/jvm/functions/Function1,5,1,1479,Kotlin internals,,
iliiIIIIiI(56).class,rustme/iliiIIIIiI,rustme/llliiIIIiI,,3,0,764,,,
iliiIIIiII(120).class,rustme/iliiIIIiII,java/lang/Object,,0,485,10337,,,
iliiIIIlII(92).class,rustme/iliiIIIlII,java/lang/Object,,0,1,174,,,
iliiIIIliI(56).class,rustme/iliiIIIliI,rustme/IliIIiIliI,,11,0,8037,Kotlin internals,,
iliiIIiIII(136).class,rustme/iliiIIiIII,java/lang/Object,,0,4,236,,,
iliiIIiIiI(24).class,rustme/iliiIIiIiI,rustme/IIlliIiIiI,,8,0,3159,,,
iliiIIiiII(88).class,rustme/iliiIIiiII,java/lang/Object,kotlin/jvm/functions/Function1,5,1,1973,Kotlin internals,,
iliiIIiilI(12).class,rustme/iliiIIiilI,java/lang/Object,,0,1,174,,,
iliiIIiliI(24).class,rustme/iliiIIiliI,java/lang/Object,,11,9,16205,Kotlin internals,,
iliiIIlIII(92).class,rustme/iliiIIlIII,java/lang/Object,,0,1,173,,,
iliiIIlIiI(56).class,rustme/iliiIIlIiI,rustme/iiIiIIlIiI,,2,0,1833,,,
iliiIIliiI(24).class,rustme/iliiIIliiI,rustme/iliIIIliiI,,1,0,1145,,,
iliiIIlliI(24).class,rustme/iliiIIlliI,java/lang/Object,kotlin/jvm/functions/Function1,5,1,2224,Kotlin internals,,
iliiIiIIII(144).class,rustme/iliiIiIIII,java/lang/Object,,0,3,215,,,
iliiIiIIiI(40).class,rustme/iliiIiIIiI,rustme/iliIiliIiI,,3,1,1221,,,
iliiIiIiII(104).class,rustme/iliiIiIiII,java/lang/Object,kotlin/jvm/functions/Function1,5,1,1620,Kotlin internals,,
iliiIiIilI(20).class,rustme/iliiIiIilI,java/lang/Object,,0,1,174,,,
iliiIiIliI(40).class,rustme/iliiIiIliI,java/lang/Object,,2,0,939,Kotlin internals,,
iliiIiiIiI(8).class,rustme/iliiIiiIiI,rustme/iIlIiiiIiI,,9,6,2884,Texture,,
iliiIiiiII(72).class,rustme/iliiIiiiII,java/lang/Object,kotlin/jvm/functions/Function1,5,1,1713,Kotlin internals,,
iliiIiilII(68).class,rustme/iliiIiilII,java/lang/Object,,0,1,174,,,
iliiIiiliI(8).class,rustme/iliiIiiliI,rustme/IiIiIiiliI,,1,0,460,GUI/Screen,,
iliiIilIiI(40).class,rustme/iliiIilIiI,java/lang/Object,rustme/IlIiIilIiI,5,1,5791,,,
iliiIiliII(68).class,rustme/iliiIiliII,java/lang/Object,,0,2,194,,,
iliiIiliiI(8).class,rustme/iliiIiliiI,java/lang/Object,,1,2,912,,,
iliiIillII(36).class,rustme/iliiIillII,java/lang/Object,,0,1,174,,,
iliiIilliI(8).class,rustme/iliiIilliI,java/lang/Object,rustme/IIliIilliI,4,1,1896,Kotlin internals,,
iliiIlIIII(76).class,rustme/iliiIlIIII,java/lang/Object,,0,11,383,,,
iliiIlIIiI(32).class,rustme/iliiIlIIiI,java/lang/Object,rustme/llillIIIiI,8,2,1654,,,
iliiIlIiiI.class,rustme/iliiIlIiiI,rustme/lIIillIiiI,rustme/IIliIiliiI,33,3,13331,,,
iliiIlIilI(12).class,rustme/iliiIlIilI,java/lang/Object,,0,1,174,,,
iliiIlIliI(24).class,rustme/iliiIlIliI,java/lang/Object,rustme/lliiIlIliI,15,4,5354,Kotlin internals,,
iliiIliIiI(16).class,rustme/iliiIliIiI,rustme/lIiiIliIiI,,3,0,2951,,,
iliiIliiII(48).class,rustme/iliiIliiII,java/lang/Object,kotlin/jvm/functions/Function1,5,1,3161,Kotlin internals,,
iliiIlilII(36).class,rustme/iliiIlilII,java/lang/Object,,0,2,196,,,
iliiIliliI(8).class,rustme/iliiIliliI,rustme/IlilIIIliI,,2,1,3851,Kotlin internals,,
iliiIllIiI(24).class,rustme/iliiIllIiI,java/lang/Enum,rustme/iIlilllIiI,9,18,4976,,,
iliiIlliII(36).class,rustme/iliiIlliII,java/lang/Object,,0,12,404,,,
iliiIlliiI(8).class,rustme/iliiIlliiI,java/lang/Object,com/google/common/base/Function,3,2,1543,,,
iliiIlllII(20).class,rustme/iliiIlllII,java/lang/Object,,0,1,174,,,
iliiIllliI(8).class,rustme/iliiIllliI,java/lang/Object,kotlin/jvm/functions/Function1,5,1,1541,Kotlin internals,,
iliiiIIIII(148).class,rustme/iliiiIIIII,java/lang/Object,,0,1,173,,,
iliiiIIIiI(48).class,rustme/iliiiIIIiI,java/lang/Object,rustme/liIiIIIIiI,2,0,759,,,
iliiiIIiII(112).class,rustme/iliiiIIiII,java/lang/Object,rustme/lIIlIiIiII,1,0,608,Kotlin internals,,
iliiiIIilI(24).class,rustme/iliiiIIilI,java/lang/Object,,0,6,284,,,
iliiiIIliI(48).class,rustme/iliiiIIliI,java/lang/Object,,2,0,975,Kotlin internals,,
iliiiIiIiI(16).class,rustme/iliiiIiIiI,rustme/IiIlliiIiI,,8,2,3553,,,
iliiiIiiII(80).class,rustme/iliiiIiiII,java/lang/Object,kotlin/jvm/functions/Function1,5,1,1482,Kotlin internals,,
iliiiIilII(72).class,rustme/iliiiIilII,java/lang/Object,,0,3,218,,,
iliiiIiliI(16).class,rustme/iliiiIiliI,java/lang/Object,rustme/lIIlIiIiII,12,5,4784,Kotlin internals,,
iliiiIlIiI(48).class,rustme/iliiiIlIiI,java/lang/Enum,,6,5,1553,World gen,,
iliiiIliII(72).class,rustme/iliiiIliII,java/lang/Object,,0,1,173,,,
iliiiIliiI(16).class,rustme/iliiiIliiI,java/lang/Object,,5,0,4030,,,
iliiiIllII(40).class,rustme/iliiiIllII,java/lang/Object,,0,1,174,,,
iliiiIlliI(16).class,rustme/iliiiIlliI,java/lang/Object,kotlin/jvm/functions/Function1,5,1,1468,Kotlin internals,,
iliiiiIIiI(32).class,rustme/iliiiiIIiI,java/lang/Object,com/google/common/base/Predicate,3,0,983,,,
iliiiiIiII(96).class,rustme/iliiiiIiII,java/lang/Object,kotlin/jvm/functions/Function1,5,1,1506,Kotlin internals,,
iliiiiIlII(80).class,rustme/iliiiiIlII,java/lang/Object,,0,1,174,,,
iliiiiIliI(32).class,rustme/iliiiiIliI,java/lang/Object,kotlin/jvm/functions/Function1,5,1,1513,Kotlin internals,,
iliiiiiIII(124).class,rustme/iliiiiiIII,java/lang/Object,,0,1,173,,,
iliiiiiIiI.class,rustme/iliiiiiIiI,java/lang/Object,,0,0,220,,,
iliiiiiiII(64).class,rustme/iliiiiiiII,java/lang/Object,kotlin/jvm/functions/Function1,5,1,1482,Kotlin internals,,
iliiiiiilI.class,rustme/iliiiiiilI,java/lang/Object,,0,1,174,,,
iliiiiiliI.class,rustme/iliiiiiliI,java/lang/Object,,7,19,9649,,,
iliiiilIII(80).class,rustme/iliiiilIII,java/lang/Object,,0,3,215,,,
iliiiilIiI(32).class,rustme/iliiiilIiI,java/lang/Object,rustme/IiiIlIiIiI,5,1,2245,,,
iliiiiliiI.class,rustme/iliiiiliiI,rustme/IillilIiiI,,18,3,5610,,,
iliiiililI.class,rustme/iliiiililI,java/lang/Object,,0,1,174,,,
iliiiilliI.class,rustme/iliiiilliI,java/lang/Object,,8,5,8048,Kotlin internals,,
iliiilIIiI(24).class,rustme/iliiilIIiI,java/lang/Object,rustme/llillIIIiI,12,8,2434,,,
iliiilIiII(56).class,rustme/iliiilIiII,java/lang/Object,,0,1,173,,,
iliiilIlII(40).class,rustme/iliiilIlII,java/lang/Object,,0,1,174,,,
iliiilIliI(16).class,rustme/iliiilIliI,kotlin/coroutines/jvm/internal/SuspendLambda,kotlin/jvm/functions/Function2,8,2,4794,Kotlin internals,,
iliiiliIII(64).class,rustme/iliiiliIII,java/lang/Object,,0,3,215,,,
iliiiliIiI(8).class,rustme/iliiiliIiI,rustme/llIiiliIiI,,2,0,629,,,
iliiiliiII(40).class,rustme/iliiiliiII,java/lang/Object,kotlin/jvm/functions/Function1,5,1,3549,Kotlin internals,,
iliiiliilI.class,rustme/iliiiliilI,java/lang/Object,,0,1,174,,,
iliiililiI.class,rustme/iliiililiI,java/lang/Object,,2,0,910,Kotlin internals,,
iliiillIII(40).class,rustme/iliiillIII,java/lang/Object,,0,14,446,,,
iliiillIiI(16).class,rustme/iliiillIiI,java/lang/Object,rustme/iIiIiIlIiI,8,1,1813,,,
iliiilliiI.class,rustme/iliiilliiI,rustme/lliiilliiI,,1,0,555,Particles,,
iliiillliI.class,rustme/iliiillliI,java/lang/Object,kotlin/jvm/functions/Function1,5,1,1468,Kotlin internals,,
iliilIIIII(72).class,rustme/iliilIIIII,java/lang/Object,,0,4,236,,,
iliilIIIiI(24).class,rustme/iliilIIIiI,java/lang/Object,,21,9,11523,Container/Slot,,
iliilIIilI(12).class,rustme/iliilIIilI,java/lang/Object,,0,1,174,,,
iliilIIliI(24).class,rustme/iliilIIliI,java/lang/Object,,3,0,1255,Kotlin internals,,
iliilIiIiI(8).class,rustme/iliilIiIiI,rustme/IIlliIiIiI,,9,0,3388,,,
iliilIiiII(40).class,rustme/iliilIiiII,java/lang/Object,kotlin/jvm/functions/Function1,5,1,1460,Kotlin internals,,
iliilIilII(36).class,rustme/iliilIilII,java/lang/Object,,0,2,196,,,
iliilIiliI(8).class,rustme/iliilIiliI,java/lang/Object,kotlin/jvm/functions/Function0,3,6,2361,Kotlin internals;Sounds,,
iliilIlIiI(24).class,rustme/iliilIlIiI,rustme/IlllIIlIiI,,7,0,3633,,,
iliilIliII(36).class,rustme/iliilIliII,java/lang/Object,,0,1,173,,,
iliilIliiI(8).class,rustme/iliilIliiI,java/lang/Object,rustme/illiilIIiI,85,10,64543,,,
iliilIllII(20).class,rustme/iliilIllII,java/lang/Object,,0,1,174,,,
iliilIlliI(8).class,rustme/iliilIlliI,java/lang/Object,kotlin/jvm/functions/Function1,5,1,2784,Kotlin internals,,
iliiliIIiI(16).class,rustme/iliiliIIiI,java/lang/Object,,8,4,5742,Recipes,,
iliiliIiII(48).class,rustme/iliiliIiII,java/lang/Object,,2,0,760,Kotlin internals,,
iliiliIlII(40).class,rustme/iliiliIlII,java/lang/Object,,0,2,196,,,
iliiliIliI(16).class,rustme/iliiliIliI,kotlin/properties/ObservableProperty,,4,1,2320,Kotlin internals,,
iliiliiIII(60).class,rustme/iliiliiIII,java/lang/Object,,0,7,299,,,
iliiliiIiI.class,rustme/iliiliiIiI,java/lang/Object,rustme/iiIiliiIiI,6,5,1388,,,
iliiliiiII(32).class,rustme/iliiliiiII,java/lang/Object,kotlin/jvm/functions/Function1,5,1,1500,Kotlin internals,,
iliiliiilI.class,rustme/iliiliiilI,java/lang/Object,,0,1,174,,,
iliiliiliI.class,rustme/iliiliiliI,rustme/IliiliiliI,,3,0,1448,Kotlin internals,,
iliililIII(40).class,rustme/iliililIII,java/lang/Object,,0,27,719,,,
iliililIiI(16).class,rustme/iliililIiI,java/lang/Object,,7,3,1602,,,
iliililiiI.class,rustme/iliililiiI,java/lang/Object,com/google/gson/JsonDeserializer,8,0,4957,,,
iliilililI.class,rustme/iliilililI,java/lang/Object,,0,1,174,,,
iliililliI.class,rustme/iliililliI,java/lang/Object,,16,6,3030,Kotlin internals,,
iliillIIiI(16).class,rustme/iliillIIiI,java/util/TimerTask,,4,1,2617,,,
iliillIiII(32).class,rustme/iliillIiII,java/lang/Object,,0,8,320,,,
iliillIiiI.class,rustme/iliillIiiI,rustme/IillilIiiI,,3,0,1278,,,
iliillIlII(20).class,rustme/iliillIlII,java/lang/Object,,0,1,174,,,
iliillIliI(8).class,rustme/iliillIliI,java/lang/Object,,3,0,1102,Kotlin internals,,
iliilliIII(36).class,rustme/iliilliIII,java/lang/Object,,0,4,236,,,
iliilliIiI(8).class,rustme/iliilliIiI,rustme/IIlIIliIiI,,12,5,5210,,,
iliilliiII(24).class,rustme/iliilliiII,java/lang/Object,kotlin/jvm/functions/Function1,5,1,3637,Kotlin internals,,
iliilliilI.class,rustme/iliilliilI,java/lang/Object,,0,1,174,,,
iliilliliI.class,rustme/iliilliliI,java/lang/Object,,2,0,2630,Kotlin internals,,
iliilllIII(20).class,rustme/iliilllIII,java/lang/Object,,0,1,174,,,
iliilllIiI(8).class,rustme/iliilllIiI,rustme/IIliIllIiI,,5,0,1261,,,
iliillliiI.class,rustme/iliillliiI,java/lang/Object,,1,0,215,,,
iliilllliI.class,rustme/iliilllliI,java/lang/Object,kotlin/jvm/functions/Function1,5,1,1541,Kotlin internals,,
ililIIIIiI(28).class,rustme/ililIIIIiI,rustme/IIlIIIIIiI,,16,1,2214,,,
ililIIIiII(60).class,rustme/ililIIIiII,java/lang/Object,,0,4,236,,,
ililIIIlII(46).class,rustme/ililIIIlII,java/lang/Object,,0,1,174,,,
ililIIIliI(28).class,rustme/ililIIIliI,kotlin/jvm/internal/FunctionReferenceImpl,kotlin/jvm/functions/Function0,5,0,1371,Kotlin internals,,
ililIIiIII(68).class,rustme/ililIIiIII,java/lang/Object,,0,2,194,,,
ililIIiIiI(12).class,rustme/ililIIiIiI,java/lang/Object,,11,0,1389,,,
ililIIiiII(44).class,rustme/ililIIiiII,java/lang/Object,kotlin/jvm/functions/Function1,5,1,1952,Kotlin internals,,
ililIIiilI(6).class,rustme/ililIIiilI,java/lang/Object,,0,1,174,,,
ililIIiliI(12).class,rustme/ililIIiliI,java/lang/Object,,11,5,2693,Kotlin internals,,
ililIIlIII(46).class,rustme/ililIIlIII,java/lang/Object,,0,1,173,,,
ililIIlIiI(28).class,rustme/ililIIlIiI,rustme/iIIlIIlIiI,,7,0,4349,,,
ililIIliiI(12).class,rustme/ililIIliiI,it/unimi/dsi/fastutil/longs/Long2ObjectOpenHashMap,,2,1,846,World gen,,
ililIIlliI(12).class,rustme/ililIIlliI,java/lang/Object,kotlin/jvm/functions/Function1,5,1,1868,Kotlin internals,,
ililIiIIII(72).class,rustme/ililIiIIII,java/lang/Object,,0,1,173,,,
ililIiIIiI(20).class,rustme/ililIiIIiI,java/lang/Object,,3,0,3278,,,
ililIiIiII(52).class,rustme/ililIiIiII,java/lang/Object,kotlin/jvm/functions/Function1,5,1,1476,Kotlin internals,,
ililIiIilI(10).class,rustme/ililIiIilI,java/lang/Object,,0,1,174,,,
ililIiIliI(20).class,rustme/ililIiIliI,kotlin/properties/ObservableProperty,,4,1,2592,Kotlin internals,,
ililIiiIiI(4).class,rustme/ililIiiIiI,java/lang/Object,,11,4,3832,,,
ililIiiiII(36).class,rustme/ililIiiiII,java/lang/Object,kotlin/jvm/functions/Function1,5,1,1463,Kotlin internals,,
ililIiilII(34).class,rustme/ililIiilII,java/lang/Object,,0,5,262,,,
ililIiiliI(4).class,rustme/ililIiiliI,kotlin/jvm/internal/FunctionReferenceImpl,kotlin/jvm/functions/Function0,5,0,1469,Kotlin internals,,
ililIilIiI(20).class,rustme/ililIilIiI,java/lang/Object,,1,0,172,,,
ililIiliII(34).class,rustme/ililIiliII,java/lang/Object,,0,5,257,,,
ililIiliiI(4).class,rustme/ililIiliiI,java/lang/Object,com/google/common/base/Predicate,7,3,3955,,,
ililIillII(18).class,rustme/ililIillII,java/lang/Object,,0,1,174,,,
ililIilliI(4).class,rustme/ililIilliI,java/lang/Object,,2,2,805,Kotlin internals,,
ililIlIIII(40).class,rustme/ililIlIIII,java/lang/Object,,0,7,299,,,
ililIlIIiI(18).class,rustme/ililIlIIiI,java/lang/Object,,10,2,2588,,,
ililIlIiiI(2).class,rustme/ililIlIiiI,java/lang/Object,,1,1,683,,,
ililIlIilI(6).class,rustme/ililIlIilI,java/lang/Object,,0,1,174,,,
ililIlIliI(12).class,rustme/ililIlIliI,java/lang/Object,,10,0,2345,Kotlin internals,,
ililIliIiI(10).class,rustme/ililIliIiI,java/lang/Object,,20,7,21290,,,
ililIliiII(26).class,rustme/ililIliiII,java/lang/Object,kotlin/jvm/functions/Function1,5,1,2599,Kotlin internals,,
ililIlilII(18).class,rustme/ililIlilII,java/lang/Object,,0,1,174,,,
ililIliliI(4).class,rustme/ililIliliI,rustme/iiIliiIliI,,57,20,40569,Kotlin internals,,
ililIllIiI(12).class,rustme/ililIllIiI,rustme/iiIlIllIiI,,5,0,1258,,,
ililIlliII(18).class,rustme/ililIlliII,java/lang/Object,,0,15,467,,,
ililIlliiI(4).class,rustme/ililIlliiI,rustme/IIlIIlliiI,,2,0,1751,,,
ililIlllII(10).class,rustme/ililIlllII,java/lang/Object,,0,1,174,,,
ililIllliI(4).class,rustme/ililIllliI,java/lang/Object,kotlin/jvm/functions/Function1,5,1,5071,Kotlin internals,,
ililiIIIII(74).class,rustme/ililiIIIII,java/lang/Object,,0,4,236,,,
ililiIIIiI(24).class,rustme/ililiIIIiI,rustme/llliiIIIiI,,6,0,2958,,,
ililiIIiII(56).class,rustme/ililiIIiII,java/lang/Object,kotlinx/serialization/KSerializer,8,1,3714,Kotlin internals,,
ililiIIilI(12).class,rustme/ililiIIilI,java/lang/Object,,0,1,174,,,
ililiIIliI(24).class,rustme/ililiIIliI,rustme/IliIIiIliI,,16,5,12203,Kotlin internals,,
ililiIiIiI(8).class,rustme/ililiIiIiI,java/lang/Object,,1,0,239,,,
ililiIiiII(40).class,rustme/ililiIiiII,java/lang/Object,kotlin/jvm/functions/Function1,5,1,2952,Kotlin internals,,
ililiIilII(36).class,rustme/ililiIilII,java/lang/Object,,0,1,174,,,
ililiIiliI(8).class,rustme/ililiIiliI,java/lang/Object,rustme/lIiliIiliI,32,11,6772,Kotlin internals,,
ililiIlIiI(24).class,rustme/ililiIlIiI,java/lang/Object,,2,3,695,,,
ililiIliII(36).class,rustme/ililiIliII,java/lang/Object,,0,1,173,,,
ililiIliiI(8).class,rustme/ililiIliiI,java/lang/Object,rustme/lIilIilIiI,7,7,5212,,,
ililiIllII(20).class,rustme/ililiIllII,java/lang/Object,,0,3,218,,,
ililiIlliI(8).class,rustme/ililiIlliI,java/lang/Object,kotlin/jvm/functions/Function1,5,1,1964,Kotlin internals,,
ililiiIIiI(16).class,rustme/ililiiIIiI,rustme/IllIiiIIiI,,8,0,1891,,,
ililiiIiII(48).class,rustme/ililiiIiII,java/lang/Object,kotlin/jvm/functions/Function1,5,1,1469,Kotlin internals,,
ililiiIlII(40).class,rustme/ililiiIlII,java/lang/Object,,0,1,174,,,
ililiiIliI(16).class,rustme/ililiiIliI,java/lang/Object,kotlin/jvm/functions/Function0,4,1,1091,Kotlin internals,,
ililiiiIII(62).class,rustme/ililiiiIII,java/lang/Object,,0,1,173,,,
ililiiiIiI.class,rustme/ililiiiIiI,rustme/iIlIiiiIiI,,8,1,2247,Texture,,
ililiiiiII(32).class,rustme/ililiiiiII,java/lang/Object,kotlin/jvm/functions/Function1,5,1,1673,Kotlin internals,,
ililiiiilI.class,rustme/ililiiiilI,java/lang/Object,,0,1,174,,,
ililiiiliI.class,rustme/ililiiiliI,java/lang/Object,,4,0,1307,,,
ililiilIII(40).class,rustme/ililiilIII,java/lang/Object,,0,4,236,,,
ililiilIiI(16).class,rustme/ililiilIiI,java/lang/Object,rustme/IlIiIilIiI,5,0,1248,,,
ililiiliiI.class,rustme/ililiiliiI,java/lang/Object,,1,2,920,,,
ililiililI.class,rustme/ililiililI,java/lang/Object,,0,1,174,,,
ililiilliI.class,rustme/ililiilliI,java/lang/Object,,53,22,26514,Kotlin internals,,
ilililIIiI(14).class,rustme/ilililIIiI,java/lang/Object,rustme/llillIIIiI,8,2,1785,,,
ilililIiII(30).class,rustme/ilililIiII,java/lang/Object,,0,1,173,,,
ilililIlII(20).class,rustme/ilililIlII,java/lang/Object,,0,1,174,,,
ilililIliI(8).class,rustme/ilililIliI,java/lang/Object,,2,4,935,Kotlin internals,,
ilililiIII(34).class,rustme/ilililiIII,java/lang/Object,,0,2,194,,,
ilililiIiI(6).class,rustme/ilililiIiI,rustme/iliIiliIiI,,4,5,1606,,,
ilililiiII(22).class,rustme/ilililiiII,java/lang/Object,kotlin/jvm/functions/Function1,5,1,2097,Kotlin internals,,
ilililiilI.class,rustme/ilililiilI,java/lang/Object,,0,1,174,,,
ililililiI.class,rustme/ililililiI,java/lang/Object,kotlin/jvm/functions/Function0,3,1,1796,Kotlin internals,,
ililillIII(20).class,rustme/ililillIII,java/lang/Object,,0,2,194,,,
ililillIiI(8).class,rustme/ililillIiI,java/lang/Object,,2,0,292,,,
ilililliiI.class,rustme/ilililliiI,java/lang/Object,,9,18,3654,,,
ililillliI.class,rustme/ililillliI,java/lang/Object,kotlin/jvm/functions/Function1,5,1,2053,Kotlin internals,,
ilillIIIII(36).class,rustme/ilillIIIII,java/lang/Object,,0,4,236,,,
ilillIIIiI(12).class,rustme/ilillIIIiI,java/lang/Object,,8,8,7394,,,
ilillIIilI(6).class,rustme/ilillIIilI,java/lang/Object,,0,1,174,,,
ilillIIliI(12).class,rustme/ilillIIliI,kotlin/jvm/internal/FunctionReferenceImpl,kotlin/jvm/functions/Function0,5,1,1274,Kotlin internals,,
ilillIiIiI(4).class,rustme/ilillIiIiI,rustme/IiillIiIiI,,8,0,1292,,,
ilillIiiII(20).class,rustme/ilillIiiII,java/lang/Object,kotlin/jvm/functions/Function1,5,1,3189,Kotlin internals,,
ilillIilII(18).class,rustme/ilillIilII,java/lang/Object,,0,2,196,,,
ilillIiliI(4).class,rustme/ilillIiliI,java/lang/Object,,6,4,5346,Kotlin internals,,
ilillIlIiI(12).class,rustme/ilillIlIiI,java/lang/Object,rustme/IiiIlIiIiI,3,1,1093,,,
ilillIliII(18).class,rustme/ilillIliII,java/lang/Object,,0,23,635,,,
ilillIliiI(4).class,rustme/ilillIliiI,java/lang/Object,rustme/iililIliiI,2,0,715,Particles,,
ilillIllII(10).class,rustme/ilillIllII,java/lang/Object,,0,3,218,,,
ilillIlliI(4).class,rustme/ilillIlliI,java/lang/Object,kotlin/jvm/functions/Function1,5,1,1468,Kotlin internals,,
ililliIIiI(8).class,rustme/ililliIIiI,java/lang/Object,,10,3,7915,,,
ililliIiII(24).class,rustme/ililliIiII,java/lang/Object,rustme/lIIlIiIiII,1,0,613,Kotlin internals,,
ililliIlII(20).class,rustme/ililliIlII,java/lang/Object,,0,1,174,,,
ililliIliI(8).class,rustme/ililliIliI,java/lang/Object,kotlin/jvm/functions/Function0,3,2,2575,Kotlin internals,,
ililliiIII(30).class,rustme/ililliiIII,java/lang/Object,,0,15,467,,,
ililliiIiI.class,rustme/ililliiIiI,rustme/iiIlliiIiI,,3,1,973,,,
ililliiiII(16).class,rustme/ililliiiII,java/lang/Object,kotlin/jvm/functions/Function1,5,1,1973,Kotlin internals,,
ililliiilI.class,rustme/ililliiilI,java/lang/Object,,0,1,174,,,
ililliiliI.class,rustme/ililliiliI,rustme/lilliiiliI,,1,0,533,Kotlin internals,,
ilillilIII(20).class,rustme/ilillilIII,java/lang/Object,,0,2,194,,,
ilillilIiI(8).class,rustme/ilillilIiI,java/lang/Object,,0,0,220,,,
ililliliiI.class,rustme/ililliliiI,java/lang/Object,,4,3,819,GUI/Screen,,
ilillililI.class,rustme/ilillililI,java/lang/Object,,0,1,174,,,
ilillilliI.class,rustme/ilillilliI,java/lang/Object,kotlin/jvm/functions/Function1,5,1,2915,Kotlin internals,,
ililllIIiI(8).class,rustme/ililllIIiI,rustme/IiilllIIiI,,5,0,1697,,,
ililllIiII(16).class,rustme/ililllIiII,java/lang/Object,,0,20,572,,,
ililllIiiI.class,rustme/ililllIiiI,java/lang/Enum,rustme/ililIilIiI,8,4,1791,,,
ililllIlII(10).class,rustme/ililllIlII,java/lang/Object,,0,1,174,,,
ililllIliI(4).class,rustme/ililllIliI,java/lang/Object,kotlin/jvm/functions/Function0,4,1,1096,Kotlin internals,,
ilillliIII(18).class,rustme/ilillliIII,java/lang/Object,,0,7,299,,,
ilillliIiI(4).class,rustme/ilillliIiI,rustme/iiilIliIiI,rustme/IilIiiIIiI,23,2,5715,,,
ilillliiII(12).class,rustme/ilillliiII,java/lang/Object,kotlin/jvm/functions/Function1,5,1,1898,Kotlin internals,,
ilillliilI.class,rustme/ilillliilI,java/lang/Object,,0,1,174,,,
ilillliliI.class,rustme/ilillliliI,java/lang/Object,,2,0,1082,GUI/Screen;Kotlin internals,,
ilillllIII(10).class,rustme/ilillllIII,java/lang/Object,,0,1,174,,,
ilillllIiI(4).class,rustme/ilillllIiI,java/lang/Object,,5,2,1988,,,
ililllliiI.class,rustme/ililllliiI,java/lang/Object,,1,1,765,,,
ilillllliI.class,rustme/ilillllliI,java/lang/Object,kotlin/jvm/functions/Function1,5,1,2756,Kotlin internals,,
illIIIIIII(77).class,rustme/illIIIIIII,java/lang/Object,,0,6,278,,,
illIIIIIiI(30).class,rustme/illIIIIIiI,java/lang/Object,,3,3,1124,,,
illIIIIilI(15).class,rustme/illIIIIilI,java/lang/Object,,0,1,174,,,
illIIIIliI(30).class,rustme/illIIIIliI,java/lang/Object,kotlin/jvm/functions/Function0,3,2,1503,Kotlin internals,,
illIIIiIiI(14).class,rustme/illIIIiIiI,java/lang/Object,com/google/common/base/Predicate,3,2,1418,,,
illIIIiiII(46).class,rustme/illIIIiiII,java/lang/Object,kotlin/jvm/functions/Function1,5,1,1541,Kotlin internals,,
illIIIilII(39).class,rustme/illIIIilII,java/lang/Object,,0,1,174,,,
illIIIiliI(14).class,rustme/illIIIiliI,java/lang/Object,,6,2,1565,Kotlin internals,,
illIIIlIiI(30).class,rustme/illIIIlIiI,java/lang/Exception,,1,0,349,,,
illIIIliII(39).class,rustme/illIIIliII,java/lang/Object,,0,3,215,,,
illIIIliiI(14).class,rustme/illIIIliiI,rustme/lIlIIIliiI,,2,3,2063,,,
illIIIllII(23).class,rustme/illIIIllII,java/lang/Object,,0,1,174,,,
illIIIlliI(14).class,rustme/illIIIlliI,java/lang/Object,kotlin/jvm/functions/Function1,5,1,2002,Kotlin internals,,
illIIiIIiI(22).class,rustme/illIIiIIiI,rustme/liilIiIIiI,,19,3,10333,,,
illIIiIiII(54).class,rustme/illIIiIiII,java/lang/Object,kotlin/jvm/functions/Function1,5,1,1476,Kotlin internals,,
illIIiIlII(43).class,rustme/illIIiIlII,java/lang/Object,,0,1,174,,,
illIIiIliI(22).class,rustme/illIIiIliI,kotlin/properties/ObservableProperty,,4,1,2323,Kotlin internals,,
illIIiiIII(65).class,rustme/illIIiiIII,java/lang/Object,,0,4,236,,,
illIIiiIiI(6).class,rustme/illIIiiIiI,java/lang/Enum,,5,5,1250,,,
illIIiiiII(38).class,rustme/illIIiiiII,java/lang/Object,kotlin/jvm/functions/Function1,5,1,1501,Kotlin internals,,
illIIiiilI(3).class,rustme/illIIiiilI,java/lang/Object,,0,1,174,,,
illIIiiliI(6).class,rustme/illIIiiliI,rustme/lIlIIiiliI,,6,1,3230,Kotlin internals,,
illIIilIII(43).class,rustme/illIIilIII,java/lang/Object,,0,1,173,,,
illIIilIiI(22).class,rustme/illIIilIiI,java/lang/Object,java/lang/Runnable,4,6,5896,,,
illIIiliiI(6).class,rustme/illIIiliiI,java/lang/Object,,2,0,301,,,
illIIililI(3).class,rustme/illIIililI,java/lang/Object,,0,7,306,,,
illIIilliI(6).class,rustme/illIIilliI,java/lang/Object,,2,5,959,Kotlin internals,,
illIIlIIiI(18).class,rustme/illIIlIIiI,java/lang/Object,,0,0,220,,,
illIIlIiII(31).class,rustme/illIIlIiII,java/lang/Object,,0,3,215,,,
illIIlIiiI(2).class,rustme/illIIlIiiI,rustme/IillilIiiI,,15,1,5212,,,
illIIlIlII(23).class,rustme/illIIlIlII,java/lang/Object,,0,1,174,,,
illIIlIliI(14).class,rustme/illIIlIliI,java/lang/Object,,3,0,1392,Kotlin internals,,
illIIliIII(35).class,rustme/illIIliIII,java/lang/Object,,0,12,404,,,
illIIliIiI(10).class,rustme/illIIliIiI,rustme/IIlIIliIiI,,32,18,14650,,,
illIIliiII(26).class,rustme/illIIliiII,java/lang/Object,kotlin/jvm/functions/Function1,5,1,1973,Kotlin internals,,
illIIliilI(3).class,rustme/illIIliilI,java/lang/Object,,0,1,174,,,
illIIliliI(6).class,rustme/illIIliliI,rustme/IlilIIIliI,,2,2,2649,Kotlin internals,,
illIIllIII(23).class,rustme/illIIllIII,java/lang/Object,,0,22,614,,,
illIIllIiI(14).class,rustme/illIIllIiI,rustme/iiIlIllIiI,,5,0,1268,,,
illIIlliiI(6).class,rustme/illIIlliiI,java/lang/Object,,1,1,851,,,
illIIllliI(6).class,rustme/illIIllliI,java/lang/Object,kotlin/jvm/functions/Function1,5,1,1974,Kotlin internals,,
illIiIIIiI(26).class,rustme/illIiIIIiI,rustme/liIIiIIIiI,,3,0,1072,,,
illIiIIiII(58).class,rustme/illIiIIiII,java/lang/Object,,4,0,1635,Kotlin internals,,
illIiIIlII(45).class,rustme/illIiIIlII,java/lang/Object,,0,4,240,,,
illIiIIliI(26).class,rustme/illIiIIliI,java/lang/Object,,2,0,995,Kotlin internals,,
illIiIiIII(67).class,rustme/illIiIiIII,java/lang/Object,,0,1,173,,,
illIiIiIiI(10).class,rustme/illIiIiIiI,rustme/iIiliIiIiI,,12,0,1790,,,
illIiIiiII(42).class,rustme/illIiIiiII,java/lang/Object,kotlin/jvm/functions/Function1,5,1,1880,Kotlin internals,,
illIiIiilI(5).class,rustme/illIiIiilI,java/lang/Object,,0,1,174,,,
illIiIiliI(10).class,rustme/illIiIiliI,java/lang/Object,,25,5,9382,Kotlin internals,,
illIiIlIII(45).class,rustme/illIiIlIII,java/lang/Object,,0,6,278,,,
illIiIlIiI(26).class,rustme/illIiIlIiI,java/lang/Object,rustme/ilIiIilIiI,4,0,2028,,,
illIiIliiI(10).class,rustme/illIiIliiI,java/lang/Object,,4,0,278,,,
illIiIlilI(5).class,rustme/illIiIlilI,java/lang/Object,,0,280,6312,,,
illIiIlliI(10).class,rustme/illIiIlliI,java/lang/Object,kotlin/jvm/functions/Function1,5,1,3299,Kotlin internals,,
illIiiIIII(71).class,rustme/illIiiIIII,java/lang/Object,,0,3,215,,,
illIiiIIiI(18).class,rustme/illIiiIIiI,java/lang/Object,,0,0,220,,,
illIiiIiII(50).class,rustme/illIiiIiII,java/lang/Object,kotlin/jvm/functions/Function0,4,1,954,Kotlin internals,,
illIiiIilI(9).class,rustme/illIiiIilI,java/lang/Object,,0,1,174,,,
illIiiIliI(18).class,rustme/illIiiIliI,java/lang/Object,kotlin/jvm/functions/Function1,5,1,1773,Kotlin internals,,
illIiiiIiI(2).class,rustme/illIiiiIiI,rustme/iIlIiiiIiI,,5,1,1705,Texture,,
illIiiiiII(34).class,rustme/illIiiiiII,java/lang/Object,kotlin/jvm/functions/Function1,5,1,1468,Kotlin internals,,
illIiiilII(33).class,rustme/illIiiilII,java/lang/Object,,0,1,174,,,
illIiiiliI(2).class,rustme/illIiiiliI,java/lang/Object,,18,3,5635,,,
illIiilIiI(18).class,rustme/illIiilIiI,java/util/AbstractSet,,12,6,5398,,,
illIiiliII(33).class,rustme/illIiiliII,java/lang/Object,,0,9,341,,,
illIiiliiI(2).class,rustme/illIiiliiI,java/lang/Enum,rustme/ililIilIiI,8,4,1769,,,
illIiillII(17).class,rustme/illIiillII,java/lang/Object,,0,1,174,,,
illIiilliI(2).class,rustme/illIiilliI,java/lang/Enum,,7,4,1947,Kotlin internals,,
illIilIIII(37).class,rustme/illIilIIII,java/lang/Object,,0,13,425,,,
illIilIIiI(14).class,rustme/illIilIIiI,rustme/IllIilIIiI,,5,0,1682,,,
illIilIilI(5).class,rustme/illIilIilI,java/lang/Object,,0,1,174,,,
illIilIliI(10).class,rustme/illIilIliI,rustme/lllIilIliI,,3,0,1108,Kotlin internals,,
illIiliIiI(6).class,rustme/illIiliIiI,rustme/illliliIiI,,5,3,2772,,,
illIiliiII(22).class,rustme/illIiliiII,java/lang/Object,kotlin/jvm/functions/Function1,5,1,2001,Kotlin internals,,
illIililII(17).class,rustme/illIililII,java/lang/Object,,0,2,196,,,
illIililiI(2).class,rustme/illIililiI,java/lang/Object,,2,0,878,Kotlin internals,,
illIillIiI(10).class,rustme/illIillIiI,java/lang/Object,,5,0,3013,,,
illIilliII(17).class,rustme/illIilliII,java/lang/Object,,0,1,173,,,
illIilliiI(2).class,rustme/illIilliiI,rustme/IiililliiI,,2,0,646,,,
illIilllII(9).class,rustme/illIilllII,java/lang/Object,,0,1,174,,,
illIillliI(2).class,rustme/illIillliI,java/lang/Object,kotlin/jvm/functions/Function1,5,1,2932,Kotlin internals,,
illIlIIIiI(14).class,rustme/illIlIIIiI,java/lang/Object,,1,2,956,Networking client,,
illIlIIiII(29).class,rustme/illIlIIiII,java/lang/Object,,0,1,173,,,
illIlIIlII(23).class,rustme/illIlIIlII,java/lang/Object,,0,1,174,,,
illIlIIliI(14).class,rustme/illIlIIliI,java/lang/Object,kotlin/jvm/functions/Function1,5,2,3781,Kotlin internals,,
illIlIiIII(33).class,rustme/illIlIiIII,java/lang/Object,,0,4,236,,,
illIlIiIiI(6).class,rustme/illIlIiIiI,java/lang/Object,,3,0,200,,,
illIlIiiII(22).class,rustme/illIlIiiII,java/lang/Object,kotlin/jvm/functions/Function1,5,1,1973,Kotlin internals,,
illIlIiilI(3).class,rustme/illIlIiilI,java/lang/Object,,0,1,174,,,
illIlIiliI(6).class,rustme/illIlIiliI,java/lang/Object,,1,2,830,Kotlin internals,,
illIlIlIII(23).class,rustme/illIlIlIII,java/lang/Object,,0,3,215,,,
illIlIlIiI(14).class,rustme/illIlIlIiI,java/lang/Object,rustme/iIilIIlIiI,18,3,6948,,,
illIlIliiI(6).class,rustme/illIlIliiI,java/lang/Object,rustme/iililIliiI,2,0,866,Particles,,
illIlIlliI(6).class,rustme/illIlIlliI,java/lang/Object,kotlin/jvm/functions/Function1,5,1,1900,Kotlin internals,,
illIliIIII(35).class,rustme/illIliIIII,java/lang/Object,,0,2,194,,,
illIliIIiI(10).class,rustme/illIliIIiI,java/lang/Object,,8,0,3372,,,
illIliIiII(26).class,rustme/illIliIiII,java/lang/Object,rustme/lIIlIiIiII,2,0,1070,Kotlin internals,,
illIliIilI(5).class,rustme/illIliIilI,java/lang/Object,,0,1,174,,,
illIliIliI(10).class,rustme/illIliIliI,java/lang/Object,,2,0,862,Kotlin internals,,
illIliiIiI(2).class,rustme/illIliiIiI,java/lang/Object,,1,3,356,,,
illIliiiII(18).class,rustme/illIliiiII,java/lang/Object,kotlin/jvm/functions/Function1,5,1,1592,Kotlin internals,,
illIliilII(17).class,rustme/illIliilII,java/lang/Object,,0,2,196,,,
illIliiliI(2).class,rustme/illIliiliI,rustme/lilliiiliI,,3,2,935,Kotlin internals,,
illIlilIiI(10).class,rustme/illIlilIiI,rustme/IIlIlilIiI,,12,3,3864,,,
illIliliII(17).class,rustme/illIliliII,java/lang/Object,,0,1,173,,,
illIliliiI(2).class,rustme/illIliliiI,rustme/iIlililiiI,,22,7,9066,,,
illIlillII(9).class,rustme/illIlillII,java/lang/Object,,0,1,174,,,
illIlilliI(2).class,rustme/illIlilliI,java/lang/Object,,32,17,11656,Kotlin internals,,
illIllIIII(21).class,rustme/illIllIIII,java/lang/Object,,0,2,194,,,
illIllIIiI(10).class,rustme/illIllIIiI,java/lang/Object,com/mojang/authlib/ProfileLookupCallback,5,2,1850,,,
illIllIiiI(2).class,rustme/illIllIiiI,java/lang/Object,,1,2,1052,,,
illIllIilI(3).class,rustme/illIllIilI,java/lang/Object,,0,1,174,,,
illIllIliI(6).class,rustme/illIllIliI,java/lang/Object,kotlin/jvm/functions/Function0,3,2,1435,Kotlin internals,,
illIlliIiI(6).class,rustme/illIlliIiI,rustme/IIliiiIIiI,,2,1,1001,,,
illIlliiII(14).class,rustme/illIlliiII,java/lang/Object,kotlin/jvm/functions/Function1,5,1,2021,Kotlin internals,,
illIllilII(9).class,rustme/illIllilII,java/lang/Object,,0,2,196,,,
illIlliliI(2).class,rustme/illIlliliI,rustme/llIIlliliI,,10,9,11356,Kotlin internals,,
illIlllIiI(6).class,rustme/illIlllIiI,java/lang/Object,,5,3,915,,,
illIllliII(9).class,rustme/illIllliII,java/lang/Object,,0,12,404,,,
illIllliiI(2).class,rustme/illIllliiI,java/lang/Object,rustme/IilIllliiI,3,2,5041,,,
illIllllII(5).class,rustme/illIllllII,java/lang/Object,,0,1,174,,,
illIlllliI(2).class,rustme/illIlllliI,java/lang/Object,kotlin/jvm/functions/Function1,5,1,1541,Kotlin internals,,
illiIIIIiI(28).class,rustme/illiIIIIiI,rustme/llliiIIIiI,,4,0,1977,,,
illiIIIiII(60).class,rustme/illiIIIiII,java/lang/Object,,0,1,173,,,
illiIIIlII(46).class,rustme/illiIIIlII,java/lang/Object,,0,1,174,,,
illiIIIliI(28).class,rustme/illiIIIliI,rustme/IliIIiIliI,,8,4,5566,Kotlin internals,,
illiIIiIII(68).class,rustme/illiIIiIII,java/lang/Object,,0,1,173,,,
illiIIiIiI(12).class,rustme/illiIIiIiI,java/lang/Object,rustme/ililIIiIiI,17,6,4157,,,
illiIIiiII(44).class,rustme/illiIIiiII,java/lang/Object,kotlin/jvm/functions/Function1,5,1,3338,Kotlin internals,,
illiIIiilI(6).class,rustme/illiIIiilI,java/lang/Object,,0,1,174,,,
illiIIiliI(12).class,rustme/illiIIiliI,java/lang/Object,,2,0,948,Kotlin internals,,
illiIIlIII(46).class,rustme/illiIIlIII,java/lang/Object,,0,3,215,,,
illiIIlIiI(28).class,rustme/illiIIlIiI,rustme/IIIiIIlIiI,,2,0,828,,,
illiIIliiI(12).class,rustme/illiIIliiI,rustme/lIlliIliiI,,3,1,1141,,,
illiIIlliI(12).class,rustme/illiIIlliI,java/lang/Object,kotlin/jvm/functions/Function1,5,1,2785,Kotlin internals,,
illiIiIIII(72).class,rustme/illiIiIIII,java/lang/Object,,0,3,215,,,
illiIiIIiI(20).class,rustme/illiIiIIiI,java/lang/Object,,0,0,131,,,
illiIiIiII(52).class,rustme/illiIiIiII,rustme/IlIlIiIiII,,8,4,2529,Kotlin internals,,
illiIiIilI(10).class,rustme/illiIiIilI,java/lang/Object,,0,1,174,,,
illiIiIliI(20).class,rustme/illiIiIliI,java/lang/Object,,13,2,3387,Kotlin internals,,
illiIiiIiI(4).class,rustme/illiIiiIiI,java/lang/Object,,2,6,878,,,
illiIiiiII(36).class,rustme/illiIiiiII,java/lang/Object,kotlin/jvm/functions/Function1,5,1,1641,Kotlin internals,,
illiIiilII(34).class,rustme/illiIiilII,java/lang/Object,,0,1,174,,,
illiIiiliI(4).class,rustme/illiIiiliI,rustme/IIiIIiiliI,,1,1,500,,,
illiIilIiI(20).class,rustme/illiIilIiI,java/lang/Object,,0,0,220,,,
illiIiliII(34).class,rustme/illiIiliII,java/lang/Object,,0,3,215,,,
illiIiliiI(4).class,rustme/illiIiliiI,java/lang/Object,,5,56,4808,,,
illiIillII(18).class,rustme/illiIillII,java/lang/Object,,0,1,174,,,
illiIilliI(4).class,rustme/illiIilliI,rustme/llliIilliI,,4,1,2049,Kotlin internals,,
illiIlIIII(38).class,rustme/illiIlIIII,java/lang/Object,,0,2,194,,,
illiIlIIiI(16).class,rustme/illiIlIIiI,java/lang/Object,rustme/llillIIIiI,13,5,2983,,,
illiIlIiiI.class,rustme/illiIlIiiI,rustme/IillilIiiI,,22,1,8713,,,
illiIlIilI(6).class,rustme/illiIlIilI,java/lang/Object,,0,1,174,,,
illiIlIliI(12).class,rustme/illiIlIliI,rustme/lIliIlIliI,,12,9,5902,Kotlin internals,,
illiIliIiI(8).class,rustme/illiIliIiI,rustme/liliIliIiI,,7,1,1313,,,
illiIliiII(24).class,rustme/illiIliiII,java/lang/Object,kotlin/jvm/functions/Function1,5,1,1973,Kotlin internals,,
illiIlilII(18).class,rustme/illiIlilII,java/lang/Object,,0,2,196,,,
illiIliliI(4).class,rustme/illiIliliI,rustme/iiIliiIliI,,33,22,12581,Kotlin internals,,
illiIllIiI(12).class,rustme/illiIllIiI,rustme/llIiIllIiI,,7,0,2654,,,
illiIlliII(18).class,rustme/illiIlliII,java/lang/Object,,0,5,257,,,
illiIlliiI(4).class,rustme/illiIlliiI,rustme/iIiIIlliiI,it/unimi/dsi/fastutil/objects/ObjectListIterator,11,2,2796,,,
illiIlllII(10).class,rustme/illiIlllII,java/lang/Object,,0,1,174,,,
illiIllliI(4).class,rustme/illiIllliI,java/lang/Object,kotlin/jvm/functions/Function1,5,1,4064,Kotlin internals,,
illiiIIIII(74).class,rustme/illiiIIIII,java/lang/Object,,0,3,215,,,
illiiIIIiI(24).class,rustme/illiiIIIiI,java/lang/Object,rustme/liIiIIIIiI,2,0,757,,,
illiiIIiII(56).class,rustme/illiiIIiII,java/lang/Enum,,7,8,2432,Kotlin internals,,
illiiIIilI(12).class,rustme/illiiIIilI,java/lang/Object,,0,1,174,,,
illiiIIliI(24).class,rustme/illiiIIliI,rustme/IliIIiIliI,,24,16,21331,Kotlin internals,,
illiiIiIiI(8).class,rustme/illiiIiIiI,java/lang/Object,rustme/IiIiiIliiI,2,2,1388,,,
illiiIiiII(40).class,rustme/illiiIiiII,java/lang/Object,kotlin/jvm/functions/Function1,5,1,1480,Kotlin internals,,
illiiIilII(36).class,rustme/illiiIilII,java/lang/Object,,0,1,174,,,
illiiIiliI(8).class,rustme/illiiIiliI,java/lang/Enum,,10,8,3016,Kotlin internals,,
illiiIlIiI(24).class,rustme/illiiIlIiI,rustme/IIlllilIiI,,5,1,1551,,,
illiiIliII(36).class,rustme/illiiIliII,java/lang/Object,,0,1,173,,,
illiiIliiI(8).class,rustme/illiiIliiI,rustme/IiliiIliiI,,10,2,2987,GUI/Screen;Texture,,
illiiIllII(20).class,rustme/illiiIllII,java/lang/Object,,0,1,174,,,
illiiIlliI(8).class,rustme/illiiIlliI,java/lang/Object,kotlin/jvm/functions/Function1,5,1,1737,Kotlin internals,,
illiiiIIiI(16).class,rustme/illiiiIIiI,java/lang/Enum,,7,9,2317,,,
illiiiIiII(48).class,rustme/illiiiIiII,java/lang/Object,kotlin/jvm/functions/Function1,5,1,1506,Kotlin internals,,
illiiiIlII(40).class,rustme/illiiiIlII,java/lang/Object,,0,2,196,,,
illiiiIliI(16).class,rustme/illiiiIliI,java/lang/Object,kotlin/jvm/functions/Function0,3,1,1128,Kotlin internals,,
illiiiiIII(62).class,rustme/illiiiiIII,java/lang/Object,,0,1,173,,,
illiiiiIiI.class,rustme/illiiiiIiI,rustme/iIIIiiiIiI,,7,1,1436,Texture,,
illiiiiiII(32).class,rustme/illiiiiiII,java/lang/Object,kotlin/jvm/functions/Function1,5,1,1468,Kotlin internals,,
illiiiiilI.class,rustme/illiiiiilI,java/lang/Object,,0,1,174,,,
illiiiiliI.class,rustme/illiiiiliI,java/lang/Enum,,7,14,2546,,,
illiiilIII(40).class,rustme/illiiilIII,java/lang/Object,,0,2,194,,,
illiiilIiI(16).class,rustme/illiiilIiI,rustme/lliiiilIiI,rustme/iiIlIilIiI,7,4,2641,,,
illiiiliiI.class,rustme/illiiiliiI,rustme/liiiIiliiI,,17,2,7634,,,
illiiililI.class,rustme/illiiililI,java/lang/Object,,0,1,174,,,
illiiilliI.class,rustme/illiiilliI,kotlinx/coroutines/CoroutineDispatcher,,5,2,2453,Kotlin internals,,
illiilIIiI(12).class,rustme/illiilIIiI,java/lang/Object,rustme/iililIIIiI,72,0,3468,,,
illiilIiII(28).class,rustme/illiilIiII,java/lang/Object,,0,6,278,,,
illiilIlII(20).class,rustme/illiilIlII,java/lang/Object,,0,1,174,,,
illiilIliI(8).class,rustme/illiilIliI,java/lang/Object,kotlin/jvm/functions/Function1,5,2,3794,Kotlin internals,,
illiiliIII(32).class,rustme/illiiliIII,java/lang/Object,,0,1,173,,,
illiiliIiI(4).class,rustme/illiiliIiI,java/lang/Object,,12,0,760,,,
illiiliiII(20).class,rustme/illiiliiII,java/lang/Object,kotlin/jvm/functions/Function1,5,1,1880,Kotlin internals,,
illiiliilI.class,rustme/illiiliilI,java/lang/Object,,0,2,196,,,
illiililiI.class,rustme/illiililiI,rustme/IlilIIIliI,,3,1,2058,Kotlin internals,,
illiillIII(20).class,rustme/illiillIII,java/lang/Object,,0,16,488,,,
illiillIiI(8).class,rustme/illiillIiI,java/lang/Object,java/lang/Iterable,2,2,812,,,
illiilliiI.class,rustme/illiilliiI,java/lang/Object,rustme/iililIliiI,2,0,871,Particles,,
illiillliI.class,rustme/illiillliI,java/lang/Object,kotlin/jvm/functions/Function1,5,1,1661,Kotlin internals,,
illilIIIII(36).class,rustme/illilIIIII,java/lang/Object,,0,1,173,,,
illilIIIiI(12).class,rustme/illilIIIiI,java/lang/Object,rustme/iililIIIiI,2,0,248,,,
illilIIilI(6).class,rustme/illilIIilI,java/lang/Object,,0,1,174,,,
illilIIliI(12).class,rustme/illilIIliI,java/lang/Object,,10,4,4476,Kotlin internals,,
illilIiIiI(4).class,rustme/illilIiIiI,java/lang/Object,rustme/IiiIlIiIiI,3,1,988,,,
illilIiiII(20).class,rustme/illilIiiII,java/lang/Object,kotlin/jvm/functions/Function1,5,1,1889,Kotlin internals,,
illilIilII(18).class,rustme/illilIilII,java/lang/Object,,0,1,174,,,
illilIiliI(4).class,rustme/illilIiliI,java/lang/Object,rustme/iiiIlIiliI,8,2,3657,Kotlin internals,,
illilIlIiI(12).class,rustme/illilIlIiI,java/lang/Object,,4,3,1071,,,
illilIliII(18).class,rustme/illilIliII,java/lang/Object,,0,2,194,,,
illilIliiI(4).class,rustme/illilIliiI,java/lang/Object,rustme/iililIliiI,2,0,798,Particles,,
illilIllII(10).class,rustme/illilIllII,java/lang/Object,,0,1,174,,,
illilIlliI(4).class,rustme/illilIlliI,java/lang/Object,kotlin/jvm/functions/Function1,5,1,2832,Kotlin internals,,
illiliIIiI(8).class,rustme/illiliIIiI,rustme/lllIliIIiI,,3,0,1287,,,
illiliIiII(24).class,rustme/illiliIiII,java/lang/Object,rustme/lIIlIiIiII,1,0,603,Kotlin internals,,
illiliIlII(20).class,rustme/illiliIlII,java/lang/Object,,0,2,196,,,
illiliIliI(8).class,rustme/illiliIliI,rustme/IliIIiIliI,,21,13,12950,Kotlin internals,,
illiliiIII(30).class,rustme/illiliiIII,java/lang/Object,,0,1,173,,,
illiliiIiI.class,rustme/illiliiIiI,java/lang/Object,rustme/IiiIlIiIiI,3,1,1063,,,
illiliiiII(16).class,rustme/illiliiiII,java/lang/Object,kotlin/jvm/functions/Function1,5,1,3078,Kotlin internals,,
illiliiilI.class,rustme/illiliiilI,java/lang/Object,,0,1,174,,,
illiliiliI.class,rustme/illiliiliI,rustme/IililiiliI,,5,3,3711,Kotlin internals,,
illililIII(20).class,rustme/illililIII,java/lang/Object,,0,8,320,,,
illililIiI(8).class,rustme/illililIiI,java/lang/RuntimeException,,4,1,770,,,
illililiiI.class,rustme/illililiiI,rustme/lIlililiiI,,3,4,1546,,,
illilililI.class,rustme/illilililI,java/lang/Object,,0,7,306,,,
illililliI.class,rustme/illililliI,java/lang/Object,rustme/IiIIlilliI,4,0,2103,Kotlin internals,,
illillIIiI(8).class,rustme/illillIIiI,java/lang/Object,,11,0,1073,Scoreboard,,
illillIiII(16).class,rustme/illillIiII,java/lang/Object,,0,2,194,,,
illillIiiI.class,rustme/illillIiiI,java/lang/Object,,1,3,1337,,,
illillIlII(10).class,rustme/illillIlII,java/lang/Object,,0,1,174,,,
illillIliI(4).class,rustme/illillIliI,java/lang/Object,kotlin/jvm/functions/Function0,3,6,2866,Kotlin internals,,
illilliIII(18).class,rustme/illilliIII,java/lang/Object,,0,2,194,,,
illilliIiI(4).class,rustme/illilliIiI,rustme/iIiiiilIiI,,4,1,1032,,,
illilliiII(12).class,rustme/illilliiII,java/lang/Object,kotlin/jvm/functions/Function0,4,1,954,Kotlin internals,,
illilliilI.class,rustme/illilliilI,java/lang/Object,,0,1,174,,,
illilliliI.class,rustme/illilliliI,java/lang/Object,,2,0,857,Kotlin internals,,
illilllIII(10).class,rustme/illilllIII,java/lang/Object,,0,12,416,,,
illilllIiI(4).class,rustme/illilllIiI,java/lang/Object,rustme/lililllIiI,2,0,423,,,
illillliiI.class,rustme/illillliiI,java/lang/Object,rustme/liiIllliiI,2,0,950,,,
illilllliI.class,rustme/illilllliI,java/lang/Object,kotlin/jvm/functions/Function1,5,1,1469,Kotlin internals,,
illlIIIIiI(14).class,rustme/illlIIIIiI,java/lang/Object,rustme/IlIlIIIIiI,8,0,1876,,,
illlIIIiII(30).class,rustme/illlIIIiII,java/lang/Object,,0,3,215,,,
illlIIIlII(23).class,rustme/illlIIIlII,java/lang/Object,,0,1,174,,,
illlIIIliI(14).class,rustme/illlIIIliI,java/lang/Object,rustme/llIlIIIliI,23,14,19500,Kotlin internals,,
illlIIiIII(34).class,rustme/illlIIiIII,java/lang/Object,,0,1,173,,,
illlIIiIiI(6).class,rustme/illlIIiIiI,rustme/IIlliIiIiI,,7,0,3366,,,
illlIIiiII(22).class,rustme/illlIIiiII,java/lang/Object,kotlin/jvm/functions/Function1,5,1,1455,Kotlin internals,,
illlIIiilI(3).class,rustme/illlIIiilI,java/lang/Object,,0,1,174,,,
illlIIiliI(6).class,rustme/illlIIiliI,kotlin/coroutines/jvm/internal/SuspendLambda,kotlin/jvm/functions/Function2,7,2,3318,Kotlin internals,,
illlIIlIII(23).class,rustme/illlIIlIII,java/lang/Object,,0,1,173,,,
illlIIlIiI(14).class,rustme/illlIIlIiI,rustme/llllIIlIiI,,2,2,1063,,,
illlIIliiI(6).class,rustme/illlIIliiI,java/lang/Object,,2,2,832,,,
illlIIlliI(6).class,rustme/illlIIlliI,java/lang/Object,kotlin/jvm/functions/Function1,5,1,3047,Kotlin internals,,
illlIiIIII(36).class,rustme/illlIiIIII,java/lang/Object,,0,13,425,,,
illlIiIIiI(10).class,rustme/illlIiIIiI,rustme/iilIlIiIiI,,4,0,1037,,,
illlIiIiII(26).class,rustme/illlIiIiII,java/lang/Object,rustme/lIIlIiIiII,12,1,2257,Kotlin internals,,
illlIiIilI(5).class,rustme/illlIiIilI,java/lang/Object,,0,1,174,,,
illlIiIliI(10).class,rustme/illlIiIliI,rustme/IlilIIIliI,,31,9,18672,Kotlin internals,,
illlIiiIiI(2).class,rustme/illlIiiIiI,java/lang/Object,rustme/lIilIiiIiI,4,0,1085,,,
illlIiiiII(18).class,rustme/illlIiiiII,java/lang/Object,kotlin/jvm/functions/Function1,5,1,1500,Kotlin internals,,
illlIiilII(17).class,rustme/illlIiilII,java/lang/Object,,0,1,174,,,
illlIiiliI(2).class,rustme/illlIiiliI,rustme/IililiiliI,,8,6,3397,Kotlin internals,,
illlIilIiI(10).class,rustme/illlIilIiI,java/lang/Object,com/google/common/base/Function,3,0,1127,,,
illlIiliII(17).class,rustme/illlIiliII,java/lang/Object,,0,1,173,,,
illlIiliiI(2).class,rustme/illlIiliiI,rustme/lIllIiliiI,,8,0,2509,,,
illlIillII(9).class,rustme/illlIillII,java/lang/Object,,0,1,174,,,
illlIilliI(2).class,rustme/illlIilliI,java/lang/Object,,7,6,1670,Kotlin internals,,
illlIlIIII(21).class,rustme/illlIlIIII,java/lang/Object,,0,4,236,,,
illlIlIIiI(10).class,rustme/illlIlIIiI,java/lang/Object,com/google/common/base/Predicate,3,0,1191,,,
illlIlIiiI(2).class,rustme/illlIlIiiI,rustme/iilillIiiI,,11,1,4134,,,
illlIlIilI(3).class,rustme/illlIlIilI,java/lang/Object,,0,1,174,,,
illlIlIliI(6).class,rustme/illlIlIliI,java/lang/Object,,3,2,1374,Kotlin internals,,
illlIliIiI(6).class,rustme/illlIliIiI,java/lang/Object,,1,0,163,,,
illlIliiII(14).class,rustme/illlIliiII,java/lang/Object,kotlin/jvm/functions/Function1,5,1,1468,Kotlin internals,,
illlIlilII(9).class,rustme/illlIlilII,java/lang/Object,,0,2,196,,,
illlIliliI(2).class,rustme/illlIliliI,java/lang/Object,,2,0,1277,Kotlin internals,,
illlIllIiI(6).class,rustme/illlIllIiI,rustme/IIliIllIiI,,5,0,1260,,,
illlIlliII(9).class,rustme/illlIlliII,java/lang/Object,,0,1,173,,,
illlIlliiI(2).class,rustme/illlIlliiI,java/lang/Object,java/lang/Runnable,2,5,1397,,,
illlIlllII(5).class,rustme/illlIlllII,java/lang/Object,,0,1,174,,,
illlIllliI(2).class,rustme/illlIllliI,java/lang/Object,kotlin/jvm/functions/Function1,5,1,3041,Kotlin internals,,
illliIIIII(37).class,rustme/illliIIIII,java/lang/Object,,0,1,173,,,
illliIIIiI(12).class,rustme/illliIIIiI,rustme/llliiIIIiI,,3,1,2400,,,
illliIIiII(28).class,rustme/illliIIiII,java/lang/Object,rustme/IllliIIiII,7,5,1413,,,
illliIIilI(6).class,rustme/illliIIilI,java/lang/Object,,0,1,174,,,
illliIIliI(12).class,rustme/illliIIliI,rustme/IlilIIIliI,,28,18,15816,Kotlin internals,,
illliIiIiI(4).class,rustme/illliIiIiI,rustme/IIlliIiIiI,,9,0,4591,,,
illliIiiII(20).class,rustme/illliIiiII,java/lang/Object,kotlin/jvm/functions/Function1,5,1,1938,Kotlin internals,,
illliIilII(18).class,rustme/illliIilII,java/lang/Object,,0,1,174,,,
illliIiliI(4).class,rustme/illliIiliI,java/lang/Object,,2,0,979,Kotlin internals,,
illliIlIiI(12).class,rustme/illliIlIiI,java/lang/Enum,,9,8,2379,,,
illliIliII(18).class,rustme/illliIliII,java/lang/Object,,0,16,488,,,
illliIliiI(4).class,rustme/illliIliiI,rustme/lIlliIliiI,,3,6,2532,,,
illliIllII(10).class,rustme/illliIllII,java/lang/Object,,0,1,174,,,
illliIlliI(4).class,rustme/illliIlliI,java/lang/Object,kotlin/jvm/functions/Function1,5,1,1468,Kotlin internals,,
illliiIIiI(8).class,rustme/illliiIIiI,rustme/liIiIliIiI,,5,2,1026,,,
illliiIiII(24).class,rustme/illliiIiII,java/lang/Object,kotlin/jvm/functions/Function1,5,1,1898,Kotlin internals,,
illliiIlII(20).class,rustme/illliiIlII,java/lang/Object,,0,1,174,,,
illliiIliI(8).class,rustme/illliiIliI,kotlin/properties/ObservableProperty,,4,1,2249,Kotlin internals,,
illliiiIII(31).class,rustme/illliiiIII,java/lang/Object,,0,1,173,,,
illliiiIiI.class,rustme/illliiiIiI,rustme/iIlIiiiIiI,,7,1,1603,Texture,,
illliiiiII(16).class,rustme/illliiiiII,java/lang/Object,kotlin/jvm/functions/Function1,5,1,1673,Kotlin internals,,
illliiiilI.class,rustme/illliiiilI,java/lang/Object,,0,1,174,,,
illliiiliI.class,rustme/illliiiliI,rustme/lilliiiliI,,1,1,503,GUI/Screen,,
illliilIII(20).class,rustme/illliilIII,java/lang/Object,,0,1,173,,,
illliilIiI(8).class,rustme/illliilIiI,java/lang/Object,rustme/IlIiIilIiI,5,0,1806,,,
illliiliiI.class,rustme/illliiliiI,java/lang/Enum,rustme/ililIilIiI,10,7,2367,,,
illliililI.class,rustme/illliililI,java/lang/Object,,0,1,174,,,
illliilliI.class,rustme/illliilliI,java/lang/Object,,10,0,2216,Container/Slot;Kotlin internals,,
illlilIIiI(8).class,rustme/illlilIIiI,java/lang/Object,rustme/llillIIIiI,12,2,6794,,,
illlilIiII(16).class,rustme/illlilIiII,java/lang/Object,,0,12,404,,,
illlilIiiI.class,rustme/illlilIiiI,rustme/llllilIiiI,,9,4,3786,,,
illlilIlII(10).class,rustme/illlilIlII,java/lang/Object,,0,1,174,,,
illlilIliI(4).class,rustme/illlilIliI,java/lang/Object,,12,8,5777,Kotlin internals,,
illliliIII(18).class,rustme/illliliIII,java/lang/Object,,0,2,194,,,
illliliIiI(4).class,rustme/illliliIiI,rustme/iliIiliIiI,,10,8,4523,,,
illliliiII(12).class,rustme/illliliiII,java/lang/Object,kotlin/jvm/functions/Function1,5,1,1495,Kotlin internals,,
illliliilI.class,rustme/illliliilI,java/lang/Object,,0,1,174,,,
illlililiI.class,rustme/illlililiI,rustme/IlilIIIliI,,4,0,7321,Kotlin internals,,
illlillIII(10).class,rustme/illlillIII,java/lang/Object,,0,2,194,,,
illlillIiI(4).class,rustme/illlillIiI,java/lang/Object,,8,3,2010,,,
illlilliiI.class,rustme/illlilliiI,java/lang/RuntimeException,,1,1,510,,,
illlillliI.class,rustme/illlillliI,java/lang/Object,kotlin/jvm/functions/Function1,5,1,2321,Kotlin internals,,
illllIIIII(18).class,rustme/illllIIIII,java/lang/Object,,0,13,425,,,
illllIIIiI(6).class,rustme/illllIIIiI,java/lang/Enum,,6,10,2141,,,
illllIIilI(3).class,rustme/illllIIilI,java/lang/Object,,0,1,174,,,
illllIIliI(6).class,rustme/illllIIliI,java/lang/Object,kotlin/jvm/functions/Function1,5,2,3815,Kotlin internals;Scoreboard,,
illllIiIiI(2).class,rustme/illllIiIiI,java/lang/Enum,,9,10,2470,,,
illllIiiII(10).class,rustme/illllIiiII,java/lang/Object,kotlin/jvm/functions/Function1,5,1,1468,Kotlin internals,,
illllIilII(9).class,rustme/illllIilII,java/lang/Object,,0,28,768,,,
illllIiliI(2).class,rustme/illllIiliI,java/lang/Object,,0,0,785,Kotlin internals,,
illllIlIiI(6).class,rustme/illllIlIiI,java/lang/Object,,30,10,5485,,,
illllIliII(9).class,rustme/illllIliII,java/lang/Object,,0,1,173,,,
illllIliiI(2).class,rustme/illllIliiI,rustme/lililIliiI,,4,1,2212,Particles,,
illllIllII(5).class,rustme/illllIllII,java/lang/Object,,0,1,174,,,
illllIlliI(2).class,rustme/illllIlliI,java/lang/Object,kotlin/jvm/functions/Function1,5,1,2905,Kotlin internals,,
illlliIIiI(4).class,rustme/illlliIIiI,java/lang/Object,,1,0,374,,,
illlliIiII(12).class,rustme/illlliIiII,java/lang/Object,rustme/lIIlIiIiII,8,1,2668,Kotlin internals,,
illlliIlII(10).class,rustme/illlliIlII,java/lang/Object,,0,2,196,,,
illlliIliI(4).class,rustme/illlliIliI,rustme/lllIIiIliI,,2,0,3422,Kotlin internals,,
illlliiIII(15).class,rustme/illlliiIII,java/lang/Object,,0,30,782,,,
illlliiIiI.class,rustme/illlliiIiI,java/lang/Object,rustme/llIlliiIiI,3,2,649,,,
illlliiiII(8).class,rustme/illlliiiII,java/lang/Object,kotlin/jvm/functions/Function1,5,1,1460,Kotlin internals,,
illlliiilI.class,rustme/illlliiilI,java/lang/Object,,0,1,174,,,
illlliiliI.class,rustme/illlliiliI,rustme/lilliiiliI,,1,0,539,Kotlin internals,,
illllilIII(10).class,rustme/illllilIII,java/lang/Object,,0,4,236,,,
illllilIiI(4).class,rustme/illllilIiI,java/lang/Object,,2,4,992,World gen,,
illlliliiI.class,rustme/illlliliiI,rustme/IlIIlllIiI,,2,0,904,GUI/Screen,,
illllililI.class,rustme/illllililI,java/lang/Object,,0,7,306,,,
illllilliI.class,rustme/illllilliI,java/lang/Object,kotlin/jvm/functions/Function1,5,1,1737,Kotlin internals,,
illlllIIiI(4).class,rustme/illlllIIiI,java/lang/Object,,0,0,220,,,
illlllIiII(8).class,rustme/illlllIiII,java/lang/Object,,0,1,173,,,
illlllIiiI.class,rustme/illlllIiiI,java/lang/Enum,rustme/ililIilIiI,7,2,1441,,,
illlllIlII(5).class,rustme/illlllIlII,java/lang/Object,,0,1,174,,,
illlllIliI(2).class,rustme/illlllIliI,java/lang/Object,kotlin/jvm/functions/Function0,3,1,1147,Kotlin internals,,
illllliIII(9).class,rustme/illllliIII,java/lang/Object,,0,10,362,,,
illllliIiI(2).class,rustme/illllliIiI,rustme/liIliliIiI,,3,1,1617,,,
illllliiII(6).class,rustme/illllliiII,java/lang/Object,kotlin/jvm/functions/Function1,5,1,1620,Kotlin internals,,
illllliilI.class,rustme/illllliilI,java/lang/Object,,0,1,174,,,
illllliliI.class,rustme/illllliliI,rustme/iiIliiIliI,,12,7,11761,Kotlin internals,,
illllllIII(5).class,rustme/illllllIII,java/lang/Object,,0,1,174,,,
illllllIiI(2).class,rustme/illllllIiI,rustme/liIlIIliiI,,10,3,2397,,,
illlllliiI.class,rustme/illlllliiI,java/lang/Object,rustme/lIllllliiI,6,3,1867,Texture,,
illllllliI.class,rustme/illllllliI,java/lang/Object,kotlin/jvm/functions/Function1,5,1,1973,Kotlin internals,,
lIIIIIIIII(155).class,rustme/lIIIIIIIII,java/lang/Object,,0,12,404,,,
lIIIIIIIiI(63).class,rustme/lIIIIIIIiI,rustme/llliiIIIiI,,12,5,4245,,,
lIIIIIIilI(31).class,rustme/lIIIIIIilI,java/lang/Object,,0,1,174,,,
lIIIIIIliI(63).class,rustme/lIIIIIIliI,kotlin/properties/ObservableProperty,,4,1,2456,Kotlin internals,,
lIIIIIiIiI(31).class,rustme/lIIIIIiIiI,rustme/IliiIIiIiI,,5,0,915,,,
lIIIIIiiII(95).class,rustme/lIIIIIiiII,java/lang/Object,kotlin/jvm/functions/Function1,5,1,1880,Kotlin internals,,
lIIIIIilII(79).class,rustme/lIIIIIilII,java/lang/Object,,0,8,328,,,
lIIIIIiliI(31).class,rustme/lIIIIIiliI,java/lang/Object,,7,4,2168,Kotlin internals,,
lIIIIIlIiI(63).class,rustme/lIIIIIlIiI,java/lang/Object,,0,0,220,,,
lIIIIIliII(79).class,rustme/lIIIIIliII,java/lang/Object,,0,1,173,,,
lIIIIIliiI(31).class,rustme/lIIIIIliiI,rustme/lIlliIliiI,,2,2,706,,,
lIIIIIllII(47).class,rustme/lIIIIIllII,java/lang/Object,,0,1,174,,,
lIIIIIlliI(31).class,rustme/lIIIIIlliI,java/lang/Object,kotlin/jvm/functions/Function1,5,1,1783,Kotlin internals,,
lIIIIiIIiI(47).class,rustme/lIIIIiIIiI,rustme/IIlIIliIiI,rustme/illlIliIiI,31,16,18115,,,
lIIIIiIiII(111).class,rustme/lIIIIiIiII,java/lang/Object,kotlin/jvm/functions/Function1,5,1,1476,Kotlin internals,,
lIIIIiIlII(87).class,rustme/lIIIIiIlII,java/lang/Object,,0,26,724,,,
lIIIIiIliI(47).class,rustme/lIIIIiIliI,kotlin/jvm/internal/FunctionReferenceImpl,kotlin/jvm/functions/Function1,5,0,1528,Kotlin internals,,
lIIIIiiIII(131).class,rustme/lIIIIiiIII,java/lang/Object,,0,50,1202,,,
lIIIIiiIiI(15).class,rustme/lIIIIiiIiI,java/lang/Object,,1,5,622,,,
lIIIIiiiII(79).class,rustme/lIIIIiiiII,java/lang/Object,kotlin/jvm/functions/Function1,5,1,1500,Kotlin internals,,
lIIIIiiilI(7).class,rustme/lIIIIiiilI,java/lang/Object,,0,1,174,,,
lIIIIiiliI(15).class,rustme/lIIIIiiliI,java/lang/Object,,5,0,4421,Kotlin internals,,
lIIIIilIII(87).class,rustme/lIIIIilIII,java/lang/Object,,0,8,320,,,
lIIIIilIiI(47).class,rustme/lIIIIilIiI,java/lang/Enum,,8,5,1834,,,
lIIIIiliiI(15).class,rustme/lIIIIiliiI,java/lang/Enum,,6,10,2010,,,
lIIIIililI(7).class,rustme/lIIIIililI,java/lang/Object,,0,4,240,,,
lIIIIilliI(15).class,rustme/lIIIIilliI,java/lang/Object,,2,3,841,Kotlin internals,,
lIIIIlIIiI(39).class,rustme/lIIIIlIIiI,java/lang/Object,com/google/gson/JsonSerializer;com/google/gson/JsonDeserializer,7,0,4096,,,
lIIIIlIiII(63).class,rustme/lIIIIlIiII,java/lang/Object,,0,3,215,,,
lIIIIlIiiI(7).class,rustme/lIIIIlIiiI,java/lang/Object,,1,1,731,,,
lIIIIlIlII(47).class,rustme/lIIIIlIlII,java/lang/Object,,0,1,174,,,
lIIIIlIliI(31).class,rustme/lIIIIlIliI,java/lang/Object,,3,0,1261,Kotlin internals,,
lIIIIliIII(71).class,rustme/lIIIIliIII,java/lang/Object,,0,8,320,,,
lIIIIliIiI(23).class,rustme/lIIIIliIiI,rustme/IIlIIliIiI,,1,0,349,,,
lIIIIliiII(55).class,rustme/lIIIIliiII,java/lang/Object,kotlin/jvm/functions/Function1,5,1,1506,Kotlin internals,,
lIIIIliilI(7).class,rustme/lIIIIliilI,java/lang/Object,,0,1,174,,,
lIIIIliliI(15).class,rustme/lIIIIliliI,java/lang/Object,,2,0,1288,Kotlin internals,,
lIIIIllIII(47).class,rustme/lIIIIllIII,java/lang/Object,,0,1,173,,,
lIIIIllIiI(31).class,rustme/lIIIIllIiI,rustme/llIiIllIiI,,7,0,2760,,,
lIIIIlliiI(15).class,rustme/lIIIIlliiI,rustme/iIIllilIiI,java/lang/Comparable,4,1,1537,,,
lIIIIllliI(15).class,rustme/lIIIIllliI,java/lang/Object,kotlin/jvm/functions/Function1,5,1,1468,Kotlin internals,,
lIIIiIIIiI(55).class,rustme/lIIIiIIIiI,rustme/llliiIIIiI,,3,0,583,,,
lIIIiIIiII(119).class,rustme/lIIIiIIiII,java/lang/Object,,7,0,5321,Kotlin internals,,
lIIIiIIlII(91).class,rustme/lIIIiIIlII,java/lang/Object,,0,5,262,,,
lIIIiIIliI(55).class,rustme/lIIIiIIliI,rustme/IliIIiIliI,,16,6,8522,Kotlin internals,,
lIIIiIiIII(135).class,rustme/lIIIiIiIII,java/lang/Object,,0,14,446,,,
lIIIiIiIiI(23).class,rustme/lIIIiIiIiI,java/lang/Object,,8,5,6723,,,
lIIIiIiiII(87).class,rustme/lIIIiIiiII,java/lang/Object,kotlin/jvm/functions/Function1,5,1,2013,Kotlin internals,,
lIIIiIiilI(11).class,rustme/lIIIiIiilI,java/lang/Object,,0,1,174,,,
lIIIiIiliI(23).class,rustme/lIIIiIiliI,java/lang/Object,,16,5,15152,Kotlin internals,,
lIIIiIlIII(91).class,rustme/lIIIiIlIII,java/lang/Object,,0,2,194,,,
lIIIiIlIiI(55).class,rustme/lIIIiIlIiI,java/lang/Object,rustme/IiiIlIiIiI,3,3,1108,,,
lIIIiIliiI(23).class,rustme/lIIIiIliiI,java/lang/Object,java/lang/Runnable,4,1,2098,GUI/Screen,,
lIIIiIlilI(11).class,rustme/lIIIiIlilI,java/lang/Object,,0,3,218,,,
lIIIiIlliI(23).class,rustme/lIIIiIlliI,java/lang/Object,,28,25,23265,Kotlin internals,,
lIIIiiIIII(143).class,rustme/lIIIiiIIII,java/lang/Object,,0,11,383,,,
lIIIiiIIiI(39).class,rustme/lIIIiiIIiI,java/lang/Object,rustme/iillIliIiI,1,1,532,,,
lIIIiiIiII(103).class,rustme/lIIIiiIiII,java/lang/Object,kotlin/jvm/functions/Function1,5,1,1641,Kotlin internals,,
lIIIiiIilI(19).class,rustme/lIIIiiIilI,java/lang/Object,,0,1,174,,,
lIIIiiIliI(39).class,rustme/lIIIiiIliI,kotlin/jvm/internal/FunctionReferenceImpl,kotlin/jvm/functions/Function0,5,0,1506,Kotlin internals,,
lIIIiiiIiI(7).class,rustme/lIIIiiiIiI,rustme/IlIiIiiIiI,,9,1,1679,Texture,,
lIIIiiiiII(71).class,rustme/lIIIiiiiII,java/lang/Object,kotlin/jvm/functions/Function1,5,1,3534,Kotlin internals,,
lIIIiiilII(67).class,rustme/lIIIiiilII,java/lang/Object,,0,1,174,,,
lIIIiiiliI(7).class,rustme/lIIIiiiliI,java/lang/Object,,3,1,1344,,,
lIIIiilIiI(39).class,rustme/lIIIiilIiI,rustme/IIiIiilIiI,rustme/lIlIliIIiI;rustme/iiIlIilIiI,37,9,11139,,,
lIIIiiliII(67).class,rustme/lIIIiiliII,java/lang/Object,,0,2,194,,,
lIIIiiliiI(7).class,rustme/lIIIiiliiI,rustme/IilIiiliiI,,2,0,758,,,
lIIIiillII(35).class,rustme/lIIIiillII,java/lang/Object,,0,9,350,,,
lIIIiilliI(7).class,rustme/lIIIiilliI,java/lang/Object,,7,0,5724,Kotlin internals,,
lIIIilIIII(75).class,rustme/lIIIilIIII,java/lang/Object,,0,11,383,,,
lIIIilIIiI(31).class,rustme/lIIIilIIiI,java/lang/Object,rustme/llillIIIiI,9,3,1797,,,
lIIIilIilI(11).class,rustme/lIIIilIilI,java/lang/Object,,0,1,174,,,
lIIIilIliI(23).class,rustme/lIIIilIliI,java/lang/Object,java/util/Comparator,2,0,1660,Kotlin internals,,
lIIIiliIiI(15).class,rustme/lIIIiliIiI,java/lang/Object,com/google/common/base/Predicate,3,1,1759,,,
lIIIiliiII(47).class,rustme/lIIIiliiII,java/lang/Object,kotlin/jvm/functions/Function1,5,1,1780,Kotlin internals,,
lIIIililII(35).class,rustme/lIIIililII,java/lang/Object,,0,2,196,,,
lIIIililiI(7).class,rustme/lIIIililiI,kotlin/coroutines/jvm/internal/SuspendLambda,kotlin/jvm/functions/Function2,7,2,5806,Kotlin internals,,
lIIIillIiI(23).class,rustme/lIIIillIiI,java/lang/Object,,5,2,1079,,,
lIIIilliII(35).class,rustme/lIIIilliII,java/lang/Object,,0,3,215,,,
lIIIilliiI(7).class,rustme/lIIIilliiI,java/lang/Object,com/google/gson/JsonDeserializer,7,0,3179,,,
lIIIilllII(19).class,rustme/lIIIilllII,java/lang/Object,,0,1,174,,,
lIIIillliI(7).class,rustme/lIIIillliI,java/lang/Object,kotlin/jvm/functions/Function1,5,1,1898,Kotlin internals,,
lIIIlIIIiI(31).class,rustme/lIIIlIIIiI,io/netty/handler/codec/ByteToMessageDecoder,,4,3,3868,,,
lIIIlIIiII(59).class,rustme/lIIIlIIiII,java/lang/Object,,0,1,173,,,
lIIIlIIlII(47).class,rustme/lIIIlIIlII,java/lang/Object,,0,1,174,,,
lIIIlIIliI(31).class,rustme/lIIIlIIliI,java/lang/Object,kotlin/jvm/functions/Function1,5,2,3802,Kotlin internals,,
lIIIlIiIII(67).class,rustme/lIIIlIiIII,java/lang/Object,,0,2,194,,,
lIIIlIiIiI(15).class,rustme/lIIIlIiIiI,rustme/ilIIlIiIiI,,2,0,679,,,
lIIIlIiiII(47).class,rustme/lIIIlIiiII,java/lang/Object,kotlin/jvm/functions/Function1,5,1,2299,Kotlin internals,,
lIIIlIiilI(7).class,rustme/lIIIlIiilI,java/lang/Object,,0,1,174,,,
lIIIlIiliI(15).class,rustme/lIIIlIiliI,java/lang/Object,,9,2,4939,Kotlin internals,,
lIIIlIlIII(47).class,rustme/lIIIlIlIII,java/lang/Object,,0,3,215,,,
lIIIlIlIiI(31).class,rustme/lIIIlIlIiI,java/lang/Object,,0,0,220,,,
lIIIlIliiI(15).class,rustme/lIIIlIliiI,rustme/lililIliiI,,3,2,3193,Particles,,
lIIIlIlliI(15).class,rustme/lIIIlIlliI,java/lang/Object,kotlin/jvm/functions/Function1,5,1,1880,Kotlin internals,,
lIIIliIIII(71).class,rustme/lIIIliIIII,java/lang/Object,,0,2,194,,,
lIIIliIIiI(23).class,rustme/lIIIliIIiI,java/lang/Object,rustme/lIlliilliI;rustme/IIlIIIlIiI,18,0,1167,,,
lIIIliIiII(55).class,rustme/lIIIliIiII,java/lang/Object,rustme/lIIlIiIiII,14,3,6268,Kotlin internals,,
lIIIliIilI(11).class,rustme/lIIIliIilI,java/lang/Object,,0,1,174,,,
lIIIliIliI(23).class,rustme/lIIIliIliI,rustme/IliIIiIliI,,19,14,10678,Kotlin internals,,
lIIIliiIiI(7).class,rustme/lIIIliiIiI,rustme/IIlIliiIiI,,4,0,1959,,,
lIIIliiiII(39).class,rustme/lIIIliiiII,java/lang/Object,kotlin/jvm/functions/Function1,5,1,2695,Kotlin internals,,
lIIIliilII(35).class,rustme/lIIIliilII,java/lang/Object,,0,2,196,,,
lIIIliiliI(7).class,rustme/lIIIliiliI,java/lang/Object,java/lang/Runnable,9,4,7212,Kotlin internals,,
lIIIlilIiI(23).class,rustme/lIIIlilIiI,java/lang/Object,com/google/gson/JsonSerializer;com/google/gson/JsonDeserializer,11,1,9835,Scoreboard,,
lIIIliliII(35).class,rustme/lIIIliliII,java/lang/Object,,0,8,320,,,
lIIIliliiI(7).class,rustme/lIIIliliiI,java/lang/Object,,4,0,329,GUI/Screen,,
lIIIlillII(19).class,rustme/lIIIlillII,java/lang/Object,,0,1,174,,,
lIIIlilliI(7).class,rustme/lIIIlilliI,java/lang/Object,,9,3,3091,Kotlin internals,,
lIIIllIIII(43).class,rustme/lIIIllIIII,java/lang/Object,,0,4,236,,,
lIIIllIIiI(23).class,rustme/lIIIllIIiI,java/lang/Object,,20,10,7833,,,
lIIIllIiiI(7).class,rustme/lIIIllIiiI,rustme/lIlillIiiI,,13,1,4866,,,
lIIIllIilI(7).class,rustme/lIIIllIilI,java/lang/Object,,0,1,174,,,
lIIIllIliI(15).class,rustme/lIIIllIliI,kotlin/coroutines/jvm/internal/SuspendLambda,kotlin/jvm/functions/Function2,7,2,3283,Kotlin internals,,
lIIIlliIiI(15).class,rustme/lIIIlliIiI,java/lang/Object,com/google/common/base/Predicate,3,1,1263,,,
lIIIlliiII(31).class,rustme/lIIIlliiII,java/lang/Object,kotlin/jvm/functions/Function1,5,1,2816,Kotlin internals,,
lIIIllilII(19).class,rustme/lIIIllilII,java/lang/Object,,0,4,240,,,
lIIIlliliI(7).class,rustme/lIIIlliliI,kotlin/jvm/internal/FunctionReferenceImpl,kotlin/jvm/functions/Function2,5,0,2085,Kotlin internals,,
lIIIlllIiI(15).class,rustme/lIIIlllIiI,java/lang/Object,,3,5,2617,,,
lIIIllliII(19).class,rustme/lIIIllliII,java/lang/Object,,0,4,236,,,
lIIIllliiI(7).class,rustme/lIIIllliiI,java/lang/Object,,4,5,2262,,,
lIIIllllII(11).class,rustme/lIIIllllII,java/lang/Object,,0,1,174,,,
lIIIlllliI(7).class,rustme/lIIIlllliI,java/lang/Object,kotlin/jvm/functions/Function1,5,1,1468,Kotlin internals,,
lIIiIIIIiI(59).class,rustme/lIIiIIIIiI,java/lang/Object,rustme/iIiiiIIIiI,2,0,1384,,,
lIIiIIIiII(121).class,rustme/lIIiIIIiII,java/lang/Object,,0,4,236,,,
lIIiIIIlII(93).class,rustme/lIIiIIIlII,java/lang/Object,,0,1,174,,,
lIIiIIIliI(59).class,rustme/lIIiIIIliI,rustme/lllIIiIliI,,5,2,10746,Kotlin internals,,
lIIiIIiIII(137).class,rustme/lIIiIIiIII,java/lang/Object,,0,211,4583,,,
lIIiIIiIiI(27).class,rustme/lIIiIIiIiI,rustme/IIlliIiIiI,,11,2,6560,,,
lIIiIIiiII(91).class,rustme/lIIiIIiiII,java/lang/Object,kotlin/jvm/functions/Function1,5,1,1468,Kotlin internals,,
lIIiIIiilI(13).class,rustme/lIIiIIiilI,java/lang/Object,,0,1,174,,,
lIIiIIiliI(27).class,rustme/lIIiIIiliI,rustme/illIiIiliI,,14,1,8326,Kotlin internals,,
lIIiIIlIII(93).class,rustme/lIIiIIlIII,java/lang/Object,,0,1,173,,,
lIIiIIlIiI(59).class,rustme/lIIiIIlIiI,rustme/IIIiIIlIiI,,2,0,1542,,,
lIIiIIliiI(27).class,rustme/lIIiIIliiI,rustme/lIlliIliiI,,2,3,1382,,,
lIIiIIlliI(27).class,rustme/lIIiIIlliI,java/lang/Object,kotlin/jvm/functions/Function1,5,1,1960,Kotlin internals,,
lIIiIiIIII(145).class,rustme/lIIiIiIIII,java/lang/Object,,0,98,2210,,,
lIIiIiIIiI(43).class,rustme/lIIiIiIIiI,java/lang/Object,rustme/iIIiIiIIiI,2,2,1589,,,
lIIiIiIiII(107).class,rustme/lIIiIiIiII,java/lang/Object,kotlin/jvm/functions/Function1,5,1,1465,Kotlin internals,,
lIIiIiIilI(21).class,rustme/lIIiIiIilI,java/lang/Object,,0,1,174,,,
lIIiIiIliI(43).class,rustme/lIIiIiIliI,rustme/IIIiIiIliI,,13,4,7074,Kotlin internals,,
lIIiIiiIiI(11).class,rustme/lIIiIiiIiI,rustme/lliiiiiIiI,,7,1,4184,Texture,,
lIIiIiiiII(75).class,rustme/lIIiIiiiII,java/lang/Object,kotlin/jvm/functions/Function1,5,1,1598,Kotlin internals,,
lIIiIiilII(69).class,rustme/lIIiIiilII,java/lang/Object,,0,7,306,,,
lIIiIiiliI(11).class,rustme/lIIiIiiliI,rustme/lilliiiliI,,1,1,589,,,
lIIiIilIiI(43).class,rustme/lIIiIilIiI,java/lang/Object,,1,0,215,,,
lIIiIiliII(69).class,rustme/lIIiIiliII,java/lang/Object,,0,2,194,,,
lIIiIiliiI(11).class,rustme/lIIiIiliiI,java/lang/Object,,1,1,735,,,
lIIiIillII(37).class,rustme/lIIiIillII,java/lang/Object,,0,1,174,,,
lIIiIilliI(11).class,rustme/lIIiIilliI,java/lang/Object,rustme/IIliIilliI,4,2,4758,Kotlin internals,,
lIIiIlIIII(77).class,rustme/lIIiIlIIII,java/lang/Object,,0,1,173,,,
lIIiIlIIiI(35).class,rustme/lIIiIlIIiI,java/lang/Object,rustme/llillIIIiI,19,14,4614,,,
lIIiIlIiiI(3).class,rustme/lIIiIlIiiI,rustme/IiIIIlIiiI,,32,14,11677,,,
lIIiIlIilI(13).class,rustme/lIIiIlIilI,java/lang/Object,,0,1,174,,,
lIIiIlIliI(27).class,rustme/lIIiIlIliI,java/lang/Object,,1,1,606,Kotlin internals,,
lIIiIliIiI(19).class,rustme/lIIiIliIiI,java/lang/Object,,11,8,4282,,,
lIIiIliiII(51).class,rustme/lIIiIliiII,java/lang/Object,kotlin/jvm/functions/Function1,5,1,2750,Kotlin internals,,
lIIiIlilII(37).class,rustme/lIIiIlilII,java/lang/Object,,0,2,196,,,
lIIiIliliI(11).class,rustme/lIIiIliliI,rustme/IlilIIIliI,,8,3,6619,Kotlin internals,,
lIIiIllIiI(27).class,rustme/lIIiIllIiI,java/lang/Object,,7,1,6088,,,
lIIiIlliII(37).class,rustme/lIIiIlliII,java/lang/Object,,0,15,467,,,
lIIiIlliiI(11).class,rustme/lIIiIlliiI,java/lang/Object,com/google/gson/JsonDeserializer,4,0,2368,,,
lIIiIlllII(21).class,rustme/lIIiIlllII,java/lang/Object,,0,1,174,,,
lIIiIllliI(11).class,rustme/lIIiIllliI,java/lang/Object,kotlin/jvm/functions/Function1,5,1,1900,Kotlin internals,,
lIIiiIIIII(149).class,rustme/lIIiiIIIII,java/lang/Object,,0,26,698,,,
lIIiiIIIiI(51).class,rustme/lIIiiIIIiI,java/lang/Object,rustme/liIiIIIIiI,2,0,757,,,
lIIiiIIiII(115).class,rustme/lIIiiIIiII,java/lang/Object,,17,5,6298,Kotlin internals,,
lIIiiIIilI(25).class,rustme/lIIiiIIilI,java/lang/Object,,0,1,174,,,
lIIiiIIliI(51).class,rustme/lIIiiIIliI,java/lang/Object,,2,0,839,Kotlin internals,,
lIIiiIiIiI(19).class,rustme/lIIiiIiIiI,java/lang/Object,,6,0,713,,,
lIIiiIiiII(83).class,rustme/lIIiiIiiII,java/lang/Object,kotlin/jvm/functions/Function1,5,1,1466,Kotlin internals,,
lIIiiIilII(73).class,rustme/lIIiiIilII,java/lang/Object,,0,6,284,,,
lIIiiIiliI(19).class,rustme/lIIiiIiliI,java/lang/Object,,6,2,2004,Kotlin internals,,
lIIiiIlIiI(51).class,rustme/lIIiiIlIiI,rustme/IIlllilIiI,,1,0,862,,,
lIIiiIliII(73).class,rustme/lIIiiIliII,java/lang/Object,,0,3,215,,,
lIIiiIliiI(19).class,rustme/lIIiiIliiI,rustme/iIIiiIliiI,,4,1,1213,GUI/Screen,,
lIIiiIllII(41).class,rustme/lIIiiIllII,java/lang/Object,,0,1,174,,,
lIIiiIlliI(19).class,rustme/lIIiiIlliI,java/lang/Object,kotlin/jvm/functions/Function1,5,1,1767,Kotlin internals,,
lIIiiiIIiI(35).class,rustme/lIIiiiIIiI,rustme/iiIIlliIiI,,9,0,2722,,,
lIIiiiIiII(99).class,rustme/lIIiiiIiII,java/lang/Object,kotlin/jvm/functions/Function0,4,1,954,Kotlin internals,,
lIIiiiIlII(81).class,rustme/lIIiiiIlII,java/lang/Object,,0,1,174,,,
lIIiiiIliI(35).class,rustme/lIIiiiIliI,java/lang/Object,kotlin/jvm/functions/Function0,3,7,3534,GUI/Screen;Kotlin internals,,
lIIiiiiIII(125).class,rustme/lIIiiiiIII,java/lang/Object,,0,1,173,,,
lIIiiiiIiI(3).class,rustme/lIIiiiiIiI,rustme/iIlIiiiIiI,,9,1,2074,Texture,,
lIIiiiiiII(67).class,rustme/lIIiiiiiII,java/lang/Object,kotlin/jvm/functions/Function1,5,1,1468,Kotlin internals,,
lIIiiiiilI(1).class,rustme/lIIiiiiilI,java/lang/Object,,0,1,174,,,
lIIiiiiliI(3).class,rustme/lIIiiiiliI,java/lang/Object,,7,13,3130,,,
lIIiiilIII(81).class,rustme/lIIiiilIII,java/lang/Object,,0,1,173,,,
lIIiiilIiI(35).class,rustme/lIIiiilIiI,java/lang/Object,,1,1,743,,,
lIIiiiliiI(3).class,rustme/lIIiiiliiI,java/lang/Enum,rustme/ililIilIiI,11,8,2710,,,
lIIiiililI(1).class,rustme/lIIiiililI,java/lang/Object,,0,2,196,,,
lIIiiilliI(3).class,rustme/lIIiiilliI,java/lang/Object,java/util/Iterator;kotlin/jvm/internal/markers/KMutableIterator,4,2,1705,Kotlin internals,,
lIIiilIIiI(27).class,rustme/lIIiilIIiI,java/lang/Object,rustme/llillIIIiI,6,1,1476,,,
lIIiilIiII(57).class,rustme/lIIiilIiII,java/lang/Object,,0,9,341,,,
lIIiilIlII(41).class,rustme/lIIiilIlII,java/lang/Object,,0,1,174,,,
lIIiilIliI(19).class,rustme/lIIiilIliI,java/lang/Object,kotlin/jvm/functions/Function1,5,2,3796,Kotlin internals,,
lIIiiliIII(65).class,rustme/lIIiiliIII,java/lang/Object,,0,1,173,,,
lIIiiliIiI(11).class,rustme/lIIiiliIiI,rustme/llIiiliIiI,,2,0,600,,,
lIIiiliiII(43).class,rustme/lIIiiliiII,java/lang/Object,kotlin/jvm/functions/Function1,5,1,1844,Kotlin internals,,
lIIiiliilI(1).class,rustme/lIIiiliilI,java/lang/Object,,0,1,174,,,
lIIiililiI(3).class,rustme/lIIiililiI,java/lang/Object,kotlin/jvm/functions/Function1,5,1,1573,Kotlin internals,,
lIIiillIII(41).class,rustme/lIIiillIII,java/lang/Object,,0,179,3911,,,
lIIiillIiI(19).class,rustme/lIIiillIiI,java/lang/Object,,1,0,305,,,
lIIiilliiI(3).class,rustme/lIIiilliiI,java/lang/Object,rustme/iililIliiI,2,0,828,Particles,,
lIIiillliI(3).class,rustme/lIIiillliI,java/lang/Object,kotlin/jvm/functions/Function1,5,1,1468,Kotlin internals,,
lIIilIIIII(73).class,rustme/lIIilIIIII,java/lang/Object,,0,13,425,,,
lIIilIIIiI(27).class,rustme/lIIilIIIiI,java/lang/Object,rustme/llillIIIiI,8,4,2034,,,
lIIilIIilI(13).class,rustme/lIIilIIilI,java/lang/Object,,0,1,174,,,
lIIilIIliI(27).class,rustme/lIIilIIliI,rustme/IililIIliI,,2,0,1805,Kotlin internals,,
lIIilIiIiI(11).class,rustme/lIIilIiIiI,java/lang/Object,rustme/IiiIlIiIiI,5,0,1453,,,
lIIilIiiII(43).class,rustme/lIIilIiiII,java/lang/Object,kotlin/jvm/functions/Function1,5,1,1641,Kotlin internals,,
lIIilIilII(37).class,rustme/lIIilIilII,java/lang/Object,,0,2,196,,,
lIIilIiliI(11).class,rustme/lIIilIiliI,java/lang/Object,java/lang/AutoCloseable,9,4,4333,Kotlin internals;Sounds,,
lIIilIlIiI(27).class,rustme/lIIilIlIiI,rustme/IlllIIlIiI,,7,0,2639,,,
lIIilIliII(37).class,rustme/lIIilIliII,java/lang/Object,,0,1,173,,,
lIIilIliiI(11).class,rustme/lIIilIliiI,java/lang/Object,,7,3,4959,,,
lIIilIllII(21).class,rustme/lIIilIllII,java/lang/Object,,0,1,174,,,
lIIilIlliI(11).class,rustme/lIIilIlliI,java/lang/Object,kotlin/jvm/functions/Function1,5,1,1963,Kotlin internals,,
lIIiliIIiI(19).class,rustme/lIIiliIIiI,rustme/lllIliIIiI,,4,0,1219,,,
lIIiliIiII(51).class,rustme/lIIiliIiII,java/lang/Enum,,7,7,2369,Kotlin internals,,
lIIiliIlII(41).class,rustme/lIIiliIlII,java/lang/Object,,0,2,196,,,
lIIiliIliI(19).class,rustme/lIIiliIliI,java/lang/Object,,2,0,2467,Kotlin internals,,
lIIiliiIII(61).class,rustme/lIIiliiIII,java/lang/Object,,0,3,215,,,
lIIiliiIiI(3).class,rustme/lIIiliiIiI,java/lang/Object,,0,0,220,,,
lIIiliiiII(35).class,rustme/lIIiliiiII,java/lang/Object,kotlin/jvm/functions/Function1,5,1,1641,Kotlin internals,,
lIIiliiilI(1).class,rustme/lIIiliiilI,java/lang/Object,,0,1,174,,,
lIIiliiliI(3).class,rustme/lIIiliiliI,rustme/iililiiliI,,9,3,2945,Kotlin internals,,
lIIililIII(41).class,rustme/lIIililIII,java/lang/Object,,0,3,215,,,
lIIililIiI(19).class,rustme/lIIililIiI,rustme/IIIililIiI,,2,1,1669,,,
lIIililiiI(3).class,rustme/lIIililiiI,rustme/lliIiIlIiI,,4,2,2004,GUI/Screen,,
lIIilililI(1).class,rustme/lIIilililI,java/lang/Object,,0,1,174,,,
lIIililliI(3).class,rustme/lIIililliI,java/lang/Object,,17,10,4212,Kotlin internals,,
lIIillIIiI(19).class,rustme/lIIillIIiI,rustme/iIIllIlIiI,,16,3,10721,Scoreboard,,
lIIillIiII(33).class,rustme/lIIillIiII,java/lang/Object,,0,8,320,,,
lIIillIiiI(3).class,rustme/lIIillIiiI,rustme/IillilIiiI,,4,1,1047,,,
lIIillIlII(21).class,rustme/lIIillIlII,java/lang/Object,,0,1,174,,,
lIIillIliI(11).class,rustme/lIIillIliI,java/lang/Object,,10,0,1879,Kotlin internals,,
lIIilliIII(37).class,rustme/lIIilliIII,java/lang/Object,,0,1,173,,,
lIIilliIiI(11).class,rustme/lIIilliIiI,java/lang/Enum,,9,11,3308,,,
lIIilliiII(27).class,rustme/lIIilliiII,java/lang/Object,kotlin/jvm/functions/Function1,5,1,1620,Kotlin internals,,
lIIilliilI(1).class,rustme/lIIilliilI,java/lang/Object,,0,1,174,,,
lIIilliliI(3).class,rustme/lIIilliliI,kotlin/jvm/internal/MutablePropertyReference1Impl,,5,1,1407,Kotlin internals,,
lIIilllIII(21).class,rustme/lIIilllIII,java/lang/Object,,0,2,196,,,
lIIilllIiI(11).class,rustme/lIIilllIiI,java/lang/Enum,,6,4,1397,,,
lIIillliiI(3).class,rustme/lIIillliiI,java/lang/Object,,10,6,4300,,,
lIIilllliI(3).class,rustme/lIIilllliI,java/lang/Object,kotlin/jvm/functions/Function1,5,1,1482,Kotlin internals,,
lIIlIIIIiI(31).class,rustme/lIIlIIIIiI,java/lang/Object,,0,0,220,,,
lIIlIIIiII(61).class,rustme/lIIlIIIiII,java/lang/Object,,0,15,467,,,
lIIlIIIlII(47).class,rustme/lIIlIIIlII,java/lang/Object,,0,1,174,,,
lIIlIIIliI(31).class,rustme/lIIlIIIliI,java/lang/Object,,1,1,801,Kotlin internals,,
lIIlIIiIII(69).class,rustme/lIIlIIiIII,java/lang/Object,,0,10,362,,,
lIIlIIiIiI(15).class,rustme/lIIlIIiIiI,rustme/IIlliIiIiI,,8,0,2833,,,
lIIlIIiiII(47).class,rustme/lIIlIIiiII,java/lang/Object,kotlin/jvm/functions/Function1,5,1,1840,Kotlin internals,,
lIIlIIiilI(7).class,rustme/lIIlIIiilI,java/lang/Object,,0,1,174,,,
lIIlIIiliI(15).class,rustme/lIIlIIiliI,java/lang/Object,,10,7,2578,Kotlin internals,,
lIIlIIlIII(47).class,rustme/lIIlIIlIII,java/lang/Object,,0,60,1412,,,
lIIlIIlIiI(31).class,rustme/lIIlIIlIiI,java/lang/Object,com/google/gson/JsonDeserializer;com/google/gson/JsonSerializer,7,0,3976,,,
lIIlIIliiI(15).class,rustme/lIIlIIliiI,java/lang/Object,,11,12,3108,,,
lIIlIIlliI(15).class,rustme/lIIlIIlliI,java/lang/Object,kotlin/jvm/functions/Function1,5,1,1469,Kotlin internals,,
lIIlIiIIII(73).class,rustme/lIIlIiIIII,java/lang/Object,,0,3,215,,,
lIIlIiIIiI(23).class,rustme/lIIlIiIIiI,rustme/llIIlIiIiI,,2,1,2527,,,
lIIlIiIiII(55).class,rustme/lIIlIiIiII,java/lang/Object,,2,0,1386,Kotlin internals,,
lIIlIiIilI(11).class,rustme/lIIlIiIilI,java/lang/Object,,0,1,174,,,
lIIlIiIliI(23).class,rustme/lIIlIiIliI,java/lang/Object,kotlin/jvm/functions/Function0,3,2,2582,Kotlin internals,,
lIIlIiiIiI(7).class,rustme/lIIlIiiIiI,java/lang/Object,rustme/IiiIlIiIiI,3,3,1110,,,
lIIlIiiiII(39).class,rustme/lIIlIiiiII,java/lang/Object,kotlin/jvm/functions/Function1,5,1,1713,Kotlin internals,,
lIIlIiilII(35).class,rustme/lIIlIiilII,java/lang/Object,,0,13,438,,,
lIIlIiiliI(7).class,rustme/lIIlIiiliI,rustme/IililiiliI,,6,0,1999,Kotlin internals,,
lIIlIilIiI(23).class,rustme/lIIlIilIiI,java/lang/Object,,3,0,1761,,,
lIIlIiliII(35).class,rustme/lIIlIiliII,java/lang/Object,,0,8,320,,,
lIIlIiliiI(7).class,rustme/lIIlIiliiI,java/lang/Object,,2,0,281,,,
lIIlIillII(19).class,rustme/lIIlIillII,java/lang/Object,,0,1,174,,,
lIIlIilliI(7).class,rustme/lIIlIilliI,java/lang/Object,,2,2,826,Kotlin internals,,
lIIlIlIIII(39).class,rustme/lIIlIlIIII,java/lang/Object,,0,4,236,,,
lIIlIlIIiI(19).class,rustme/lIIlIlIIiI,java/lang/Object,rustme/iIlIIIlIiI,14,1,4277,,,
lIIlIlIiiI(3).class,rustme/lIIlIlIiiI,rustme/lIIillIiiI,,20,9,7974,,,
lIIlIlIilI(7).class,rustme/lIIlIlIilI,java/lang/Object,,0,1,174,,,
lIIlIlIliI(15).class,rustme/lIIlIlIliI,java/lang/Object,,28,4,5252,Kotlin internals,,
lIIlIliIiI(11).class,rustme/lIIlIliIiI,java/lang/Object,,16,5,9671,,,
lIIlIliiII(27).class,rustme/lIIlIliiII,java/lang/Object,kotlin/jvm/functions/Function1,5,1,2769,Kotlin internals,,
lIIlIlilII(19).class,rustme/lIIlIlilII,java/lang/Object,,0,1,174,,,
lIIlIliliI(7).class,rustme/lIIlIliliI,java/lang/Object,,6,0,2375,Kotlin internals,,
lIIlIllIiI(15).class,rustme/lIIlIllIiI,rustme/llIiIllIiI,,7,0,2228,,,
lIIlIlliII(19).class,rustme/lIIlIlliII,java/lang/Object,,0,13,425,,,
lIIlIlliiI(7).class,rustme/lIIlIlliiI,java/lang/Object,java/util/Comparator,3,1,1122,,,
lIIlIlllII(11).class,rustme/lIIlIlllII,java/lang/Object,,0,1,174,,,
lIIlIllliI(7).class,rustme/lIIlIllliI,java/lang/Object,kotlin/jvm/functions/Function1,5,1,4250,Kotlin internals,,
lIIliIIIII(75).class,rustme/lIIliIIIII,java/lang/Object,,0,3,215,,,
lIIliIIIiI(27).class,rustme/lIIliIIIiI,rustme/llliiIIIiI,,6,0,4536,,,
lIIliIIiII(59).class,rustme/lIIliIIiII,java/lang/Object,kotlinx/serialization/KSerializer,8,1,3436,Kotlin internals,,
lIIliIIilI(13).class,rustme/lIIliIIilI,java/lang/Object,,0,1,174,,,
lIIliIIliI(27).class,rustme/lIIliIIliI,java/lang/Object,,3,0,1761,Kotlin internals,,
lIIliIiIiI(11).class,rustme/lIIliIiIiI,java/lang/Object,rustme/IIiliIiIiI,7,6,4536,,,
lIIliIiiII(43).class,rustme/lIIliIiiII,java/lang/Object,kotlin/jvm/functions/Function1,5,1,2533,Kotlin internals,,
lIIliIilII(37).class,rustme/lIIliIilII,java/lang/Object,,0,2,196,,,
lIIliIiliI(11).class,rustme/lIIliIiliI,java/lang/Enum,,8,14,3857,Kotlin internals;Particles,,
lIIliIlIiI(27).class,rustme/lIIliIlIiI,java/lang/Object,,5,2,1500,,,
lIIliIliII(37).class,rustme/lIIliIliII,java/lang/Object,,0,1,173,,,
lIIliIliiI(11).class,rustme/lIIliIliiI,java/lang/Thread,,2,1,854,,,
lIIliIllII(21).class,rustme/lIIliIllII,java/lang/Object,,0,1,174,,,
lIIliIlliI(11).class,rustme/lIIliIlliI,java/lang/Object,kotlin/jvm/functions/Function1,5,1,1469,Kotlin internals,,
lIIliiIIiI(19).class,rustme/lIIliiIIiI,rustme/lIiliiIIiI,,7,0,3872,,,
lIIliiIiII(51).class,rustme/lIIliiIiII,java/lang/Object,kotlin/jvm/functions/Function1,5,1,2829,Kotlin internals,,
lIIliiIlII(41).class,rustme/lIIliiIlII,java/lang/Object,,0,1,174,,,
lIIliiIliI(19).class,rustme/lIIliiIliI,kotlin/properties/ObservableProperty,,4,1,2265,Kotlin internals,,
lIIliiiIII(63).class,rustme/lIIliiiIII,java/lang/Object,,0,1,173,,,
lIIliiiIiI(3).class,rustme/lIIliiiIiI,rustme/iIlIiiiIiI,,5,1,1388,Texture,,
lIIliiiiII(35).class,rustme/lIIliiiiII,java/lang/Object,kotlin/jvm/functions/Function1,5,1,1769,Kotlin internals,,
lIIliiiilI(1).class,rustme/lIIliiiilI,java/lang/Object,,0,1,174,,,
lIIliiiliI(3).class,rustme/lIIliiiliI,java/lang/Object,,3,1,1222,,,
lIIliilIII(41).class,rustme/lIIliilIII,java/lang/Object,,0,1,173,,,
lIIliilIiI(19).class,rustme/lIIliilIiI,java/lang/Object,rustme/IlIiIilIiI,5,1,10688,,,
lIIliiliiI(3).class,rustme/lIIliiliiI,rustme/IiiIllIiiI,,8,0,4171,,,
lIIliililI(1).class,rustme/lIIliililI,java/lang/Object,,0,1,174,,,
lIIliilliI(3).class,rustme/lIIliilliI,java/lang/Object,,0,1,373,Kotlin internals,,
lIIlilIIiI(15).class,rustme/lIIlilIIiI,java/lang/Object,rustme/llillIIIiI,11,5,2181,,,
lIIlilIiII(29).class,rustme/lIIlilIiII,java/lang/Object,,0,1,173,,,
lIIlilIlII(21).class,rustme/lIIlilIlII,java/lang/Object,,0,1,174,,,
lIIlilIliI(11).class,rustme/lIIlilIliI,rustme/iIIlilIliI,,9,2,2328,Kotlin internals,,
lIIliliIII(33).class,rustme/lIIliliIII,java/lang/Object,,0,2,194,,,
lIIliliIiI(7).class,rustme/lIIliliIiI,rustme/IiIIiliIiI,,5,2,1202,,,
lIIliliiII(23).class,rustme/lIIliliiII,java/lang/Object,kotlin/jvm/functions/Function0,4,1,954,Kotlin internals,,
lIIliliilI(1).class,rustme/lIIliliilI,java/lang/Object,,0,1,174,,,
lIIlililiI(3).class,rustme/lIIlililiI,java/lang/Object,kotlin/jvm/functions/Function0,3,1,1966,Kotlin internals,,
lIIlillIII(21).class,rustme/lIIlillIII,java/lang/Object,,0,8,320,,,
lIIlillIiI(11).class,rustme/lIIlillIiI,java/lang/Object,,39,20,25990,,,
lIIlilliiI(3).class,rustme/lIIlilliiI,java/lang/Object,,4,4,1401,,,
lIIlillliI(3).class,rustme/lIIlillliI,java/lang/Object,kotlin/jvm/functions/Function1,5,1,2507,Kotlin internals,,
lIIllIIIII(37).class,rustme/lIIllIIIII,java/lang/Object,,0,16,488,,,
lIIllIIIiI(15).class,rustme/lIIllIIIiI,java/lang/Object,rustme/llillIIIiI,12,6,2617,,,
lIIllIIilI(7).class,rustme/lIIllIIilI,java/lang/Object,,0,1,174,,,
lIIllIIliI(15).class,rustme/lIIllIIliI,kotlin/jvm/internal/FunctionReferenceImpl,kotlin/jvm/functions/Function0,5,1,1274,Kotlin internals,,
lIIllIiIiI(7).class,rustme/lIIllIiIiI,java/lang/Object,rustme/IlIllIiIiI,2,2,743,,,
lIIllIiiII(23).class,rustme/lIIllIiiII,java/lang/Object,kotlin/jvm/functions/Function1,5,1,1974,Kotlin internals,,
lIIllIilII(19).class,rustme/lIIllIilII,java/lang/Object,,0,2,196,,,
lIIllIiliI(7).class,rustme/lIIllIiliI,kotlin/coroutines/jvm/internal/SuspendLambda,kotlin/jvm/functions/Function2,7,2,4949,Kotlin internals,,
lIIllIlIiI(15).class,rustme/lIIllIlIiI,java/lang/Object,java/lang/Comparable,16,11,2936,,,
lIIllIliII(19).class,rustme/lIIllIliII,java/lang/Object,,0,6,278,,,
lIIllIliiI(7).class,rustme/lIIllIliiI,java/lang/Object,rustme/iililIliiI,2,0,705,Particles,,
lIIllIllII(11).class,rustme/lIIllIllII,java/lang/Object,,0,1,174,,,
lIIllIlliI(7).class,rustme/lIIllIlliI,java/lang/Object,kotlin/jvm/functions/Function1,5,1,1468,Kotlin internals,,
lIIlliIIiI(11).class,rustme/lIIlliIIiI,java/lang/Object,rustme/iiIlliIIiI,7,0,3958,,,
lIIlliIiII(27).class,rustme/lIIlliIiII,rustme/IIIlliIiII,,7,2,2184,Kotlin internals,,
lIIlliIlII(21).class,rustme/lIIlliIlII,java/lang/Object,,0,1,174,,,
lIIlliIliI(11).class,rustme/lIIlliIliI,rustme/IliIIiIliI,,5,2,3917,Kotlin internals,,
lIIlliiIII(31).class,rustme/lIIlliiIII,java/lang/Object,,0,7,299,,,
lIIlliiIiI(3).class,rustme/lIIlliiIiI,java/lang/Object,rustme/iillliiIiI,1,0,476,,,
lIIlliiiII(19).class,rustme/lIIlliiiII,java/lang/Object,kotlin/jvm/functions/Function1,5,1,1482,Kotlin internals,,
lIIlliiilI(1).class,rustme/lIIlliiilI,java/lang/Object,,0,1,174,,,
lIIlliiliI(3).class,rustme/lIIlliiliI,rustme/lilliiiliI,,8,3,2052,Kotlin internals,,
lIIllilIII(21).class,rustme/lIIllilIII,java/lang/Object,,0,7,299,,,
lIIllilIiI(11).class,rustme/lIIllilIiI,rustme/iIIllilIiI,,7,1,2298,,,
lIIlliliiI(3).class,rustme/lIIlliliiI,rustme/ilIIliliiI,,9,2,2525,,,
lIIllililI(1).class,rustme/lIIllililI,java/lang/Object,,0,2,196,,,
lIIllilliI(3).class,rustme/lIIllilliI,java/lang/Object,kotlin/jvm/functions/Function1,5,1,3232,Kotlin internals,,
lIIlllIIiI(11).class,rustme/lIIlllIIiI,java/lang/Object,rustme/IiiIlIiIiI,3,1,1428,,,
lIIlllIiII(17).class,rustme/lIIlllIiII,java/lang/Object,,0,8,320,,,
lIIlllIiiI(3).class,rustme/lIIlllIiiI,rustme/IliIIlIiiI,,6,1,2052,,,
lIIlllIlII(11).class,rustme/lIIlllIlII,java/lang/Object,,0,1,174,,,
lIIlllIliI(7).class,rustme/lIIlllIliI,java/lang/Object,kotlin/jvm/functions/Function0,4,1,1133,Kotlin internals,,
lIIllliIII(19).class,rustme/lIIllliIII,java/lang/Object,,0,4,236,,,
lIIllliIiI(7).class,rustme/lIIllliIiI,rustme/lIliiiIIiI,,8,2,2065,,,
lIIllliiII(15).class,rustme/lIIllliiII,java/lang/Object,kotlin/jvm/functions/Function0,4,1,954,Kotlin internals,,
lIIllliilI(1).class,rustme/lIIllliilI,java/lang/Object,,0,1,174,,,
lIIllliliI(3).class,rustme/lIIllliliI,java/lang/Object,,2,0,2417,Kotlin internals,,
lIIllllIII(11).class,rustme/lIIllllIII,java/lang/Object,,0,1,174,,,
lIIllllIiI(7).class,rustme/lIIllllIiI,java/lang/Object,,6,1,3863,,,
lIIlllliiI(3).class,rustme/lIIlllliiI,java/lang/Object,rustme/lIllllliiI,6,2,2781,Texture,,
lIIllllliI(3).class,rustme/lIIllllliI,java/lang/Object,kotlin/jvm/functions/Function1,5,1,1897,Kotlin internals,,
lIiIIIIIiI(61).class,rustme/lIiIIIIIiI,rustme/liIIiIIIiI,,3,0,3233,,,
lIiIIIIiII(122).class,rustme/lIiIIIIiII,java/lang/Object,,0,2,194,,,
lIiIIIIlII(94).class,rustme/lIiIIIIlII,java/lang/Object,,0,1,174,,,
lIiIIIIliI(61).class,rustme/lIiIIIIliI,java/lang/Object,,9,0,2465,Kotlin internals,,
lIiIIIiIII(138).class,rustme/lIiIIIiIII,java/lang/Object,,0,3,215,,,
lIiIIIiIiI(29).class,rustme/lIiIIIiIiI,rustme/IIlliIiIiI,,9,0,4220,,,
lIiIIIiiII(93).class,rustme/lIiIIIiiII,java/lang/Object,kotlin/jvm/functions/Function1,5,1,1468,Kotlin internals,,
lIiIIIiilI(14).class,rustme/lIiIIIiilI,java/lang/Object,,0,1,174,,,
lIiIIIiliI(29).class,rustme/lIiIIIiliI,java/lang/Object,,2,1,816,Kotlin internals;Particles,,
lIiIIIlIII(94).class,rustme/lIiIIIlIII,java/lang/Object,,0,2,194,,,
lIiIIIlIiI(61).class,rustme/lIiIIIlIiI,rustme/IIIiIIlIiI,,2,0,2387,,,
lIiIIIliiI(29).class,rustme/lIiIIIliiI,rustme/iliIIIliiI,,3,0,3045,,,
lIiIIIlliI(29).class,rustme/lIiIIIlliI,java/lang/Object,,9,6,7272,Kotlin internals,,
lIiIIiIIII(146).class,rustme/lIiIIiIIII,java/lang/Object,,0,6,278,,,
lIiIIiIIiI(45).class,rustme/lIiIIiIIiI,java/lang/Object,rustme/ilIiIilIiI,4,0,1585,,,
lIiIIiIiII(109).class,rustme/lIiIIiIiII,java/lang/Object,kotlin/jvm/functions/Function1,5,1,1494,Kotlin internals,,
lIiIIiIilI(22).class,rustme/lIiIIiIilI,java/lang/Object,,0,1,174,,,
lIiIIiIliI(45).class,rustme/lIiIIiIliI,kotlin/properties/ObservableProperty,,4,1,2853,Kotlin internals,,
lIiIIiiIiI(13).class,rustme/lIiIIiiIiI,java/lang/Object,,2,4,691,,,
lIiIIiiiII(77).class,rustme/lIiIIiiiII,java/lang/Object,kotlin/jvm/functions/Function1,5,1,1500,Kotlin internals,,
lIiIIiilII(70).class,rustme/lIiIIiilII,java/lang/Object,,0,1,174,,,
lIiIIiiliI(13).class,rustme/lIiIIiiliI,java/lang/Object,,10,7,6377,,,
lIiIIilIiI(45).class,rustme/lIiIIilIiI,java/lang/Object,com/google/common/base/Predicate,3,0,1020,,,
lIiIIiliII(70).class,rustme/lIiIIiliII,java/lang/Object,,0,3,215,,,
lIiIIiliiI(13).class,rustme/lIiIIiliiI,java/lang/Object,,0,0,220,,,
lIiIIillII(38).class,rustme/lIiIIillII,java/lang/Object,,0,1,174,,,
lIiIIilliI(13).class,rustme/lIiIIilliI,java/lang/Object,,2,2,798,Kotlin internals,,
lIiIIlIIII(78).class,rustme/lIiIIlIIII,java/lang/Object,,0,1,173,,,
lIiIIlIIiI(37).class,rustme/lIiIIlIIiI,java/lang/Object,rustme/llillIIIiI,8,2,1887,,,
lIiIIlIiiI(5).class,rustme/lIiIIlIiiI,rustme/IillilIiiI,,9,1,3090,,,
lIiIIlIilI(14).class,rustme/lIiIIlIilI,java/lang/Object,,0,1,174,,,
lIiIIlIliI(29).class,rustme/lIiIIlIliI,kotlin/properties/ObservableProperty,,4,0,2246,Kotlin internals,,
lIiIIliIiI(21).class,rustme/lIiIIliIiI,rustme/iIiIIliIiI,,4,1,2802,,,
lIiIIliiII(53).class,rustme/lIiIIliiII,java/lang/Object,kotlin/jvm/functions/Function1,5,1,1506,Kotlin internals,,
lIiIIlilII(38).class,rustme/lIiIIlilII,java/lang/Object,,0,4,240,,,
lIiIIliliI(13).class,rustme/lIiIIliliI,java/lang/Object,,2,0,1051,Kotlin internals,,
lIiIIllIiI(29).class,rustme/lIiIIllIiI,rustme/IilIIllIiI,,4,0,1127,,,
lIiIIlliII(38).class,rustme/lIiIIlliII,java/lang/Object,,0,9,341,,,
lIiIIlliiI(13).class,rustme/lIiIIlliiI,it/unimi/dsi/fastutil/objects/AbstractObject2ObjectSortedMap,it/unimi/dsi/fastutil/Hash;java/lang/Cloneable;java/io/Serializable,67,16,21923,,,
lIiIIlllII(22).class,rustme/lIiIIlllII,java/lang/Object,,0,1,174,,,
lIiIIllliI(13).class,rustme/lIiIIllliI,java/lang/Object,kotlin/jvm/functions/Function1,5,1,1469,Kotlin internals,,
lIiIiIIIII(150).class,rustme/lIiIiIIIII,java/lang/Object,,0,1,173,,,
lIiIiIIIiI(53).class,rustme/lIiIiIIIiI,rustme/llliiIIIiI,,14,9,8590,,,
lIiIiIIiII(117).class,rustme/lIiIiIIiII,java/lang/Enum,,9,7,3491,Kotlin internals,,
lIiIiIIilI(26).class,rustme/lIiIiIIilI,java/lang/Object,,0,1,174,,,
lIiIiIIliI(53).class,rustme/lIiIiIIliI,java/lang/Object,,0,1,375,Kotlin internals,,
lIiIiIiIiI(21).class,rustme/lIiIiIiIiI,java/lang/Object,,14,4,4684,,,
lIiIiIiiII(85).class,rustme/lIiIiIiiII,java/lang/Object,kotlin/jvm/functions/Function1,5,1,5419,Kotlin internals,,
lIiIiIilII(74).class,rustme/lIiIiIilII,java/lang/Object,,0,1,174,,,
lIiIiIiliI(21).class,rustme/lIiIiIiliI,java/lang/Object,,2,0,774,Kotlin internals,,
lIiIiIlIiI(53).class,rustme/lIiIiIlIiI,java/lang/Object,,32,12,6593,,,
lIiIiIliII(74).class,rustme/lIiIiIliII,java/lang/Object,,0,2,194,,,
lIiIiIliiI(21).class,rustme/lIiIiIliiI,rustme/IiliiIliiI,,6,3,2409,GUI/Screen;Texture,,
lIiIiIllII(42).class,rustme/lIiIiIllII,java/lang/Object,,0,1,174,,,
lIiIiIlliI(21).class,rustme/lIiIiIlliI,java/lang/Object,kotlin/jvm/functions/Function1,5,1,1508,Kotlin internals,,
lIiIiiIIiI(37).class,rustme/lIiIiiIIiI,rustme/illliliIiI,,3,1,1061,,,
lIiIiiIiII(101).class,rustme/lIiIiiIiII,java/lang/Object,kotlin/jvm/functions/Function1,5,1,1506,Kotlin internals,,
lIiIiiIlII(82).class,rustme/lIiIiiIlII,java/lang/Object,,0,1,174,,,
lIiIiiIliI(37).class,rustme/lIiIiiIliI,java/lang/Object,kotlin/jvm/functions/Function1,5,1,1476,Kotlin internals,,
lIiIiiiIII(126).class,rustme/lIiIiiiIII,java/lang/Object,,0,3,215,,,
lIiIiiiIiI(5).class,rustme/lIiIiiiIiI,rustme/lliiiiiIiI,,7,2,2328,Texture,,
lIiIiiiiII(69).class,rustme/lIiIiiiiII,java/lang/Object,kotlin/jvm/functions/Function1,5,1,1479,Kotlin internals,,
lIiIiiiilI(2).class,rustme/lIiIiiiilI,java/lang/Object,,0,1,174,,,
lIiIiiiliI(5).class,rustme/lIiIiiiliI,java/lang/Object,,5,9,1728,,,
lIiIiilIII(82).class,rustme/lIiIiilIII,java/lang/Object,,0,5,257,,,
lIiIiilIiI(37).class,rustme/lIiIiilIiI,rustme/iIiiiilIiI,,5,1,1526,,,
lIiIiiliiI(5).class,rustme/lIiIiiliiI,rustme/IillilIiiI,,9,1,3117,,,
lIiIiililI(2).class,rustme/lIiIiililI,java/lang/Object,,0,1,174,,,
lIiIiilliI(5).class,rustme/lIiIiilliI,java/lang/Object,,13,10,13857,Kotlin internals,,
lIiIilIIiI(29).class,rustme/lIiIilIIiI,java/lang/Object,rustme/llillIIIiI,8,2,2041,,,
lIiIilIiII(58).class,rustme/lIiIilIiII,java/lang/Object,,0,6,278,,,
lIiIilIlII(42).class,rustme/lIiIilIlII,java/lang/Object,,0,1,174,,,
lIiIilIliI(21).class,rustme/lIiIilIliI,java/lang/Object,kotlin/jvm/functions/Function1,5,2,3779,Kotlin internals,,
lIiIiliIII(66).class,rustme/lIiIiliIII,java/lang/Object,,0,8,320,,,
lIiIiliIiI(13).class,rustme/lIiIiliIiI,rustme/iliIiliIiI,,7,10,4102,,,
lIiIiliiII(45).class,rustme/lIiIiliiII,java/lang/Object,kotlin/jvm/functions/Function1,5,1,3478,Kotlin internals,,
lIiIiliilI(2).class,rustme/lIiIiliilI,java/lang/Object,,0,1,174,,,
lIiIililiI(5).class,rustme/lIiIililiI,java/lang/Object,kotlin/jvm/functions/Function1,4,1,1573,Kotlin internals,,
lIiIillIII(42).class,rustme/lIiIillIII,java/lang/Object,,0,12,404,,,
lIiIillIiI(21).class,rustme/lIiIillIiI,java/lang/Object,,8,4,1586,,,
lIiIilliiI(5).class,rustme/lIiIilliiI,rustme/IlIIliIIiI,rustme/lilIIIlIiI,9,2,2092,,,
lIiIillliI(5).class,rustme/lIiIillliI,java/lang/Object,kotlin/jvm/functions/Function1,5,1,1683,Kotlin internals,,
lIiIlIIIII(74).class,rustme/lIiIlIIIII,java/lang/Object,,0,1,173,,,
lIiIlIIIiI(29).class,rustme/lIiIlIIIiI,java/lang/Object,java/lang/Runnable,2,1,768,,,
lIiIlIIilI(14).class,rustme/lIiIlIIilI,java/lang/Object,,0,1,174,,,
lIiIlIIliI(29).class,rustme/lIiIlIIliI,java/lang/Object,,9,1,5691,Kotlin internals,,
lIiIlIiIiI(13).class,rustme/lIiIlIiIiI,rustme/ilIIlIiIiI,,6,0,1387,,,
lIiIlIiiII(45).class,rustme/lIiIlIiiII,java/lang/Object,kotlin/jvm/functions/Function1,5,1,1474,Kotlin internals,,
lIiIlIilII(38).class,rustme/lIiIlIilII,java/lang/Object,,0,1,174,,,
lIiIlIiliI(13).class,rustme/lIiIlIiliI,java/lang/Object,,7,1,2021,Kotlin internals,,
lIiIlIlIiI(29).class,rustme/lIiIlIlIiI,java/lang/Object,,7,70,9103,,,
lIiIlIliII(38).class,rustme/lIiIlIliII,java/lang/Object,,0,1,173,,,
lIiIlIliiI(13).class,rustme/lIiIlIliiI,java/lang/Object,rustme/iililIliiI,2,0,714,Particles,,
lIiIlIllII(22).class,rustme/lIiIlIllII,java/lang/Object,,0,1,174,,,
lIiIlIlliI(13).class,rustme/lIiIlIlliI,java/lang/Object,kotlin/jvm/functions/Function1,5,1,3368,Kotlin internals,,
lIiIliIIiI(21).class,rustme/lIiIliIIiI,rustme/IIIiliIIiI,,9,3,3772,,,
lIiIliIiII(53).class,rustme/lIiIliIiII,java/lang/Object,rustme/lIIlIiIiII,18,8,10427,Kotlin internals,,
lIiIliIlII(42).class,rustme/lIiIliIlII,java/lang/Object,,0,10,372,,,
lIiIliIliI(21).class,rustme/lIiIliIliI,kotlin/properties/ObservableProperty,,4,1,3038,Kotlin internals,,
lIiIliiIII(62).class,rustme/lIiIliiIII,java/lang/Object,,0,1,173,,,
lIiIliiIiI(5).class,rustme/lIiIliiIiI,rustme/IIlIliiIiI,,4,1,2994,,,
lIiIliiiII(37).class,rustme/lIiIliiiII,java/lang/Object,kotlin/jvm/functions/Function1,5,1,1899,Kotlin internals,,
lIiIliiilI(2).class,rustme/lIiIliiilI,java/lang/Object,,0,1,174,,,
lIiIliiliI(5).class,rustme/lIiIliiliI,rustme/lIlIIiiliI,,10,3,6548,Kotlin internals,,
lIiIlilIII(42).class,rustme/lIiIlilIII,java/lang/Object,,0,7,299,,,
lIiIlilIiI(21).class,rustme/lIiIlilIiI,java/lang/Object,,6,3,39427,GUI/Screen,,
lIiIliliiI(5).class,rustme/lIiIliliiI,rustme/IlIlliliiI,,7,5,2874,GUI/Screen,,
lIiIlililI(2).class,rustme/lIiIlililI,java/lang/Object,,0,5,262,,,
lIiIlilliI(5).class,rustme/lIiIlilliI,java/lang/Object,,8,1,5068,Kotlin internals,,
lIiIllIIiI(21).class,rustme/lIiIllIIiI,java/lang/Object,,0,0,220,,,
lIiIllIiII(34).class,rustme/lIiIllIiII,java/lang/Object,,0,15,467,,,
lIiIllIiiI(5).class,rustme/lIiIllIiiI,rustme/IillilIiiI,,6,0,3276,,,
lIiIllIlII(22).class,rustme/lIiIllIlII,java/lang/Object,,0,1,174,,,
lIiIllIliI(13).class,rustme/lIiIllIliI,java/lang/Object,,1,11,7470,Kotlin internals,,
lIiIlliIII(38).class,rustme/lIiIlliIII,java/lang/Object,,0,3,215,,,
lIiIlliIiI(13).class,rustme/lIiIlliIiI,java/lang/Object,,0,0,220,,,
lIiIlliiII(29).class,rustme/lIiIlliiII,java/lang/Object,kotlin/jvm/functions/Function1,5,1,1899,Kotlin internals,,
lIiIlliilI(2).class,rustme/lIiIlliilI,java/lang/Object,,0,1,174,,,
lIiIlliliI(5).class,rustme/lIiIlliliI,kotlin/jvm/internal/FunctionReferenceImpl,kotlin/jvm/functions/Function0,5,0,1497,Kotlin internals,,
lIiIlllIII(22).class,rustme/lIiIlllIII,java/lang/Object,,0,11,394,,,
lIiIlllIiI(13).class,rustme/lIiIlllIiI,java/lang/Object,,4,2,747,,,
lIiIllliiI(5).class,rustme/lIiIllliiI,java/lang/Object,rustme/iIiIllliiI,2,0,971,,,
lIiIlllliI(5).class,rustme/lIiIlllliI,java/lang/Object,kotlin/jvm/functions/Function1,5,1,1482,Kotlin internals,,
lIiiIIIIII(152).class,rustme/lIiiIIIIII,java/lang/Object,,0,1,173,,,
lIiiIIIIiI(57).class,rustme/lIiiIIIIiI,rustme/iliiIIIIiI,,15,0,12877,,,
lIiiIIIilI(28).class,rustme/lIiiIIIilI,java/lang/Object,,0,1,174,,,
lIiiIIIliI(57).class,rustme/lIiiIIIliI,rustme/iIllIiIliI,,4,0,4824,Kotlin internals,,
lIiiIIiIiI(25).class,rustme/lIiiIIiIiI,rustme/IIlliIiIiI,,9,0,4767,,,
lIiiIIiiII(89).class,rustme/lIiiIIiiII,java/lang/Object,kotlin/jvm/functions/Function1,5,1,1480,Kotlin internals,,
lIiiIIilII(76).class,rustme/lIiiIIilII,java/lang/Object,,0,1,174,,,
lIiiIIiliI(25).class,rustme/lIiiIIiliI,java/lang/Object,,5,3,5250,Kotlin internals,,
lIiiIIlIiI(57).class,rustme/lIiiIIlIiI,java/lang/Object,,0,0,220,,,
lIiiIIliII(76).class,rustme/lIiiIIliII,java/lang/Object,,0,1,173,,,
lIiiIIliiI(25).class,rustme/lIiiIIliiI,rustme/lIlliIliiI,,3,8,2510,,,
lIiiIIllII(44).class,rustme/lIiiIIllII,java/lang/Object,,0,3,218,,,
lIiiIIlliI(25).class,rustme/lIiiIIlliI,java/lang/Object,kotlin/jvm/functions/Function1,5,1,2001,Kotlin internals,,
lIiiIiIIiI(41).class,rustme/lIiiIiIIiI,rustme/iiiliiIIiI,,17,3,4634,,,
lIiiIiIiII(105).class,rustme/lIiiIiIiII,java/lang/Object,kotlin/jvm/functions/Function1,5,1,2040,Kotlin internals,,
lIiiIiIlII(84).class,rustme/lIiiIiIlII,java/lang/Object,,0,1,174,,,
lIiiIiIliI(41).class,rustme/lIiiIiIliI,rustme/IlilIIIliI,,37,27,20944,Kotlin internals,,
lIiiIiiIII(128).class,rustme/lIiiIiiIII,java/lang/Object,,0,1,173,,,
lIiiIiiIiI(9).class,rustme/lIiiIiiIiI,rustme/ilIiiiiIiI,,12,3,2759,Texture,,
lIiiIiiiII(73).class,rustme/lIiiIiiiII,java/lang/Object,kotlin/jvm/functions/Function1,5,1,1769,Kotlin internals,,
lIiiIiiilI(4).class,rustme/lIiiIiiilI,java/lang/Object,,0,1,174,,,
lIiiIiiliI(9).class,rustme/lIiiIiiliI,rustme/iliiIiiliI,,1,0,522,GUI/Screen,,
lIiiIilIII(84).class,rustme/lIiiIilIII,java/lang/Object,,0,1,173,,,
lIiiIilIiI(41).class,rustme/lIiiIilIiI,java/lang/Object,rustme/IlIiIilIiI,5,0,1510,,,
lIiiIiliiI(9).class,rustme/lIiiIiliiI,rustme/IillilIiiI,,21,9,8539,,,
lIiiIililI(4).class,rustme/lIiiIililI,java/lang/Object,,0,1,174,,,
lIiiIilliI(9).class,rustme/lIiiIilliI,java/lang/Object,rustme/IIliIilliI,5,1,1612,Kotlin internals,,
lIiiIlIIiI(33).class,rustme/lIiiIlIIiI,java/lang/Object,rustme/llillIIIiI,5,0,982,,,
lIiiIlIiII(60).class,rustme/lIiiIlIiII,java/lang/Object,,0,2,194,,,
lIiiIlIiiI(1).class,rustme/lIiiIlIiiI,java/lang/Enum,rustme/ililIilIiI,8,4,1766,,,
lIiiIlIlII(44).class,rustme/lIiiIlIlII,java/lang/Object,,0,1,174,,,
lIiiIlIliI(25).class,rustme/lIiiIlIliI,java/lang/Object,,6,0,2556,Kotlin internals,,
lIiiIliIII(68).class,rustme/lIiiIliIII,java/lang/Object,,0,13,425,,,
lIiiIliIiI(17).class,rustme/lIiiIliIiI,rustme/IIiiIliIiI,,3,1,1137,,,
lIiiIliiII(49).class,rustme/lIiiIliiII,java/lang/Object,kotlin/jvm/functions/Function1,5,1,1506,Kotlin internals,,
lIiiIliilI(4).class,rustme/lIiiIliilI,java/lang/Object,,0,1,174,,,
lIiiIliliI(9).class,rustme/lIiiIliliI,java/lang/Object,kotlin/jvm/functions/Function0,3,1,1911,Kotlin internals,,
lIiiIllIII(44).class,rustme/lIiiIllIII,java/lang/Object,,0,1,173,,,
lIiiIllIiI(25).class,rustme/lIiiIllIiI,java/lang/Object,,3,4,1819,,,
lIiiIlliiI(9).class,rustme/lIiiIlliiI,java/lang/Object,rustme/IIIiIlliiI,2,1,1272,,,
lIiiIllliI(9).class,rustme/lIiiIllliI,java/lang/Object,kotlin/jvm/functions/Function1,5,1,2916,Kotlin internals,,
lIiiiIIIiI(49).class,rustme/lIiiiIIIiI,java/lang/Object,rustme/liIiIIIIiI,2,0,757,,,
lIiiiIIiII(113).class,rustme/lIiiiIIiII,java/lang/Object,rustme/lIIlIiIiII,5,1,1791,Kotlin internals,,
lIiiiIIlII(88).class,rustme/lIiiiIIlII,java/lang/Object,,0,6,284,,,
lIiiiIIliI(49).class,rustme/lIiiiIIliI,rustme/IliIIiIliI,,9,9,7301,Kotlin internals,,
lIiiiIiIII(132).class,rustme/lIiiiIiIII,java/lang/Object,,0,2,194,,,
lIiiiIiIiI(17).class,rustme/lIiiiIiIiI,rustme/IiIlliiIiI,java/io/Closeable,9,2,3993,,,
lIiiiIiiII(81).class,rustme/lIiiiIiiII,java/lang/Object,kotlin/jvm/functions/Function1,5,1,1880,Kotlin internals,,
lIiiiIiilI(8).class,rustme/lIiiiIiilI,java/lang/Object,,0,1,174,,,
lIiiiIiliI(17).class,rustme/lIiiiIiliI,java/lang/Object,rustme/IliIlilliI,16,8,10698,Kotlin internals,,
lIiiiIlIII(88).class,rustme/lIiiiIlIII,java/lang/Object,,0,8,320,,,
lIiiiIlIiI(49).class,rustme/lIiiiIlIiI,rustme/IIlllilIiI,,2,0,1024,,,
lIiiiIliiI(17).class,rustme/lIiiiIliiI,rustme/iIlililiiI,,40,21,11452,,,
lIiiiIlilI(8).class,rustme/lIiiiIlilI,java/lang/Object,,0,3,218,,,
lIiiiIlliI(17).class,rustme/lIiiiIlliI,java/lang/Object,kotlin/jvm/functions/Function1,5,1,1767,Kotlin internals,,
lIiiiiIIII(140).class,rustme/lIiiiiIIII,java/lang/Object,,0,9,341,,,
lIiiiiIIiI(33).class,rustme/lIiiiiIIiI,rustme/liIliliIiI,,3,1,1645,,,
lIiiiiIiII(97).class,rustme/lIiiiiIiII,java/lang/Object,kotlin/jvm/functions/Function1,5,1,1898,Kotlin internals,,
lIiiiiIilI(16).class,rustme/lIiiiiIilI,java/lang/Object,,0,1,174,,,
lIiiiiIliI(33).class,rustme/lIiiiiIliI,java/lang/Object,,1,0,416,Kotlin internals,,
lIiiiiiIiI(1).class,rustme/lIiiiiiIiI,java/lang/Object,rustme/lIllllliiI,6,2,2104,Texture,,
lIiiiiiiII(65).class,rustme/lIiiiiiiII,java/lang/Object,kotlin/jvm/functions/Function1,5,1,1880,Kotlin internals,,
lIiiiiilII(64).class,rustme/lIiiiiilII,java/lang/Object,,0,1,174,,,
lIiiiiiliI(1).class,rustme/lIiiiiiliI,java/lang/Object,,8,4,3803,,,
lIiiiilIiI(33).class,rustme/lIiiiilIiI,java/lang/Object,rustme/IiiIlIiIiI,3,1,1415,,,
lIiiiiliII(64).class,rustme/lIiiiiliII,java/lang/Object,,0,6,278,,,
lIiiiiliiI(1).class,rustme/lIiiiiliiI,java/lang/Object,,14,7,7346,,,
lIiiiillII(32).class,rustme/lIiiiillII,java/lang/Object,,0,1,174,,,
lIiiiilliI(1).class,rustme/lIiiiilliI,java/lang/Object,,2,0,833,Kotlin internals,,
lIiiilIIII(72).class,rustme/lIiiilIIII,java/lang/Object,,0,1,173,,,
lIiiilIIiI(25).class,rustme/lIiiilIIiI,rustme/iliiilIIiI,,5,0,1276,,,
lIiiilIilI(8).class,rustme/lIiiilIilI,java/lang/Object,,0,1,174,,,
lIiiilIliI(17).class,rustme/lIiiilIliI,java/lang/Object,,16,4,13863,Kotlin internals,,
lIiiiliIiI(9).class,rustme/lIiiiliIiI,rustme/llIiiliIiI,,2,0,807,,,
lIiiiliiII(41).class,rustme/lIiiiliiII,java/lang/Object,kotlin/jvm/functions/Function1,5,1,1506,Kotlin internals,,
lIiiililII(32).class,rustme/lIiiililII,java/lang/Object,,0,2,196,,,
lIiiililiI(1).class,rustme/lIiiililiI,rustme/llIiIliliI,,8,0,5428,Kotlin internals,,
lIiiillIiI(17).class,rustme/lIiiillIiI,rustme/IIiiillIiI,,3,2,1355,,,
lIiiilliII(32).class,rustme/lIiiilliII,java/lang/Object,,0,1,173,,,
lIiiilliiI(1).class,rustme/lIiiilliiI,java/lang/Object,rustme/iililIliiI,2,0,720,Particles,,
lIiiilllII(16).class,rustme/lIiiilllII,java/lang/Object,,0,1,174,,,
lIiiillliI(1).class,rustme/lIiiillliI,java/lang/Object,kotlin/jvm/functions/Function1,5,1,1899,Kotlin internals,,
lIiilIIIiI(25).class,rustme/lIiilIIIiI,java/lang/Object,,7,3,1830,,,
lIiilIIiII(56).class,rustme/lIiilIIiII,java/lang/Object,,0,1,173,,,
lIiilIIlII(44).class,rustme/lIiilIIlII,java/lang/Object,,0,1,174,,,
lIiilIIliI(25).class,rustme/lIiilIIliI,rustme/IililIIliI,,2,0,1701,Kotlin internals,,
lIiilIiIII(64).class,rustme/lIiilIiIII,java/lang/Object,,0,9,341,,,
lIiilIiIiI(9).class,rustme/lIiilIiIiI,rustme/IIlliIiIiI,,10,0,5385,,,
lIiilIiiII(41).class,rustme/lIiilIiiII,java/lang/Object,kotlin/jvm/functions/Function1,5,1,4055,Kotlin internals,,
lIiilIiilI(4).class,rustme/lIiilIiilI,java/lang/Object,,0,1,174,,,
lIiilIiliI(9).class,rustme/lIiilIiliI,java/lang/Object,kotlin/jvm/functions/Function0,3,3,2064,Kotlin internals;Sounds,,
lIiilIlIII(44).class,rustme/lIiilIlIII,java/lang/Object,,0,3,215,,,
lIiilIlIiI(25).class,rustme/lIiilIlIiI,java/lang/Object,,7,6,6200,,,
lIiilIliiI(9).class,rustme/lIiilIliiI,java/lang/Object,,1,2,1078,,,
lIiilIlliI(9).class,rustme/lIiilIlliI,java/lang/Object,kotlin/jvm/functions/Function1,5,1,1963,Kotlin internals,,
lIiiliIIII(68).class,rustme/lIiiliIIII,java/lang/Object,,0,4,236,,,
lIiiliIIiI(17).class,rustme/lIiiliIIiI,rustme/IIiiliIIiI,,4,0,3155,,,
lIiiliIiII(49).class,rustme/lIiiliIiII,java/lang/Object,rustme/lIIlIiIiII,5,1,2269,Kotlin internals,,
lIiiliIilI(8).class,rustme/lIiiliIilI,java/lang/Object,,0,1,174,,,
lIiiliIliI(17).class,rustme/lIiiliIliI,kotlin/properties/ObservableProperty,,4,1,2411,Kotlin internals,,
lIiiliiIiI(1).class,rustme/lIiiliiIiI,java/lang/Object,,5,3,1124,,,
lIiiliiiII(33).class,rustme/lIiiliiiII,java/lang/Object,kotlin/jvm/functions/Function1,5,1,1527,Kotlin internals,,
lIiiliilII(32).class,rustme/lIiiliilII,java/lang/Object,,0,10,372,,,
lIiiliiliI(1).class,rustme/lIiiliiliI,rustme/IliiliiliI,,3,0,1447,Kotlin internals,,
lIiililIiI(17).class,rustme/lIiililIiI,java/lang/Object,,7,5,2296,,,
lIiililiII(32).class,rustme/lIiililiII,java/lang/Object,,0,12,404,,,
lIiililiiI(1).class,rustme/lIiililiiI,java/lang/Object,,3,2,818,,,
lIiilillII(16).class,rustme/lIiilillII,java/lang/Object,,0,1,174,,,
lIiililliI(1).class,rustme/lIiililliI,java/lang/Object,,43,28,7328,Kotlin internals,ModPlayer facade,sneaking/elytraFlying обёртки.
lIiillIIII(40).class,rustme/lIiillIIII,java/lang/Object,,0,15,467,,,
lIiillIIiI(17).class,rustme/lIiillIIiI,java/lang/Object,,12,18,7610,,,
lIiillIiiI(1).class,rustme/lIiillIiiI,rustme/IillilIiiI,,12,1,4003,,,
lIiillIilI(4).class,rustme/lIiillIilI,java/lang/Object,,0,1,174,,,
lIiillIliI(9).class,rustme/lIiillIliI,rustme/iliillIliI,,5,1,1800,Kotlin internals,,
lIiilliIiI(9).class,rustme/lIiilliIiI,rustme/IIlIIliIiI,,18,3,5939,,,
lIiilliiII(25).class,rustme/lIiilliiII,java/lang/Object,kotlin/jvm/functions/Function1,5,1,2884,Kotlin internals,,
lIiillilII(16).class,rustme/lIiillilII,java/lang/Object,,0,2,196,,,
lIiilliliI(1).class,rustme/lIiilliliI,rustme/llIIlliliI,,15,22,15707,Kotlin internals,,
lIiilllIiI(9).class,rustme/lIiilllIiI,rustme/llIiIllIiI,,7,0,2692,,,
lIiillliII(16).class,rustme/lIiillliII,java/lang/Object,,0,8,320,,,
lIiillliiI(1).class,rustme/lIiillliiI,java/lang/Object,,15,8,2898,,,
lIiillllII(8).class,rustme/lIiillllII,java/lang/Object,,0,1,174,,,
lIiilllliI(1).class,rustme/lIiilllliI,java/lang/Object,kotlin/jvm/functions/Function1,5,1,3323,Kotlin internals,,
lIilIIIIII(76).class,rustme/lIilIIIIII,java/lang/Object,,0,90,2042,,,
lIilIIIIiI(29).class,rustme/lIilIIIIiI,rustme/IIlIIIIIiI,,16,1,2445,,,
lIilIIIilI(14).class,rustme/lIilIIIilI,java/lang/Object,,0,1,174,,,
lIilIIIliI(29).class,rustme/lIilIIIliI,kotlin/properties/ObservableProperty,,4,1,2348,Kotlin internals,,
lIilIIiIiI(13).class,rustme/lIilIIiIiI,java/lang/Object,,4,0,648,,,
lIilIIiiII(45).class,rustme/lIilIIiiII,java/lang/Object,kotlin/jvm/functions/Function1,5,1,3239,Kotlin internals,,
lIilIIilII(38).class,rustme/lIilIIilII,java/lang/Object,,0,1,174,,,
lIilIIiliI(13).class,rustme/lIilIIiliI,java/lang/Object,,36,24,34229,Kotlin internals,,
lIilIIlIiI(29).class,rustme/lIilIIlIiI,java/lang/Object,,1,0,158,,,
lIilIIliII(38).class,rustme/lIilIIliII,java/lang/Object,,0,3,215,,,
lIilIIliiI(13).class,rustme/lIilIIliiI,java/lang/Object,,1,2,404,,,
lIilIIllII(22).class,rustme/lIilIIllII,java/lang/Object,,0,1,174,,,
lIilIIlliI(13).class,rustme/lIilIIlliI,java/lang/Object,kotlin/jvm/functions/Function1,5,1,1973,Kotlin internals,,
lIilIiIIiI(21).class,rustme/lIilIiIIiI,java/lang/Object,,0,0,220,,,
lIilIiIiII(53).class,rustme/lIilIiIiII,java/lang/Object,kotlin/jvm/functions/Function1,5,1,1476,Kotlin internals,,
lIilIiIlII(42).class,rustme/lIilIiIlII,java/lang/Object,,0,5,262,,,
lIilIiIliI(21).class,rustme/lIilIiIliI,kotlin/properties/ObservableProperty,,4,1,2455,Kotlin internals,,
lIilIiiIII(64).class,rustme/lIilIiiIII,java/lang/Object,,0,5,257,,,
lIilIiiIiI(5).class,rustme/lIilIiiIiI,java/lang/Object,,1,0,195,,,
lIilIiiiII(37).class,rustme/lIilIiiiII,java/lang/Object,kotlin/jvm/functions/Function1,5,1,1713,Kotlin internals,,
lIilIiiilI(2).class,rustme/lIilIiiilI,java/lang/Object,,0,1,174,,,
lIilIiiliI(5).class,rustme/lIilIiiliI,rustme/lIlIIiiliI,,5,0,2579,Kotlin internals,,
lIilIilIII(42).class,rustme/lIilIilIII,java/lang/Object,,0,9,341,,,
lIilIilIiI(21).class,rustme/lIilIilIiI,java/lang/Object,,5,0,273,,,
lIilIiliiI(5).class,rustme/lIilIiliiI,java/lang/Object,com/google/common/base/Predicate,3,0,936,,,
lIilIililI(2).class,rustme/lIilIililI,java/lang/Object,,0,5,262,,,
lIilIilliI(5).class,rustme/lIilIilliI,java/lang/Object,,2,2,854,Kotlin internals,,
lIilIlIIiI(17).class,rustme/lIilIlIIiI,java/lang/Object,,6,4,4101,,,
lIilIlIiII(30).class,rustme/lIilIlIiII,java/lang/Object,,0,7,299,,,
lIilIlIiiI(1).class,rustme/lIilIlIiiI,rustme/IillilIiiI,,18,5,7201,,,
lIilIlIlII(22).class,rustme/lIilIlIlII,java/lang/Object,,0,1,174,,,
lIilIlIliI(13).class,rustme/lIilIlIliI,java/lang/Object,,2,0,764,Kotlin internals,,
lIilIliIII(34).class,rustme/lIilIliIII,java/lang/Object,,0,25,677,,,
lIilIliIiI(9).class,rustme/lIilIliIiI,java/lang/Object,,1,3,552,,,
lIilIliiII(25).class,rustme/lIilIliiII,java/lang/Object,kotlin/jvm/functions/Function0,4,1,1102,Kotlin internals,,
lIilIliilI(2).class,rustme/lIilIliilI,java/lang/Object,,0,1,174,,,
lIilIliliI(5).class,rustme/lIilIliliI,java/lang/Object,,1,1,1087,Kotlin internals,,
lIilIllIII(22).class,rustme/lIilIllIII,java/lang/Object,,0,34,900,,,
lIilIllIiI(13).class,rustme/lIilIllIiI,rustme/llIiIllIiI,,7,0,2590,,,
lIilIlliiI(5).class,rustme/lIilIlliiI,rustme/IIlIIlliiI,,2,0,1751,,,
lIilIllliI(5).class,rustme/lIilIllliI,java/lang/Object,kotlin/jvm/functions/Function1,5,1,1899,Kotlin internals,,
lIiliIIIiI(25).class,rustme/lIiliIIIiI,java/lang/Object,rustme/iIiiiIIIiI,2,0,913,,,
lIiliIIiII(57).class,rustme/lIiliIIiII,java/lang/Object,,105,101,30064,Kotlin internals;Sounds,,
lIiliIIlII(44).class,rustme/lIiliIIlII,java/lang/Object,,0,2,196,,,
lIiliIIliI(25).class,rustme/lIiliIIliI,kotlin/properties/ObservableProperty,,4,1,2445,Kotlin internals,,
lIiliIiIII(66).class,rustme/lIiliIiIII,java/lang/Object,,0,3,215,,,
lIiliIiIiI(9).class,rustme/lIiliIiIiI,java/lang/Enum,rustme/ililiIiIiI,7,4,1588,,,
lIiliIiiII(41).class,rustme/lIiliIiiII,java/lang/Object,kotlin/jvm/functions/Function1,5,1,1975,Kotlin internals,,
lIiliIiilI(4).class,rustme/lIiliIiilI,java/lang/Object,,0,1,174,,,
lIiliIiliI(9).class,rustme/lIiliIiliI,java/lang/Object,,13,0,1671,Kotlin internals,,
lIiliIlIII(44).class,rustme/lIiliIlIII,java/lang/Object,,0,1,173,,,
lIiliIlIiI(25).class,rustme/lIiliIlIiI,java/lang/Object,,6,0,490,,,
lIiliIliiI(9).class,rustme/lIiliIliiI,java/lang/Object,,11,10,3327,GUI/Screen,,
lIiliIlilI(4).class,rustme/lIiliIlilI,java/lang/Object,,0,1,174,,,
lIiliIlliI(9).class,rustme/lIiliIlliI,java/lang/Object,kotlin/jvm/functions/Function1,5,1,3174,Kotlin internals,,
lIiliiIIII(70).class,rustme/lIiliiIIII,java/lang/Object,,0,18,530,,,
lIiliiIIiI(17).class,rustme/lIiliiIIiI,rustme/liiliiIIiI,,14,0,4393,,,
lIiliiIiII(49).class,rustme/lIiliiIiII,java/lang/Object,kotlin/jvm/functions/Function1,5,1,1506,Kotlin internals,,
lIiliiIilI(8).class,rustme/lIiliiIilI,java/lang/Object,,0,11,394,,,
lIiliiIliI(17).class,rustme/lIiliiIliI,java/lang/Object,kotlin/jvm/functions/Function0,3,3,1484,Kotlin internals,,
lIiliiiIiI(1).class,rustme/lIiliiiIiI,rustme/lliiiiiIiI,,9,1,5802,Texture,,
lIiliiiiII(33).class,rustme/lIiliiiiII,java/lang/Object,kotlin/jvm/functions/Function1,5,1,1769,Kotlin internals,,
lIiliiilII(32).class,rustme/lIiliiilII,java/lang/Object,,0,1,174,,,
lIiliiiliI(1).class,rustme/lIiliiiliI,java/util/Properties,,4,1,1306,,,
lIiliilIiI(17).class,rustme/lIiliilIiI,java/lang/Object,rustme/IlIiIilIiI,5,1,2781,,,
lIiliiliII(32).class,rustme/lIiliiliII,java/lang/Object,,0,11,383,,,
lIiliiliiI(1).class,rustme/lIiliiliiI,rustme/IiIiIlIiiI,,15,1,4042,,,
lIiliillII(16).class,rustme/lIiliillII,java/lang/Object,,0,3,218,,,
lIiliilliI(1).class,rustme/lIiliilliI,java/lang/Object,,1,1,691,Kotlin internals,,
lIililIIII(36).class,rustme/lIililIIII,java/lang/Object,,0,1,173,,,
lIililIIiI(13).class,rustme/lIililIIiI,java/lang/Object,rustme/llillIIIiI,10,2,4308,,,
lIililIilI(4).class,rustme/lIililIilI,java/lang/Object,,0,1,174,,,
lIililIliI(9).class,rustme/lIililIliI,rustme/iIililIliI,,5,1,2729,Kotlin internals,,
lIililiIiI(5).class,rustme/lIililiIiI,rustme/iliIiliIiI,,8,8,2657,,,
lIililiiII(21).class,rustme/lIililiiII,java/lang/Object,kotlin/jvm/functions/Function1,5,1,1769,Kotlin internals,,
lIilililII(16).class,rustme/lIilililII,java/lang/Object,,0,22,636,,,
lIilililiI(1).class,rustme/lIilililiI,java/lang/Object,kotlin/jvm/functions/Function0,3,1,1267,Kotlin internals,,
lIilillIiI(9).class,rustme/lIilillIiI,java/lang/Object,rustme/ililillIiI,3,0,1097,,,
lIililliII(16).class,rustme/lIililliII,java/lang/Object,,0,19,551,,,
lIililliiI(1).class,rustme/lIililliiI,java/lang/Enum,,6,10,2119,,,
lIililllII(8).class,rustme/lIililllII,java/lang/Object,,0,1,174,,,
lIilillliI(1).class,rustme/lIilillliI,java/lang/Object,kotlin/jvm/functions/Function1,5,1,2931,Kotlin internals,,
lIillIIIiI(13).class,rustme/lIillIIIiI,java/lang/Object,io/netty/util/concurrent/GenericFutureListener,2,2,1333,,,
lIillIIiII(28).class,rustme/lIillIIiII,java/lang/Object,,0,2,194,,,
lIillIIlII(22).class,rustme/lIillIIlII,java/lang/Object,,0,1,174,,,
lIillIIliI(13).class,rustme/lIillIIliI,kotlin/jvm/internal/FunctionReferenceImpl,kotlin/jvm/functions/Function0,5,1,1274,Kotlin internals,,
lIillIiIII(32).class,rustme/lIillIiIII,java/lang/Object,,0,1,173,,,
lIillIiIiI(5).class,rustme/lIillIiIiI,rustme/IiillIiIiI,,6,0,1168,,,
lIillIiiII(21).class,rustme/lIillIiiII,java/lang/Object,kotlin/jvm/functions/Function1,5,1,1517,Kotlin internals,,
lIillIiilI(2).class,rustme/lIillIiilI,java/lang/Object,,0,1,174,,,
lIillIiliI(5).class,rustme/lIillIiliI,java/lang/Object,,35,14,13097,Kotlin internals,,
lIillIlIII(22).class,rustme/lIillIlIII,java/lang/Object,,0,3,215,,,
lIillIlIiI(13).class,rustme/lIillIlIiI,java/lang/Object,rustme/IiiIlIiIiI,3,1,977,,,
lIillIliiI(5).class,rustme/lIillIliiI,java/lang/Object,,1,0,560,Particles,,
lIillIlliI(5).class,rustme/lIillIlliI,java/lang/Object,kotlin/jvm/functions/Function1,5,1,1974,Kotlin internals,,
lIilliIIII(34).class,rustme/lIilliIIII,java/lang/Object,,0,10,362,,,
lIilliIIiI(9).class,rustme/lIilliIIiI,java/lang/Object,,14,3,10564,Recipes,,
lIilliIiII(25).class,rustme/lIilliIiII,java/lang/Object,rustme/lIIlIiIiII,34,14,7569,Kotlin internals,,
lIilliIilI(4).class,rustme/lIilliIilI,java/lang/Object,,0,1,174,,,
lIilliIliI(9).class,rustme/lIilliIliI,kotlin/coroutines/jvm/internal/SuspendLambda,kotlin/jvm/functions/Function2,7,2,3393,Kotlin internals,,
lIilliiIiI(1).class,rustme/lIilliiIiI,java/lang/Object,,13,5,3084,,,
lIilliiiII(17).class,rustme/lIilliiiII,java/lang/Object,kotlin/jvm/functions/Function1,5,1,1880,Kotlin internals,,
lIilliilII(16).class,rustme/lIilliilII,java/lang/Object,,0,6,284,,,
lIilliiliI(1).class,rustme/lIilliiliI,rustme/lilliiiliI,,1,0,530,Kotlin internals,,
lIillilIiI(9).class,rustme/lIillilIiI,java/lang/Object,,9,3,2274,,,
lIilliliII(16).class,rustme/lIilliliII,java/lang/Object,,0,1,173,,,
lIilliliiI(1).class,rustme/lIilliliiI,rustme/ililliliiI,,1,0,446,GUI/Screen,,
lIillillII(8).class,rustme/lIillillII,java/lang/Object,,0,1,174,,,
lIillilliI(1).class,rustme/lIillilliI,java/lang/Object,kotlin/jvm/functions/Function1,5,1,1738,Kotlin internals,,
lIilllIIII(20).class,rustme/lIilllIIII,java/lang/Object,,0,2,194,,,
lIilllIIiI(9).class,rustme/lIilllIIiI,rustme/IIilllIIiI,,8,5,3983,,,
lIilllIiiI(1).class,rustme/lIilllIiiI,java/lang/Object,,1,1,843,,,
lIilllIilI(2).class,rustme/lIilllIilI,java/lang/Object,,0,3,218,,,
lIilllIliI(5).class,rustme/lIilllIliI,java/lang/Object,kotlin/jvm/functions/Function1,5,1,1458,Kotlin internals,,
lIillliIiI(5).class,rustme/lIillliIiI,rustme/lIIiIliIiI,,3,2,2127,,,
lIillliiII(13).class,rustme/lIillliiII,java/lang/Object,kotlin/jvm/functions/Function1,5,1,3266,Kotlin internals,,
lIilllilII(8).class,rustme/lIilllilII,java/lang/Object,,0,2,196,,,
lIillliliI(1).class,rustme/lIillliliI,rustme/llIIlliliI,,5,6,7768,Kotlin internals,,
lIillllIiI(5).class,rustme/lIillllIiI,java/lang/Object,,9,3,3949,,,
lIilllliII(8).class,rustme/lIilllliII,java/lang/Object,,0,1,173,,,
lIilllliiI(1).class,rustme/lIilllliiI,java/lang/Object,rustme/lIllllliiI,3,1,3133,,,
lIilllllII(4).class,rustme/lIilllllII,java/lang/Object,,0,1,174,,,
lIillllliI(1).class,rustme/lIillllliI,java/lang/Object,kotlin/jvm/functions/Function1,5,1,5304,Kotlin internals,,
lIlIIIIIiI(31).class,rustme/lIlIIIIIiI,rustme/illIIIIIiI,,2,0,474,,,
lIlIIIIiII(61).class,rustme/lIlIIIIiII,java/lang/Object,,0,2,194,,,
lIlIIIIlII(47).class,rustme/lIlIIIIlII,java/lang/Object,,0,1,174,,,
lIlIIIIliI(31).class,rustme/lIlIIIIliI,java/lang/Object,,12,7,3442,Kotlin internals,,
lIlIIIiIII(69).class,rustme/lIlIIIiIII,java/lang/Object,,0,5,257,,,
lIlIIIiIiI(15).class,rustme/lIlIIIiIiI,java/lang/Object,com/google/common/base/Predicate,3,2,1245,,,
lIlIIIiiII(47).class,rustme/lIlIIIiiII,java/lang/Object,kotlin/jvm/functions/Function1,5,1,5231,Kotlin internals,,
lIlIIIiilI(7).class,rustme/lIlIIIiilI,java/lang/Object,,0,1,174,,,
lIlIIIiliI(15).class,rustme/lIlIIIiliI,java/lang/Object,,11,13,5409,Rendering/shader;Kotlin internals,,
lIlIIIlIII(47).class,rustme/lIlIIIlIII,java/lang/Object,,0,1,173,,,
lIlIIIlIiI(31).class,rustme/lIlIIIlIiI,java/lang/Object,,7,2,1547,,,
lIlIIIliiI(15).class,rustme/lIlIIIliiI,rustme/lIlliIliiI,,4,6,2317,,,
lIlIIIlliI(15).class,rustme/lIlIIIlliI,java/lang/Object,kotlin/jvm/functions/Function1,5,1,3069,Kotlin internals,,
lIlIIiIIII(73).class,rustme/lIlIIiIIII,java/lang/Object,,0,1,173,,,
lIlIIiIIiI(23).class,rustme/lIlIIiIIiI,java/lang/Object,com/google/common/base/Predicate,3,0,955,,,
lIlIIiIiII(55).class,rustme/lIlIIiIiII,java/lang/Object,kotlin/jvm/functions/Function1,5,1,1476,Kotlin internals,,
lIlIIiIilI(11).class,rustme/lIlIIiIilI,java/lang/Object,,0,1,174,,,
lIlIIiIliI(23).class,rustme/lIlIIiIliI,kotlin/properties/ObservableProperty,,4,1,2295,Kotlin internals,,
lIlIIiiIiI(7).class,rustme/lIlIIiiIiI,java/lang/Object,,1,5,621,,,
lIlIIiiiII(39).class,rustme/lIlIIiiiII,java/lang/Object,kotlin/jvm/functions/Function1,5,1,1528,Kotlin internals,,
lIlIIiilII(35).class,rustme/lIlIIiilII,java/lang/Object,,0,1,174,,,
lIlIIiiliI(7).class,rustme/lIlIIiiliI,rustme/IIIiliIIiI,,11,2,6004,Kotlin internals,,
lIlIIilIiI(23).class,rustme/lIlIIilIiI,java/lang/Object,,7,4,1137,,,
lIlIIiliII(35).class,rustme/lIlIIiliII,java/lang/Object,,0,3,215,,,
lIlIIiliiI(7).class,rustme/lIlIIiliiI,java/lang/Object,,5,6,1905,,,
lIlIIillII(19).class,rustme/lIlIIillII,java/lang/Object,,0,1,174,,,
lIlIIilliI(7).class,rustme/lIlIIilliI,java/lang/Object,,4,9,1987,Kotlin internals,,
lIlIIlIIII(39).class,rustme/lIlIIlIIII,java/lang/Object,,0,20,572,,,
lIlIIlIIiI(19).class,rustme/lIlIIlIIiI,java/lang/Object,,0,0,220,,,
lIlIIlIiiI(3).class,rustme/lIlIIlIiiI,rustme/llIiIiliiI,,2,0,370,,,
lIlIIlIilI(7).class,rustme/lIlIIlIilI,java/lang/Object,,0,1,174,,,
lIlIIlIliI(15).class,rustme/lIlIIlIliI,java/lang/Object,,20,6,4532,Kotlin internals,,
lIlIIliIiI(11).class,rustme/lIlIIliIiI,rustme/lllIIliIiI,,20,6,6317,,,
lIlIIliiII(27).class,rustme/lIlIIliiII,java/lang/Object,kotlin/jvm/functions/Function1,5,1,3397,Kotlin internals,,
lIlIIlilII(19).class,rustme/lIlIIlilII,java/lang/Object,,0,6,284,,,
lIlIIliliI(7).class,rustme/lIlIIliliI,java/lang/Enum,,7,7,2315,Kotlin internals,,
lIlIIllIiI(15).class,rustme/lIlIIllIiI,rustme/llIiIllIiI,,7,0,1830,,,
lIlIIlliII(19).class,rustme/lIlIIlliII,java/lang/Object,,0,3,215,,,
lIlIIlliiI(7).class,rustme/lIlIIlliiI,java/lang/Object,,6,4,10029,,,
lIlIIlllII(11).class,rustme/lIlIIlllII,java/lang/Object,,0,3,218,,,
lIlIIllliI(7).class,rustme/lIlIIllliI,java/lang/Object,kotlin/jvm/functions/Function1,5,1,1880,Kotlin internals,,
lIlIiIIIII(75).class,rustme/lIlIiIIIII,java/lang/Object,,0,7,299,,,
lIlIiIIIiI(27).class,rustme/lIlIiIIIiI,rustme/llliiIIIiI,,3,0,828,,,
lIlIiIIiII(59).class,rustme/lIlIiIIiII,java/lang/Object,ru/meproject/rustme/vanilla/network/common/random/Lot,6,2,1966,Kotlin internals,,
lIlIiIIilI(13).class,rustme/lIlIiIIilI,java/lang/Object,,0,1,174,,,
lIlIiIIliI(27).class,rustme/lIlIiIIliI,rustme/ilIIiIIliI,,17,0,12364,Kotlin internals,,
lIlIiIiIiI(11).class,rustme/lIlIiIiIiI,java/lang/Object,,9,8,5262,,,
lIlIiIiiII(43).class,rustme/lIlIiIiiII,java/lang/Object,kotlin/jvm/functions/Function1,5,1,3057,Kotlin internals,,
lIlIiIilII(37).class,rustme/lIlIiIilII,java/lang/Object,,0,1,174,,,
lIlIiIiliI(11).class,rustme/lIlIiIiliI,java/lang/Object,,2,0,752,Kotlin internals,,
lIlIiIlIiI(27).class,rustme/lIlIiIlIiI,java/lang/Object,,0,0,220,,,
lIlIiIliII(37).class,rustme/lIlIiIliII,java/lang/Object,,0,4,236,,,
lIlIiIliiI(11).class,rustme/lIlIiIliiI,java/lang/Object,rustme/illIiIliiI;rustme/lllIiIliiI,9,1,2996,GUI/Screen,,
lIlIiIllII(21).class,rustme/lIlIiIllII,java/lang/Object,,0,1,174,,,
lIlIiIlliI(11).class,rustme/lIlIiIlliI,java/lang/Object,kotlin/jvm/functions/Function1,5,1,1468,Kotlin internals,,
lIlIiiIIiI(19).class,rustme/lIlIiiIIiI,java/lang/Object,rustme/IIllIliIiI,12,4,2434,,,
lIlIiiIiII(51).class,rustme/lIlIiiIiII,java/lang/Object,kotlin/jvm/functions/Function1,5,1,1468,Kotlin internals,,
lIlIiiIlII(41).class,rustme/lIlIiiIlII,java/lang/Object,,0,6,284,,,
lIlIiiIliI(19).class,rustme/lIlIiiIliI,java/lang/Object,kotlin/jvm/functions/Function0,3,3,1237,Kotlin internals,,
lIlIiiiIII(63).class,rustme/lIlIiiiIII,java/lang/Object,,0,1,173,,,
lIlIiiiIiI(3).class,rustme/lIlIiiiIiI,rustme/lliiiiiIiI,,32,19,15892,,,
lIlIiiiiII(35).class,rustme/lIlIiiiiII,java/lang/Object,kotlin/jvm/functions/Function1,5,1,2023,Kotlin internals,,
lIlIiiiilI(1).class,rustme/lIlIiiiilI,java/lang/Object,,0,1,174,,,
lIlIiiiliI(3).class,rustme/lIlIiiiliI,java/lang/Object,,8,4,1974,,,
lIlIiilIII(41).class,rustme/lIlIiilIII,java/lang/Object,,0,14,446,,,
lIlIiilIiI(19).class,rustme/lIlIiilIiI,java/lang/Object,java/lang/Iterable,2,2,1602,,,
lIlIiiliiI(3).class,rustme/lIlIiiliiI,rustme/iliIIlIiiI,,25,10,11562,,,
lIlIiililI(1).class,rustme/lIlIiililI,java/lang/Object,,0,1,174,,,
lIlIiilliI(3).class,rustme/lIlIiilliI,java/lang/Object,,6,6,4542,Kotlin internals,,
lIlIilIIiI(15).class,rustme/lIlIilIIiI,rustme/IllIilIIiI,,5,0,1419,,,
lIlIilIiII(29).class,rustme/lIlIilIiII,java/lang/Object,,0,4,236,,,
lIlIilIlII(21).class,rustme/lIlIilIlII,java/lang/Object,,0,1,174,,,
lIlIilIliI(11).class,rustme/lIlIilIliI,rustme/lllIilIliI,,11,1,4029,Kotlin internals,,
lIlIiliIII(33).class,rustme/lIlIiliIII,java/lang/Object,,0,1,173,,,
lIlIiliIiI(7).class,rustme/lIlIiliIiI,rustme/lIililiIiI,,7,4,4000,,,
lIlIiliiII(23).class,rustme/lIlIiliiII,java/lang/Object,kotlin/jvm/functions/Function1,5,1,1769,Kotlin internals,,
lIlIiliilI(1).class,rustme/lIlIiliilI,java/lang/Object,,0,1,174,,,
lIlIililiI(3).class,rustme/lIlIililiI,rustme/llIiIliliI,,47,45,20540,Kotlin internals,,
lIlIillIII(21).class,rustme/lIlIillIII,java/lang/Object,,0,2,194,,,
lIlIillIiI(11).class,rustme/lIlIillIiI,java/lang/Object,,13,5,8958,,,
lIlIilliiI(3).class,rustme/lIlIilliiI,rustme/IiililliiI,,2,0,633,,,
lIlIillliI(3).class,rustme/lIlIillliI,java/lang/Object,kotlin/jvm/functions/Function1,5,1,1468,Kotlin internals,,
lIlIlIIIII(37).class,rustme/lIlIlIIIII,java/lang/Object,,0,1,173,,,
lIlIlIIIiI(15).class,rustme/lIlIlIIIiI,io/netty/channel/ChannelInitializer,,4,1,1383,Networking client,,
lIlIlIIilI(7).class,rustme/lIlIlIIilI,java/lang/Object,,0,1,174,,,
lIlIlIIliI(15).class,rustme/lIlIlIIliI,java/lang/Object,kotlin/jvm/functions/Function1,5,2,3799,Kotlin internals,,
lIlIlIiIiI(7).class,rustme/lIlIlIiIiI,java/lang/Object,rustme/illIlIiIiI,1,0,201,,,
lIlIlIiiII(23).class,rustme/lIlIlIiiII,java/lang/Object,,14,10,4605,Kotlin internals,,
lIlIlIilII(19).class,rustme/lIlIlIilII,java/lang/Object,,0,9,350,,,
lIlIlIiliI(7).class,rustme/lIlIlIiliI,java/lang/Object,,8,4,5435,Kotlin internals,,
lIlIlIlIiI(15).class,rustme/lIlIlIlIiI,rustme/iIlIlIlIiI,,5,0,1340,,,
lIlIlIliII(19).class,rustme/lIlIlIliII,java/lang/Object,,0,1,173,,,
lIlIlIliiI(7).class,rustme/lIlIlIliiI,rustme/lililIliiI,,4,2,1735,Particles,,
lIlIlIllII(11).class,rustme/lIlIlIllII,java/lang/Object,,0,1,174,,,
lIlIlIlliI(7).class,rustme/lIlIlIlliI,java/lang/Object,kotlin/jvm/functions/Function1,5,1,1541,Kotlin internals,,
lIlIliIIiI(11).class,rustme/lIlIliIIiI,java/lang/Object,rustme/lIIIliIIiI,3,0,290,,,
lIlIliIiII(27).class,rustme/lIlIliIiII,java/lang/Object,rustme/lIIlIiIiII,15,6,3201,Kotlin internals,,
lIlIliIlII(21).class,rustme/lIlIliIlII,java/lang/Object,,0,1,174,,,
lIlIliIliI(11).class,rustme/lIlIliIliI,rustme/IliIIiIliI,,8,1,7756,Kotlin internals,,
lIlIliiIII(31).class,rustme/lIlIliiIII,java/lang/Object,,0,6,278,,,
lIlIliiIiI(3).class,rustme/lIlIliiIiI,rustme/ilIillliiI,,6,3,2826,,,
lIlIliiiII(19).class,rustme/lIlIliiiII,java/lang/Object,kotlin/jvm/functions/Function1,5,1,1880,Kotlin internals,,
lIlIliiilI(1).class,rustme/lIlIliiilI,java/lang/Object,,0,1,174,,,
lIlIliiliI(3).class,rustme/lIlIliiliI,rustme/lliiiiiIiI,,7,3,3650,Kotlin internals,,
lIlIlilIII(21).class,rustme/lIlIlilIII,java/lang/Object,,0,8,320,,,
lIlIlilIiI(11).class,rustme/lIlIlilIiI,rustme/IIlIlilIiI,,10,3,3278,,,
lIlIliliiI(3).class,rustme/lIlIliliiI,rustme/IlIlliliiI,,25,17,11277,GUI/Screen,,
lIlIlililI(1).class,rustme/lIlIlililI,java/lang/Object,,0,2,196,,,
lIlIlilliI(3).class,rustme/lIlIlilliI,kotlin/properties/ObservableProperty,,4,1,2671,Kotlin internals,,
lIlIllIIiI(11).class,rustme/lIlIllIIiI,java/lang/Object,com/google/common/base/Predicate,3,0,1125,,,
lIlIllIiII(17).class,rustme/lIlIllIiII,java/lang/Object,,0,9,341,,,
lIlIllIiiI(3).class,rustme/lIlIllIiiI,java/lang/Object,com/google/common/base/Predicate,3,0,984,,,
lIlIllIlII(11).class,rustme/lIlIllIlII,java/lang/Object,,0,1,174,,,
lIlIllIliI(7).class,rustme/lIlIllIliI,java/lang/Object,kotlin/jvm/functions/Function1,3,2,2209,Kotlin internals,,
lIlIlliIII(19).class,rustme/lIlIlliIII,java/lang/Object,,0,15,467,,,
lIlIlliIiI(7).class,rustme/lIlIlliIiI,rustme/lIliiiIIiI,,7,1,3349,,,
lIlIlliiII(15).class,rustme/lIlIlliiII,java/lang/Object,kotlin/jvm/functions/Function1,5,1,3294,Kotlin internals,,
lIlIlliilI(1).class,rustme/lIlIlliilI,java/lang/Object,,0,1,174,,,
lIlIlliliI(3).class,rustme/lIlIlliliI,java/lang/Object,,2,0,1004,Kotlin internals,,
lIlIlllIII(11).class,rustme/lIlIlllIII,java/lang/Object,,0,1,174,,,
lIlIlllIiI(7).class,rustme/lIlIlllIiI,java/lang/Thread,,8,5,5091,,,
lIlIllliiI(3).class,rustme/lIlIllliiI,java/lang/Object,rustme/IilIllliiI,2,1,3251,,,
lIlIlllliI(3).class,rustme/lIlIlllliI,java/lang/Object,kotlin/jvm/functions/Function1,5,1,4399,Kotlin internals,,
lIliIIIIII(76).class,rustme/lIliIIIIII,java/lang/Object,,0,2,194,,,
lIliIIIIiI(29).class,rustme/lIliIIIIiI,rustme/llliiIIIiI,,2,2,2006,,,
lIliIIIilI(14).class,rustme/lIliIIIilI,java/lang/Object,,0,1,174,,,
lIliIIIliI(29).class,rustme/lIliIIIliI,kotlin/properties/ObservableProperty,,4,1,2387,Kotlin internals,,
lIliIIiIiI(13).class,rustme/lIliIIiIiI,java/lang/Object,,9,4,4707,,,
lIliIIiiII(45).class,rustme/lIliIIiiII,java/lang/Object,kotlin/jvm/functions/Function1,5,1,1468,Kotlin internals,,
lIliIIilII(38).class,rustme/lIliIIilII,java/lang/Object,,0,6,284,,,
lIliIIiliI(13).class,rustme/lIliIIiliI,java/lang/Object,,6,10,3994,Rendering/shader;Kotlin internals,,
lIliIIlIiI(29).class,rustme/lIliIIlIiI,rustme/IIIiIIlIiI,,4,2,3813,,,
lIliIIliII(38).class,rustme/lIliIIliII,java/lang/Object,,0,1,173,,,
lIliIIliiI(13).class,rustme/lIliIIliiI,rustme/iliIIIliiI,,2,2,2831,,,
lIliIIllII(22).class,rustme/lIliIIllII,java/lang/Object,,0,1,174,,,
lIliIIlliI(13).class,rustme/lIliIIlliI,java/lang/Object,kotlin/jvm/functions/Function1,5,1,1652,Kotlin internals,,
lIliIiIIiI(21).class,rustme/lIliIiIIiI,java/lang/Enum,,15,8,3628,Texture,,
lIliIiIiII(53).class,rustme/lIliIiIiII,java/lang/Object,,3,0,1144,Kotlin internals,,
lIliIiIlII(42).class,rustme/lIliIiIlII,java/lang/Object,,0,3,218,,,
lIliIiIliI(21).class,rustme/lIliIiIliI,rustme/IlilIIIliI,,32,4,13397,Kotlin internals,,
lIliIiiIII(64).class,rustme/lIliIiiIII,java/lang/Object,,0,2,194,,,
lIliIiiIiI(5).class,rustme/lIliIiiIiI,java/lang/Object,rustme/IIIiiIiIiI,55,72,61640,,Minecraft (main class),"ctor(GameSettings, ...), 55 методов: runTick/renderWorld."
lIliIiiiII(37).class,rustme/lIliIiiiII,java/lang/Object,kotlin/jvm/functions/Function1,5,1,1528,Kotlin internals,,
lIliIiiilI(2).class,rustme/lIliIiiilI,java/lang/Object,,0,1,174,,,
lIliIiiliI(5).class,rustme/lIliIiiliI,rustme/illiIiiliI,,1,0,518,,,
lIliIilIII(42).class,rustme/lIliIilIII,java/lang/Object,,0,2,194,,,
lIliIilIiI(21).class,rustme/lIliIilIiI,rustme/iIliIilIiI,,2,1,1052,,,
lIliIiliiI(5).class,rustme/lIliIiliiI,java/lang/Enum,,6,6,1586,,,
lIliIililI(2).class,rustme/lIliIililI,java/lang/Object,,0,3,218,,,
lIliIilliI(5).class,rustme/lIliIilliI,rustme/llliIilliI,,4,1,2014,Kotlin internals,,
lIliIlIIiI(17).class,rustme/lIliIlIIiI,java/lang/Enum,,8,7,2430,,,
lIliIlIiII(30).class,rustme/lIliIlIiII,java/lang/Object,,0,2,194,,,
lIliIlIiiI(1).class,rustme/lIliIlIiiI,rustme/iliIIlIiiI,,35,7,14012,,,
lIliIlIlII(22).class,rustme/lIliIlIlII,java/lang/Object,,0,1,174,,,
lIliIlIliI(13).class,rustme/lIliIlIliI,java/lang/Object,,10,0,2804,Kotlin internals,,
lIliIliIII(34).class,rustme/lIliIliIII,java/lang/Object,,0,15,467,,,
lIliIliIiI(9).class,rustme/lIliIliIiI,rustme/liliIliIiI,,9,3,4253,,,
lIliIliiII(25).class,rustme/lIliIliiII,java/lang/Object,kotlin/jvm/functions/Function1,5,1,2017,Kotlin internals,,
lIliIliilI(2).class,rustme/lIliIliilI,java/lang/Object,,0,1,174,,,
lIliIliliI(5).class,rustme/lIliIliliI,kotlin/jvm/internal/FunctionReferenceImpl,kotlin/jvm/functions/Function0,5,0,1357,Kotlin internals,,
lIliIllIII(22).class,rustme/lIliIllIII,java/lang/Object,,0,13,425,,,
lIliIllIiI(13).class,rustme/lIliIllIiI,rustme/llIiIllIiI,,7,0,2883,,,
lIliIlliiI(5).class,rustme/lIliIlliiI,it/unimi/dsi/fastutil/objects/AbstractObjectCollection,,6,1,1540,,,
lIliIllliI(5).class,rustme/lIliIllliI,java/lang/Object,kotlin/jvm/functions/Function1,5,1,1724,Kotlin internals,,
lIliiIIIiI(25).class,rustme/lIliiIIIiI,java/lang/Object,rustme/liIiIIIIiI,2,0,757,,,
lIliiIIiII(57).class,rustme/lIliiIIiII,java/lang/Object,rustme/lIIlIiIiII,12,3,4012,Kotlin internals,,
lIliiIIlII(44).class,rustme/lIliiIIlII,java/lang/Object,,0,2,196,,,
lIliiIIliI(25).class,rustme/lIliiIIliI,rustme/IlilIIIliI,,2,7,4160,Kotlin internals,,
lIliiIiIII(66).class,rustme/lIliiIiIII,java/lang/Object,,0,30,782,,,
lIliiIiIiI(9).class,rustme/lIliiIiIiI,java/io/FileNotFoundException,,3,0,833,,,
lIliiIiiII(41).class,rustme/lIliiIiiII,java/lang/Object,kotlin/jvm/functions/Function1,5,1,1541,Kotlin internals,,
lIliiIiilI(4).class,rustme/lIliiIiilI,java/lang/Object,,0,1,174,,,
lIliiIiliI(9).class,rustme/lIliiIiliI,java/lang/Object,,10,2,4986,Kotlin internals,,
lIliiIlIII(44).class,rustme/lIliiIlIII,java/lang/Object,,0,13,425,,,
lIliiIlIiI(25).class,rustme/lIliiIlIiI,rustme/IIlllilIiI,,1,0,678,,,
lIliiIliiI(9).class,rustme/lIliiIliiI,rustme/IIilIiiIiI,,25,11,21180,,,
lIliiIlilI(4).class,rustme/lIliiIlilI,java/lang/Object,,0,8,328,,,
lIliiIlliI(9).class,rustme/lIliiIlliI,java/lang/Object,kotlin/jvm/functions/Function1,5,1,2200,Kotlin internals,,
lIliiiIIII(70).class,rustme/lIliiiIIII,java/lang/Object,,0,152,3344,,,
lIliiiIIiI(17).class,rustme/lIliiiIIiI,rustme/iliIiliIiI,,11,3,1779,,,
lIliiiIiII(49).class,rustme/lIliiiIiII,java/lang/Object,kotlin/jvm/functions/Function1,5,1,1898,Kotlin internals,,
lIliiiIilI(8).class,rustme/lIliiiIilI,java/lang/Object,,0,1,174,,,
lIliiiIliI(17).class,rustme/lIliiiIliI,java/lang/Object,kotlin/jvm/functions/Function0,3,1,1974,Kotlin internals,,
lIliiiiIiI(1).class,rustme/lIliiiiIiI,rustme/lliiiiiIiI,,7,1,3160,Texture,,
lIliiiiiII(33).class,rustme/lIliiiiiII,java/lang/Object,kotlin/jvm/functions/Function1,5,1,1479,Kotlin internals,,
lIliiiilII(32).class,rustme/lIliiiilII,java/lang/Object,,0,2,196,,,
lIliiiiliI(1).class,rustme/lIliiiiliI,java/lang/Enum,,7,39,5261,,,
lIliiilIiI(17).class,rustme/lIliiilIiI,rustme/lliiiilIiI,rustme/iiIlIilIiI;rustme/IilIIIlIiI,12,12,4136,,,
lIliiiliII(32).class,rustme/lIliiiliII,java/lang/Object,,0,1,173,,,
lIliiiliiI(1).class,rustme/lIliiiliiI,java/lang/Object,,1,2,507,,,
lIliiillII(16).class,rustme/lIliiillII,java/lang/Object,,0,1,174,,,
lIliiilliI(1).class,rustme/lIliiilliI,java/lang/Object,,20,0,5684,Kotlin internals,,
lIliilIIII(36).class,rustme/lIliilIIII,java/lang/Object,,0,1,173,,,
lIliilIIiI(13).class,rustme/lIliilIIiI,java/lang/Object,,0,0,220,,,
lIliilIilI(4).class,rustme/lIliilIilI,java/lang/Object,,0,1,174,,,
lIliilIliI(9).class,rustme/lIliilIliI,java/lang/Object,kotlin/jvm/functions/Function1,5,2,3795,Kotlin internals,,
lIliiliIiI(5).class,rustme/lIliiliIiI,java/lang/Object,,5,0,341,,,
lIliiliiII(21).class,rustme/lIliiliiII,java/lang/Object,kotlin/jvm/functions/Function1,5,1,3657,Kotlin internals,,
lIliililII(16).class,rustme/lIliililII,java/lang/Object,,0,2,196,,,
lIliililiI(1).class,rustme/lIliililiI,java/lang/Object,,2,0,783,Kotlin internals,,
lIliillIiI(9).class,rustme/lIliillIiI,com/google/common/collect/AbstractIterator,,3,2,1508,,,
lIliilliII(16).class,rustme/lIliilliII,java/lang/Object,,0,1,173,,,
lIliilliiI(1).class,rustme/lIliilliiI,java/lang/Object,rustme/iililIliiI,2,0,723,Particles,,
lIliilllII(8).class,rustme/lIliilllII,java/lang/Object,,0,1,174,,,
lIliillliI(1).class,rustme/lIliillliI,java/lang/Object,kotlin/jvm/functions/Function1,5,1,3128,Kotlin internals,,
lIlilIIIiI(13).class,rustme/lIlilIIIiI,java/lang/Object,rustme/iililIIIiI,4,0,340,,,
lIlilIIiII(28).class,rustme/lIlilIIiII,java/lang/Object,,0,5,257,,,
lIlilIIlII(22).class,rustme/lIlilIIlII,java/lang/Object,,0,1,174,,,
lIlilIIliI(13).class,rustme/lIlilIIliI,java/lang/Object,,6,2,1736,Kotlin internals,,
lIlilIiIII(32).class,rustme/lIlilIiIII,java/lang/Object,,0,1,173,,,
lIlilIiIiI(5).class,rustme/lIlilIiIiI,java/lang/Object,rustme/IiiIlIiIiI,3,1,1008,,,
lIlilIiiII(21).class,rustme/lIlilIiiII,java/lang/Object,kotlin/jvm/functions/Function1,5,1,1474,Kotlin internals,,
lIlilIiilI(2).class,rustme/lIlilIiilI,java/lang/Object,,0,1,174,,,
lIlilIiliI(5).class,rustme/lIlilIiliI,java/lang/Object,,5,1,1189,Kotlin internals,,
lIlilIlIII(22).class,rustme/lIlilIlIII,java/lang/Object,,0,1,173,,,
lIlilIlIiI(13).class,rustme/lIlilIlIiI,java/lang/Object,com/google/gson/JsonDeserializer;com/google/gson/JsonSerializer,7,0,5445,,,
lIlilIliiI(5).class,rustme/lIlilIliiI,java/lang/Object,rustme/iililIliiI,2,0,876,Particles,,
lIlilIlliI(5).class,rustme/lIlilIlliI,java/lang/Object,kotlin/jvm/functions/Function1,5,1,3990,Kotlin internals,,
lIliliIIII(34).class,rustme/lIliliIIII,java/lang/Object,,0,3,215,,,
lIliliIIiI(9).class,rustme/lIliliIIiI,rustme/lllIliIIiI,,4,0,1052,,,
lIliliIiII(25).class,rustme/lIliliIiII,rustme/illlIiIiII,,18,0,3024,Kotlin internals,,
lIliliIilI(4).class,rustme/lIliliIilI,java/lang/Object,,0,1,174,,,
lIliliIliI(9).class,rustme/lIliliIliI,java/lang/Object,kotlin/jvm/functions/Function0,3,2,2293,Kotlin internals,,
lIliliiIiI(1).class,rustme/lIliliiIiI,java/lang/Object,rustme/IIIiiIiIiI;rustme/IiIiliiIiI,14,8,7831,,,
lIliliiiII(17).class,rustme/lIliliiiII,java/lang/Object,kotlin/jvm/functions/Function1,5,1,3074,Kotlin internals,,
lIliliilII(16).class,rustme/lIliliilII,java/lang/Object,,0,6,284,,,
lIliliiliI(1).class,rustme/lIliliiliI,rustme/illiliiliI,,4,1,2232,Kotlin internals,,
lIlililIiI(9).class,rustme/lIlililIiI,java/lang/Object,rustme/iilililIiI,10,3,3428,,,
lIlililiII(16).class,rustme/lIlililiII,java/lang/Object,,0,3,215,,,
lIlililiiI(1).class,rustme/lIlililiiI,rustme/iIlililiiI,,15,10,4099,GUI/Screen;Texture,,
lIlilillII(8).class,rustme/lIlilillII,java/lang/Object,,0,1,174,,,
lIlililliI(1).class,rustme/lIlililliI,java/lang/Object,,4,0,1579,Kotlin internals,,
lIlillIIII(20).class,rustme/lIlillIIII,java/lang/Object,,0,4,236,,,
lIlillIIiI(9).class,rustme/lIlillIIiI,java/lang/Enum,,8,8,2832,Scoreboard,,
lIlillIiiI(1).class,rustme/lIlillIiiI,rustme/IillilIiiI,,11,3,3410,,,
lIlillIilI(2).class,rustme/lIlillIilI,java/lang/Object,,0,1,174,,,
lIlillIliI(5).class,rustme/lIlillIliI,java/lang/Object,kotlin/jvm/functions/Function0,3,7,3247,Kotlin internals,,
lIlilliIiI(5).class,rustme/lIlilliIiI,rustme/lililliIiI,rustme/liiiiilIiI,26,3,6022,,,
lIlilliiII(13).class,rustme/lIlilliiII,java/lang/Object,kotlin/jvm/functions/Function1,5,1,1506,Kotlin internals,,
lIlillilII(8).class,rustme/lIlillilII,java/lang/Object,,0,2,196,,,
lIlilliliI(1).class,rustme/lIlilliliI,java/lang/Object,rustme/IlilIlIliI,17,1,3681,Kotlin internals,,
lIlilllIiI(5).class,rustme/lIlilllIiI,java/lang/Object,rustme/lililllIiI,2,0,422,,,
lIlillliII(8).class,rustme/lIlillliII,java/lang/Object,,0,5,257,,,
lIlillliiI(1).class,rustme/lIlillliiI,java/lang/Object,rustme/liiIllliiI,2,0,1004,,,
lIlillllII(4).class,rustme/lIlillllII,java/lang/Object,,0,1,174,,,
lIlilllliI(1).class,rustme/lIlilllliI,java/lang/Object,kotlin/jvm/functions/Function1,5,1,1938,Kotlin internals,,
lIllIIIIII(38).class,rustme/lIllIIIIII,java/lang/Object,,0,2,194,,,
lIllIIIIiI(15).class,rustme/lIllIIIIiI,java/lang/Object,rustme/IlIlIIIIiI,8,0,1887,,,
lIllIIIilI(7).class,rustme/lIllIIIilI,java/lang/Object,,0,1,174,,,
lIllIIIliI(15).class,rustme/lIllIIIliI,java/lang/Object,,2,0,940,Kotlin internals,,
lIllIIiIiI(7).class,rustme/lIllIIiIiI,rustme/IIlliIiIiI,,6,0,1640,,,
lIllIIiiII(23).class,rustme/lIllIIiiII,java/lang/Object,kotlin/jvm/functions/Function1,5,1,1468,Kotlin internals,,
lIllIIilII(19).class,rustme/lIllIIilII,java/lang/Object,,0,10,372,,,
lIllIIiliI(7).class,rustme/lIllIIiliI,kotlin/coroutines/jvm/internal/ContinuationImpl,,2,3,1513,Kotlin internals,,
lIllIIlIiI(15).class,rustme/lIllIIlIiI,rustme/IlllIIlIiI,,7,0,2892,,,
lIllIIliII(19).class,rustme/lIllIIliII,java/lang/Object,,0,2,194,,,
lIllIIliiI(7).class,rustme/lIllIIliiI,java/lang/Thread,,4,3,3051,,,
lIllIIllII(11).class,rustme/lIllIIllII,java/lang/Object,,0,1,174,,,
lIllIIlliI(7).class,rustme/lIllIIlliI,java/lang/Object,kotlin/jvm/functions/Function1,5,1,1963,Kotlin internals,,
lIllIiIIiI(11).class,rustme/lIllIiIIiI,rustme/iilIlIiIiI,,2,0,847,,,
lIllIiIiII(27).class,rustme/lIllIiIiII,rustme/iIllIiIiII,,3,0,1536,Kotlin internals,,
lIllIiIlII(21).class,rustme/lIllIiIlII,java/lang/Object,,0,6,284,,,
lIllIiIliI(11).class,rustme/lIllIiIliI,java/lang/Object,,2,0,1122,Kotlin internals,,
lIllIiiIII(32).class,rustme/lIllIiiIII,java/lang/Object,,0,12,404,,,
lIllIiiIiI(3).class,rustme/lIllIiiIiI,java/lang/Object,rustme/IiiIlIiIiI,3,1,1132,,,
lIllIiiiII(19).class,rustme/lIllIiiiII,java/lang/Object,kotlin/jvm/functions/Function1,5,1,1527,Kotlin internals,,
lIllIiiilI(1).class,rustme/lIllIiiilI,java/lang/Object,,0,1,174,,,
lIllIiiliI(3).class,rustme/lIllIiiliI,java/lang/Object,,5,0,2118,Kotlin internals,,
lIllIilIII(21).class,rustme/lIllIilIII,java/lang/Object,,0,10,362,,,
lIllIilIiI(11).class,rustme/lIllIilIiI,rustme/iiIililIiI,,34,10,6771,,,
lIllIiliiI(3).class,rustme/lIllIiliiI,java/lang/Object,rustme/IIIlIiliiI,14,12,2600,,,
lIllIililI(1).class,rustme/lIllIililI,java/lang/Object,,0,2,196,,,
lIllIilliI(3).class,rustme/lIllIilliI,java/lang/Object,,15,3,9173,Kotlin internals,,
lIllIlIIiI(11).class,rustme/lIllIlIIiI,rustme/iillIlIIiI,,2,0,697,,,
lIllIlIiII(17).class,rustme/lIllIlIiII,java/lang/Object,,0,3,215,,,
lIllIlIiiI(3).class,rustme/lIllIlIiiI,rustme/iliIIlIiiI,,23,3,11167,,,
lIllIlIlII(11).class,rustme/lIllIlIlII,java/lang/Object,,0,1,174,,,
lIllIlIliI(7).class,rustme/lIllIlIliI,java/lang/Object,,28,4,4792,Kotlin internals,,
lIllIliIII(19).class,rustme/lIllIliIII,java/lang/Object,,0,12,404,,,
lIllIliIiI(7).class,rustme/lIllIliIiI,java/lang/Object,rustme/illiIiIIiI,0,0,156,,,
lIllIliiII(15).class,rustme/lIllIliiII,java/lang/Object,kotlin/jvm/functions/Function1,5,1,1506,Kotlin internals,,
lIllIliilI(1).class,rustme/lIllIliilI,java/lang/Object,,0,1,174,,,
lIllIliliI(3).class,rustme/lIllIliliI,rustme/iiIliiIliI,rustme/lIiiiiIliI,20,6,32667,Kotlin internals,,
lIllIllIII(11).class,rustme/lIllIllIII,java/lang/Object,,0,2,196,,,
lIllIllIiI(7).class,rustme/lIllIllIiI,rustme/llIiIllIiI,,7,0,2707,,,
lIllIlliiI(3).class,rustme/lIllIlliiI,java/lang/Object,java/lang/Runnable,2,2,955,,,
lIllIllliI(3).class,rustme/lIllIllliI,java/lang/Object,kotlin/jvm/functions/Function1,5,1,1468,Kotlin internals,,
lIlliIIIiI(13).class,rustme/lIlliIIIiI,rustme/llliiIIIiI,,3,0,4158,,,
lIlliIIiII(29).class,rustme/lIlliIIiII,java/lang/Object,,11,18,9800,,,
lIlliIIlII(22).class,rustme/lIlliIIlII,java/lang/Object,,0,47,1186,,,
lIlliIIliI(13).class,rustme/lIlliIIliI,java/lang/Object,,5,0,1626,Kotlin internals,,
lIlliIiIII(33).class,rustme/lIlliIiIII,java/lang/Object,,0,10,362,,,
lIlliIiIiI(5).class,rustme/lIlliIiIiI,rustme/IIlliIiIiI,,8,0,4418,,,
lIlliIiiII(21).class,rustme/lIlliIiiII,java/lang/Object,kotlin/jvm/functions/Function1,5,1,1466,Kotlin internals,,
lIlliIiilI(2).class,rustme/lIlliIiilI,java/lang/Object,,0,1,174,,,
lIlliIiliI(5).class,rustme/lIlliIiliI,java/lang/Object,,14,6,7604,Kotlin internals,,
lIlliIlIII(22).class,rustme/lIlliIlIII,java/lang/Object,,0,2,194,,,
lIlliIlIiI(13).class,rustme/lIlliIlIiI,java/lang/Object,,0,0,220,,,
lIlliIliiI(5).class,rustme/lIlliIliiI,java/lang/Object,,9,7,2715,,RustMe packet base,FFFLIIlIIliIiI;String и т.д.
lIlliIlilI(2).class,rustme/lIlliIlilI,java/lang/Object,,0,4,240,,,
lIlliIlliI(5).class,rustme/lIlliIlliI,java/lang/Object,kotlin/jvm/functions/Function1,5,1,2004,Kotlin internals,,
lIlliiIIII(35).class,rustme/lIlliiIIII,java/lang/Object,,0,1,173,,,
lIlliiIIiI(9).class,rustme/lIlliiIIiI,rustme/lIililiIiI,,7,3,3415,,,
lIlliiIiII(25).class,rustme/lIlliiIiII,java/lang/Object,kotlin/jvm/functions/Function1,5,1,2706,Kotlin internals,,
lIlliiIilI(4).class,rustme/lIlliiIilI,java/lang/Object,,0,1,174,,,
lIlliiIliI(9).class,rustme/lIlliiIliI,rustme/IlilIIIliI,,21,7,13010,Kotlin internals,,
lIlliiiIiI(1).class,rustme/lIlliiiIiI,rustme/lliiiiiIiI,,4,2,2412,,,
lIlliiiiII(17).class,rustme/lIlliiiiII,java/lang/Object,kotlin/jvm/functions/Function1,5,1,1769,Kotlin internals,,
lIlliiilII(16).class,rustme/lIlliiilII,java/lang/Object,,0,1,174,,,
lIlliiiliI(1).class,rustme/lIlliiiliI,rustme/lilliiiliI,,1,0,350,GUI/Screen,,
lIlliilIiI(9).class,rustme/lIlliilIiI,java/lang/Object,rustme/IlIiIilIiI,5,1,8136,,,
lIlliiliII(16).class,rustme/lIlliiliII,java/lang/Object,,0,16,488,,,
lIlliiliiI(1).class,rustme/lIlliiliiI,rustme/IllIiiliiI,,15,2,5448,,,
lIlliillII(8).class,rustme/lIlliillII,java/lang/Object,,0,72,1736,,,
lIlliilliI(1).class,rustme/lIlliilliI,java/lang/Object,,8,0,1429,Container/Slot;Kotlin internals,,
lIllilIIII(20).class,rustme/lIllilIIII,java/lang/Object,,0,12,404,,,
lIllilIIiI(9).class,rustme/lIllilIIiI,java/lang/Object,,8,4,2439,,,
lIllilIiiI(1).class,rustme/lIllilIiiI,java/lang/Object,,1,1,733,,,
lIllilIilI(2).class,rustme/lIllilIilI,java/lang/Object,,0,1,174,,,
lIllilIliI(5).class,rustme/lIllilIliI,java/lang/Object,,1,1,604,Kotlin internals,,
lIlliliIiI(5).class,rustme/lIlliliIiI,rustme/iliIiliIiI,,3,1,1166,,,
lIlliliiII(13).class,rustme/lIlliliiII,java/lang/Object,kotlin/jvm/functions/Function1,5,1,3352,Kotlin internals,,
lIllililII(8).class,rustme/lIllililII,java/lang/Object,,0,2,196,,,
lIllililiI(1).class,rustme/lIllililiI,rustme/IliIIiIliI,,2,1,1063,Kotlin internals,,
lIllillIiI(5).class,rustme/lIllillIiI,java/lang/Object,,20,15,12196,,,
lIllilliII(8).class,rustme/lIllilliII,java/lang/Object,,0,7,299,,,
lIllilliiI(1).class,rustme/lIllilliiI,java/lang/Object,com/google/gson/JsonDeserializer,7,0,4095,,,
lIllilllII(4).class,rustme/lIllilllII,java/lang/Object,,0,1,174,,,
lIllillliI(1).class,rustme/lIllillliI,java/lang/Object,kotlin/jvm/functions/Function1,5,1,1474,Kotlin internals,,
lIlllIIIiI(7).class,rustme/lIlllIIIiI,java/lang/Object,rustme/llillIIIiI,8,2,1501,,,
lIlllIIiII(14).class,rustme/lIlllIIiII,java/lang/Object,,0,6,278,,,
lIlllIIlII(11).class,rustme/lIlllIIlII,java/lang/Object,,0,1,174,,,
lIlllIIliI(7).class,rustme/lIlllIIliI,java/lang/Object,kotlin/jvm/functions/Function1,5,2,3809,Kotlin internals;Scoreboard,,
lIlllIiIII(16).class,rustme/lIlllIiIII,java/lang/Object,,0,4,236,,,
lIlllIiIiI(3).class,rustme/lIlllIiIiI,rustme/IiillIiIiI,,6,0,1155,,,
lIlllIiiII(11).class,rustme/lIlllIiiII,java/lang/Object,kotlin/jvm/functions/Function1,5,1,1973,Kotlin internals,,
lIlllIiilI(1).class,rustme/lIlllIiilI,java/lang/Object,,0,1,174,,,
lIlllIiliI(3).class,rustme/lIlllIiliI,java/lang/Object,rustme/illllIiliI,4,1,1296,Kotlin internals,,
lIlllIlIII(11).class,rustme/lIlllIlIII,java/lang/Object,,0,16,488,,,
lIlllIlIiI(7).class,rustme/lIlllIlIiI,java/lang/Object,,9,6,11187,,,
lIlllIliiI(3).class,rustme/lIlllIliiI,java/lang/Object,rustme/iililIliiI,2,0,714,Particles,,
lIlllIlliI(3).class,rustme/lIlllIlliI,java/lang/Object,kotlin/jvm/functions/Function1,5,1,1468,Kotlin internals,,
lIllliIIII(17).class,rustme/lIllliIIII,java/lang/Object,,0,3,215,,,
lIllliIIiI(5).class,rustme/lIllliIIiI,java/lang/Object,rustme/iiIlliIIiI,9,0,3327,,,
lIllliIiII(13).class,rustme/lIllliIiII,java/lang/Object,rustme/lIIlIiIiII,7,1,6353,Kotlin internals;Recipes,,
lIllliIilI(2).class,rustme/lIllliIilI,java/lang/Object,,0,1,174,,,
lIllliIliI(5).class,rustme/lIllliIliI,rustme/lllIIiIliI,,28,5,22712,Kotlin internals,,
lIllliiIiI(1).class,rustme/lIllliiIiI,java/lang/Object,,0,0,220,,,
lIllliiiII(9).class,rustme/lIllliiiII,java/lang/Object,kotlin/jvm/functions/Function1,5,1,1482,Kotlin internals,,
lIllliilII(8).class,rustme/lIllliilII,java/lang/Object,,0,5,262,,,
lIllliiliI(1).class,rustme/lIllliiliI,rustme/lilliiiliI,,1,0,533,Kotlin internals,,
lIlllilIiI(5).class,rustme/lIlllilIiI,rustme/IIlllilIiI,,1,0,678,,,
lIllliliII(8).class,rustme/lIllliliII,java/lang/Object,,0,1,173,,,
lIllliliiI(1).class,rustme/lIllliliiI,rustme/IlIlliliiI,,11,3,4497,GUI/Screen,,
lIlllillII(4).class,rustme/lIlllillII,java/lang/Object,,0,1,174,,,
lIlllilliI(1).class,rustme/lIlllilliI,java/lang/Object,kotlin/jvm/functions/Function1,5,1,3069,Kotlin internals,,
lIllllIIII(10).class,rustme/lIllllIIII,java/lang/Object,,0,1,173,,,
lIllllIIiI(5).class,rustme/lIllllIIiI,java/lang/Object,,0,0,220,,,
lIllllIiiI(1).class,rustme/lIllllIiiI,rustme/IlllllIiiI,,3,0,619,,,
lIllllIilI(1).class,rustme/lIllllIilI,java/lang/Object,,0,1,174,,,
lIllllIliI(3).class,rustme/lIllllIliI,java/lang/Object,kotlin/jvm/functions/Function0,4,1,1181,Kotlin internals,,
lIlllliIiI(3).class,rustme/lIlllliIiI,rustme/ilIIiiIIiI,,23,5,7287,,,
lIlllliiII(7).class,rustme/lIlllliiII,java/lang/Object,kotlin/jvm/functions/Function1,5,1,1974,Kotlin internals,,
lIllllilII(4).class,rustme/lIllllilII,java/lang/Object,,0,8,328,,,
lIlllliliI(1).class,rustme/lIlllliliI,java/lang/Object,,2,0,916,Kotlin internals,,
lIlllllIiI(3).class,rustme/lIlllllIiI,java/lang/Object,rustme/iilIIIlIiI,16,14,4362,,,
lIllllliII(4).class,rustme/lIllllliII,java/lang/Object,,0,21,593,,,
lIllllliiI(1).class,rustme/lIllllliiI,java/lang/Object,,2,0,299,,,
lIllllllII(2).class,rustme/lIllllllII,java/lang/Object,,0,1,174,,,
lIlllllliI(1).class,rustme/lIlllllliI,java/lang/Object,kotlin/jvm/functions/Function1,5,1,1479,Kotlin internals,,
liIIIIIIiI(62).class,rustme/liIIIIIIiI,java/lang/Object,rustme/iilIiIIiII,97,15,27406,,,
liIIIIIiII(123).class,rustme/liIIIIIiII,java/lang/Object,,0,6,278,,,
liIIIIIlII(95).class,rustme/liIIIIIlII,java/lang/Object,,0,1,174,,,
liIIIIIliI(62).class,rustme/liIIIIIliI,java/lang/Object,,5,0,1448,Kotlin internals,,
liIIIIiIII(139).class,rustme/liIIIIiIII,java/lang/Object,,0,23,635,,,
liIIIIiIiI(30).class,rustme/liIIIIiIiI,rustme/IIlliIiIiI,,8,0,3515,,,
liIIIIiiII(94).class,rustme/liIIIIiiII,java/lang/Object,kotlin/jvm/functions/Function1,5,1,1880,Kotlin internals,,
liIIIIiilI(15).class,rustme/liIIIIiilI,java/lang/Object,,0,1,174,,,
liIIIIiliI(30).class,rustme/liIIIIiliI,java/lang/Object,,11,9,7519,Kotlin internals,,
liIIIIlIII(95).class,rustme/liIIIIlIII,java/lang/Object,,0,2,194,,,
liIIIIlIiI(62).class,rustme/liIIIIlIiI,rustme/iiIIIIlIiI,,3,2,1539,,,
liIIIIliiI(30).class,rustme/liIIIIliiI,rustme/lIlliIliiI,,2,2,778,,,
liIIIIlliI(30).class,rustme/liIIIIlliI,java/lang/Object,kotlin/jvm/functions/Function1,5,1,1963,Kotlin internals,,
liIIIiIIII(147).class,rustme/liIIIiIIII,java/lang/Object,,0,2,194,,,
liIIIiIIiI(46).class,rustme/liIIIiIIiI,java/lang/Object,,9,7,2765,,,
liIIIiIiII(110).class,rustme/liIIIiIiII,java/lang/Object,kotlin/jvm/functions/Function1,5,1,1476,Kotlin internals,,
liIIIiIilI(23).class,rustme/liIIIiIilI,java/lang/Object,,0,1,174,,,
liIIIiIliI(46).class,rustme/liIIIiIliI,rustme/IlilIIIliI,,7,4,3619,Kotlin internals,,
liIIIiiIiI(14).class,rustme/liIIIiiIiI,java/lang/Object,,1,3,563,,,
liIIIiiiII(78).class,rustme/liIIIiiiII,java/lang/Object,kotlin/jvm/functions/Function1,5,1,1500,Kotlin internals,,
liIIIiilII(71).class,rustme/liIIIiilII,java/lang/Object,,0,1,174,,,
liIIIiiliI(14).class,rustme/liIIIiiliI,java/lang/Object,,8,0,2826,Kotlin internals,,
liIIIilIiI(46).class,rustme/liIIIilIiI,java/lang/Enum,,6,4,1392,,,
liIIIiliII(71).class,rustme/liIIIiliII,java/lang/Object,,0,3,215,,,
liIIIiliiI(14).class,rustme/liIIIiliiI,java/lang/Object,rustme/iliIIiliiI,8,2,2288,,,
liIIIillII(39).class,rustme/liIIIillII,java/lang/Object,,0,1,174,,,
liIIIilliI(14).class,rustme/liIIIilliI,java/lang/Object,,2,7,1104,Kotlin internals,,
liIIIlIIII(79).class,rustme/liIIIlIIII,java/lang/Object,,0,3,215,,,
liIIIlIIiI(38).class,rustme/liIIIlIIiI,java/lang/Object,rustme/ililIIiIiI,9,2,1564,,,
liIIIlIiiI(6).class,rustme/liIIIlIiiI,java/lang/Enum,rustme/ililIilIiI,13,9,3160,,,
liIIIlIilI(15).class,rustme/liIIIlIilI,java/lang/Object,,0,1,174,,,
liIIIlIliI(30).class,rustme/liIIIlIliI,java/lang/Object,com/google/gson/JsonDeserializer,6,0,8906,GUI/Screen;Kotlin internals,,
liIIIliIiI(22).class,rustme/liIIIliIiI,rustme/lilllliIiI,rustme/IlllIliIiI,44,14,17267,,,
liIIIliiII(54).class,rustme/liIIIliiII,java/lang/Object,kotlin/jvm/functions/Function1,5,1,2820,Kotlin internals,,
liIIIlilII(39).class,rustme/liIIIlilII,java/lang/Object,,0,2,196,,,
liIIIliliI(14).class,rustme/liIIIliliI,rustme/IlilIIIliI,,2,1,2728,Kotlin internals,,
liIIIllIiI(30).class,rustme/liIIIllIiI,rustme/llIiIllIiI,,7,0,2289,,,
liIIIlliII(39).class,rustme/liIIIlliII,java/lang/Object,,0,34,866,,,
liIIIlliiI(14).class,rustme/liIIIlliiI,java/lang/Object,com/google/gson/JsonDeserializer,5,0,2498,,,
liIIIlllII(23).class,rustme/liIIIlllII,java/lang/Object,,0,1,174,,,
liIIIllliI(14).class,rustme/liIIIllliI,java/lang/Object,kotlin/jvm/functions/Function1,5,1,5480,Kotlin internals,,
liIIiIIIII(151).class,rustme/liIIiIIIII,java/lang/Object,,0,5,257,,,
liIIiIIIiI(54).class,rustme/liIIiIIIiI,rustme/llliiIIIiI,,12,1,6212,,,
liIIiIIiII(118).class,rustme/liIIiIIiII,java/lang/Object,,8,1,3075,Kotlin internals,,
liIIiIIilI(27).class,rustme/liIIiIIilI,java/lang/Object,,0,1,174,,,
liIIiIIliI(54).class,rustme/liIIiIIliI,kotlin/properties/ObservableProperty,,4,1,2487,Kotlin internals,,
liIIiIiIiI(22).class,rustme/liIIiIiIiI,java/lang/Object,java/lang/Runnable,2,2,1493,,,
liIIiIiiII(86).class,rustme/liIIiIiiII,java/lang/Object,kotlin/jvm/functions/Function1,5,1,1880,Kotlin internals,,
liIIiIilII(75).class,rustme/liIIiIilII,java/lang/Object,,0,7,306,,,
liIIiIiliI(22).class,rustme/liIIiIiliI,java/lang/Object,,7,4,4510,Kotlin internals,,
liIIiIlIiI(54).class,rustme/liIIiIlIiI,java/lang/Object,rustme/IilIiIlIiI,6,3,2133,,,
liIIiIliII(75).class,rustme/liIIiIliII,java/lang/Object,,0,1,173,,,
liIIiIliiI(22).class,rustme/liIIiIliiI,java/lang/Object,,6,5,2061,,,
liIIiIllII(43).class,rustme/liIIiIllII,java/lang/Object,,0,1,174,,,
liIIiIlliI(22).class,rustme/liIIiIlliI,java/lang/Object,kotlin/jvm/functions/Function1,5,1,1737,Kotlin internals,,
liIIiiIIiI(38).class,rustme/liIIiiIIiI,rustme/IliIlliIiI,,21,2,6150,,,
liIIiiIiII(102).class,rustme/liIIiiIiII,java/lang/Object,kotlin/jvm/functions/Function1,5,1,3551,Kotlin internals,,
liIIiiIlII(83).class,rustme/liIIiiIlII,java/lang/Object,,0,2,196,,,
liIIiiIliI(38).class,rustme/liIIiiIliI,rustme/IlilIIIliI,,2,2,2549,Kotlin internals,,
liIIiiiIII(127).class,rustme/liIIiiiIII,java/lang/Object,,0,10,362,,,
liIIiiiIiI(6).class,rustme/liIIiiiIiI,rustme/iIlIiiiIiI,,8,2,2056,Texture,,
liIIiiiiII(70).class,rustme/liIIiiiiII,java/lang/Object,kotlin/jvm/functions/Function1,5,1,1513,Kotlin internals,,
liIIiiiilI(3).class,rustme/liIIiiiilI,java/lang/Object,,0,1,174,,,
liIIiiiliI(6).class,rustme/liIIiiiliI,java/lang/Object,,4,2,649,,,
liIIiilIII(83).class,rustme/liIIiilIII,java/lang/Object,,0,6,278,,,
liIIiilIiI(38).class,rustme/liIIiilIiI,rustme/lliiiilIiI,rustme/iiIlIilIiI,33,7,13237,,,
liIIiiliiI(6).class,rustme/liIIiiliiI,rustme/iliIIlIiiI,,32,2,13790,,,
liIIiililI(3).class,rustme/liIIiililI,java/lang/Object,,0,1,174,,,
liIIiilliI(6).class,rustme/liIIiilliI,rustme/liiIiilliI,,9,3,4628,Kotlin internals,,
liIIilIIiI(30).class,rustme/liIIilIIiI,java/lang/Object,rustme/llillIIIiI,9,3,1641,,,
liIIilIiII(59).class,rustme/liIIilIiII,java/lang/Object,,0,1,173,,,
liIIilIlII(43).class,rustme/liIIilIlII,java/lang/Object,,0,1,174,,,
liIIilIliI(22).class,rustme/liIIilIliI,java/lang/Object,,5,2,2029,Kotlin internals,,
liIIiliIII(67).class,rustme/liIIiliIII,java/lang/Object,,0,2,194,,,
liIIiliIiI(14).class,rustme/liIIiliIiI,rustme/iliIiliIiI,,9,4,3784,,,
liIIiliiII(46).class,rustme/liIIiliiII,java/lang/Object,,50,46,14359,Kotlin internals,,
liIIiliilI(3).class,rustme/liIIiliilI,java/lang/Object,,0,1,174,,,
liIIililiI(6).class,rustme/liIIililiI,java/lang/Object,,8,0,2114,Kotlin internals,,
liIIillIII(43).class,rustme/liIIillIII,java/lang/Object,,0,11,383,,,
liIIillIiI(22).class,rustme/liIIillIiI,java/lang/Object,,7,0,1840,,,
liIIilliiI(6).class,rustme/liIIilliiI,java/lang/Object,,3,4,1484,Texture,,
liIIillliI(6).class,rustme/liIIillliI,java/lang/Object,kotlin/jvm/functions/Function1,5,1,1683,Kotlin internals,,
liIIlIIIII(75).class,rustme/liIIlIIIII,java/lang/Object,,0,25,677,,,
liIIlIIIiI(30).class,rustme/liIIlIIIiI,io/netty/handler/codec/MessageToMessageDecoder,,3,1,1577,,,
liIIlIIilI(15).class,rustme/liIIlIIilI,java/lang/Object,,0,1,174,,,
liIIlIIliI(30).class,rustme/liIIlIIliI,java/lang/Object,com/github/weisj/jsvg/parser/PaintParser,6,2,3627,Kotlin internals,,
liIIlIiIiI(14).class,rustme/liIIlIiIiI,rustme/ilIIlIiIiI,,2,0,679,,,
liIIlIiiII(46).class,rustme/liIIlIiiII,java/lang/Object,,21,9,8546,Kotlin internals,,
liIIlIilII(39).class,rustme/liIIlIilII,java/lang/Object,,0,4,240,,,
liIIlIiliI(14).class,rustme/liIIlIiliI,java/lang/Object,,3,4,2287,Kotlin internals,,
liIIlIlIiI(30).class,rustme/liIIlIlIiI,java/lang/Object,,5,2,1469,,,
liIIlIliII(39).class,rustme/liIIlIliII,java/lang/Object,,0,2,194,,,
liIIlIliiI(14).class,rustme/liIIlIliiI,rustme/lililIliiI,,3,2,2137,Particles,,
liIIlIllII(23).class,rustme/liIIlIllII,java/lang/Object,,0,1,174,,,
liIIlIlliI(14).class,rustme/liIIlIlliI,java/lang/Object,kotlin/jvm/functions/Function1,5,1,3938,Kotlin internals,,
liIIliIIiI(22).class,rustme/liIIliIIiI,rustme/IIIiliIIiI,,6,1,2599,,,
liIIliIiII(54).class,rustme/liIIliIiII,java/lang/Object,,12,0,4861,Kotlin internals,,
liIIliIlII(43).class,rustme/liIIliIlII,java/lang/Object,,0,4,240,,,
liIIliIliI(22).class,rustme/liIIliIliI,java/lang/Object,kotlin/jvm/functions/Function0,3,2,2285,Kotlin internals,,
liIIliiIII(63).class,rustme/liIIliiIII,java/lang/Object,,0,7,299,,,
liIIliiIiI(6).class,rustme/liIIliiIiI,rustme/iIIIliiIiI,,7,1,2403,Texture,,
liIIliiiII(38).class,rustme/liIIliiiII,java/lang/Object,kotlin/jvm/functions/Function1,5,1,2566,Kotlin internals,,
liIIliiilI(3).class,rustme/liIIliiilI,java/lang/Object,,0,1,174,,,
liIIliiliI(6).class,rustme/liIIliiliI,java/lang/Object,,4,0,583,Kotlin internals,,
liIIlilIII(43).class,rustme/liIIlilIII,java/lang/Object,,0,40,992,,,
liIIlilIiI(22).class,rustme/liIIlilIiI,java/lang/Enum,,9,7,2555,,,
liIIliliiI(6).class,rustme/liIIliliiI,rustme/iIlililiiI,,32,28,27461,,,
liIIlililI(3).class,rustme/liIIlililI,java/lang/Object,,0,1,174,,,
liIIlilliI(6).class,rustme/liIIlilliI,java/lang/Object,,10,4,10619,Kotlin internals,,
liIIllIIiI(22).class,rustme/liIIllIIiI,java/lang/Object,java/util/Comparator,3,0,1200,,,
liIIllIiII(35).class,rustme/liIIllIiII,java/lang/Object,,0,5,257,,,
liIIllIiiI(6).class,rustme/liIIllIiiI,rustme/IillilIiiI,,2,0,871,,,
liIIllIlII(23).class,rustme/liIIllIlII,java/lang/Object,,0,15,482,,,
liIIllIliI(14).class,rustme/liIIllIliI,java/lang/Object,,3,0,2522,Kotlin internals,,
liIIlliIII(39).class,rustme/liIIlliIII,java/lang/Object,,0,3,215,,,
liIIlliIiI(14).class,rustme/liIIlliIiI,rustme/lilllliIiI,,19,3,6052,,,
liIIlliiII(30).class,rustme/liIIlliiII,java/lang/Object,kotlin/jvm/functions/Function1,5,1,1506,Kotlin internals,,
liIIlliilI(3).class,rustme/liIIlliilI,java/lang/Object,,0,1,174,,,
liIIlliliI(6).class,rustme/liIIlliliI,kotlin/properties/ObservableProperty,,4,1,2785,Kotlin internals,,
liIIlllIII(23).class,rustme/liIIlllIII,java/lang/Object,,0,3,218,,,
liIIlllIiI(14).class,rustme/liIIlllIiI,rustme/IlIlliliiI,,8,6,3035,GUI/Screen,,
liIIllliiI(6).class,rustme/liIIllliiI,java/lang/Object,rustme/iIiIllliiI,2,0,752,,,
liIIlllliI(6).class,rustme/liIIlllliI,java/lang/Object,kotlin/jvm/functions/Function1,5,1,1952,Kotlin internals,,
liIiIIIIII(153).class,rustme/liIiIIIIII,java/lang/Object,,0,45,1097,,,
liIiIIIIiI(58).class,rustme/liIiIIIIiI,java/lang/Object,,1,0,254,,,
liIiIIIilI(29).class,rustme/liIiIIIilI,java/lang/Object,,0,1,174,,,
liIiIIIliI(58).class,rustme/liIiIIIliI,rustme/IliIIiIliI,,4,0,7749,Kotlin internals,,
liIiIIiIiI(26).class,rustme/liIiIIiIiI,rustme/IIlliIiIiI,,10,0,4982,,,
liIiIIiiII(90).class,rustme/liIiIIiiII,java/lang/Object,kotlin/jvm/functions/Function1,5,1,1541,Kotlin internals,,
liIiIIilII(77).class,rustme/liIiIIilII,java/lang/Object,,0,1,174,,,
liIiIIiliI(26).class,rustme/liIiIIiliI,java/lang/Object,,8,1,3352,Kotlin internals,,
liIiIIlIiI(58).class,rustme/liIiIIlIiI,java/lang/Object,com/github/benmanes/caffeine/cache/CacheLoader,3,0,2454,,,
liIiIIliII(77).class,rustme/liIiIIliII,java/lang/Object,,0,1,173,,,
liIiIIliiI(26).class,rustme/liIiIIliiI,rustme/lIlliIliiI,,4,3,1809,,,
liIiIIllII(45).class,rustme/liIiIIllII,java/lang/Object,,0,1,174,,,
liIiIIlliI(26).class,rustme/liIiIIlliI,java/lang/Object,kotlin/jvm/functions/Function1,5,1,1963,Kotlin internals,,
liIiIiIIiI(42).class,rustme/liIiIiIIiI,java/lang/Object,rustme/iIIiIiIIiI,2,4,1544,,,
liIiIiIiII(106).class,rustme/liIiIiIiII,java/lang/Object,kotlin/jvm/functions/Function0,4,1,954,Kotlin internals,,
liIiIiIlII(85).class,rustme/liIiIiIlII,java/lang/Object,,0,2,196,,,
liIiIiIliI(42).class,rustme/liIiIiIliI,java/lang/Object,,1,1,756,Kotlin internals,,
liIiIiiIII(129).class,rustme/liIiIiiIII,java/lang/Object,,0,1,173,,,
liIiIiiIiI(10).class,rustme/liIiIiiIiI,rustme/iIlliiiIiI,,9,1,1673,Texture,,
liIiIiiiII(74).class,rustme/liIiIiiiII,java/lang/Object,kotlin/jvm/functions/Function1,5,1,1769,Kotlin internals,,
liIiIiiilI(5).class,rustme/liIiIiiilI,java/lang/Object,,0,1,174,,,
liIiIiiliI(10).class,rustme/liIiIiiliI,rustme/lilliiiliI,,1,2,447,,,
liIiIilIII(85).class,rustme/liIiIilIII,java/lang/Object,,0,10,362,,,
liIiIilIiI(42).class,rustme/liIiIilIiI,java/lang/Object,rustme/IlIiIilIiI,6,1,1925,,,
liIiIiliiI(10).class,rustme/liIiIiliiI,rustme/IillilIiiI,,24,10,9765,,,
liIiIililI(5).class,rustme/liIiIililI,java/lang/Object,,0,1,174,,,
liIiIilliI(10).class,rustme/liIiIilliI,rustme/iIIiIilliI,,4,1,1953,Kotlin internals,,
liIiIlIIiI(34).class,rustme/liIiIlIIiI,java/lang/Object,rustme/llillIIIiI,15,7,3349,,,
liIiIlIiII(61).class,rustme/liIiIlIiII,java/lang/Object,,0,1,173,,,
liIiIlIiiI(2).class,rustme/liIiIlIiiI,rustme/iliIIlIiiI,,23,3,7533,,,
liIiIlIlII(45).class,rustme/liIiIlIlII,java/lang/Object,,0,1,174,,,
liIiIlIliI(26).class,rustme/liIiIlIliI,java/lang/Object,kotlin/collections/Grouping,3,1,2072,Kotlin internals,,
liIiIliIII(69).class,rustme/liIiIliIII,java/lang/Object,,0,2,194,,,
liIiIliIiI(18).class,rustme/liIiIliIiI,java/lang/Object,,3,2,652,,,
liIiIliiII(50).class,rustme/liIiIliiII,java/lang/Object,kotlin/jvm/functions/Function1,5,1,1973,Kotlin internals,,
liIiIliilI(5).class,rustme/liIiIliilI,java/lang/Object,,0,1,174,,,
liIiIliliI(10).class,rustme/liIiIliliI,java/lang/Object,,2,0,1660,Kotlin internals,,
liIiIllIII(45).class,rustme/liIiIllIII,java/lang/Object,,0,39,971,,,
liIiIllIiI(26).class,rustme/liIiIllIiI,java/lang/Object,,12,28,10094,,,
liIiIlliiI(10).class,rustme/liIiIlliiI,java/lang/Object,com/google/common/base/Predicate,3,0,1091,,,
liIiIllliI(10).class,rustme/liIiIllliI,java/lang/Object,kotlin/jvm/functions/Function1,5,1,1899,Kotlin internals,,
liIiiIIIiI(50).class,rustme/liIiiIIIiI,java/lang/Object,rustme/liIiIIIIiI,2,0,757,,,
liIiiIIiII(114).class,rustme/liIiiIIiII,java/lang/Object,rustme/lIIlIiIiII,1,0,610,Kotlin internals,,
liIiiIIlII(89).class,rustme/liIiiIIlII,java/lang/Object,,0,1,174,,,
liIiiIIliI(50).class,rustme/liIiiIIliI,kotlin/properties/ObservableProperty,,4,1,2446,Kotlin internals,,
liIiiIiIII(133).class,rustme/liIiiIiIII,java/lang/Object,,0,4,236,,,
liIiiIiIiI(18).class,rustme/liIiiIiIiI,java/lang/Object,java/io/Closeable,5,0,494,,,
liIiiIiiII(82).class,rustme/liIiiIiiII,java/lang/Object,kotlin/jvm/functions/Function1,5,1,1880,Kotlin internals,,
liIiiIiilI(9).class,rustme/liIiiIiilI,java/lang/Object,,0,1,174,,,
liIiiIiliI(18).class,rustme/liIiiIiliI,java/lang/Object,rustme/lIIlIiIiII,2,1,1267,Kotlin internals,,
liIiiIlIII(89).class,rustme/liIiiIlIII,java/lang/Object,,0,19,551,,,
liIiiIlIiI(50).class,rustme/liIiiIlIiI,rustme/IIlllilIiI,,1,1,864,World gen,,
liIiiIliiI(18).class,rustme/liIiiIliiI,java/lang/Object,rustme/IIIIliIIiI,5,1,1376,,,
liIiiIlilI(9).class,rustme/liIiiIlilI,java/lang/Object,,0,1,174,,,
liIiiIlliI(18).class,rustme/liIiiIlliI,java/lang/Object,kotlin/jvm/functions/Function1,5,1,1766,Kotlin internals,,
liIiiiIIII(141).class,rustme/liIiiiIIII,java/lang/Object,,0,4,236,,,
liIiiiIIiI(34).class,rustme/liIiiiIIiI,rustme/IIiiIliIiI,,6,2,3036,,,
liIiiiIiII(98).class,rustme/liIiiiIiII,java/lang/Object,kotlin/jvm/functions/Function1,5,1,1898,Kotlin internals,,
liIiiiIilI(17).class,rustme/liIiiiIilI,java/lang/Object,,0,1,174,,,
liIiiiIliI(34).class,rustme/liIiiiIliI,rustme/IliIIiIliI,,2,1,1083,Kotlin internals,,
liIiiiiIiI(2).class,rustme/liIiiiiIiI,rustme/IlilllliiI,,2,0,900,,,
liIiiiiiII(66).class,rustme/liIiiiiiII,java/lang/Object,kotlin/jvm/functions/Function1,5,1,1480,Kotlin internals,,
liIiiiilII(65).class,rustme/liIiiiilII,java/lang/Object,,0,2,196,,,
liIiiiiliI(2).class,rustme/liIiiiiliI,rustme/ilIlIilIiI,,2,2,936,,,
liIiiilIiI(34).class,rustme/liIiiilIiI,rustme/iIiIiilIiI,rustme/lIlIliIIiI;rustme/iiIlIilIiI,42,11,11604,,,
liIiiiliII(65).class,rustme/liIiiiliII,java/lang/Object,,0,11,383,,,
liIiiiliiI(2).class,rustme/liIiiiliiI,java/lang/Object,,1,3,1537,,,
liIiiillII(33).class,rustme/liIiiillII,java/lang/Object,,0,1,174,,,
liIiiilliI(2).class,rustme/liIiiilliI,java/lang/Object,,3,0,1545,Kotlin internals,,
liIiilIIII(73).class,rustme/liIiilIIII,java/lang/Object,,0,1,173,,,
liIiilIIiI(26).class,rustme/liIiilIIiI,java/lang/Object,rustme/llillIIIiI,12,6,2557,,,
liIiilIilI(9).class,rustme/liIiilIilI,java/lang/Object,,0,1,174,,,
liIiilIliI(18).class,rustme/liIiilIliI,java/lang/Object,kotlin/jvm/functions/Function1,5,2,3784,Kotlin internals,,
liIiiliIiI(10).class,rustme/liIiiliIiI,rustme/llIiiliIiI,,2,0,738,,,
liIiiliiII(42).class,rustme/liIiiliiII,java/lang/Object,kotlin/jvm/functions/Function1,5,1,1631,Kotlin internals,,
liIiililII(33).class,rustme/liIiililII,java/lang/Object,,0,2,196,,,
liIiililiI(2).class,rustme/liIiililiI,rustme/liliililiI,,1,0,914,Kotlin internals,,
liIiillIiI(18).class,rustme/liIiillIiI,java/lang/Object,,1,0,177,,,
liIiilliII(33).class,rustme/liIiilliII,java/lang/Object,,0,3,215,,,
liIiilliiI(2).class,rustme/liIiilliiI,java/lang/Object,rustme/iililIliiI,2,0,874,Particles,,
liIiilllII(17).class,rustme/liIiilllII,java/lang/Object,,0,1,174,,,
liIiillliI(2).class,rustme/liIiillliI,java/lang/Object,kotlin/jvm/functions/Function1,5,1,3120,Kotlin internals,,
liIilIIIiI(26).class,rustme/liIilIIIiI,rustme/iIIilIIIiI,,1,0,860,,,
liIilIIiII(57).class,rustme/liIilIIiII,java/lang/Object,,0,1,173,,,
liIilIIlII(45).class,rustme/liIilIIlII,java/lang/Object,,0,1,174,,,
liIilIIliI(26).class,rustme/liIilIIliI,rustme/IililIIliI,,2,0,1554,Kotlin internals,,
liIilIiIII(65).class,rustme/liIilIiIII,java/lang/Object,,0,13,425,,,
liIilIiIiI(10).class,rustme/liIilIiIiI,rustme/IliiIIiIiI,,5,0,868,,,
liIilIiiII(42).class,rustme/liIilIiiII,java/lang/Object,kotlin/jvm/functions/Function1,5,1,1474,Kotlin internals,,
liIilIiilI(5).class,rustme/liIilIiilI,java/lang/Object,,0,1,174,,,
liIilIiliI(10).class,rustme/liIilIiliI,java/lang/Object,kotlin/jvm/functions/Function0,3,2,2140,Kotlin internals;Sounds,,
liIilIlIII(45).class,rustme/liIilIlIII,java/lang/Object,,0,1,173,,,
liIilIlIiI(26).class,rustme/liIilIlIiI,rustme/llllIIlIiI,,4,2,1730,,,
liIilIliiI(10).class,rustme/liIilIliiI,java/lang/Object,rustme/iIlIIlIIiI,6,6,5281,,,
liIilIlliI(10).class,rustme/liIilIlliI,java/lang/Object,kotlin/jvm/functions/Function1,5,1,2020,Kotlin internals,,
liIiliIIII(69).class,rustme/liIiliIIII,java/lang/Object,,0,3,215,,,
liIiliIIiI(18).class,rustme/liIiliIIiI,java/lang/Object,,4,37,5008,,,
liIiliIiII(50).class,rustme/liIiliIiII,java/lang/Object,rustme/lIIlIiIiII,15,5,5607,Kotlin internals,,
liIiliIilI(9).class,rustme/liIiliIilI,java/lang/Object,,0,1,174,,,
liIiliIliI(18).class,rustme/liIiliIliI,java/lang/Object,,2,0,1759,Kotlin internals,,
liIiliiIiI(2).class,rustme/liIiliiIiI,java/lang/Object,rustme/IiIiliiIiI;rustme/iiIiliiIiI,0,0,181,,,
liIiliiiII(34).class,rustme/liIiliiiII,java/lang/Object,kotlin/jvm/functions/Function1,5,1,1598,Kotlin internals,,
liIiliilII(33).class,rustme/liIiliilII,java/lang/Object,,0,1,174,,,
liIiliiliI(2).class,rustme/liIiliiliI,rustme/IIIiliiliI,,3,0,1829,Kotlin internals,,
liIililIiI(18).class,rustme/liIililIiI,java/lang/Enum,,9,6,2991,,,
liIililiII(33).class,rustme/liIililiII,java/lang/Object,,0,10,362,,,
liIililiiI(2).class,rustme/liIililiiI,rustme/iiIililiiI,,64,29,26547,,EntityPlayerSP (mod-patched),travel override; onLivingUpdatezone.
liIilillII(17).class,rustme/liIilillII,java/lang/Object,,0,1,174,,,
liIililliI(2).class,rustme/liIililliI,java/lang/Object,,5,0,1844,Kotlin internals,,
liIillIIII(41).class,rustme/liIillIIII,java/lang/Object,,0,30,782,,,
liIillIIiI(18).class,rustme/liIillIIiI,java/lang/Object,java/util/Comparator,3,0,1059,Scoreboard,,
liIillIiiI(2).class,rustme/liIillIiiI,rustme/iIiIiiliiI,,2,0,1347,,,
liIillIilI(5).class,rustme/liIillIilI,java/lang/Object,,0,1,174,,,
liIillIliI(10).class,rustme/liIillIliI,java/lang/Object,,2,0,728,Kotlin internals,,
liIilliIiI(10).class,rustme/liIilliIiI,rustme/IIlIIliIiI,,35,8,12029,,,
liIilliiII(26).class,rustme/liIilliiII,java/lang/Object,kotlin/jvm/functions/Function1,5,1,2820,Kotlin internals,,
liIillilII(17).class,rustme/liIillilII,java/lang/Object,,0,9,350,,,
liIilliliI(2).class,rustme/liIilliliI,java/lang/Object,,2,0,812,Kotlin internals,,
liIilllIiI(10).class,rustme/liIilllIiI,java/lang/Object,rustme/lIlilllIiI;rustme/IIlilllIiI,5,3,1237,,,
liIillliII(17).class,rustme/liIillliII,java/lang/Object,,0,5,257,,,
liIillliiI(2).class,rustme/liIillliiI,java/lang/Object,,12,2,3178,,,
liIillllII(9).class,rustme/liIillllII,java/lang/Object,,0,3,218,,,
liIilllliI(2).class,rustme/liIilllliI,java/lang/Object,kotlin/jvm/functions/Function1,5,1,1900,Kotlin internals,,
liIlIIIIII(77).class,rustme/liIlIIIIII,java/lang/Object,,0,3,215,,,
liIlIIIIiI(30).class,rustme/liIlIIIIiI,rustme/IIlIIIIIiI,,16,1,2330,,,
liIlIIIilI(15).class,rustme/liIlIIIilI,java/lang/Object,,0,1,174,,,
liIlIIIliI(30).class,rustme/liIlIIIliI,java/lang/Object,kotlin/jvm/functions/Function1,4,1,2487,Kotlin internals,,
liIlIIiIiI(14).class,rustme/liIlIIiIiI,rustme/IIlliIiIiI,,10,1,5401,,,
liIlIIiiII(46).class,rustme/liIlIIiiII,java/lang/Object,kotlin/jvm/functions/Function1,5,1,1840,Kotlin internals,,
liIlIIilII(39).class,rustme/liIlIIilII,java/lang/Object,,0,1,174,,,
liIlIIiliI(14).class,rustme/liIlIIiliI,java/lang/Object,,6,3,1748,Kotlin internals,,
liIlIIlIiI(30).class,rustme/liIlIIlIiI,java/lang/Object,rustme/IIIlIIlIiI,2,1,863,,,
liIlIIliII(39).class,rustme/liIlIIliII,java/lang/Object,,0,3,215,,,
liIlIIliiI(14).class,rustme/liIlIIliiI,java/lang/Object,,38,10,15347,,,
liIlIIllII(23).class,rustme/liIlIIllII,java/lang/Object,,0,1,174,,,
liIlIIlliI(14).class,rustme/liIlIIlliI,java/lang/Object,kotlin/jvm/functions/Function1,5,1,2913,Kotlin internals,,
liIlIiIIiI(22).class,rustme/liIlIiIIiI,rustme/llIIlIiIiI,,3,0,1721,,,
liIlIiIiII(54).class,rustme/liIlIiIiII,java/lang/Object,kotlin/jvm/functions/Function1,5,1,1476,Kotlin internals,,
liIlIiIlII(43).class,rustme/liIlIiIlII,java/lang/Object,,0,6,284,,,
liIlIiIliI(22).class,rustme/liIlIiIliI,java/lang/Object,,4,0,2191,Kotlin internals,,
liIlIiiIII(65).class,rustme/liIlIiiIII,java/lang/Object,,0,1,173,,,
liIlIiiIiI(6).class,rustme/liIlIiiIiI,java/lang/Object,,59,63,23718,Rendering/shader,,
liIlIiiiII(38).class,rustme/liIlIiiiII,java/lang/Object,kotlin/jvm/functions/Function1,5,1,1713,Kotlin internals,,
liIlIiiilI(3).class,rustme/liIlIiiilI,java/lang/Object,,0,1,174,,,
liIlIiiliI(6).class,rustme/liIlIiiliI,rustme/IIIiliIIiI,,11,1,4697,Kotlin internals,,
liIlIilIII(43).class,rustme/liIlIilIII,java/lang/Object,,0,13,425,,,
liIlIilIiI(22).class,rustme/liIlIilIiI,java/lang/Object,,3,2,745,,,
liIlIiliiI(6).class,rustme/liIlIiliiI,rustme/llIlIiliiI,,2,1,1300,,,
liIlIililI(3).class,rustme/liIlIililI,java/lang/Object,,0,1,174,,,
liIlIilliI(6).class,rustme/liIlIilliI,java/lang/Object,,2,6,1112,Kotlin internals,,
liIlIlIIiI(18).class,rustme/liIlIlIIiI,rustme/IlilIlIIiI,,7,0,2738,,,
liIlIlIiII(31).class,rustme/liIlIlIiII,java/lang/Object,,0,17,509,,,
liIlIlIiiI(2).class,rustme/liIlIlIiiI,rustme/IillilIiiI,,19,3,7661,,,
liIlIlIlII(23).class,rustme/liIlIlIlII,java/lang/Object,,0,1,174,,,
liIlIlIliI(14).class,rustme/liIlIlIliI,java/lang/Object,,4,0,1116,Kotlin internals,,
liIlIliIII(35).class,rustme/liIlIliIII,java/lang/Object,,0,1,173,,,
liIlIliIiI(10).class,rustme/liIlIliIiI,rustme/IIlIIliIiI,,157,76,56852,Kotlin internals,EntityPlayer (vanilla),"Базовый класс игрока: 157 методов, конструктор (World, GameProfile), fields speed."
liIlIliiII(26).class,rustme/liIlIliiII,java/lang/Object,kotlin/jvm/functions/Function1,5,1,1899,Kotlin internals,,
liIlIliilI(3).class,rustme/liIlIliilI,java/lang/Object,,0,1,174,,,
liIlIliliI(6).class,rustme/liIlIliliI,rustme/llIIlliliI,,9,4,9077,Kotlin internals,,
liIlIllIII(23).class,rustme/liIlIllIII,java/lang/Object,,0,1,174,,,
liIlIllIiI(14).class,rustme/liIlIllIiI,rustme/iiIlIllIiI,,5,0,1260,,,
liIlIlliiI(6).class,rustme/liIlIlliiI,java/lang/Object,,11,3,13466,,,
liIlIllliI(6).class,rustme/liIlIllliI,java/lang/Object,kotlin/jvm/functions/Function1,5,1,1880,Kotlin internals,,
liIliIIIiI(26).class,rustme/liIliIIIiI,rustme/llliiIIIiI,,2,0,2180,,,
liIliIIiII(58).class,rustme/liIliIIiII,java/lang/Object,,0,0,524,Kotlin internals,,
liIliIIlII(45).class,rustme/liIliIIlII,java/lang/Object,,0,1,174,,,
liIliIIliI(26).class,rustme/liIliIIliI,java/lang/Object,kotlin/jvm/functions/Function0,3,1,1967,Kotlin internals,,
liIliIiIII(67).class,rustme/liIliIiIII,java/lang/Object,,0,7,299,,,
liIliIiIiI(10).class,rustme/liIliIiIiI,java/lang/Object,,17,8,7337,,,
liIliIiiII(42).class,rustme/liIliIiiII,java/lang/Object,kotlin/jvm/functions/Function1,5,1,1880,Kotlin internals,,
liIliIiilI(5).class,rustme/liIliIiilI,java/lang/Object,,0,1,174,,,
liIliIiliI(10).class,rustme/liIliIiliI,rustme/iIIliIiliI,,7,2,2951,Kotlin internals,,
liIliIlIII(45).class,rustme/liIliIlIII,java/lang/Object,,0,3,215,,,
liIliIlIiI(26).class,rustme/liIliIlIiI,java/lang/Object,rustme/iilIIIlIiI,12,5,4654,,,
liIliIliiI(10).class,rustme/liIliIliiI,java/lang/Object,,1,4,771,,,
liIliIlilI(5).class,rustme/liIliIlilI,java/lang/Object,,0,4,240,,,
liIliIlliI(10).class,rustme/liIliIlliI,java/lang/Object,kotlin/jvm/functions/Function1,5,1,2941,Kotlin internals,,
liIliiIIII(71).class,rustme/liIliiIIII,java/lang/Object,,0,4,236,,,
liIliiIIiI(18).class,rustme/liIliiIIiI,rustme/illIiliIiI,,2,0,784,,,
liIliiIiII(50).class,rustme/liIliiIiII,java/lang/Object,kotlin/jvm/functions/Function1,5,1,1495,Kotlin internals,,
liIliiIilI(9).class,rustme/liIliiIilI,java/lang/Object,,0,1,174,,,
liIliiIliI(18).class,rustme/liIliiIliI,kotlin/properties/ObservableProperty,,4,1,2265,Kotlin internals,,
liIliiiIiI(2).class,rustme/liIliiiIiI,rustme/iIlIiiiIiI,,11,1,2257,Texture,,
liIliiiiII(34).class,rustme/liIliiiiII,java/lang/Object,kotlin/jvm/functions/Function1,5,1,1769,Kotlin internals,,
liIliiilII(33).class,rustme/liIliiilII,java/lang/Object,,0,2,196,,,
liIliiiliI(2).class,rustme/liIliiiliI,java/lang/Object,rustme/liIiliiIiI,6,0,988,,,
liIliilIiI(18).class,rustme/liIliilIiI,java/lang/Object,rustme/IlIiIilIiI,5,0,1357,,,
liIliiliII(33).class,rustme/liIliiliII,java/lang/Object,,0,9,341,,,
liIliiliiI(2).class,rustme/liIliiliiI,java/lang/Enum,rustme/ililIilIiI,8,7,2243,,,
liIliillII(17).class,rustme/liIliillII,java/lang/Object,,0,3,218,,,
liIliilliI(2).class,rustme/liIliilliI,java/lang/Object,,23,1,12816,Kotlin internals,,
liIlilIIII(37).class,rustme/liIlilIIII,java/lang/Object,,0,1,173,,,
liIlilIIiI(14).class,rustme/liIlilIIiI,java/lang/Object,rustme/llillIIIiI,14,8,3358,,,
liIlilIilI(5).class,rustme/liIlilIilI,java/lang/Object,,0,1,174,,,
liIlilIliI(10).class,rustme/liIlilIliI,rustme/iilIilIliI,,6,6,3045,Kotlin internals,,
liIliliIiI(6).class,rustme/liIliliIiI,rustme/illliliIiI,,6,5,3912,,,
liIliliiII(22).class,rustme/liIliliiII,java/lang/Object,kotlin/jvm/functions/Function1,5,1,1495,Kotlin internals,,
liIlililII(17).class,rustme/liIlililII,java/lang/Object,,0,10,372,,,
liIlililiI(2).class,rustme/liIlililiI,java/lang/Object,kotlin/jvm/functions/Function0,3,1,1274,Kotlin internals,,
liIlillIiI(10).class,rustme/liIlillIiI,java/lang/Object,,14,4,8349,GUI/Screen;Texture,,
liIlilliII(17).class,rustme/liIlilliII,java/lang/Object,,0,27,719,,,
liIlilliiI(2).class,rustme/liIlilliiI,java/lang/Object,,4,2,2932,,,
liIlilllII(9).class,rustme/liIlilllII,java/lang/Object,,0,1,174,,,
liIlillliI(2).class,rustme/liIlillliI,java/lang/Object,kotlin/jvm/functions/Function1,5,1,2132,Kotlin internals,,
liIllIIIiI(14).class,rustme/liIllIIIiI,java/lang/Object,,4,1,1774,,,
liIllIIiII(29).class,rustme/liIllIIiII,java/lang/Object,,0,2,194,,,
liIllIIlII(23).class,rustme/liIllIIlII,java/lang/Object,,0,1,174,,,
liIllIIliI(14).class,rustme/liIllIIliI,kotlin/jvm/internal/FunctionReferenceImpl,kotlin/jvm/functions/Function0,5,1,1274,Kotlin internals,,
liIllIiIII(33).class,rustme/liIllIiIII,java/lang/Object,,0,1,173,,,
liIllIiIiI(6).class,rustme/liIllIiIiI,rustme/IiillIiIiI,,6,0,1158,,,
liIllIiiII(22).class,rustme/liIllIiiII,java/lang/Object,kotlin/jvm/functions/Function1,5,1,1620,Kotlin internals,,
liIllIiilI(3).class,rustme/liIllIiilI,java/lang/Object,,0,1,174,,,
liIllIiliI(6).class,rustme/liIllIiliI,kotlin/coroutines/jvm/internal/ContinuationImpl,,2,4,1260,Kotlin internals,,
liIllIlIII(23).class,rustme/liIllIlIII,java/lang/Object,,0,15,467,,,
liIllIlIiI(14).class,rustme/liIllIlIiI,java/lang/Object,,81,41,20842,,,
liIllIliiI(6).class,rustme/liIllIliiI,java/lang/Object,rustme/iililIliiI,2,0,715,Particles,,
liIllIlliI(6).class,rustme/liIllIlliI,java/lang/Object,kotlin/jvm/functions/Function1,5,1,3179,Kotlin internals,,
liIlliIIII(35).class,rustme/liIlliIIII,java/lang/Object,,0,3,215,,,
liIlliIIiI(10).class,rustme/liIlliIIiI,java/lang/Object,rustme/iiIlliIIiI,9,0,3260,,,
liIlliIiII(26).class,rustme/liIlliIiII,java/lang/Object,rustme/lIIlIiIiII,1,0,616,Kotlin internals,,
liIlliIilI(5).class,rustme/liIlliIilI,java/lang/Object,,0,1,174,,,
liIlliIliI(10).class,rustme/liIlliIliI,rustme/IliIIiIliI,,4,2,5025,GUI/Screen;Texture;Kotlin internals,,
liIlliiIiI(2).class,rustme/liIlliiIiI,java/lang/Object,,5,2,770,,,
liIlliiiII(18).class,rustme/liIlliiiII,java/lang/Object,kotlin/jvm/functions/Function1,5,1,1939,Kotlin internals,,
liIlliilII(17).class,rustme/liIlliilII,java/lang/Object,,0,2,196,,,
liIlliiliI(2).class,rustme/liIlliiliI,rustme/lilliiiliI,,6,2,1760,Kotlin internals,PlayerSneakEvent (mod),player + sneaking Z.
liIllilIiI(10).class,rustme/liIllilIiI,java/lang/Object,,6,0,3062,,,
liIlliliII(17).class,rustme/liIlliliII,java/lang/Object,,0,1,173,,,
liIlliliiI(2).class,rustme/liIlliliiI,rustme/iIlililiiI,,11,7,11709,GUI/Screen,,
liIllillII(9).class,rustme/liIllillII,java/lang/Object,,0,1,174,,,
liIllilliI(2).class,rustme/liIllilliI,java/lang/Object,kotlin/jvm/functions/Function1,5,1,3247,Kotlin internals,,
liIlllIIII(21).class,rustme/liIlllIIII,java/lang/Object,,0,2,194,,,
liIlllIIiI(10).class,rustme/liIlllIIiI,rustme/IIilllIIiI,,6,0,2345,,,
liIlllIiiI(2).class,rustme/liIlllIiiI,java/lang/Object,,1,2,910,,,
liIlllIilI(3).class,rustme/liIlllIilI,java/lang/Object,,0,1,174,,,
liIlllIliI(6).class,rustme/liIlllIliI,rustme/IlilIIIliI,,2,1,1663,Kotlin internals,,
liIllliIiI(6).class,rustme/liIllliIiI,java/lang/Object,com/google/common/base/Predicate,3,1,1141,,,
liIllliiII(14).class,rustme/liIllliiII,java/lang/Object,kotlin/jvm/functions/Function1,5,1,3534,Kotlin internals,,
liIlllilII(9).class,rustme/liIlllilII,java/lang/Object,,0,18,548,,,
liIllliliI(2).class,rustme/liIllliliI,rustme/llIIlliliI,,11,16,13877,Kotlin internals,,
liIllllIiI(6).class,rustme/liIllllIiI,java/lang/Object,,4,5,3150,,,
liIlllliII(9).class,rustme/liIlllliII,java/lang/Object,,0,3,215,,,
liIlllliiI(2).class,rustme/liIlllliiI,java/lang/Object,rustme/lIllllliiI,5,3,3123,Texture,,
liIlllllII(5).class,rustme/liIlllllII,java/lang/Object,,0,3,218,,,
liIllllliI(2).class,rustme/liIllllliI,java/lang/Object,kotlin/jvm/functions/Function1,5,1,4518,Kotlin internals,,
liiIIIIIII(154).class,rustme/liiIIIIIII,java/lang/Object,,0,1,173,,,
liiIIIIIiI(60).class,rustme/liiIIIIIiI,rustme/llliiIIIiI,,2,0,421,,,
liiIIIIilI(30).class,rustme/liiIIIIilI,java/lang/Object,,0,1,174,,,
liiIIIIliI(60).class,rustme/liiIIIIliI,rustme/IliIIiIliI,,24,13,11730,Kotlin internals,,
liiIIIiIiI(28).class,rustme/liiIIIiIiI,java/lang/Object,,10,2,2620,,,
liiIIIiiII(92).class,rustme/liiIIIiiII,java/lang/Object,kotlin/jvm/functions/Function1,5,1,4317,Kotlin internals,,
liiIIIilII(78).class,rustme/liiIIIilII,java/lang/Object,,0,1,174,,,
liiIIIiliI(28).class,rustme/liiIIIiliI,rustme/illIiIiliI,,16,1,9178,Kotlin internals;Particles,,
liiIIIlIiI(60).class,rustme/liiIIIlIiI,rustme/IIIiIIlIiI,,3,2,1432,,,
liiIIIliII(78).class,rustme/liiIIIliII,java/lang/Object,,0,1,173,,,
liiIIIliiI(28).class,rustme/liiIIIliiI,rustme/lIlliIliiI,,4,12,4292,,,
liiIIIllII(46).class,rustme/liiIIIllII,java/lang/Object,,0,1,174,,,
liiIIIlliI(28).class,rustme/liiIIIlliI,java/lang/Object,kotlin/jvm/functions/Function1,5,1,2371,Kotlin internals,,
liiIIiIIiI(44).class,rustme/liiIIiIIiI,java/lang/Object,com/google/common/base/Predicate,3,1,1029,,,
liiIIiIiII(108).class,rustme/liiIIiIiII,java/lang/Object,kotlin/jvm/functions/Function1,5,1,1476,Kotlin internals,,
liiIIiIlII(86).class,rustme/liiIIiIlII,java/lang/Object,,0,3,218,,,
liiIIiIliI(44).class,rustme/liiIIiIliI,rustme/IlilIIIliI,,31,11,17245,Kotlin internals,,
liiIIiiIII(130).class,rustme/liiIIiiIII,java/lang/Object,,0,4,236,,,
liiIIiiIiI(12).class,rustme/liiIIiiIiI,java/lang/Object,,1,5,635,,,
liiIIiiiII(76).class,rustme/liiIIiiiII,java/lang/Object,kotlin/jvm/functions/Function1,5,1,1500,Kotlin internals,,
liiIIiiilI(6).class,rustme/liiIIiiilI,java/lang/Object,,0,1,174,,,
liiIIiiliI(12).class,rustme/liiIIiiliI,rustme/iIiIIiiliI,,1,0,518,,,
liiIIilIII(86).class,rustme/liiIIilIII,java/lang/Object,,0,5,257,,,
liiIIilIiI(44).class,rustme/liiIIilIiI,java/lang/Object,com/google/common/base/Predicate,3,0,1046,,,
liiIIiliiI(12).class,rustme/liiIIiliiI,rustme/llliIiliiI,,4,0,568,,,
liiIIililI(6).class,rustme/liiIIililI,java/lang/Object,,0,1,174,,,
liiIIilliI(12).class,rustme/liiIIilliI,rustme/iIiIIilliI,,4,1,1817,Kotlin internals,,
liiIIlIIiI(36).class,rustme/liiIIlIIiI,java/lang/Enum,,6,3,1375,,,
liiIIlIiII(62).class,rustme/liiIIlIiII,java/lang/Object,,0,6,278,,,
liiIIlIiiI(4).class,rustme/liiIIlIiiI,rustme/IillilIiiI,,9,1,3054,,,
liiIIlIlII(46).class,rustme/liiIIlIlII,java/lang/Object,,0,1,174,,,
liiIIlIliI(28).class,rustme/liiIIlIliI,java/lang/Object,,2,0,948,Kotlin internals,,
liiIIliIII(70).class,rustme/liiIIliIII,java/lang/Object,,0,4,236,,,
liiIIliIiI(20).class,rustme/liiIIliIiI,rustme/iIiIIliIiI,,5,1,1588,,,
liiIIliiII(52).class,rustme/liiIIliiII,java/lang/Object,kotlin/jvm/functions/Function1,5,1,1973,Kotlin internals,,
liiIIliilI(6).class,rustme/liiIIliilI,java/lang/Object,,0,1,174,,,
liiIIliliI(12).class,rustme/liiIIliliI,java/lang/Object,kotlin/jvm/functions/Function1,5,1,1475,Kotlin internals,,
liiIIllIII(46).class,rustme/liiIIllIII,java/lang/Object,,0,10,362,,,
liiIIllIiI(28).class,rustme/liiIIllIiI,rustme/llIiIllIiI,,7,0,2715,,,
liiIIlliiI(12).class,rustme/liiIIlliiI,it/unimi/dsi/fastutil/objects/AbstractObjectSortedSet,it/unimi/dsi/fastutil/objects/Object2ObjectSortedMap$FastSortedEntrySet,27,1,7672,,,
liiIIllliI(12).class,rustme/liiIIllliI,java/lang/Object,kotlin/jvm/functions/Function1,5,1,5440,Kotlin internals,,
liiIiIIIiI(52).class,rustme/liiIiIIIiI,rustme/iIlliIIIiI,,5,0,2154,,,
liiIiIIiII(116).class,rustme/liiIiIIiII,java/lang/Object,,1,1,657,Kotlin internals,,
liiIiIIlII(90).class,rustme/liiIiIIlII,java/lang/Object,,0,4,240,,,
liiIiIIliI(52).class,rustme/liiIiIIliI,rustme/IliIIiIliI,,16,6,9776,Kotlin internals,,
liiIiIiIII(134).class,rustme/liiIiIiIII,java/lang/Object,,0,8,320,,,
liiIiIiIiI(20).class,rustme/liiIiIiIiI,java/lang/Object,java/io/FileFilter,4,0,1237,,,
liiIiIiiII(84).class,rustme/liiIiIiiII,java/lang/Object,kotlin/jvm/functions/Function1,5,1,1517,Kotlin internals,,
liiIiIiilI(10).class,rustme/liiIiIiilI,java/lang/Object,,0,1,174,,,
liiIiIiliI(20).class,rustme/liiIiIiliI,java/lang/Object,,6,3,1762,Kotlin internals,,
liiIiIlIII(90).class,rustme/liiIiIlIII,java/lang/Object,,0,1,173,,,
liiIiIlIiI(52).class,rustme/liiIiIlIiI,java/lang/Enum,,7,5,1603,,,
liiIiIliiI(20).class,rustme/liiIiIliiI,rustme/IiliiIliiI,,8,3,2868,GUI/Screen;Texture,,
liiIiIlilI(10).class,rustme/liiIiIlilI,java/lang/Object,,0,31,834,,,
liiIiIlliI(20).class,rustme/liiIiIlliI,java/lang/Object,kotlin/jvm/functions/Function1,5,1,1518,Kotlin internals,,
liiIiiIIII(142).class,rustme/liiIiiIIII,java/lang/Object,,0,14,446,,,
liiIiiIIiI(36).class,rustme/liiIiiIIiI,rustme/lilllliIiI,,22,1,6663,,,
liiIiiIiII(100).class,rustme/liiIiiIiII,java/lang/Object,kotlin/jvm/functions/Function1,5,1,1973,Kotlin internals,,
liiIiiIilI(18).class,rustme/liiIiiIilI,java/lang/Object,,0,1,174,,,
liiIiiIliI(36).class,rustme/liiIiiIliI,java/lang/Object,kotlin/jvm/functions/Function1,5,1,1863,Kotlin internals,,
liiIiiiIiI(4).class,rustme/liiIiiiIiI,rustme/lliiiiiIiI,,7,2,3228,,,
liiIiiiiII(68).class,rustme/liiIiiiiII,java/lang/Object,kotlin/jvm/functions/Function1,5,1,1468,Kotlin internals,,
liiIiiilII(66).class,rustme/liiIiiilII,java/lang/Object,,0,4,240,,,
liiIiiiliI(4).class,rustme/liiIiiiliI,java/lang/Object,,15,3,8527,,,
liiIiilIiI(36).class,rustme/liiIiilIiI,rustme/IIiIiilIiI,rustme/iiIlIilIiI;rustme/liiiiilIiI,41,3,13755,,,
liiIiiliII(66).class,rustme/liiIiiliII,java/lang/Object,,0,2,194,,,
liiIiiliiI(4).class,rustme/liiIiiliiI,java/lang/Object,,1,2,867,,,
liiIiillII(34).class,rustme/liiIiillII,java/lang/Object,,0,1,174,,,
liiIiilliI(4).class,rustme/liiIiilliI,java/lang/Object,,28,4,10478,Kotlin internals,,
liiIilIIII(74).class,rustme/liiIilIIII,java/lang/Object,,0,3,215,,,
liiIilIIiI(28).class,rustme/liiIilIIiI,java/lang/Object,rustme/llillIIIiI,8,2,1669,,,
liiIilIilI(10).class,rustme/liiIilIilI,java/lang/Object,,0,1,174,,,
liiIilIliI(20).class,rustme/liiIilIliI,java/lang/Object,,6,1,4982,Kotlin internals;Sounds,,
liiIiliIiI(12).class,rustme/liiIiliIiI,rustme/iliIiliIiI,,8,10,3191,,,
liiIiliiII(44).class,rustme/liiIiliiII,java/lang/Object,kotlin/jvm/functions/Function1,5,1,1482,Kotlin internals,,
liiIililII(34).class,rustme/liiIililII,java/lang/Object,,0,2,196,,,
liiIililiI(4).class,rustme/liiIililiI,java/lang/Object,kotlin/jvm/functions/Function0,3,1,1265,Kotlin internals,,
liiIillIiI(20).class,rustme/liiIillIiI,java/lang/Object,rustme/iliIillIiI,3,0,882,,,
liiIilliII(34).class,rustme/liiIilliII,java/lang/Object,,0,1,173,,,
liiIilliiI(4).class,rustme/liiIilliiI,rustme/IIiiilliiI,,1,0,1124,Particles,,
liiIilllII(18).class,rustme/liiIilllII,java/lang/Object,,0,1,174,,,
liiIillliI(4).class,rustme/liiIillliI,java/lang/Object,kotlin/jvm/functions/Function1,5,1,3069,Kotlin internals,,
liiIlIIIiI(28).class,rustme/liiIlIIIiI,java/lang/Object,rustme/llillIIIiI,9,3,2040,,,
liiIlIIiII(58).class,rustme/liiIlIIiII,java/lang/Object,,0,16,488,,,
liiIlIIlII(46).class,rustme/liiIlIIlII,java/lang/Object,,0,1,174,,,
liiIlIIliI(28).class,rustme/liiIlIIliI,java/lang/Object,,23,16,12846,Kotlin internals,,
liiIlIiIII(66).class,rustme/liiIlIiIII,java/lang/Object,,0,2,194,,,
liiIlIiIiI(12).class,rustme/liiIlIiIiI,java/lang/Object,,0,0,220,,,
liiIlIiiII(44).class,rustme/liiIlIiiII,java/lang/Object,kotlin/jvm/functions/Function1,5,1,1460,Kotlin internals,,
liiIlIiilI(6).class,rustme/liiIlIiilI,java/lang/Object,,0,1,174,,,
liiIlIiliI(12).class,rustme/liiIlIiliI,java/lang/Object,rustme/IIiIlIiliI,7,2,2835,Kotlin internals,,
liiIlIlIII(46).class,rustme/liiIlIlIII,java/lang/Object,,0,2,194,,,
liiIlIlIiI(28).class,rustme/liiIlIlIiI,java/lang/Object,,3,4,2676,,,
liiIlIliiI(12).class,rustme/liiIlIliiI,java/lang/Object,rustme/iililIliiI,2,0,715,Particles,,
liiIlIlliI(12).class,rustme/liiIlIlliI,java/lang/Object,kotlin/jvm/functions/Function1,5,1,1784,Kotlin internals,,
liiIliIIII(70).class,rustme/liiIliIIII,java/lang/Object,,0,56,1328,,,
liiIliIIiI(20).class,rustme/liiIliIIiI,rustme/lllIliIIiI,,4,1,1402,,,
liiIliIiII(52).class,rustme/liiIliIiII,java/lang/Object,rustme/lIIlIiIiII,1,0,605,Kotlin internals,,
liiIliIilI(10).class,rustme/liiIliIilI,java/lang/Object,,0,1,174,,,
liiIliIliI(20).class,rustme/liiIliIliI,java/lang/Object,,2,0,854,Kotlin internals,,
liiIliiIiI(4).class,rustme/liiIliiIiI,java/lang/Thread,,4,1,3233,,,
liiIliiiII(36).class,rustme/liiIliiiII,java/lang/Object,kotlin/jvm/functions/Function1,5,1,3102,Kotlin internals,,
liiIliilII(34).class,rustme/liiIliilII,java/lang/Object,,0,3,218,,,
liiIliiliI(4).class,rustme/liiIliiliI,java/lang/Object,,2,0,743,Kotlin internals,,
liiIlilIiI(20).class,rustme/liiIlilIiI,java/lang/Enum,,7,5,2321,,,
liiIliliII(34).class,rustme/liiIliliII,java/lang/Object,,0,5,257,,,
liiIliliiI(4).class,rustme/liiIliliiI,rustme/IlIlliliiI,rustme/IlilIilIiI,18,14,8785,GUI/Screen,,
liiIlillII(18).class,rustme/liiIlillII,java/lang/Object,,0,1,174,,,
liiIlilliI(4).class,rustme/liiIlilliI,java/lang/Object,,31,19,20326,Kotlin internals;Sounds,,
liiIllIIII(42).class,rustme/liiIllIIII,java/lang/Object,,0,4,236,,,
liiIllIIiI(20).class,rustme/liiIllIIiI,java/lang/Object,java/lang/Runnable,2,1,1501,,,
liiIllIiiI(4).class,rustme/liiIllIiiI,java/lang/Object,,1,2,907,,,
liiIllIilI(6).class,rustme/liiIllIilI,java/lang/Object,,0,1,174,,,
liiIllIliI(12).class,rustme/liiIllIliI,java/lang/Object,,16,4,4133,Kotlin internals,,
liiIlliIiI(12).class,rustme/liiIlliIiI,rustme/iIilIliIiI,,13,1,5156,,,
liiIlliiII(28).class,rustme/liiIlliiII,java/lang/Object,kotlin/jvm/functions/Function0,4,1,954,Kotlin internals,,
liiIllilII(18).class,rustme/liiIllilII,java/lang/Object,,0,3,218,,,
liiIlliliI(4).class,rustme/liiIlliliI,kotlin/jvm/internal/PropertyReference0Impl,,4,0,1170,Kotlin internals,,
liiIlllIiI(12).class,rustme/liiIlllIiI,java/lang/Exception,,2,0,515,,,
liiIllliII(18).class,rustme/liiIllliII,java/lang/Object,,0,4,236,,,
liiIllliiI(4).class,rustme/liiIllliiI,java/lang/Object,,1,0,216,,,
liiIllllII(10).class,rustme/liiIllllII,java/lang/Object,,0,1,174,,,
liiIlllliI(4).class,rustme/liiIlllliI,java/lang/Object,kotlin/jvm/functions/Function1,5,1,1468,Kotlin internals,,
liiiIIIIiI(56).class,rustme/liiiIIIIiI,rustme/liIIiIIIiI,,3,1,1165,,,
liiiIIIiII(120).class,rustme/liiiIIIiII,java/lang/Object,,4,3,1169,,,
liiiIIIlII(92).class,rustme/liiiIIIlII,java/lang/Object,,0,1,174,,,
liiiIIIliI(56).class,rustme/liiiIIIliI,kotlin/properties/ObservableProperty,,4,1,2295,Kotlin internals,,
liiiIIiIII(136).class,rustme/liiiIIiIII,java/lang/Object,,0,63,1475,,,
liiiIIiIiI(24).class,rustme/liiiIIiIiI,rustme/IiIiIIiIiI,,7,0,2537,,,
liiiIIiiII(88).class,rustme/liiiIIiiII,java/lang/Object,kotlin/jvm/functions/Function1,5,1,1468,Kotlin internals,,
liiiIIiilI(12).class,rustme/liiiIIiilI,java/lang/Object,,0,1,174,,,
liiiIIiliI(24).class,rustme/liiiIIiliI,rustme/lllliIiliI,,4,1,5236,Kotlin internals,,
liiiIIlIII(92).class,rustme/liiiIIlIII,java/lang/Object,,0,39,971,,,
liiiIIlIiI(56).class,rustme/liiiIIlIiI,java/lang/Object,,13,1,5988,,,
liiiIIliiI(24).class,rustme/liiiIIliiI,rustme/lIlliIliiI,,3,7,1856,,,
liiiIIlilI(12).class,rustme/liiiIIlilI,java/lang/Object,,0,2,196,,,
liiiIIlliI(24).class,rustme/liiiIIlliI,java/lang/Object,kotlin/jvm/functions/Function1,5,1,1962,Kotlin internals,,
liiiIiIIII(144).class,rustme/liiiIiIIII,java/lang/Object,,0,4,236,,,
liiiIiIIiI(40).class,rustme/liiiIiIIiI,java/lang/Object,,1,1,1354,,,
liiiIiIiII(104).class,rustme/liiiIiIiII,java/lang/Object,kotlin/jvm/functions/Function1,5,1,3431,Kotlin internals,,
liiiIiIilI(20).class,rustme/liiiIiIilI,java/lang/Object,,0,1,174,,,
liiiIiIliI(40).class,rustme/liiiIiIliI,java/lang/Object,,4,0,1941,Kotlin internals,,
liiiIiiIiI(8).class,rustme/liiiIiiIiI,rustme/IIIiiiiIiI,,5,2,1377,Texture,,
liiiIiiiII(72).class,rustme/liiiIiiiII,java/lang/Object,kotlin/jvm/functions/Function1,5,1,1769,Kotlin internals,,
liiiIiilII(68).class,rustme/liiiIiilII,java/lang/Object,,0,19,570,,,
liiiIiiliI(8).class,rustme/liiiIiiliI,rustme/iIiiIiiliI,,1,0,522,GUI/Screen,,
liiiIilIiI(40).class,rustme/liiiIilIiI,java/lang/Object,rustme/IlIiIilIiI,5,0,1113,,,
liiiIiliII(68).class,rustme/liiiIiliII,java/lang/Object,,0,2,194,,,
liiiIiliiI(8).class,rustme/liiiIiliiI,rustme/IillilIiiI,,23,6,9463,,,
liiiIillII(36).class,rustme/liiiIillII,java/lang/Object,,0,1,174,,,
liiiIilliI(8).class,rustme/liiiIilliI,java/lang/Object,rustme/iIiiIilliI,12,3,2728,Kotlin internals,,
liiiIlIIII(76).class,rustme/liiiIlIIII,java/lang/Object,,0,2,194,,,
liiiIlIIiI(32).class,rustme/liiiIlIIiI,java/lang/Object,rustme/llillIIIiI,8,2,2027,,,
liiiIlIiiI.class,rustme/liiiIlIiiI,java/lang/Object,java/lang/Runnable,2,2,1176,,,
liiiIlIilI(12).class,rustme/liiiIlIilI,java/lang/Object,,0,1,174,,,
liiiIlIliI(24).class,rustme/liiiIlIliI,java/lang/Object,rustme/lliiIlIliI,7,1,1838,Kotlin internals,,
liiiIliIiI(16).class,rustme/liiiIliIiI,rustme/iliIiliIiI,,4,1,1319,,,
liiiIliiII(48).class,rustme/liiiIliiII,java/lang/Object,kotlin/jvm/functions/Function1,5,1,3635,Kotlin internals,,
liiiIlilII(36).class,rustme/liiiIlilII,java/lang/Object,,0,2,196,,,
liiiIliliI(8).class,rustme/liiiIliliI,rustme/IlilIIIliI,,3,1,2340,Kotlin internals,,
liiiIllIiI(24).class,rustme/liiiIllIiI,java/lang/Object,,3,1,872,,,
liiiIlliII(36).class,rustme/liiiIlliII,java/lang/Object,,0,56,1328,,,
liiiIlliiI(8).class,rustme/liiiIlliiI,java/lang/Object,com/google/common/base/Function,3,1,1483,,,
liiiIlllII(20).class,rustme/liiiIlllII,java/lang/Object,,0,1,174,,,
liiiIllliI(8).class,rustme/liiiIllliI,java/lang/Object,kotlin/jvm/functions/Function1,5,1,5051,Kotlin internals,,
liiiiIIIII(148).class,rustme/liiiiIIIII,java/lang/Object,,0,5,257,,,
liiiiIIIiI(48).class,rustme/liiiiIIIiI,java/lang/Enum,,6,7,2038,,,
liiiiIIiII(112).class,rustme/liiiiIIiII,java/lang/Object,rustme/lIIlIiIiII,1,0,609,Kotlin internals,,
liiiiIIilI(24).class,rustme/liiiiIIilI,java/lang/Object,,0,1,174,,,
liiiiIIliI(48).class,rustme/liiiiIIliI,java/lang/Object,,2,0,893,Kotlin internals,,
liiiiIiIiI(16).class,rustme/liiiiIiIiI,java/lang/Object,rustme/lIIiiIiIiI,12,3,4856,,,
liiiiIiiII(80).class,rustme/liiiiIiiII,java/lang/Object,kotlin/jvm/functions/Function1,5,1,1460,Kotlin internals,,
liiiiIilII(72).class,rustme/liiiiIilII,java/lang/Object,,0,1,174,,,
liiiiIiliI(16).class,rustme/liiiiIiliI,rustme/lilliiiliI,,1,0,543,Kotlin internals,,
liiiiIlIiI(48).class,rustme/liiiiIlIiI,java/lang/Object,,1,0,263,World gen,,
liiiiIliII(72).class,rustme/liiiiIliII,java/lang/Object,,0,1,173,,,
liiiiIliiI(16).class,rustme/liiiiIliiI,rustme/lIlililiiI,,10,7,3174,GUI/Screen,,
liiiiIllII(40).class,rustme/liiiiIllII,java/lang/Object,,0,1,174,,,
liiiiIlliI(16).class,rustme/liiiiIlliI,java/lang/Object,kotlin/jvm/functions/Function1,5,1,2912,Kotlin internals,,
liiiiiIIiI(32).class,rustme/liiiiiIIiI,rustme/liiliiIIiI,,20,4,6040,,,
liiiiiIiII(96).class,rustme/liiiiiIiII,java/lang/Object,kotlin/jvm/functions/Function0,4,1,954,Kotlin internals,,
liiiiiIlII(80).class,rustme/liiiiiIlII,java/lang/Object,,0,1,174,,,
liiiiiIliI(32).class,rustme/liiiiiIliI,rustme/iiIliiIliI,,46,19,22140,Kotlin internals,,
liiiiiiIII(124).class,rustme/liiiiiiIII,java/lang/Object,,0,4,236,,,
liiiiiiIiI.class,rustme/liiiiiiIiI,java/lang/Object,rustme/lIllllliiI,6,3,2065,Texture,,
liiiiiiiII(64).class,rustme/liiiiiiiII,java/lang/Object,kotlin/jvm/functions/Function1,5,1,1899,Kotlin internals,,
liiiiiiilI.class,rustme/liiiiiiilI,java/lang/Object,,0,1,174,,,
liiiiiiliI.class,rustme/liiiiiiliI,java/lang/Object,rustme/lIllllliiI,7,1,2172,,,
liiiiilIII(80).class,rustme/liiiiilIII,java/lang/Object,,0,2,194,,,
liiiiilIiI(32).class,rustme/liiiiilIiI,java/lang/Object,rustme/lIIIliIIiI,4,0,270,,,
liiiiiliiI.class,rustme/liiiiiliiI,java/lang/Object,,1,3,1530,,,
liiiiililI.class,rustme/liiiiililI,java/lang/Object,,0,1,174,,,
liiiiilliI.class,rustme/liiiiilliI,java/lang/Object,,8,2,4453,Kotlin internals,,
liiiilIIiI(24).class,rustme/liiiilIIiI,java/lang/Object,rustme/llillIIIiI,9,3,2000,,,
liiiilIiII(56).class,rustme/liiiilIiII,java/lang/Object,,0,15,467,,,
liiiilIlII(40).class,rustme/liiiilIlII,java/lang/Object,,0,1,174,,,
liiiilIliI(16).class,rustme/liiiilIliI,java/lang/Object,,20,3,23966,Kotlin internals;Scoreboard,,
liiiiliIII(64).class,rustme/liiiiliIII,java/lang/Object,,0,66,1538,,,
liiiiliIiI(8).class,rustme/liiiiliIiI,rustme/IiillIiIiI,,8,0,1294,,,
liiiiliiII(40).class,rustme/liiiiliiII,java/lang/Object,kotlin/jvm/functions/Function1,5,1,1506,Kotlin internals,,
liiiiliilI.class,rustme/liiiiliilI,java/lang/Object,,0,1,174,,,
liiiililiI.class,rustme/liiiililiI,java/lang/Object,rustme/IlilIlIliI,13,0,2316,Kotlin internals,,
liiiillIII(40).class,rustme/liiiillIII,java/lang/Object,,0,11,383,,,
liiiillIiI(16).class,rustme/liiiillIiI,java/lang/Object,com/google/common/base/Predicate,3,1,1260,,,
liiiilliiI.class,rustme/liiiilliiI,java/lang/Object,rustme/iililIliiI,2,0,721,Particles,,
liiiillliI.class,rustme/liiiillliI,java/lang/Object,kotlin/jvm/functions/Function1,5,1,1468,Kotlin internals,,
liiilIIIII(72).class,rustme/liiilIIIII,java/lang/Object,,0,36,908,,,
liiilIIIiI(24).class,rustme/liiilIIIiI,java/lang/Object,rustme/IlIlIIIIiI,8,0,1900,,,
liiilIIilI(12).class,rustme/liiilIIilI,java/lang/Object,,0,1,174,,,
liiilIIliI(24).class,rustme/liiilIIliI,rustme/IililIIliI,,4,0,2068,Kotlin internals,,
liiilIiIiI(8).class,rustme/liiilIiIiI,rustme/IIlliIiIiI,,8,0,3073,,,
liiilIiiII(40).class,rustme/liiilIiiII,java/lang/Object,kotlin/jvm/functions/Function1,5,1,3543,Kotlin internals,,
liiilIilII(36).class,rustme/liiilIilII,java/lang/Object,,0,2,196,,,
liiilIiliI(8).class,rustme/liiilIiliI,java/lang/Object,kotlin/jvm/functions/Function0,3,3,1708,Kotlin internals,,
liiilIlIiI(24).class,rustme/liiilIlIiI,rustme/IlllIIlIiI,,7,0,2839,,,
liiilIliII(36).class,rustme/liiilIliII,java/lang/Object,,0,2,194,,,
liiilIliiI(8).class,rustme/liiilIliiI,java/lang/Object,rustme/IiIiiIliiI,2,1,2250,,,
liiilIllII(20).class,rustme/liiilIllII,java/lang/Object,,0,1,174,,,
liiilIlliI(8).class,rustme/liiilIlliI,java/lang/Object,kotlin/jvm/functions/Function1,5,1,2038,Kotlin internals,,
liiiliIIiI(16).class,rustme/liiiliIIiI,rustme/llIIlIiIiI,,2,0,1977,,,
liiiliIiII(48).class,rustme/liiiliIiII,java/lang/Enum,,7,6,2223,Kotlin internals,,
liiiliIlII(40).class,rustme/liiiliIlII,java/lang/Object,,0,8,328,,,
liiiliIliI(16).class,rustme/liiiliIliI,java/lang/Object,,5,0,1629,Kotlin internals,,
liiiliiIII(60).class,rustme/liiiliiIII,java/lang/Object,,0,7,299,,,
liiiliiIiI.class,rustme/liiiliiIiI,java/lang/Object,rustme/IIIiiIiIiI,30,12,67657,,,
liiiliiiII(32).class,rustme/liiiliiiII,java/lang/Object,kotlin/jvm/functions/Function1,5,1,1496,Kotlin internals,,
liiiliiilI.class,rustme/liiiliiilI,java/lang/Object,,0,1,174,,,
liiiliiliI.class,rustme/liiiliiliI,rustme/IililiiliI,,2,0,1461,Kotlin internals,,
liiililIII(40).class,rustme/liiililIII,java/lang/Object,,0,9,341,,,
liiililIiI(16).class,rustme/liiililIiI,java/lang/Object,,54,11,11350,,MathHelper,cos/sin/sqrt/clamp обёртки.
liiililiiI.class,rustme/liiililiiI,java/lang/Object,rustme/lIIlIiliiI,4,3,2039,,,
liiilililI.class,rustme/liiilililI,java/lang/Object,,0,2,196,,,
liiililliI.class,rustme/liiililliI,java/lang/Object,,13,10,7668,Kotlin internals,,
liiillIIiI(16).class,rustme/liiillIIiI,java/lang/Object,,4,0,394,,,
liiillIiII(32).class,rustme/liiillIiII,java/lang/Object,,0,1,173,,,
liiillIiiI.class,rustme/liiillIiiI,rustme/IillilIiiI,,5,0,1444,,,
liiillIlII(20).class,rustme/liiillIlII,java/lang/Object,,0,1,174,,,
liiillIliI(8).class,rustme/liiillIliI,java/lang/Object,,5,2,1836,Kotlin internals,,
liiilliIII(36).class,rustme/liiilliIII,java/lang/Object,,0,1,173,,,
liiilliIiI(8).class,rustme/liiilliIiI,java/lang/Enum,,6,6,1671,,,
liiilliiII(24).class,rustme/liiilliiII,java/lang/Object,kotlin/jvm/functions/Function1,5,1,1506,Kotlin internals,,
liiilliilI.class,rustme/liiilliilI,java/lang/Object,,0,1,174,,,
liiilliliI.class,rustme/liiilliliI,java/lang/Object,java/util/Comparator,2,1,1902,Kotlin internals,,
liiilllIII(20).class,rustme/liiilllIII,java/lang/Object,,0,1,174,,,
liiilllIiI(8).class,rustme/liiilllIiI,rustme/llIiIllIiI,,7,0,2624,,,
liiillliiI.class,rustme/liiillliiI,java/lang/Object,com/google/common/util/concurrent/FutureCallback,6,3,3244,,,
liiilllliI.class,rustme/liiilllliI,java/lang/Object,kotlin/jvm/functions/Function1,5,1,1880,Kotlin internals,,
liilIIIIiI(28).class,rustme/liilIIIIiI,rustme/lilIIIIIiI,rustme/lilIiIIiII,63,3,16244,,,
liilIIIiII(60).class,rustme/liilIIIiII,java/lang/Object,,0,2,194,,,
liilIIIlII(46).class,rustme/liilIIIlII,java/lang/Object,,0,1,174,,,
liilIIIliI(28).class,rustme/liilIIIliI,java/lang/Object,,3,0,956,Kotlin internals,,
liilIIiIII(68).class,rustme/liilIIiIII,java/lang/Object,,0,48,1160,,,
liilIIiIiI(12).class,rustme/liilIIiIiI,java/lang/Object,,33,26,22836,,,
liilIIiiII(44).class,rustme/liilIIiiII,java/lang/Object,kotlin/jvm/functions/Function1,5,1,1880,Kotlin internals,,
liilIIiilI(6).class,rustme/liilIIiilI,java/lang/Object,,0,1,174,,,
liilIIiliI(12).class,rustme/liilIIiliI,java/lang/Object,,9,5,4031,Kotlin internals,,
liilIIlIII(46).class,rustme/liilIIlIII,java/lang/Object,,0,3,215,,,
liilIIlIiI(28).class,rustme/liilIIlIiI,java/lang/Object,,3,0,328,,,
liilIIliiI(12).class,rustme/liilIIliiI,java/lang/Object,,0,0,220,,,
liilIIlliI(12).class,rustme/liilIIlliI,java/lang/Object,kotlin/jvm/functions/Function1,5,1,3408,Kotlin internals,,
liilIiIIII(72).class,rustme/liilIiIIII,java/lang/Object,,0,6,278,,,
liilIiIIiI(20).class,rustme/liilIiIIiI,rustme/IIlIIliIiI,rustme/illlIliIiI,17,12,10245,,,
liilIiIiII(52).class,rustme/liilIiIiII,java/lang/Object,kotlin/jvm/functions/Function1,5,1,1470,Kotlin internals,,
liilIiIilI(10).class,rustme/liilIiIilI,java/lang/Object,,0,1,174,,,
liilIiIliI(20).class,rustme/liilIiIliI,java/lang/Object,kotlin/jvm/functions/Function0,3,3,2750,Kotlin internals,,
liilIiiIiI(4).class,rustme/liilIiiIiI,java/lang/Object,,2,0,244,,,
liilIiiiII(36).class,rustme/liilIiiiII,java/lang/Object,kotlin/jvm/functions/Function1,5,1,1529,Kotlin internals,,
liilIiilII(34).class,rustme/liilIiilII,java/lang/Object,,0,12,416,,,
liilIiiliI(4).class,rustme/liilIiiliI,java/lang/Object,,2,0,793,Kotlin internals,,
liilIilIiI(20).class,rustme/liilIilIiI,java/lang/Object,,13,4,4125,,,
liilIiliII(34).class,rustme/liilIiliII,java/lang/Object,,0,12,404,,,
liilIiliiI(4).class,rustme/liilIiliiI,java/lang/Object,com/google/common/base/Predicate,4,1,1134,,,
liilIillII(18).class,rustme/liilIillII,java/lang/Object,,0,1,174,,,
liilIilliI(4).class,rustme/liilIilliI,java/lang/Object,,2,5,950,Kotlin internals,,
liilIlIIII(38).class,rustme/liilIlIIII,java/lang/Object,,0,6,278,,,
liilIlIIiI(16).class,rustme/liilIlIIiI,java/lang/Object,,15,9,2471,,,
liilIlIiiI.class,rustme/liilIlIiiI,rustme/iliIIlIiiI,,21,2,6924,,,
liilIlIilI(6).class,rustme/liilIlIilI,java/lang/Object,,0,1,174,,,
liilIlIliI(12).class,rustme/liilIlIliI,rustme/illIIlIliI,,12,2,3530,Kotlin internals,,
liilIliIiI(8).class,rustme/liilIliIiI,java/lang/Object,,1,1,687,,,
liilIliiII(24).class,rustme/liilIliiII,java/lang/Object,kotlin/jvm/functions/Function1,5,1,2022,Kotlin internals,,
liilIlilII(18).class,rustme/liilIlilII,java/lang/Object,,0,6,284,,,
liilIliliI(4).class,rustme/liilIliliI,java/lang/Object,kotlin/jvm/functions/Function0,3,2,1455,Kotlin internals,,
liilIllIiI(12).class,rustme/liilIllIiI,rustme/iiIlIllIiI,,5,0,1264,,,
liilIlliII(18).class,rustme/liilIlliII,java/lang/Object,,0,7,299,,,
liilIlliiI(4).class,rustme/liilIlliiI,java/lang/Object,,17,4,17865,,,
liilIlllII(10).class,rustme/liilIlllII,java/lang/Object,,0,1,174,,,
liilIllliI(4).class,rustme/liilIllliI,java/lang/Object,kotlin/jvm/functions/Function1,5,1,1468,Kotlin internals,,
liiliIIIII(74).class,rustme/liiliIIIII,java/lang/Object,,0,34,866,,,
liiliIIIiI(24).class,rustme/liiliIIIiI,rustme/llliiIIIiI,,3,1,4588,,,
liiliIIiII(56).class,rustme/liiliIIiII,java/lang/Enum,,7,13,3019,Kotlin internals;Sounds,,
liiliIIilI(12).class,rustme/liiliIIilI,java/lang/Object,,0,1,174,,,
liiliIIliI(24).class,rustme/liiliIIliI,java/lang/Enum,rustme/lIilIlIliI,14,9,5642,Kotlin internals,,
liiliIiIiI(8).class,rustme/liiliIiIiI,java/lang/Object,,16,20,12470,,,
liiliIiiII(40).class,rustme/liiliIiiII,java/lang/Object,kotlin/jvm/functions/Function1,5,1,1468,Kotlin internals,,
liiliIilII(36).class,rustme/liiliIilII,java/lang/Object,,0,1,174,,,
liiliIiliI(8).class,rustme/liiliIiliI,java/lang/Object,,7,3,1510,Kotlin internals,,
liiliIlIiI(24).class,rustme/liiliIlIiI,java/lang/Object,,1,12,733,,,
liiliIliII(36).class,rustme/liiliIliII,java/lang/Object,,0,12,404,,,
liiliIliiI(8).class,rustme/liiliIliiI,java/lang/Object,rustme/illIiIliiI,5,0,917,GUI/Screen,,
liiliIllII(20).class,rustme/liiliIllII,java/lang/Object,,0,1,174,,,
liiliIlliI(8).class,rustme/liiliIlliI,java/lang/Object,kotlin/jvm/functions/Function1,5,1,2783,Kotlin internals,,
liiliiIIiI(16).class,rustme/liiliiIIiI,rustme/lIlIIliIiI,rustme/illiIiIIiI,23,3,6595,,,
liiliiIiII(48).class,rustme/liiliiIiII,java/lang/Object,kotlin/jvm/functions/Function1,5,1,1506,Kotlin internals,,
liiliiIlII(40).class,rustme/liiliiIlII,java/lang/Object,,0,4,240,,,
liiliiIliI(16).class,rustme/liiliiIliI,java/lang/Object,kotlin/jvm/functions/Function1,5,1,1476,Kotlin internals,,
liiliiiIII(62).class,rustme/liiliiiIII,java/lang/Object,,0,2,194,,,
liiliiiIiI.class,rustme/liiliiiIiI,rustme/IiiliiiIiI,,1,0,412,,,
liiliiiiII(32).class,rustme/liiliiiiII,java/lang/Object,,15,6,6353,Kotlin internals,,
liiliiiilI.class,rustme/liiliiiilI,java/lang/Object,,0,1,174,,,
liiliiiliI.class,rustme/liiliiiliI,java/lang/Object,,4,0,1409,,,
liiliilIII(40).class,rustme/liiliilIII,java/lang/Object,,0,5,257,,,
liiliilIiI(16).class,rustme/liiliilIiI,java/lang/Object,,36,30,8235,,,
liiliiliiI.class,rustme/liiliiliiI,rustme/IillilIiiI,,4,1,1439,,,
liiliililI.class,rustme/liiliililI,java/lang/Object,,0,1,174,,,
liiliilliI.class,rustme/liiliilliI,java/lang/Object,,5,5,1402,GUI/Screen;Kotlin internals,,
liililIIiI(12).class,rustme/liililIIiI,java/lang/Object,rustme/llillIIIiI,8,2,1815,,,
liililIiII(28).class,rustme/liililIiII,java/lang/Object,,0,1,173,,,
liililIlII(20).class,rustme/liililIlII,java/lang/Object,,0,1,174,,,
liililIliI(8).class,rustme/liililIliI,rustme/IiililIliI,,5,1,1527,Kotlin internals,,
liililiIII(32).class,rustme/liililiIII,java/lang/Object,,0,1,173,,,
liililiIiI(4).class,rustme/liililiIiI,rustme/iliIiliIiI,,6,3,1739,,,
liililiiII(20).class,rustme/liililiiII,java/lang/Object,kotlin/jvm/functions/Function1,5,1,1769,Kotlin internals,,
liililiilI.class,rustme/liililiilI,java/lang/Object,,0,1,174,,,
liilililiI.class,rustme/liilililiI,java/lang/Object,kotlin/jvm/functions/Function0,3,1,1817,Kotlin internals,,
liilillIII(20).class,rustme/liilillIII,java/lang/Object,,0,2,194,,,
liilillIiI(8).class,rustme/liilillIiI,java/lang/Object,rustme/ililillIiI,3,0,1166,,,
liililliiI.class,rustme/liililliiI,java/lang/Object,,20,7,13601,,,
liilillliI.class,rustme/liilillliI,java/lang/Object,kotlin/jvm/functions/Function1,5,1,3203,Kotlin internals,,
liillIIIII(36).class,rustme/liillIIIII,java/lang/Object,,0,22,614,,,
liillIIIiI(12).class,rustme/liillIIIiI,io/netty/channel/ChannelInitializer,,4,1,2945,,,
liillIIilI(6).class,rustme/liillIIilI,java/lang/Object,,0,1,174,,,
liillIIliI(12).class,rustme/liillIIliI,kotlin/jvm/internal/FunctionReferenceImpl,kotlin/jvm/functions/Function0,5,1,1274,Kotlin internals,,
liillIiIiI(4).class,rustme/liillIiIiI,rustme/IiillIiIiI,,6,0,1164,,,
liillIiiII(20).class,rustme/liillIiiII,java/lang/Object,kotlin/jvm/functions/Function0,4,1,954,Kotlin internals,,
liillIilII(18).class,rustme/liillIilII,java/lang/Object,,0,2,196,,,
liillIiliI(4).class,rustme/liillIiliI,java/lang/Object,,8,5,3050,Kotlin internals,,
liillIlIiI(12).class,rustme/liillIlIiI,java/lang/Object,rustme/IiiIlIiIiI,5,1,1689,,,
liillIliII(18).class,rustme/liillIliII,java/lang/Object,,0,1,173,,,
liillIliiI(4).class,rustme/liillIliiI,rustme/lililIliiI,,2,0,2139,Particles,,
liillIllII(10).class,rustme/liillIllII,java/lang/Object,,0,1,174,,,
liillIlliI(4).class,rustme/liillIlliI,java/lang/Object,,9,6,6025,Kotlin internals,,
liilliIIiI(8).class,rustme/liilliIIiI,rustme/lllIliIIiI,,9,2,2943,,,
liilliIiII(24).class,rustme/liilliIiII,java/lang/Object,rustme/lIIlIiIiII,1,0,623,Kotlin internals,,
liilliIlII(20).class,rustme/liilliIlII,java/lang/Object,,0,1,174,,,
liilliIliI(8).class,rustme/liilliIliI,rustme/IliIIiIliI,,56,16,43536,Kotlin internals,,
liilliiIII(30).class,rustme/liilliiIII,java/lang/Object,,0,4,236,,,
liilliiIiI.class,rustme/liilliiIiI,java/lang/Object,,22,7,4960,,,
liilliiiII(16).class,rustme/liilliiiII,java/lang/Object,kotlin/jvm/functions/Function1,5,1,2974,Kotlin internals,,
liilliiilI.class,rustme/liilliiilI,java/lang/Object,,0,1,174,,,
liilliiliI.class,rustme/liilliiliI,rustme/lilliiiliI,,5,2,1919,Kotlin internals,,
liillilIII(20).class,rustme/liillilIII,java/lang/Object,,0,1,173,,,
liillilIiI(8).class,rustme/liillilIiI,java/lang/Object,,4,0,3467,,,
liilliliiI.class,rustme/liilliliiI,rustme/ililliliiI,,2,1,1213,GUI/Screen,,
liillililI.class,rustme/liillililI,java/lang/Object,,0,2,196,,,
liillilliI.class,rustme/liillilliI,java/lang/Object,kotlin/jvm/functions/Function1,5,1,1907,Kotlin internals,,
liilllIIiI(8).class,rustme/liilllIIiI,rustme/IiilllIIiI,,7,0,2386,,,
liilllIiII(16).class,rustme/liilllIiII,java/lang/Object,,0,2,194,,,
liilllIiiI.class,rustme/liilllIiiI,rustme/IillilIiiI,,21,6,8548,,,
liilllIlII(10).class,rustme/liilllIlII,java/lang/Object,,0,1,174,,,
liilllIliI(4).class,rustme/liilllIliI,java/lang/Object,,5,0,2934,Kotlin internals,,
liillliIII(18).class,rustme/liillliIII,java/lang/Object,,0,8,320,,,
liillliIiI(4).class,rustme/liillliIiI,rustme/iliIiliIiI,,5,2,2556,,,
liillliiII(12).class,rustme/liillliiII,java/lang/Object,kotlin/jvm/functions/Function1,5,1,3640,Kotlin internals,,
liillliilI.class,rustme/liillliilI,java/lang/Object,,0,1,174,,,
liillliliI.class,rustme/liillliliI,java/lang/Object,,2,0,1457,Kotlin internals,,
liillllIII(10).class,rustme/liillllIII,java/lang/Object,,0,27,746,,,
liillllIiI(4).class,rustme/liillllIiI,java/lang/Object,,1,0,209,,,
liilllliiI.class,rustme/liilllliiI,java/lang/Object,,6,4,981,,,
liillllliI.class,rustme/liillllliI,java/lang/Object,kotlin/jvm/functions/Function1,5,1,1479,Kotlin internals,,
lilIIIIIII(77).class,rustme/lilIIIIIII,java/lang/Object,,0,112,2504,,,
lilIIIIIiI(30).class,rustme/lilIIIIIiI,java/lang/Object,,14,1,3732,,,
lilIIIIilI(15).class,rustme/lilIIIIilI,java/lang/Object,,0,1,174,,,
lilIIIIliI(30).class,rustme/lilIIIIliI,java/lang/Object,,5,0,1470,Kotlin internals,,
lilIIIiIiI(14).class,rustme/lilIIIiIiI,java/lang/Object,java/util/Comparator,3,1,1475,,,
lilIIIiiII(46).class,rustme/lilIIIiiII,java/lang/Object,kotlin/jvm/functions/Function1,5,1,1497,Kotlin internals,,
lilIIIilII(39).class,rustme/lilIIIilII,java/lang/Object,,0,5,262,,,
lilIIIiliI(14).class,rustme/lilIIIiliI,java/lang/Object,,5,3,2364,Kotlin internals,,
lilIIIlIiI(30).class,rustme/lilIIIlIiI,java/lang/Object,rustme/lIIIliIIiI;rustme/IilIIIlIiI,3,0,299,,,
lilIIIliII(39).class,rustme/lilIIIliII,java/lang/Object,,0,6,278,,,
lilIIIliiI(14).class,rustme/lilIIIliiI,rustme/lIlliIliiI,,3,11,3156,,,
lilIIIllII(23).class,rustme/lilIIIllII,java/lang/Object,,0,1,174,,,
lilIIIlliI(14).class,rustme/lilIIIlliI,java/lang/Object,kotlin/jvm/functions/Function1,5,1,1965,Kotlin internals,,
lilIIiIIiI(22).class,rustme/lilIIiIIiI,rustme/IIlIIliIiI,,26,13,15086,,,
lilIIiIiII(54).class,rustme/lilIIiIiII,java/lang/Object,kotlin/jvm/functions/Function1,5,1,1476,Kotlin internals,,
lilIIiIlII(43).class,rustme/lilIIiIlII,java/lang/Object,,0,8,328,,,
lilIIiIliI(22).class,rustme/lilIIiIliI,rustme/IlIliiIliI,,9,2,4613,Kotlin internals,,
lilIIiiIII(65).class,rustme/lilIIiiIII,java/lang/Object,,0,1,173,,,
lilIIiiIiI(6).class,rustme/lilIIiiIiI,java/lang/Enum,,8,4,1822,,,
lilIIiiiII(38).class,rustme/lilIIiiiII,java/lang/Object,kotlin/jvm/functions/Function1,5,1,1560,Kotlin internals,,
lilIIiiilI(3).class,rustme/lilIIiiilI,java/lang/Object,,0,1,174,,,
lilIIiiliI(6).class,rustme/lilIIiiliI,java/lang/Object,,9,3,9612,Kotlin internals,,
lilIIilIII(43).class,rustme/lilIIilIII,java/lang/Object,,0,7,299,,,
lilIIilIiI(22).class,rustme/lilIIilIiI,com/google/gson/TypeAdapter,,3,2,2085,,,
lilIIiliiI(6).class,rustme/lilIIiliiI,rustme/llIIIiliiI,,56,3,15953,,,
lilIIililI(3).class,rustme/lilIIililI,java/lang/Object,,0,2,196,,,
lilIIilliI(6).class,rustme/lilIIilliI,java/lang/Object,,2,4,1018,Kotlin internals,,
lilIIlIIiI(18).class,rustme/lilIIlIIiI,java/lang/Object,,0,0,220,,,
lilIIlIiII(31).class,rustme/lilIIlIiII,java/lang/Object,,0,1,173,,,
lilIIlIiiI(2).class,rustme/lilIIlIiiI,rustme/iIIiIlIiiI,rustme/iIliIiliiI,27,3,11036,,,
lilIIlIlII(23).class,rustme/lilIIlIlII,java/lang/Object,,0,1,174,,,
lilIIlIliI(14).class,rustme/lilIIlIliI,kotlin/coroutines/jvm/internal/SuspendLambda,kotlin/jvm/functions/Function2,7,5,6291,Kotlin internals,,
lilIIliIII(35).class,rustme/lilIIliIII,java/lang/Object,,0,1,173,,,
lilIIliIiI(10).class,rustme/lilIIliIiI,java/lang/Object,rustme/IiiIlIiIiI,3,1,995,,,
lilIIliiII(26).class,rustme/lilIIliiII,java/lang/Object,kotlin/jvm/functions/Function1,5,1,1468,Kotlin internals,,
lilIIliilI(3).class,rustme/lilIIliilI,java/lang/Object,,0,1,174,,,
lilIIliliI(6).class,rustme/lilIIliliI,java/lang/Object,,24,8,6320,Kotlin internals,,
lilIIllIII(23).class,rustme/lilIIllIII,java/lang/Object,,0,18,530,,,
lilIIllIiI(14).class,rustme/lilIIllIiI,rustme/IIliIllIiI,,5,0,1259,,,
lilIIlliiI(6).class,rustme/lilIIlliiI,java/lang/Object,,5,3,1634,,,
lilIIllliI(6).class,rustme/lilIIllliI,java/lang/Object,kotlin/jvm/functions/Function1,5,1,1469,Kotlin internals,,
lilIiIIIiI(26).class,rustme/lilIiIIIiI,rustme/llliiIIIiI,,4,0,2125,,,
lilIiIIiII(58).class,rustme/lilIiIIiII,java/lang/Object,,36,0,5906,Kotlin internals,,
lilIiIIlII(45).class,rustme/lilIiIIlII,java/lang/Object,,0,2,196,,,
lilIiIIliI(26).class,rustme/lilIiIIliI,rustme/IliIIiIliI,,29,13,15237,GUI/Screen;Kotlin internals,,
lilIiIiIII(67).class,rustme/lilIiIiIII,java/lang/Object,,0,3,215,,,
lilIiIiIiI(10).class,rustme/lilIiIiIiI,java/lang/Object,,0,0,220,,,
lilIiIiiII(42).class,rustme/lilIiIiiII,java/lang/Object,kotlin/jvm/functions/Function1,5,1,2036,Kotlin internals,,
lilIiIiilI(5).class,rustme/lilIiIiilI,java/lang/Object,,0,1,174,,,
lilIiIiliI(10).class,rustme/lilIiIiliI,java/lang/Object,,1,2,1083,Kotlin internals,,
lilIiIlIII(45).class,rustme/lilIiIlIII,java/lang/Object,,0,14,446,,,
lilIiIlIiI(26).class,rustme/lilIiIlIiI,java/lang/Object,,1,0,178,,,
lilIiIliiI(10).class,rustme/lilIiIliiI,java/lang/Object,java/util/Comparator,3,0,1284,GUI/Screen,,
lilIiIlilI(5).class,rustme/lilIiIlilI,java/lang/Object,,0,2,196,,,
lilIiIlliI(10).class,rustme/lilIiIlliI,java/lang/Object,kotlin/jvm/functions/Function1,5,1,2431,Kotlin internals,,
lilIiiIIII(71).class,rustme/lilIiiIIII,java/lang/Object,,0,4,236,,,
lilIiiIIiI(18).class,rustme/lilIiiIIiI,java/lang/Object,,0,0,220,,,
lilIiiIiII(50).class,rustme/lilIiiIiII,java/lang/Object,kotlin/jvm/functions/Function1,5,1,3529,Kotlin internals,,
lilIiiIilI(9).class,rustme/lilIiiIilI,java/lang/Object,,0,1,174,,,
lilIiiIliI(18).class,rustme/lilIiiIliI,rustme/lIliIiIliI,,14,3,14550,Kotlin internals,,
lilIiiiIiI(2).class,rustme/lilIiiiIiI,rustme/lliiiiiIiI,,5,0,3590,,,
lilIiiiiII(34).class,rustme/lilIiiiiII,java/lang/Object,kotlin/jvm/functions/Function1,5,1,3809,Kotlin internals,,
lilIiiilII(33).class,rustme/lilIiiilII,java/lang/Object,,0,19,570,,,
lilIiiiliI(2).class,rustme/lilIiiiliI,java/lang/Object,,9,0,2984,,,
lilIiilIiI(18).class,rustme/lilIiilIiI,java/lang/Object,,5,4,1501,,,
lilIiiliII(33).class,rustme/lilIiiliII,java/lang/Object,,0,28,740,,,
lilIiiliiI(2).class,rustme/lilIiiliiI,rustme/IillilIiiI,,12,1,5179,,,
lilIiillII(17).class,rustme/lilIiillII,java/lang/Object,,0,1,174,,,
lilIiilliI(2).class,rustme/lilIiilliI,java/lang/Object,,2,0,732,Kotlin internals,,
lilIilIIII(37).class,rustme/lilIilIIII,java/lang/Object,,0,1,173,,,
lilIilIIiI(14).class,rustme/lilIilIIiI,java/lang/Object,rustme/llillIIIiI,8,2,1797,,,
lilIilIilI(5).class,rustme/lilIilIilI,java/lang/Object,,0,1,174,,,
lilIilIliI(10).class,rustme/lilIilIliI,rustme/lllIilIliI,,3,0,1326,Kotlin internals,,
lilIiliIiI(6).class,rustme/lilIiliIiI,rustme/iliIiliIiI,,9,9,4378,,,
lilIiliiII(22).class,rustme/lilIiliiII,java/lang/Object,kotlin/jvm/functions/Function1,5,1,1769,Kotlin internals,,
lilIililII(17).class,rustme/lilIililII,java/lang/Object,,0,2,196,,,
lilIililiI(2).class,rustme/lilIililiI,rustme/llIiIliliI,,2,0,1754,Kotlin internals,,
lilIillIiI(10).class,rustme/lilIillIiI,java/lang/Object,,1,1,834,,,
lilIilliII(17).class,rustme/lilIilliII,java/lang/Object,,0,4,236,,,
lilIilliiI(2).class,rustme/lilIilliiI,java/lang/Object,,2,5,888,,,
lilIilllII(9).class,rustme/lilIilllII,java/lang/Object,,0,1,174,,,
lilIillliI(2).class,rustme/lilIillliI,java/lang/Object,kotlin/jvm/functions/Function1,5,1,2933,Kotlin internals,,
lilIlIIIiI(14).class,rustme/lilIlIIIiI,rustme/liIlIilIiI,,5,0,1445,Networking client,,
lilIlIIiII(29).class,rustme/lilIlIIiII,java/lang/Object,,0,1,173,,,
lilIlIIlII(23).class,rustme/lilIlIIlII,java/lang/Object,,0,1,174,,,
lilIlIIliI(14).class,rustme/lilIlIIliI,java/lang/Object,kotlin/jvm/functions/Function1,5,2,3803,Kotlin internals,,
lilIlIiIII(33).class,rustme/lilIlIiIII,java/lang/Object,,0,2,194,,,
lilIlIiIiI(6).class,rustme/lilIlIiIiI,java/lang/Object,,2,1,476,,,
lilIlIiiII(22).class,rustme/lilIlIiiII,java/lang/Object,kotlin/jvm/functions/Function1,5,1,1641,Kotlin internals,,
lilIlIiilI(3).class,rustme/lilIlIiilI,java/lang/Object,,0,1,174,,,
lilIlIiliI(6).class,rustme/lilIlIiliI,java/lang/Object,,3,4,1233,Kotlin internals,,
lilIlIlIII(23).class,rustme/lilIlIlIII,java/lang/Object,,0,6,278,,,
lilIlIlIiI(14).class,rustme/lilIlIlIiI,java/lang/Object,,9,4,1609,,,
lilIlIliiI(6).class,rustme/lilIlIliiI,java/lang/Object,rustme/iililIliiI,2,0,719,Particles,,
lilIlIlliI(6).class,rustme/lilIlIlliI,java/lang/Object,kotlin/jvm/functions/Function1,5,1,1541,Kotlin internals,,
lilIliIIII(35).class,rustme/lilIliIIII,java/lang/Object,,0,5,257,,,
lilIliIIiI(10).class,rustme/lilIliIIiI,java/lang/Object,,6,1,2292,,,
lilIliIiII(26).class,rustme/lilIliIiII,rustme/iIllIiIiII,,3,0,1538,Kotlin internals,,
lilIliIilI(5).class,rustme/lilIliIilI,java/lang/Object,,0,1,174,,,
lilIliIliI(10).class,rustme/lilIliIliI,rustme/IlilIIIliI,,7,9,5142,Kotlin internals,,
lilIliiIiI(2).class,rustme/lilIliiIiI,java/lang/Object,,1,1,767,,,
lilIliiiII(18).class,rustme/lilIliiiII,java/lang/Object,kotlin/jvm/functions/Function1,5,1,1482,Kotlin internals,,
lilIliilII(17).class,rustme/lilIliilII,java/lang/Object,,0,2,196,,,
lilIliiliI(2).class,rustme/lilIliiliI,rustme/IIlIIliIiI,,13,11,10589,NBT;Kotlin internals,,
lilIlilIiI(10).class,rustme/lilIlilIiI,java/lang/Object,com/google/common/base/Function,3,0,1188,,,
lilIliliII(17).class,rustme/lilIliliII,java/lang/Object,,0,1,173,,,
lilIliliiI(2).class,rustme/lilIliliiI,rustme/IlIlliliiI,,7,0,3138,GUI/Screen,,
lilIlillII(9).class,rustme/lilIlillII,java/lang/Object,,0,1,174,,,
lilIlilliI(2).class,rustme/lilIlilliI,java/lang/Object,,3,0,1058,Kotlin internals,,
lilIllIIII(21).class,rustme/lilIllIIII,java/lang/Object,,0,4,236,,,
lilIllIIiI(10).class,rustme/lilIllIIiI,java/lang/Object,,3,2,872,,,
lilIllIiiI(2).class,rustme/lilIllIiiI,rustme/IillilIiiI,,3,0,1220,,,
lilIllIilI(3).class,rustme/lilIllIilI,java/lang/Object,,0,1,174,,,
lilIllIliI(6).class,rustme/lilIllIliI,java/lang/Object,,10,0,9307,Kotlin internals,,
lilIlliIiI(6).class,rustme/lilIlliIiI,rustme/iliIiliIiI,,5,1,2697,,,
lilIlliiII(14).class,rustme/lilIlliiII,java/lang/Object,kotlin/jvm/functions/Function1,5,1,1974,Kotlin internals,,
lilIllilII(9).class,rustme/lilIllilII,java/lang/Object,,0,19,570,,,
lilIlliliI(2).class,rustme/lilIlliliI,rustme/lIlilliliI,,24,20,15671,Kotlin internals,,
lilIlllIiI(6).class,rustme/lilIlllIiI,java/lang/Object,rustme/IilIlllIiI,5,1,1671,,,
lilIllliII(9).class,rustme/lilIllliII,java/lang/Object,,0,4,236,,,
lilIllliiI(2).class,rustme/lilIllliiI,java/lang/Object,,6,14,3788,,,
lilIllllII(5).class,rustme/lilIllllII,java/lang/Object,,0,1,174,,,
lilIlllliI(2).class,rustme/lilIlllliI,java/lang/Object,kotlin/jvm/functions/Function1,5,1,1541,Kotlin internals,,
liliIIIIiI(28).class,rustme/liliIIIIiI,rustme/llliiIIIiI,,2,0,2128,,,
liliIIIiII(60).class,rustme/liliIIIiII,java/lang/Object,,0,4,236,,,
liliIIIlII(46).class,rustme/liliIIIlII,java/lang/Object,,0,1,174,,,
liliIIIliI(28).class,rustme/liliIIIliI,rustme/llIliiIliI,,7,2,6233,GUI/Screen;Kotlin internals,,
liliIIiIII(68).class,rustme/liliIIiIII,java/lang/Object,,0,554,11786,,,
liliIIiIiI(12).class,rustme/liliIIiIiI,rustme/IIlliIiIiI,,10,1,9464,,,
liliIIiiII(44).class,rustme/liliIIiiII,java/lang/Object,kotlin/jvm/functions/Function1,5,1,3334,Kotlin internals,,
liliIIiilI(6).class,rustme/liliIIiilI,java/lang/Object,,0,1,174,,,
liliIIiliI(12).class,rustme/liliIIiliI,rustme/lIlliIiliI,,6,5,6862,Kotlin internals,,
liliIIlIII(46).class,rustme/liliIIlIII,java/lang/Object,,0,2,194,,,
liliIIlIiI(28).class,rustme/liliIIlIiI,java/lang/Enum,,6,4,1468,,,
liliIIliiI(12).class,rustme/liliIIliiI,rustme/lIlliIliiI,,7,6,2984,,,
liliIIlliI(12).class,rustme/liliIIlliI,java/lang/Object,,8,5,6249,Kotlin internals,,
liliIiIIII(72).class,rustme/liliIiIIII,java/lang/Object,,0,8,320,,,
liliIiIIiI(20).class,rustme/liliIiIIiI,rustme/lIiIiliIiI,,5,2,1895,,,
liliIiIiII(52).class,rustme/liliIiIiII,java/lang/Object,kotlin/jvm/functions/Function1,5,1,1506,Kotlin internals,,
liliIiIilI(10).class,rustme/liliIiIilI,java/lang/Object,,0,1,174,,,
liliIiIliI(20).class,rustme/liliIiIliI,rustme/IIIiIiIliI,,18,16,7834,Kotlin internals,,
liliIiiIiI(4).class,rustme/liliIiiIiI,java/lang/Object,rustme/IiiIlIiIiI,3,1,1159,,,
liliIiiiII(36).class,rustme/liliIiiiII,java/lang/Object,kotlin/jvm/functions/Function1,5,1,1769,Kotlin internals,,
liliIiilII(34).class,rustme/liliIiilII,java/lang/Object,,0,3,218,,,
liliIiiliI(4).class,rustme/liliIiiliI,rustme/iIliIiiliI,,1,0,447,,,
liliIilIiI(20).class,rustme/liliIilIiI,java/lang/Object,rustme/ilIiIilIiI,4,1,2492,,,
liliIiliII(34).class,rustme/liliIiliII,java/lang/Object,,0,1,173,,,
liliIiliiI(4).class,rustme/liliIiliiI,rustme/lillIlIiiI,,2,0,456,,,
liliIillII(18).class,rustme/liliIillII,java/lang/Object,,0,1,174,,,
liliIilliI(4).class,rustme/liliIilliI,java/lang/Object,rustme/IIliIilliI,6,1,2790,Kotlin internals,,
liliIlIIII(38).class,rustme/liliIlIIII,java/lang/Object,,0,1,173,,,
liliIlIIiI(16).class,rustme/liliIlIIiI,java/lang/Object,rustme/llillIIIiI,7,1,1729,,,
liliIlIiiI.class,rustme/liliIlIiiI,rustme/IliIIlIiiI,,5,1,1378,,,
liliIlIilI(6).class,rustme/liliIlIilI,java/lang/Object,,0,1,174,,,
liliIlIliI(12).class,rustme/liliIlIliI,rustme/IIliIlIliI,,6,1,1538,Kotlin internals,,
liliIliIiI(8).class,rustme/liliIliIiI,java/lang/Object,rustme/iiliIliIiI,11,1,1828,,,
liliIliiII(24).class,rustme/liliIliiII,java/lang/Object,kotlin/jvm/functions/Function1,5,1,1467,Kotlin internals,,
liliIlilII(18).class,rustme/liliIlilII,java/lang/Object,,0,2,196,,,
liliIliliI(4).class,rustme/liliIliliI,kotlin/jvm/internal/FunctionReferenceImpl,kotlin/jvm/functions/Function1,5,0,1752,Kotlin internals,,
liliIllIiI(12).class,rustme/liliIllIiI,rustme/llIiIllIiI,,7,0,2477,,,
liliIlliII(18).class,rustme/liliIlliII,java/lang/Object,,0,11,383,,,
liliIlliiI(4).class,rustme/liliIlliiI,java/lang/Object,,7,2,2037,,,
liliIlllII(10).class,rustme/liliIlllII,java/lang/Object,,0,3,218,,,
liliIllliI(4).class,rustme/liliIllliI,java/lang/Object,kotlin/jvm/functions/Function1,5,1,1724,Kotlin internals,,
liliiIIIII(74).class,rustme/liliiIIIII,java/lang/Object,,0,3,215,,,
liliiIIIiI(24).class,rustme/liliiIIIiI,java/lang/Object,rustme/liIiIIIIiI,2,0,757,,,
liliiIIiII(56).class,rustme/liliiIIiII,java/lang/Enum,,7,5,2115,Kotlin internals,,
liliiIIilI(12).class,rustme/liliiIIilI,java/lang/Object,,0,3,218,,,
liliiIIliI(24).class,rustme/liliiIIliI,rustme/IlilIIIliI,,2,6,4285,Kotlin internals,,
liliiIiIiI(8).class,rustme/liliiIiIiI,java/lang/Object,,0,0,220,,,
liliiIiiII(40).class,rustme/liliiIiiII,java/lang/Object,kotlin/jvm/functions/Function1,5,1,2024,Kotlin internals,,
liliiIilII(36).class,rustme/liliiIilII,java/lang/Object,,0,3,218,,,
liliiIiliI(8).class,rustme/liliiIiliI,java/lang/Enum,,9,50,10803,Kotlin internals;Sounds,,
liliiIlIiI(24).class,rustme/liliiIlIiI,rustme/IIlllilIiI,,2,0,924,,,
liliiIliII(36).class,rustme/liliiIliII,java/lang/Object,,0,1,173,,,
liliiIliiI(8).class,rustme/liliiIliiI,rustme/IIIiliIIiI,,9,1,3076,GUI/Screen,,
liliiIllII(20).class,rustme/liliiIllII,java/lang/Object,,0,1,174,,,
liliiIlliI(8).class,rustme/liliiIlliI,java/lang/Object,kotlin/jvm/functions/Function1,5,1,1756,Kotlin internals,,
liliiiIIiI(16).class,rustme/liliiiIIiI,rustme/iiIlIliIiI,rustme/IilIiiIIiI,36,5,11658,,,
liliiiIiII(48).class,rustme/liliiiIiII,java/lang/Object,kotlin/jvm/functions/Function0,4,1,954,Kotlin internals,,
liliiiIlII(40).class,rustme/liliiiIlII,java/lang/Object,,0,1,174,,,
liliiiIliI(16).class,rustme/liliiiIliI,kotlin/coroutines/jvm/internal/SuspendLambda,kotlin/jvm/functions/Function2,7,2,3797,Kotlin internals,,
liliiiiIII(62).class,rustme/liliiiiIII,java/lang/Object,,0,1,173,,,
liliiiiIiI.class,rustme/liliiiiIiI,rustme/iIlIiiiIiI,,5,1,1261,Texture,,
liliiiiiII(32).class,rustme/liliiiiiII,java/lang/Object,kotlin/jvm/functions/Function1,5,1,1468,Kotlin internals,,
liliiiiilI.class,rustme/liliiiiilI,java/lang/Object,,0,1,174,,,
liliiiiliI.class,rustme/liliiiiliI,java/lang/Object,,11,3,1482,,,
liliiilIII(40).class,rustme/liliiilIII,java/lang/Object,,0,2,194,,,
liliiilIiI(16).class,rustme/liliiilIiI,rustme/lliiiilIiI,rustme/iiIlIilIiI,2,0,856,,,
liliiiliiI.class,rustme/liliiiliiI,rustme/IillilIiiI,,7,1,2457,,,
liliiililI.class,rustme/liliiililI,java/lang/Object,,0,1,174,,,
liliiilliI.class,rustme/liliiilliI,java/lang/Object,,5,0,5909,Kotlin internals,,
liliilIIiI(12).class,rustme/liliilIIiI,java/lang/Enum,,6,4,1477,,,
liliilIiII(28).class,rustme/liliilIiII,java/lang/Object,,0,3,215,,,
liliilIlII(20).class,rustme/liliilIlII,java/lang/Object,,0,1,174,,,
liliilIliI(8).class,rustme/liliilIliI,java/lang/Object,kotlin/jvm/functions/Function1,5,2,3815,Kotlin internals,,
liliiliIII(32).class,rustme/liliiliIII,java/lang/Object,,0,28,740,,,
liliiliIiI(4).class,rustme/liliiliIiI,rustme/IiliiliIiI,,10,2,3195,,,
liliiliiII(20).class,rustme/liliiliiII,java/lang/Object,kotlin/jvm/functions/Function1,5,1,1482,Kotlin internals,,
liliiliilI.class,rustme/liliiliilI,java/lang/Object,,0,3,218,,,
liliililiI.class,rustme/liliililiI,rustme/iiliililiI,,5,4,4204,Kotlin internals,,
liliillIII(20).class,rustme/liliillIII,java/lang/Object,,0,1,173,,,
liliillIiI(8).class,rustme/liliillIiI,java/lang/Object,,14,30,10043,Texture,,
liliilliiI.class,rustme/liliilliiI,rustme/IiiiilliiI,,1,0,812,Particles,,
liliillliI.class,rustme/liliillliI,java/lang/Object,kotlin/jvm/functions/Function1,5,1,1468,Kotlin internals,,
lililIIIII(36).class,rustme/lililIIIII,java/lang/Object,,0,17,509,,,
lililIIIiI(12).class,rustme/lililIIIiI,java/lang/Object,rustme/llillIIIiI,8,2,2082,,,
lililIIilI(6).class,rustme/lililIIilI,java/lang/Object,,0,1,174,,,
lililIIliI(12).class,rustme/lililIIliI,java/lang/Object,,14,3,4684,Kotlin internals,,
lililIiIiI(4).class,rustme/lililIiIiI,java/lang/Object,,17,9,13158,,,
lililIiiII(20).class,rustme/lililIiiII,java/lang/Object,kotlin/jvm/functions/Function1,5,1,1474,Kotlin internals,,
lililIilII(18).class,rustme/lililIilII,java/lang/Object,,0,6,284,,,
lililIiliI(4).class,rustme/lililIiliI,java/lang/Object,rustme/lIlilIiliI,8,2,3351,Kotlin internals,,
lililIlIiI(12).class,rustme/lililIlIiI,com/google/gson/TypeAdapter,,5,0,1586,,,
lililIliII(18).class,rustme/lililIliII,java/lang/Object,,0,9,341,,,
lililIliiI(4).class,rustme/lililIliiI,java/lang/Object,rustme/liIIliiliI,34,39,10894,,,
lililIllII(10).class,rustme/lililIllII,java/lang/Object,,0,1,174,,,
lililIlliI(4).class,rustme/lililIlliI,java/lang/Object,,11,8,9062,Kotlin internals,,
lililiIIiI(8).class,rustme/lililiIIiI,rustme/IIIiliIIiI,,7,2,2663,,,
lililiIiII(24).class,rustme/lililiIiII,rustme/illlIiIiII,,11,4,2746,Kotlin internals,,
lililiIlII(20).class,rustme/lililiIlII,java/lang/Object,,0,21,614,,,
lililiIliI(8).class,rustme/lililiIliI,java/lang/Object,kotlin/jvm/functions/Function1,3,3,3049,Kotlin internals,,
lililiiIII(30).class,rustme/lililiiIII,java/lang/Object,,0,4,236,,,
lililiiIiI.class,rustme/lililiiIiI,java/lang/Object,rustme/IiiIlIiIiI,5,1,1777,,,
lililiiiII(16).class,rustme/lililiiiII,java/lang/Object,kotlin/jvm/functions/Function1,5,1,1641,Kotlin internals,,
lililiiilI.class,rustme/lililiiilI,java/lang/Object,,0,1,174,,,
lililiiliI.class,rustme/lililiiliI,rustme/IililiiliI,,8,1,3201,Kotlin internals,,
lilililIII(20).class,rustme/lilililIII,java/lang/Object,,0,4,236,,,
lilililIiI(8).class,rustme/lilililIiI,rustme/lIlililIiI,,2,1,1000,,,
lilililiiI.class,rustme/lilililiiI,java/lang/Object,rustme/IIIiiIiIiI,44,28,18880,,,
lililililI.class,rustme/lililililI,java/lang/Object,,0,1,174,,,
lilililliI.class,rustme/lilililliI,java/lang/Enum,,8,13,3431,Kotlin internals,,
lilillIIiI(8).class,rustme/lilillIIiI,rustme/illillIIiI,,27,12,4680,,,
lilillIiII(16).class,rustme/lilillIiII,java/lang/Object,,0,19,551,,,
lilillIiiI.class,rustme/lilillIiiI,rustme/iliIIlIiiI,,16,1,6210,,,
lilillIlII(10).class,rustme/lilillIlII,java/lang/Object,,0,1,174,,,
lilillIliI(4).class,rustme/lilillIliI,java/lang/Object,,182,184,34800,Kotlin internals,,
lililliIII(18).class,rustme/lililliIII,java/lang/Object,,0,28,740,,,
lililliIiI(4).class,rustme/lililliIiI,rustme/ilIilliIiI,rustme/iililIlIiI;rustme/lilIIIlIiI,36,4,8520,,,
lililliiII(12).class,rustme/lililliiII,java/lang/Object,kotlin/jvm/functions/Function1,5,1,2877,Kotlin internals,,
lililliilI.class,rustme/lililliilI,java/lang/Object,,0,38,988,,,
lililliliI.class,rustme/lililliliI,rustme/lIlilliliI,,8,5,4412,Kotlin internals,,
lililllIII(10).class,rustme/lililllIII,java/lang/Object,,0,1,174,,,
lililllIiI(4).class,rustme/lililllIiI,java/lang/Object,,1,0,176,,,
lilillliiI.class,rustme/lilillliiI,java/lang/Object,rustme/liiIllliiI,2,1,1455,,,
lililllliI.class,rustme/lililllliI,java/lang/Object,kotlin/jvm/functions/Function1,5,1,1880,Kotlin internals,,
lillIIIIiI(14).class,rustme/lillIIIIiI,java/lang/Object,rustme/IlIlIIIIiI,8,0,1867,,,
lillIIIiII(30).class,rustme/lillIIIiII,java/lang/Object,,0,2,194,,,
lillIIIlII(23).class,rustme/lillIIIlII,java/lang/Object,,0,1,174,,,
lillIIIliI(14).class,rustme/lillIIIliI,java/lang/Object,,11,10,2438,Kotlin internals,,
lillIIiIII(34).class,rustme/lillIIiIII,java/lang/Object,,0,1,173,,,
lillIIiIiI(6).class,rustme/lillIIiIiI,rustme/IIlliIiIiI,,8,0,3378,,,
lillIIiiII(22).class,rustme/lillIIiiII,java/lang/Object,kotlin/jvm/functions/Function1,5,1,1474,Kotlin internals,,
lillIIiilI(3).class,rustme/lillIIiilI,java/lang/Object,,0,1,174,,,
lillIIiliI(6).class,rustme/lillIIiliI,java/lang/Object,,2,0,863,Kotlin internals,,
lillIIlIII(23).class,rustme/lillIIlIII,java/lang/Object,,0,1,173,,,
lillIIlIiI(14).class,rustme/lillIIlIiI,java/lang/Object,rustme/IIIlIIlIiI,2,2,1034,,,
lillIIliiI(6).class,rustme/lillIIliiI,java/lang/Object,rustme/IiiIlIiIiI,5,1,1499,,,
lillIIlliI(6).class,rustme/lillIIlliI,java/lang/Object,kotlin/jvm/functions/Function1,5,1,1965,Kotlin internals,,
lillIiIIII(36).class,rustme/lillIiIIII,java/lang/Object,,0,5,257,,,
lillIiIIiI(10).class,rustme/lillIiIIiI,rustme/iilIlIiIiI,,2,0,1046,,,
lillIiIiII(26).class,rustme/lillIiIiII,java/lang/Object,,2,0,731,Kotlin internals,,
lillIiIilI(5).class,rustme/lillIiIilI,java/lang/Object,,0,1,174,,,
lillIiIliI(10).class,rustme/lillIiIliI,java/lang/Object,,2,0,1052,Kotlin internals,,
lillIiiIiI(2).class,rustme/lillIiiIiI,java/lang/Object,rustme/lIilIiiIiI,4,0,1086,,,
lillIiiiII(18).class,rustme/lillIiiiII,java/lang/Object,kotlin/jvm/functions/Function1,5,1,1714,Kotlin internals,,
lillIiilII(17).class,rustme/lillIiilII,java/lang/Object,,0,2,196,,,
lillIiiliI(2).class,rustme/lillIiiliI,rustme/iIllIiiliI,,5,0,1914,Kotlin internals,,
lillIilIiI(10).class,rustme/lillIilIiI,java/lang/Object,,1,1,735,,,
lillIiliII(17).class,rustme/lillIiliII,java/lang/Object,,0,1,173,,,
lillIiliiI(2).class,rustme/lillIiliiI,java/lang/Enum,,9,11,2588,,,
lillIillII(9).class,rustme/lillIillII,java/lang/Object,,0,1,174,,,
lillIilliI(2).class,rustme/lillIilliI,java/lang/Object,,3,0,1669,Kotlin internals,,
lillIlIIII(21).class,rustme/lillIlIIII,java/lang/Object,,0,3,215,,,
lillIlIIiI(10).class,rustme/lillIlIIiI,rustme/iillIlIIiI,,2,1,538,,,
lillIlIiiI(2).class,rustme/lillIlIiiI,rustme/iIIiIlIiiI,,13,1,4552,,,
lillIlIilI(3).class,rustme/lillIlIilI,java/lang/Object,,0,1,174,,,
lillIlIliI(6).class,rustme/lillIlIliI,java/lang/Object,,4,0,1116,Kotlin internals,,
lillIliIiI(6).class,rustme/lillIliIiI,java/lang/Object,,2,0,272,,,
lillIliiII(14).class,rustme/lillIliiII,java/lang/Object,kotlin/jvm/functions/Function1,5,1,2829,Kotlin internals,,
lillIlilII(9).class,rustme/lillIlilII,java/lang/Object,,0,1,174,,,
lillIliliI(2).class,rustme/lillIliliI,java/lang/Object,kotlin/jvm/functions/Function0,3,6,4198,Kotlin internals,,
lillIllIiI(6).class,rustme/lillIllIiI,rustme/llIiIllIiI,,7,0,2217,,,
lillIlliII(9).class,rustme/lillIlliII,java/lang/Object,,0,1,173,,,
lillIlliiI(2).class,rustme/lillIlliiI,java/lang/Enum,,6,3,1401,,,
lillIlllII(5).class,rustme/lillIlllII,java/lang/Object,,0,1,174,,,
lillIllliI(2).class,rustme/lillIllliI,java/lang/Object,kotlin/jvm/functions/Function1,5,1,3994,Kotlin internals,,
lilliIIIII(37).class,rustme/lilliIIIII,java/lang/Object,,0,1,173,,,
lilliIIIiI(12).class,rustme/lilliIIIiI,rustme/llliiIIIiI,,2,0,2310,,,
lilliIIiII(28).class,rustme/lilliIIiII,java/lang/Enum,,10,11,6405,Kotlin internals,,
lilliIIilI(6).class,rustme/lilliIIilI,java/lang/Object,,0,1,174,,,
lilliIIliI(12).class,rustme/lilliIIliI,java/lang/Enum,,7,4,1995,Kotlin internals,,
lilliIiIiI(4).class,rustme/lilliIiIiI,java/lang/Object,com/google/common/base/Predicate,3,2,1930,,,
lilliIiiII(20).class,rustme/lilliIiiII,java/lang/Object,kotlin/jvm/functions/Function1,5,1,3158,Kotlin internals,,
lilliIilII(18).class,rustme/lilliIilII,java/lang/Object,,0,3,218,,,
lilliIiliI(4).class,rustme/lilliIiliI,java/lang/Object,,9,15,4690,Kotlin internals,,
lilliIlIiI(12).class,rustme/lilliIlIiI,rustme/IIlliIlIiI,,2,0,1955,,,
lilliIliII(18).class,rustme/lilliIliII,java/lang/Object,,0,9,341,,,
lilliIliiI(4).class,rustme/lilliIliiI,rustme/iIlliIliiI,,5,4,3459,,,
lilliIllII(10).class,rustme/lilliIllII,java/lang/Object,,0,1,174,,,
lilliIlliI(4).class,rustme/lilliIlliI,java/lang/Object,kotlin/jvm/functions/Function1,5,1,1964,Kotlin internals,,
lilliiIIiI(8).class,rustme/lilliiIIiI,rustme/lIiIiliIiI,,2,1,1033,,,
lilliiIiII(24).class,rustme/lilliiIiII,java/lang/Object,kotlin/jvm/functions/Function1,5,1,1506,Kotlin internals,,
lilliiIlII(20).class,rustme/lilliiIlII,java/lang/Object,,0,6,284,,,
lilliiIliI(8).class,rustme/lilliiIliI,rustme/IlIliiIliI,,9,3,4653,Kotlin internals,,
lilliiiIII(31).class,rustme/lilliiiIII,java/lang/Object,,0,1,173,,,
lilliiiIiI.class,rustme/lilliiiIiI,rustme/IlilllliiI,,2,0,901,,,
lilliiiiII(16).class,rustme/lilliiiiII,java/lang/Object,kotlin/jvm/functions/Function1,5,1,1769,Kotlin internals,,
lilliiiilI.class,rustme/lilliiiilI,java/lang/Object,,0,1,174,,,
lilliiiliI.class,rustme/lilliiiliI,java/lang/Object,,4,2,723,,,
lilliilIII(20).class,rustme/lilliilIII,java/lang/Object,,0,1,173,,,
lilliilIiI(8).class,rustme/lilliilIiI,java/lang/Object,rustme/IlIiIilIiI,5,0,1238,,,
lilliiliiI.class,rustme/lilliiliiI,java/lang/Enum,rustme/ililIilIiI,13,14,4157,,,
lilliililI.class,rustme/lilliililI,java/lang/Object,,0,1,174,,,
lilliilliI.class,rustme/lilliilliI,java/lang/Object,,9,0,2659,Kotlin internals,,
lillilIIiI(8).class,rustme/lillilIIiI,java/lang/Object,rustme/llillIIIiI,18,6,3238,,PlayerCapabilities,"walkSpeed iiiiliilI:F, flySpeed iIiiliilI:F, isFlying llllIiilI:Z."
lillilIiII(16).class,rustme/lillilIiII,java/lang/Object,,0,17,509,,,
lillilIiiI.class,rustme/lillilIiiI,rustme/IillilIiiI,,12,1,2746,,,
lillilIlII(10).class,rustme/lillilIlII,java/lang/Object,,0,1,174,,,
lillilIliI(4).class,rustme/lillilIliI,java/lang/Object,,12,2,2693,Kotlin internals,,
lilliliIII(18).class,rustme/lilliliIII,java/lang/Object,,0,6,278,,,
lilliliIiI(4).class,rustme/lilliliIiI,rustme/iliIiliIiI,,5,5,2285,,,
lilliliiII(12).class,rustme/lilliliiII,java/lang/Object,kotlin/jvm/functions/Function1,5,1,3861,Kotlin internals,,
lilliliilI.class,rustme/lilliliilI,java/lang/Object,,0,1,174,,,
lillililiI.class,rustme/lillililiI,rustme/llIiIliliI,,14,12,7540,Kotlin internals,,
lillillIII(10).class,rustme/lillillIII,java/lang/Object,,0,2,194,,,
lillillIiI(4).class,rustme/lillillIiI,java/lang/Object,,8,1,4713,,,
lillilliiI.class,rustme/lillilliiI,java/lang/Object,com/google/gson/JsonDeserializer,10,0,6398,,,
lillillliI.class,rustme/lillillliI,java/lang/Object,kotlin/jvm/functions/Function1,5,1,2023,Kotlin internals,,
lilllIIIII(18).class,rustme/lilllIIIII,java/lang/Object,,0,1,173,,,
lilllIIIiI(6).class,rustme/lilllIIIiI,java/lang/Object,rustme/llillIIIiI,8,3,1725,,,
lilllIIilI(3).class,rustme/lilllIIilI,java/lang/Object,,0,1,174,,,
lilllIIliI(6).class,rustme/lilllIIliI,kotlin/jvm/internal/FunctionReferenceImpl,kotlin/jvm/functions/Function0,5,1,1274,Kotlin internals,,
lilllIiIiI(2).class,rustme/lilllIiIiI,rustme/IiillIiIiI,,6,0,1162,,,
lilllIiiII(10).class,rustme/lilllIiiII,java/lang/Object,kotlin/jvm/functions/Function1,5,1,1663,Kotlin internals,,
lilllIilII(9).class,rustme/lilllIilII,java/lang/Object,,0,2,196,,,
lilllIiliI(2).class,rustme/lilllIiliI,java/lang/Object,rustme/illllIiliI,6,1,1453,Kotlin internals,,
lilllIlIiI(6).class,rustme/lilllIlIiI,java/lang/Object,rustme/IiiIlIiIiI,3,1,1314,,,
lilllIliII(9).class,rustme/lilllIliII,java/lang/Object,,0,4,236,,,
lilllIliiI(2).class,rustme/lilllIliiI,java/lang/Object,,21,8,18700,Kotlin internals,,
lilllIllII(5).class,rustme/lilllIllII,java/lang/Object,,0,1,174,,,
lilllIlliI(2).class,rustme/lilllIlliI,java/lang/Object,kotlin/jvm/functions/Function1,5,1,3306,Kotlin internals,,
lillliIIiI(4).class,rustme/lillliIIiI,java/lang/Object,rustme/iiIlliIIiI,7,0,2399,,,
lillliIiII(12).class,rustme/lillliIiII,java/lang/Object,rustme/lIIlIiIiII,1,0,624,Kotlin internals,,
lillliIlII(10).class,rustme/lillliIlII,java/lang/Object,,0,2,196,,,
lillliIliI(4).class,rustme/lillliIliI,java/lang/Object,kotlin/jvm/functions/Function0,4,1,1067,Kotlin internals,,
lillliiIII(15).class,rustme/lillliiIII,java/lang/Object,,0,2,194,,,
lillliiIiI.class,rustme/lillliiIiI,rustme/lIIlliiIiI,,6,0,3800,,,
lillliiiII(8).class,rustme/lillliiiII,java/lang/Object,kotlin/jvm/functions/Function1,5,1,2061,Kotlin internals,,
lillliiilI.class,rustme/lillliiilI,java/lang/Object,,0,1,174,,,
lillliiliI.class,rustme/lillliiliI,rustme/lilliiiliI,,7,4,2064,Kotlin internals,,
lilllilIII(10).class,rustme/lilllilIII,java/lang/Object,,0,5,257,,,
lilllilIiI(4).class,rustme/lilllilIiI,rustme/iIIllilIiI,,2,3,1136,World gen,,
lillliliiI.class,rustme/lillliliiI,rustme/IlIlliliiI,,21,22,13378,GUI/Screen,,
lilllililI.class,rustme/lilllililI,java/lang/Object,,0,2,196,,,
lilllilliI.class,rustme/lilllilliI,java/lang/Object,kotlin/jvm/functions/Function1,5,1,3174,Kotlin internals,,
lillllIIiI(4).class,rustme/lillllIIiI,java/lang/Enum,,6,7,1783,,,
lillllIiII(8).class,rustme/lillllIiII,java/lang/Object,,0,1,173,,,
lillllIiiI.class,rustme/lillllIiiI,java/lang/Object,com/google/common/base/Predicate,3,0,1113,,,
lillllIlII(5).class,rustme/lillllIlII,java/lang/Object,,0,1,174,,,
lillllIliI(2).class,rustme/lillllIliI,java/lang/Object,,86,1,37321,Kotlin internals,,
lilllliIII(9).class,rustme/lilllliIII,java/lang/Object,,0,11,383,,,
lilllliIiI(2).class,rustme/lilllliIiI,rustme/lllIIliIiI,rustme/IilIiiIIiI,17,0,5497,,,
lilllliiII(6).class,rustme/lilllliiII,java/lang/Object,kotlin/jvm/functions/Function0,4,1,954,Kotlin internals,,
lilllliilI.class,rustme/lilllliilI,java/lang/Object,,0,1,174,,,
lilllliliI.class,rustme/lilllliliI,java/lang/Enum,,10,9,4320,Kotlin internals,,
lilllllIII(5).class,rustme/lilllllIII,java/lang/Object,,0,1,174,,,
lilllllIiI(2).class,rustme/lilllllIiI,java/lang/Object,,9,6,2794,,,
lillllliiI.class,rustme/lillllliiI,java/lang/Object,rustme/lIllllliiI,4,1,2340,,,
lilllllliI.class,rustme/lilllllliI,java/lang/Object,kotlin/jvm/functions/Function1,5,1,1468,Kotlin internals,,
llIIIIIIiI(31).class,rustme/llIIIIIIiI,java/lang/Object,,0,0,220,,,
llIIIIIiII(61).class,rustme/llIIIIIiII,java/lang/Object,,0,5,257,,,
llIIIIIlII(47).class,rustme/llIIIIIlII,java/lang/Object,,0,1,174,,,
llIIIIIliI(31).class,rustme/llIIIIIliI,rustme/IlilIIIliI,,35,24,12344,Kotlin internals,,
llIIIIiIII(69).class,rustme/llIIIIiIII,java/lang/Object,,0,6,278,,,
llIIIIiIiI(15).class,rustme/llIIIIiIiI,java/lang/Object,com/google/common/base/Predicate,3,2,1313,,,
llIIIIiiII(47).class,rustme/llIIIIiiII,java/lang/Object,kotlin/jvm/functions/Function1,5,1,2025,Kotlin internals,,
llIIIIiilI(7).class,rustme/llIIIIiilI,java/lang/Object,,0,1,174,,,
llIIIIiliI(15).class,rustme/llIIIIiliI,java/lang/Object,kotlin/collections/Grouping,3,1,2139,Kotlin internals,,
llIIIIlIII(47).class,rustme/llIIIIlIII,java/lang/Object,,0,1,173,,,
llIIIIlIiI(31).class,rustme/llIIIIlIiI,java/lang/Object,,22,6,5063,,,
llIIIIliiI(15).class,rustme/llIIIIliiI,rustme/lIlliIliiI,,4,1,1282,,,
llIIIIlliI(15).class,rustme/llIIIIlliI,java/lang/Object,kotlin/jvm/functions/Function1,5,1,1963,Kotlin internals,,
llIIIiIIII(73).class,rustme/llIIIiIIII,java/lang/Object,,0,4,236,,,
llIIIiIIiI(23).class,rustme/llIIIiIIiI,rustme/IIlIIliIiI,,13,6,5185,,,
llIIIiIiII(55).class,rustme/llIIIiIiII,java/lang/Object,kotlin/jvm/functions/Function1,5,1,1476,Kotlin internals,,
llIIIiIilI(11).class,rustme/llIIIiIilI,java/lang/Object,,0,1,174,,,
llIIIiIliI(23).class,rustme/llIIIiIliI,java/lang/Object,com/google/common/base/Predicate,3,1,1300,Kotlin internals,,
llIIIiiIiI(7).class,rustme/llIIIiiIiI,rustme/lilIIiiIiI,,3,0,3851,,,
llIIIiiiII(39).class,rustme/llIIIiiiII,java/lang/Object,kotlin/jvm/functions/Function1,5,1,1641,Kotlin internals,,
llIIIiilII(35).class,rustme/llIIIiilII,java/lang/Object,,0,1,174,,,
llIIIiiliI(7).class,rustme/llIIIiiliI,java/lang/Object,,7,5,8156,Kotlin internals,,
llIIIilIiI(23).class,rustme/llIIIilIiI,java/lang/Enum,,6,3,1303,,,
llIIIiliII(35).class,rustme/llIIIiliII,java/lang/Object,,0,4,236,,,
llIIIiliiI(7).class,rustme/llIIIiliiI,java/lang/Object,rustme/lllIIiliiI,10,6,4245,,,
llIIIillII(19).class,rustme/llIIIillII,java/lang/Object,,0,1,174,,,
llIIIilliI(7).class,rustme/llIIIilliI,java/lang/Object,,2,8,1173,Kotlin internals,,
llIIIlIIII(39).class,rustme/llIIIlIIII,java/lang/Object,,0,7,299,,,
llIIIlIIiI(19).class,rustme/llIIIlIIiI,java/lang/Object,,9,4,1682,,,
llIIIlIiiI(3).class,rustme/llIIIlIiiI,rustme/IillilIiiI,,35,9,14179,,,
llIIIlIilI(7).class,rustme/llIIIlIilI,java/lang/Object,,0,1,174,,,
llIIIlIliI(15).class,rustme/llIIIlIliI,kotlin/coroutines/jvm/internal/ContinuationImpl,,2,3,1428,Kotlin internals,,
llIIIliIiI(11).class,rustme/llIIIliIiI,java/lang/Object,rustme/IiiIlIiIiI,3,1,1369,,,
llIIIliiII(27).class,rustme/llIIIliiII,java/lang/Object,kotlin/jvm/functions/Function1,5,1,3374,Kotlin internals,,
llIIIlilII(19).class,rustme/llIIIlilII,java/lang/Object,,0,2,196,,,
llIIIliliI(7).class,rustme/llIIIliliI,rustme/iiIliiIliI,rustme/llIiIlIliI,32,15,23323,Kotlin internals,,
llIIIllIiI(15).class,rustme/llIIIllIiI,rustme/llIiIllIiI,,7,0,2062,,,
llIIIlliII(19).class,rustme/llIIIlliII,java/lang/Object,,0,7,299,,,
llIIIlliiI(7).class,rustme/llIIIlliiI,rustme/IIlIIlliiI,,2,0,921,,,
llIIIlllII(11).class,rustme/llIIIlllII,java/lang/Object,,0,1,174,,,
llIIIllliI(7).class,rustme/llIIIllliI,java/lang/Object,kotlin/jvm/functions/Function1,5,1,4024,Kotlin internals,,
llIIiIIIII(75).class,rustme/llIIiIIIII,java/lang/Object,,0,3,215,,,
llIIiIIIiI(27).class,rustme/llIIiIIIiI,rustme/llliiIIIiI,,11,0,6008,,,
llIIiIIiII(59).class,rustme/llIIiIIiII,java/lang/Enum,,7,16,3368,Kotlin internals,,
llIIiIIilI(13).class,rustme/llIIiIIilI,java/lang/Object,,0,1,174,,,
llIIiIIliI(27).class,rustme/llIIiIIliI,rustme/IliIIiIliI,,11,3,7749,GUI/Screen;Kotlin internals,,
llIIiIiIiI(11).class,rustme/llIIiIiIiI,java/lang/Object,,19,58,8924,,,
llIIiIiiII(43).class,rustme/llIIiIiiII,java/lang/Object,kotlin/jvm/functions/Function1,5,1,1751,Kotlin internals,,
llIIiIilII(37).class,rustme/llIIiIilII,java/lang/Object,,0,4,240,,,
llIIiIiliI(11).class,rustme/llIIiIiliI,rustme/liIliIiliI,,6,8,2730,Kotlin internals,,
llIIiIlIiI(27).class,rustme/llIIiIlIiI,java/lang/Object,,6,2,1509,,,
llIIiIliII(37).class,rustme/llIIiIliII,java/lang/Object,,0,5,257,,,
llIIiIliiI(11).class,rustme/llIIiIliiI,java/lang/Object,rustme/lllIiIliiI,5,1,1299,,,
llIIiIllII(21).class,rustme/llIIiIllII,java/lang/Object,,0,1,174,,,
llIIiIlliI(11).class,rustme/llIIiIlliI,java/lang/Object,kotlin/jvm/functions/Function0,4,1,954,Kotlin internals,,
llIIiiIIiI(19).class,rustme/llIIiiIIiI,java/lang/Object,com/google/common/base/Predicate,3,0,921,,,
llIIiiIiII(51).class,rustme/llIIiiIiII,java/lang/Object,kotlin/jvm/functions/Function1,5,1,1468,Kotlin internals,,
llIIiiIlII(41).class,rustme/llIIiiIlII,java/lang/Object,,0,12,416,,,
llIIiiIliI(19).class,rustme/llIIiiIliI,java/lang/Object,,15,11,9598,Kotlin internals,,
llIIiiiIII(63).class,rustme/llIIiiiIII,java/lang/Object,,0,1,173,,,
llIIiiiIiI(3).class,rustme/llIIiiiIiI,rustme/iIlIiiiIiI,,7,1,2009,Texture,,
llIIiiiiII(35).class,rustme/llIIiiiiII,java/lang/Object,kotlin/jvm/functions/Function1,5,1,1511,Kotlin internals,,
llIIiiiilI(1).class,rustme/llIIiiiilI,java/lang/Object,,0,1,174,,,
llIIiiiliI(3).class,rustme/llIIiiiliI,java/lang/Object,rustme/iilIiiiliI,4,3,1821,,,
llIIiilIII(41).class,rustme/llIIiilIII,java/lang/Object,,0,1,173,,,
llIIiilIiI(19).class,rustme/llIIiilIiI,rustme/lliiiilIiI,,13,5,4532,,,
llIIiiliiI(3).class,rustme/llIIiiliiI,rustme/IilIiiliiI,,2,0,1012,,,
llIIiililI(1).class,rustme/llIIiililI,java/lang/Object,,0,1,174,,,
llIIiilliI(3).class,rustme/llIIiilliI,java/lang/Object,kotlin/jvm/functions/Function1,5,2,3810,Kotlin internals,,
llIIilIIiI(15).class,rustme/llIIilIIiI,java/lang/Object,rustme/llillIIIiI,15,7,3194,,,
llIIilIiII(29).class,rustme/llIIilIiII,java/lang/Object,,0,17,509,,,
llIIilIlII(21).class,rustme/llIIilIlII,java/lang/Object,,0,1,174,,,
llIIilIliI(11).class,rustme/llIIilIliI,java/lang/Enum,,10,8,3480,Kotlin internals,,
llIIiliIII(33).class,rustme/llIIiliIII,java/lang/Object,,0,4,236,,,
llIIiliIiI(7).class,rustme/llIIiliIiI,java/lang/Object,com/google/common/base/Predicate,3,1,1182,,,
llIIiliiII(23).class,rustme/llIIiliiII,java/lang/Object,kotlin/jvm/functions/Function1,5,1,1641,Kotlin internals,,
llIIiliilI(1).class,rustme/llIIiliilI,java/lang/Object,,0,1,174,,,
llIIililiI(3).class,rustme/llIIililiI,rustme/IlilIIIliI,,2,1,4233,Kotlin internals,,
llIIillIII(21).class,rustme/llIIillIII,java/lang/Object,,0,6,278,,,
llIIillIiI(11).class,rustme/llIIillIiI,java/lang/Enum,,7,4,1735,,,
llIIilliiI(3).class,rustme/llIIilliiI,java/lang/Object,com/google/gson/JsonDeserializer,14,0,7801,,,
llIIillliI(3).class,rustme/llIIillliI,java/lang/Object,kotlin/jvm/functions/Function1,5,1,1672,Kotlin internals,,
llIIlIIIII(37).class,rustme/llIIlIIIII,java/lang/Object,,0,2,194,,,
llIIlIIIiI(15).class,rustme/llIIlIIIiI,io/netty/handler/codec/MessageToByteEncoder,,3,0,1882,,,
llIIlIIilI(7).class,rustme/llIIlIIilI,java/lang/Object,,0,1,174,,,
llIIlIIliI(15).class,rustme/llIIlIIliI,java/lang/Object,kotlin/jvm/functions/Function1,5,2,3775,Kotlin internals,,
llIIlIiIiI(7).class,rustme/llIIlIiIiI,java/lang/Object,rustme/lilIlIiIiI,7,0,3026,,,
llIIlIiiII(23).class,rustme/llIIlIiiII,java/lang/Object,kotlin/jvm/functions/Function1,5,1,1563,Kotlin internals,,
llIIlIilII(19).class,rustme/llIIlIilII,java/lang/Object,,0,4,240,,,
llIIlIiliI(7).class,rustme/llIIlIiliI,java/lang/Object,,4,6,2716,Kotlin internals,,
llIIlIlIiI(15).class,rustme/llIIlIlIiI,java/lang/Object,,3,9,1902,,,
llIIlIliII(19).class,rustme/llIIlIliII,java/lang/Object,,0,1,173,,,
llIIlIliiI(7).class,rustme/llIIlIliiI,rustme/lililIliiI,,4,4,2414,Particles,,
llIIlIllII(11).class,rustme/llIIlIllII,java/lang/Object,,0,1,174,,,
llIIlIlliI(7).class,rustme/llIIlIlliI,java/lang/Object,kotlin/jvm/functions/Function1,5,1,1541,Kotlin internals,,
llIIliIIiI(11).class,rustme/llIIliIIiI,java/lang/Object,rustme/lIIIliIIiI,28,4,4615,,,
llIIliIiII(27).class,rustme/llIIliIiII,rustme/iIllIiIiII,,3,0,1536,Kotlin internals,,
llIIliIlII(21).class,rustme/llIIliIlII,java/lang/Object,,0,2,196,,,
llIIliIliI(11).class,rustme/llIIliIliI,java/lang/Object,,5,2,1736,Kotlin internals,,
llIIliiIII(31).class,rustme/llIIliiIII,java/lang/Object,,0,1,173,,,
llIIliiIiI(3).class,rustme/llIIliiIiI,java/lang/Object,,1,1,873,,,
llIIliiiII(19).class,rustme/llIIliiiII,java/lang/Object,,16,13,14094,Kotlin internals,,
llIIliiilI(1).class,rustme/llIIliiilI,java/lang/Object,,0,1,174,,,
llIIliiliI(3).class,rustme/llIIliiliI,rustme/lliiiiiIiI,,7,0,2755,Kotlin internals,,
llIIlilIII(21).class,rustme/llIIlilIII,java/lang/Object,,0,3,215,,,
llIIlilIiI(11).class,rustme/llIIlilIiI,rustme/IilIlilIiI,,26,0,3101,,,
llIIliliiI(3).class,rustme/llIIliliiI,java/lang/Object,rustme/IiIiiIliiI,2,1,938,GUI/Screen,,
llIIlililI(1).class,rustme/llIIlililI,java/lang/Object,,0,3,218,,,
llIIlilliI(3).class,rustme/llIIlilliI,java/lang/Object,,3,0,1886,Kotlin internals,,
llIIllIIiI(11).class,rustme/llIIllIIiI,java/lang/Object,,64,20,30326,,,
llIIllIiII(17).class,rustme/llIIllIiII,java/lang/Object,,0,14,446,,,
llIIllIiiI(3).class,rustme/llIIllIiiI,rustme/IIiIllIiiI,,10,1,3975,,,
llIIllIlII(11).class,rustme/llIIllIlII,java/lang/Object,,0,1,174,,,
llIIllIliI(7).class,rustme/llIIllIliI,java/lang/Object,,1,1,1063,Kotlin internals,,
llIIlliIII(19).class,rustme/llIIlliIII,java/lang/Object,,0,6,278,,,
llIIlliIiI(7).class,rustme/llIIlliIiI,java/lang/Object,com/google/common/base/Predicate,3,1,1194,,,
llIIlliiII(15).class,rustme/llIIlliiII,java/lang/Object,kotlin/jvm/functions/Function1,5,1,1620,Kotlin internals,,
llIIlliilI(1).class,rustme/llIIlliilI,java/lang/Object,,0,1,174,,,
llIIlliliI(3).class,rustme/llIIlliliI,rustme/iiIliiIliI,rustme/llIiIlIliI,91,22,49607,Kotlin internals,,
llIIlllIII(11).class,rustme/llIIlllIII,java/lang/Object,,0,1,174,,,
llIIlllIiI(7).class,rustme/llIIlllIiI,java/lang/Thread,,4,2,1273,,,
llIIllliiI(3).class,rustme/llIIllliiI,java/lang/Object,,2,0,207,,,
llIIlllliI(3).class,rustme/llIIlllliI,java/lang/Object,kotlin/jvm/functions/Function1,5,1,1479,Kotlin internals,,
llIiIIIIII(76).class,rustme/llIiIIIIII,java/lang/Object,,0,4,236,,,
llIiIIIIiI(29).class,rustme/llIiIIIIiI,rustme/liIIiIIIiI,,2,0,442,,,
llIiIIIilI(14).class,rustme/llIiIIIilI,java/lang/Object,,0,1,174,,,
llIiIIIliI(29).class,rustme/llIiIIIliI,java/lang/Object,,3,0,1569,Kotlin internals,,
llIiIIiIiI(13).class,rustme/llIiIIiIiI,rustme/IIlliIiIiI,,9,0,5017,Particles,,
llIiIIiiII(45).class,rustme/llIiIIiiII,java/lang/Object,kotlin/jvm/functions/Function1,5,1,1482,Kotlin internals,,
llIiIIilII(38).class,rustme/llIiIIilII,java/lang/Object,,0,6,284,,,
llIiIIiliI(13).class,rustme/llIiIIiliI,java/lang/Object,,4,3,1600,Kotlin internals,,
llIiIIlIiI(29).class,rustme/llIiIIlIiI,rustme/IIIiIIlIiI,,2,4,2307,,,
llIiIIliII(38).class,rustme/llIiIIliII,java/lang/Object,,0,2,194,,,
llIiIIliiI(13).class,rustme/llIiIIliiI,rustme/lIlliIliiI,,4,39,11002,,,
llIiIIllII(22).class,rustme/llIiIIllII,java/lang/Object,,0,1,174,,,
llIiIIlliI(13).class,rustme/llIiIIlliI,java/lang/Object,kotlin/jvm/functions/Function1,5,1,2224,Kotlin internals,,
llIiIiIIiI(21).class,rustme/llIiIiIIiI,rustme/lIlIIliIiI,rustme/IIllIliIiI;rustme/lIllIliIiI,59,18,26484,,,
llIiIiIiII(53).class,rustme/llIiIiIiII,java/lang/Object,kotlin/jvm/functions/Function1,5,1,3833,Kotlin internals,,
llIiIiIlII(42).class,rustme/llIiIiIlII,java/lang/Object,,0,11,394,,,
llIiIiIliI(21).class,rustme/llIiIiIliI,java/lang/Object,,5,0,1509,Kotlin internals,,
llIiIiiIII(64).class,rustme/llIiIiiIII,java/lang/Object,,0,1,173,,,
llIiIiiIiI(5).class,rustme/llIiIiiIiI,rustme/ilIiiiiIiI,,8,6,2831,Texture,,
llIiIiiiII(37).class,rustme/llIiIiiiII,java/lang/Object,kotlin/jvm/functions/Function1,5,1,2784,Kotlin internals,,
llIiIiiilI(2).class,rustme/llIiIiiilI,java/lang/Object,,0,1,174,,,
llIiIiiliI(5).class,rustme/llIiIiiliI,rustme/iiliIiiliI,,1,0,529,,,
llIiIilIII(42).class,rustme/llIiIilIII,java/lang/Object,,0,7,299,,,
llIiIilIiI(21).class,rustme/llIiIilIiI,java/lang/Object,,0,0,131,,,
llIiIiliiI(5).class,rustme/llIiIiliiI,rustme/IllIiiliiI,,14,1,4768,,,
llIiIililI(2).class,rustme/llIiIililI,java/lang/Object,,0,1,174,,,
llIiIilliI(5).class,rustme/llIiIilliI,java/lang/Object,rustme/IIliIilliI,2,0,1042,Kotlin internals,,
llIiIlIIiI(17).class,rustme/llIiIlIIiI,java/lang/Object,rustme/llillIIIiI,14,9,3374,,,
llIiIlIiII(30).class,rustme/llIiIlIiII,java/lang/Object,,0,4,236,,,
llIiIlIiiI(1).class,rustme/llIiIlIiiI,rustme/IillilIiiI,,17,3,6085,,,
llIiIlIlII(22).class,rustme/llIiIlIlII,java/lang/Object,,0,1,174,,,
llIiIlIliI(13).class,rustme/llIiIlIliI,java/lang/Object,,1,0,433,Kotlin internals,,
llIiIliIII(34).class,rustme/llIiIliIII,java/lang/Object,,0,12,404,,,
llIiIliIiI(9).class,rustme/llIiIliIiI,java/lang/Object,,10,1,4185,,,
llIiIliiII(25).class,rustme/llIiIliiII,java/lang/Object,kotlin/jvm/functions/Function1,5,1,1609,Kotlin internals,,
llIiIliilI(2).class,rustme/llIiIliilI,java/lang/Object,,0,1,174,,,
llIiIliliI(5).class,rustme/llIiIliliI,java/lang/Object,rustme/liiiililiI,40,7,14760,Kotlin internals,,
llIiIllIII(22).class,rustme/llIiIllIII,java/lang/Object,,0,2,194,,,
llIiIllIiI(13).class,rustme/llIiIllIiI,java/lang/Object,,11,4,2097,,,
llIiIlliiI(5).class,rustme/llIiIlliiI,java/lang/Object,com/google/common/base/Function,3,0,1263,,,
llIiIllliI(5).class,rustme/llIiIllliI,java/lang/Object,kotlin/jvm/functions/Function1,5,1,1900,Kotlin internals,,
llIiiIIIiI(25).class,rustme/llIiiIIIiI,java/lang/Object,rustme/liIiIIIIiI,2,0,757,,,
llIiiIIiII(57).class,rustme/llIiiIIiII,java/lang/Enum,,7,4,1956,Kotlin internals,,
llIiiIIlII(44).class,rustme/llIiiIIlII,java/lang/Object,,0,5,262,,,
llIiiIIliI(25).class,rustme/llIiiIIliI,java/lang/Object,kotlin/jvm/functions/Function0,3,3,2296,Kotlin internals,,
llIiiIiIII(66).class,rustme/llIiiIiIII,java/lang/Object,,0,9,341,,,
llIiiIiIiI(9).class,rustme/llIiiIiIiI,rustme/lllililIiI,,2,1,841,,,
llIiiIiiII(41).class,rustme/llIiiIiiII,java/lang/Object,kotlin/jvm/functions/Function1,5,1,4125,Kotlin internals,,
llIiiIiilI(4).class,rustme/llIiiIiilI,java/lang/Object,,0,1,174,,,
llIiiIiliI(9).class,rustme/llIiiIiliI,java/lang/Object,rustme/IIlililliI,10,1,5913,Kotlin internals,,
llIiiIlIII(44).class,rustme/llIiiIlIII,java/lang/Object,,0,4,236,,,
llIiiIlIiI(25).class,rustme/llIiiIlIiI,java/lang/Object,,15,4,6682,World gen,,
llIiiIliiI(9).class,rustme/llIiiIliiI,rustme/IiliiIliiI,,6,4,2770,GUI/Screen;Texture,,
llIiiIlilI(4).class,rustme/llIiiIlilI,java/lang/Object,,0,3,218,,,
llIiiIlliI(9).class,rustme/llIiiIlliI,java/lang/Object,kotlin/jvm/functions/Function1,5,1,1766,Kotlin internals,,
llIiiiIIII(70).class,rustme/llIiiiIIII,java/lang/Object,,0,6,278,,,
llIiiiIIiI(17).class,rustme/llIiiiIIiI,rustme/iliIiliIiI,,3,1,1246,,,
llIiiiIiII(49).class,rustme/llIiiiIiII,java/lang/Object,kotlin/jvm/functions/Function1,5,1,2020,Kotlin internals,,
llIiiiIilI(8).class,rustme/llIiiiIilI,java/lang/Object,,0,1,174,,,
llIiiiIliI(17).class,rustme/llIiiiIliI,java/lang/Object,kotlin/jvm/functions/Function1,5,1,1476,Kotlin internals,,
llIiiiiIiI(1).class,rustme/llIiiiiIiI,rustme/lliiiiiIiI,,12,2,3845,Texture,,
llIiiiiiII(33).class,rustme/llIiiiiiII,java/lang/Object,kotlin/jvm/functions/Function1,5,1,1482,Kotlin internals,,
llIiiiilII(32).class,rustme/llIiiiilII,java/lang/Object,,0,3,218,,,
llIiiiiliI(1).class,rustme/llIiiiiliI,java/lang/Object,,29,23,6910,,,
llIiiilIiI(17).class,rustme/llIiiilIiI,java/lang/Enum,,6,4,1469,,,
llIiiiliII(32).class,rustme/llIiiiliII,java/lang/Object,,0,1,173,,,
llIiiiliiI(1).class,rustme/llIiiiliiI,java/lang/Enum,rustme/ililIilIiI,8,4,1795,,,
llIiiillII(16).class,rustme/llIiiillII,java/lang/Object,,0,1,174,,,
llIiiilliI(1).class,rustme/llIiiilliI,java/lang/Object,,11,1,9262,Kotlin internals,,
llIiilIIII(36).class,rustme/llIiilIIII,java/lang/Object,,0,12,404,,,
llIiilIIiI(13).class,rustme/llIiilIIiI,java/lang/Object,rustme/llillIIIiI,8,2,1501,,,
llIiilIilI(4).class,rustme/llIiilIilI,java/lang/Object,,0,1,174,,,
llIiilIliI(9).class,rustme/llIiilIliI,java/lang/Object,kotlin/jvm/functions/Function1,5,2,3787,Kotlin internals,,
llIiiliIiI(5).class,rustme/llIiiliIiI,java/lang/Enum,,7,13,3421,,,
llIiiliiII(21).class,rustme/llIiiliiII,java/lang/Object,kotlin/jvm/functions/Function1,5,1,3519,Kotlin internals,,
llIiililII(16).class,rustme/llIiililII,java/lang/Object,,0,2,196,,,
llIiililiI(1).class,rustme/llIiililiI,rustme/IlilIIIliI,,2,3,2584,Kotlin internals,,
llIiillIiI(9).class,rustme/llIiillIiI,java/lang/Object,,4,0,468,,,
llIiilliII(16).class,rustme/llIiilliII,java/lang/Object,,0,1,173,,,
llIiilliiI(1).class,rustme/llIiilliiI,java/lang/Object,rustme/iililIliiI,2,0,714,Particles,,
llIiilllII(8).class,rustme/llIiilllII,java/lang/Object,,0,1,174,,,
llIiillliI(1).class,rustme/llIiillliI,java/lang/Object,kotlin/jvm/functions/Function1,5,1,3116,Kotlin internals,,
llIilIIIiI(13).class,rustme/llIilIIIiI,java/lang/Object,,0,0,220,,,
llIilIIiII(28).class,rustme/llIilIIiII,java/lang/Object,,0,1,173,,,
llIilIIlII(22).class,rustme/llIilIIlII,java/lang/Object,,0,1,174,,,
llIilIIliI(13).class,rustme/llIilIIliI,rustme/IililIIliI,,2,0,1705,Kotlin internals,,
llIilIiIII(32).class,rustme/llIilIiIII,java/lang/Object,,0,1,173,,,
llIilIiIiI(5).class,rustme/llIilIiIiI,java/lang/Object,rustme/IiiIlIiIiI,3,0,1495,,,
llIilIiiII(21).class,rustme/llIilIiiII,java/lang/Object,kotlin/jvm/functions/Function1,5,1,1474,Kotlin internals,,
llIilIiilI(2).class,rustme/llIilIiilI,java/lang/Object,,0,1,174,,,
llIilIiliI(5).class,rustme/llIilIiliI,java/lang/Object,,7,4,2348,Kotlin internals;Sounds,,
llIilIlIII(22).class,rustme/llIilIlIII,java/lang/Object,,0,15,467,,,
llIilIlIiI(13).class,rustme/llIilIlIiI,rustme/llllIIlIiI,,4,1,1716,Recipes,,
llIilIliiI(5).class,rustme/llIilIliiI,rustme/lililIliiI,,3,0,2738,Particles,,
llIilIlliI(5).class,rustme/llIilIlliI,java/lang/Object,kotlin/jvm/functions/Function1,5,1,1962,Kotlin internals,,
llIiliIIII(34).class,rustme/llIiliIIII,java/lang/Object,,0,3,215,,,
llIiliIIiI(9).class,rustme/llIiliIIiI,rustme/lllIliIIiI,,4,0,882,,,
llIiliIiII(25).class,rustme/llIiliIiII,java/lang/Object,rustme/lIIlIiIiII,10,2,2970,Kotlin internals,,
llIiliIilI(4).class,rustme/llIiliIilI,java/lang/Object,,0,1,174,,,
llIiliIliI(9).class,rustme/llIiliIliI,java/lang/Object,,2,0,950,Kotlin internals,,
llIiliiIiI(1).class,rustme/llIiliiIiI,java/lang/Object,java/lang/Comparable,10,6,2615,,,
llIiliiiII(17).class,rustme/llIiliiiII,java/lang/Object,kotlin/jvm/functions/Function1,5,1,1598,Kotlin internals,,
llIiliilII(16).class,rustme/llIiliilII,java/lang/Object,,0,1,174,,,
llIiliiliI(1).class,rustme/llIiliiliI,rustme/iililiiliI,,6,0,1944,Kotlin internals,,
llIililIiI(9).class,rustme/llIililIiI,java/lang/Object,,0,0,220,,,
llIililiII(16).class,rustme/llIililiII,java/lang/Object,,0,2,194,,,
llIililiiI(1).class,rustme/llIililiiI,java/lang/Object,rustme/ilIililiiI,2,1,750,,,
llIilillII(8).class,rustme/llIilillII,java/lang/Object,,0,1,174,,,
llIililliI(1).class,rustme/llIililliI,java/lang/Object,,15,4,4330,Kotlin internals,,
llIillIIII(20).class,rustme/llIillIIII,java/lang/Object,,0,4,236,,,
llIillIIiI(9).class,rustme/llIillIIiI,rustme/ilIillIIiI,,3,0,588,,,
llIillIiiI(1).class,rustme/llIillIiiI,rustme/IillilIiiI,,13,2,5533,,,
llIillIilI(2).class,rustme/llIillIilI,java/lang/Object,,0,1,174,,,
llIillIliI(5).class,rustme/llIillIliI,java/lang/Object,,2,4,872,Kotlin internals,,
llIilliIiI(5).class,rustme/llIilliIiI,rustme/IiiiiilIiI,,9,1,2081,,,
llIilliiII(13).class,rustme/llIilliiII,java/lang/Object,kotlin/jvm/functions/Function1,5,1,1899,Kotlin internals,,
llIillilII(8).class,rustme/llIillilII,java/lang/Object,,0,4,240,,,
llIilliliI(1).class,rustme/llIilliliI,kotlin/jvm/internal/MutablePropertyReference1Impl,,5,1,1397,Kotlin internals,,
llIilllIiI(5).class,rustme/llIilllIiI,java/lang/Object,rustme/lIlilllIiI,4,3,1801,,,
llIillliII(8).class,rustme/llIillliII,java/lang/Object,,0,4,236,,,
llIillliiI(1).class,rustme/llIillliiI,java/lang/Object,rustme/liiIllliiI,2,0,1275,,,
llIillllII(4).class,rustme/llIillllII,java/lang/Object,,0,1,174,,,
llIilllliI(1).class,rustme/llIilllliI,java/lang/Object,,35,32,33353,Kotlin internals,,
llIlIIIIII(38).class,rustme/llIlIIIIII,java/lang/Object,,0,26,698,,,
llIlIIIIiI(15).class,rustme/llIlIIIIiI,java/lang/Object,rustme/IlIlIIIIiI,8,0,1864,,,
llIlIIIilI(7).class,rustme/llIlIIIilI,java/lang/Object,,0,1,174,,,
llIlIIIliI(15).class,rustme/llIlIIIliI,java/lang/Object,,7,0,1692,Kotlin internals,,
llIlIIiIiI(7).class,rustme/llIlIIiIiI,rustme/IIlliIiIiI,,7,0,2175,,,
llIlIIiiII(23).class,rustme/llIlIIiiII,java/lang/Object,kotlin/jvm/functions/Function1,5,1,1496,Kotlin internals,,
llIlIIilII(19).class,rustme/llIlIIilII,java/lang/Object,,0,4,240,,,
llIlIIiliI(7).class,rustme/llIlIIiliI,java/lang/Object,,12,37,14414,Kotlin internals,,
llIlIIlIiI(15).class,rustme/llIlIIlIiI,rustme/iIIlIIlIiI,,7,0,2202,,,
llIlIIliII(19).class,rustme/llIlIIliII,java/lang/Object,,0,40,992,,,
llIlIIliiI(7).class,rustme/llIlIIliiI,java/lang/Object,rustme/IiiIlIiIiI,3,1,1338,,,
llIlIIllII(11).class,rustme/llIlIIllII,java/lang/Object,,0,1,174,,,
llIlIIlliI(7).class,rustme/llIlIIlliI,java/lang/Object,kotlin/jvm/functions/Function1,5,1,1972,Kotlin internals,,
llIlIiIIiI(11).class,rustme/llIlIiIIiI,rustme/llIIlIiIiI,,2,0,1918,,,
llIlIiIiII(27).class,rustme/llIlIiIiII,rustme/IillIiIiII,rustme/lillIiIiII,6,2,4279,Kotlin internals,,
llIlIiIlII(21).class,rustme/llIlIiIlII,java/lang/Object,,0,21,614,,,
llIlIiIliI(11).class,rustme/llIlIiIliI,rustme/IliIIiIliI,,7,7,6721,Kotlin internals,,
llIlIiiIII(32).class,rustme/llIlIiiIII,java/lang/Object,,0,16,488,,,
llIlIiiIiI(3).class,rustme/llIlIiiIiI,java/lang/Object,rustme/iIlIIIlIiI;rustme/IIIiiIiIiI,84,83,83129,,,
llIlIiiiII(19).class,rustme/llIlIiiiII,java/lang/Object,kotlin/jvm/functions/Function1,5,1,1714,Kotlin internals,,
llIlIiiilI(1).class,rustme/llIlIiiilI,java/lang/Object,,0,1,174,,,
llIlIiiliI(3).class,rustme/llIlIiiliI,rustme/iillIiiliI,,3,0,1348,Kotlin internals,,
llIlIilIII(21).class,rustme/llIlIilIII,java/lang/Object,,0,1,173,,,
llIlIilIiI(11).class,rustme/llIlIilIiI,java/lang/Object,java/lang/Iterable,2,6,1007,,,
llIlIiliiI(3).class,rustme/llIlIiliiI,rustme/lIllIiliiI,rustme/IlIlIiliiI,2,1,539,,,
llIlIililI(1).class,rustme/llIlIililI,java/lang/Object,,0,3,218,,,
llIlIilliI(3).class,rustme/llIlIilliI,java/lang/Object,,2,4,984,Kotlin internals,,
llIlIlIIiI(10).class,rustme/llIlIlIIiI,java/lang/Object,,0,0,220,,,
llIlIlIiII(16).class,rustme/llIlIlIiII,java/lang/Object,,0,1,173,,,
llIlIlIiiI(2).class,rustme/llIlIlIiiI,java/lang/Enum,,7,3,1599,,,
llIlIlIlII(11).class,rustme/llIlIlIlII,java/lang/Object,,0,1,174,,,
llIlIlIliI(7).class,rustme/llIlIlIliI,java/lang/Object,,4,0,1112,Kotlin internals,,
llIlIliIII(18).class,rustme/llIlIliIII,java/lang/Object,,0,6,278,,,
llIlIliIiI(6).class,rustme/llIlIliIiI,java/lang/Enum,,10,10,2630,,,
llIlIliiII(14).class,rustme/llIlIliiII,java/lang/Object,kotlin/jvm/functions/Function1,5,1,1495,Kotlin internals,,
llIlIliilI(1).class,rustme/llIlIliilI,java/lang/Object,,0,3,218,,,
llIlIliliI(3).class,rustme/llIlIliliI,java/lang/Object,kotlin/jvm/functions/Function0,3,1,1328,Kotlin internals,,
llIlIllIII(11).class,rustme/llIlIllIII,java/lang/Object,,0,11,394,,,
llIlIllIiI(7).class,rustme/llIlIllIiI,rustme/llIiIllIiI,,7,0,2816,,,
llIlIlliiI(3).class,rustme/llIlIlliiI,java/lang/Object,,56,25,19800,,,
llIlIllliI(3).class,rustme/llIlIllliI,java/lang/Object,kotlin/jvm/functions/Function1,5,1,4197,Kotlin internals,,
llIliIIIiI(13).class,rustme/llIliIIIiI,rustme/iIlliIIIiI,,8,1,3194,,,
llIliIIiII(29).class,rustme/llIliIIiII,java/lang/Object,,4,6,1499,Kotlin internals,,
llIliIIlII(22).class,rustme/llIliIIlII,java/lang/Object,,0,1,174,,,
llIliIIliI(13).class,rustme/llIliIIliI,java/lang/Object,,2,0,797,Kotlin internals,,
llIliIiIII(33).class,rustme/llIliIiIII,java/lang/Object,,0,1,173,,,
llIliIiIiI(5).class,rustme/llIliIiIiI,java/lang/Object,it/unimi/dsi/fastutil/ints/IntComparator,4,2,1305,,,
llIliIiiII(21).class,rustme/llIliIiiII,java/lang/Object,kotlin/jvm/functions/Function1,5,1,1880,Kotlin internals,,
llIliIiilI(2).class,rustme/llIliIiilI,java/lang/Object,,0,1,174,,,
llIliIiliI(5).class,rustme/llIliIiliI,java/lang/Object,,1,1,604,Kotlin internals,,
llIliIlIII(22).class,rustme/llIliIlIII,java/lang/Object,,0,28,740,,,
llIliIlIiI(13).class,rustme/llIliIlIiI,rustme/IIlliIlIiI,,2,0,1479,,,
llIliIliiI(5).class,rustme/llIliIliiI,java/lang/Object,,1,2,1059,,,
llIliIlilI(2).class,rustme/llIliIlilI,java/lang/Object,,0,4,240,,,
llIliIlliI(5).class,rustme/llIliIlliI,java/lang/Object,kotlin/jvm/functions/Function1,5,1,1964,Kotlin internals,,
llIliiIIII(35).class,rustme/llIliiIIII,java/lang/Object,,0,8,320,,,
llIliiIIiI(9).class,rustme/llIliiIIiI,java/lang/Object,com/google/common/base/Predicate,3,0,1306,,,
llIliiIiII(25).class,rustme/llIliiIiII,java/lang/Object,kotlin/jvm/functions/Function1,5,1,2688,Kotlin internals,,
llIliiIilI(4).class,rustme/llIliiIilI,java/lang/Object,,0,1,174,,,
llIliiIliI(9).class,rustme/llIliiIliI,rustme/IliIIiIliI,,2,0,1635,Kotlin internals,,
llIliiiIiI(1).class,rustme/llIliiiIiI,rustme/iIlIiiiIiI,,18,1,6558,Texture,,
llIliiiiII(17).class,rustme/llIliiiiII,java/lang/Object,kotlin/jvm/functions/Function1,5,1,1769,Kotlin internals,,
llIliiilII(16).class,rustme/llIliiilII,java/lang/Object,,0,1,174,,,
llIliiiliI(1).class,rustme/llIliiiliI,rustme/lilliiiliI,,1,2,483,,,
llIliilIiI(9).class,rustme/llIliilIiI,java/lang/Object,rustme/IlIiIilIiI,5,0,1803,,,
llIliiliII(16).class,rustme/llIliiliII,java/lang/Object,,0,6,278,,,
llIliiliiI(1).class,rustme/llIliiliiI,rustme/IillilIiiI,,11,1,3895,,,
llIliillII(8).class,rustme/llIliillII,java/lang/Object,,0,3,218,,,
llIliilliI(1).class,rustme/llIliilliI,java/lang/Object,java/util/Comparator,2,0,1595,Kotlin internals,,
llIlilIIII(19).class,rustme/llIlilIIII,java/lang/Object,,0,3,215,,,
llIlilIIiI(8).class,rustme/llIlilIIiI,java/lang/Object,rustme/llillIIIiI,17,5,3261,,,
llIlilIiiI.class,rustme/llIlilIiiI,java/lang/Object,,1,1,828,,,
llIlilIilI(2).class,rustme/llIlilIilI,java/lang/Object,,0,1,174,,,
llIlilIliI(5).class,rustme/llIlilIliI,java/lang/Object,kotlin/jvm/functions/Function1,4,1,1192,Kotlin internals,,
llIliliIiI(4).class,rustme/llIliliIiI,rustme/iliIiliIiI,,6,5,2936,,,
llIliliiII(12).class,rustme/llIliliiII,java/lang/Object,kotlin/jvm/functions/Function1,5,1,1724,Kotlin internals,,
llIlililII(8).class,rustme/llIlililII,java/lang/Object,,0,2,196,,,
llIlililiI(1).class,rustme/llIlililiI,java/lang/Object,kotlin/jvm/functions/Function1,5,1,2658,Kotlin internals,,
llIlillIiI(5).class,rustme/llIlillIiI,java/lang/Object,,8,2,4371,GUI/Screen,,
llIlilliII(8).class,rustme/llIlilliII,java/lang/Object,,0,7,299,,,
llIlilliiI(1).class,rustme/llIlilliiI,java/lang/Object,rustme/lliiliiIiI,2,2,1371,,,
llIlilllII(4).class,rustme/llIlilllII,java/lang/Object,,0,1,174,,,
llIlillliI(1).class,rustme/llIlillliI,java/lang/Object,kotlin/jvm/functions/Function1,5,1,2053,Kotlin internals,,
llIllIIIiI(7).class,rustme/llIllIIIiI,java/lang/Object,rustme/llillIIIiI,7,1,1567,,,
llIllIIiII(14).class,rustme/llIllIIiII,java/lang/Object,,0,1,173,,,
llIllIIlII(11).class,rustme/llIllIIlII,java/lang/Object,,0,1,174,,,
llIllIIliI(7).class,rustme/llIllIIliI,kotlin/jvm/internal/FunctionReferenceImpl,kotlin/jvm/functions/Function0,5,1,1274,Kotlin internals,,
llIllIiIII(16).class,rustme/llIllIiIII,java/lang/Object,,0,1,173,,,
llIllIiIiI(3).class,rustme/llIllIiIiI,java/lang/Object,rustme/IlIllIiIiI,2,2,707,,,
llIllIiiII(11).class,rustme/llIllIiiII,java/lang/Object,kotlin/jvm/functions/Function1,5,1,1506,Kotlin internals,,
llIllIiilI(1).class,rustme/llIllIiilI,java/lang/Object,,0,1,174,,,
llIllIiliI(3).class,rustme/llIllIiliI,java/lang/Object,,29,19,25677,Kotlin internals,,
llIllIlIII(11).class,rustme/llIllIlIII,java/lang/Object,,0,1,173,,,
llIllIlIiI(7).class,rustme/llIllIlIiI,java/lang/Object,rustme/IiiIlIiIiI,3,1,1081,,,
llIllIliiI(3).class,rustme/llIllIliiI,java/lang/Object,rustme/IiiIlIiIiI,5,1,1644,Particles,,
llIllIlliI(3).class,rustme/llIllIlliI,java/lang/Object,kotlin/jvm/functions/Function1,5,1,2022,Kotlin internals,,
llIlliIIII(17).class,rustme/llIlliIIII,java/lang/Object,,0,3,215,,,
llIlliIIiI(5).class,rustme/llIlliIIiI,java/lang/Object,,1,0,454,,,
llIlliIiII(13).class,rustme/llIlliIiII,java/lang/Object,rustme/lIIlIiIiII,1,0,626,Kotlin internals,,
llIlliIilI(2).class,rustme/llIlliIilI,java/lang/Object,,0,1,174,,,
llIlliIliI(5).class,rustme/llIlliIliI,rustme/IliIIiIliI,,6,6,10808,Kotlin internals,,
llIlliiIiI(1).class,rustme/llIlliiIiI,java/lang/Object,,0,0,131,,,
llIlliiiII(9).class,rustme/llIlliiiII,java/lang/Object,kotlin/jvm/functions/Function1,5,1,1952,Kotlin internals,,
llIlliilII(8).class,rustme/llIlliilII,java/lang/Object,,0,6,284,,,
llIlliiliI(1).class,rustme/llIlliiliI,rustme/lilliiiliI,,23,10,5392,Kotlin internals,Rotation holder,pitch/yaw/roll.
llIllilIiI(5).class,rustme/llIllilIiI,java/lang/Object,,0,0,220,,,
llIlliliII(8).class,rustme/llIlliliII,java/lang/Object,,0,1,173,,,
llIlliliiI(1).class,rustme/llIlliliiI,java/lang/Object,com/google/common/base/Predicate,3,0,1426,GUI/Screen,,
llIllillII(4).class,rustme/llIllillII,java/lang/Object,,0,1,174,,,
llIllilliI(1).class,rustme/llIllilliI,java/lang/Object,kotlin/jvm/functions/Function1,5,1,3069,Kotlin internals,,
llIlllIIII(10).class,rustme/llIlllIIII,java/lang/Object,,0,1,173,,,
llIlllIIiI(5).class,rustme/llIlllIIiI,java/lang/Object,rustme/IlIilIIIiI,5,2,2618,,,
llIlllIiiI(1).class,rustme/llIlllIiiI,rustme/IiiiIlIiiI,,13,2,3689,,,
llIlllIilI(1).class,rustme/llIlllIilI,java/lang/Object,,0,1,174,,,
llIlllIliI(3).class,rustme/llIlllIliI,java/lang/Object,kotlin/jvm/functions/Function0,4,1,1125,Kotlin internals,,
llIllliIiI(3).class,rustme/llIllliIiI,java/lang/Object,com/google/common/base/Predicate,3,0,1184,,,
llIllliiII(7).class,rustme/llIllliiII,java/lang/Object,kotlin/jvm/functions/Function1,5,1,1973,Kotlin internals,,
llIlllilII(4).class,rustme/llIlllilII,java/lang/Object,,0,2,196,,,
llIllliliI(1).class,rustme/llIllliliI,rustme/llIIlliliI,,39,49,32693,Kotlin internals,,
llIllllIiI(3).class,rustme/llIllllIiI,java/lang/Object,,3,14,3961,,,
llIlllliII(4).class,rustme/llIlllliII,java/lang/Object,,0,1,173,,,
llIlllliiI(1).class,rustme/llIlllliiI,java/lang/Object,rustme/lIllllliiI,4,1,2121,,,
llIlllllII(2).class,rustme/llIlllllII,java/lang/Object,,0,1,174,,,
llIllllliI(1).class,rustme/llIllllliI,java/lang/Object,kotlin/jvm/functions/Function1,5,1,1482,Kotlin internals,,
lliIIIIIII(77).class,rustme/lliIIIIIII,java/lang/Object,,0,79,1811,,,
lliIIIIIiI(30).class,rustme/lliIIIIIiI,rustme/lIIIIIIIiI,,4,1,3221,,,
lliIIIIilI(15).class,rustme/lliIIIIilI,java/lang/Object,,0,1,174,,,
lliIIIIliI(30).class,rustme/lliIIIIliI,java/lang/Enum,rustme/lIilIlIliI,11,6,5493,Kotlin internals,,
lliIIIiIiI(14).class,rustme/lliIIIiIiI,rustme/IIlliIiIiI,,8,0,1873,,,
lliIIIiiII(46).class,rustme/lliIIIiiII,java/lang/Object,kotlin/jvm/functions/Function1,5,1,2087,Kotlin internals,,
lliIIIilII(39).class,rustme/lliIIIilII,java/lang/Object,,0,2,196,,,
lliIIIiliI(14).class,rustme/lliIIIiliI,rustme/liIliIiliI,,4,8,2122,Kotlin internals;Particles,,
lliIIIlIiI(30).class,rustme/lliIIIlIiI,java/lang/Object,,0,0,220,,,
lliIIIliII(39).class,rustme/lliIIIliII,java/lang/Object,,0,1,173,,,
lliIIIliiI(14).class,rustme/lliIIIliiI,java/lang/Object,,27,31,9717,,,
lliIIIllII(23).class,rustme/lliIIIllII,java/lang/Object,,0,1,174,,,
lliIIIlliI(14).class,rustme/lliIIIlliI,java/lang/Object,kotlin/jvm/functions/Function1,5,1,1963,Kotlin internals,,
lliIIiIIiI(22).class,rustme/lliIIiIIiI,java/lang/Object,rustme/IiiIlIiIiI,3,1,1040,,,
lliIIiIiII(54).class,rustme/lliIIiIiII,java/lang/Object,kotlin/jvm/functions/Function1,5,1,1476,Kotlin internals,,
lliIIiIlII(43).class,rustme/lliIIiIlII,java/lang/Object,,0,2,196,,,
lliIIiIliI(22).class,rustme/lliIIiIliI,rustme/IlilIIIliI,,7,2,2454,Kotlin internals,,
lliIIiiIII(65).class,rustme/lliIIiiIII,java/lang/Object,,0,8,320,,,
lliIIiiIiI(6).class,rustme/lliIIiiIiI,java/lang/Object,,1,3,561,,,
lliIIiiiII(38).class,rustme/lliIIiiiII,java/lang/Object,kotlin/jvm/functions/Function1,5,1,1500,Kotlin internals,,
lliIIiiilI(3).class,rustme/lliIIiiilI,java/lang/Object,,0,1,174,,,
lliIIiiliI(6).class,rustme/lliIIiiliI,java/lang/Object,,4,2,834,,,
lliIIilIII(43).class,rustme/lliIIilIII,java/lang/Object,,0,2,194,,,
lliIIilIiI(22).class,rustme/lliIIilIiI,java/lang/Object,com/google/common/base/Predicate,3,1,1211,,,
lliIIiliiI(6).class,rustme/lliIIiliiI,rustme/liIIIiliiI,,10,1,2598,,,
lliIIililI(3).class,rustme/lliIIililI,java/lang/Object,,0,4,240,,,
lliIIilliI(6).class,rustme/lliIIilliI,java/lang/Object,,12,2,3222,Kotlin internals,,
lliIIlIIiI(18).class,rustme/lliIIlIIiI,java/lang/Enum,,6,7,1799,,,
lliIIlIiII(31).class,rustme/lliIIlIiII,java/lang/Object,,0,5,257,,,
lliIIlIiiI(2).class,rustme/lliIIlIiiI,rustme/iliIIlIiiI,,19,3,6529,,,
lliIIlIlII(23).class,rustme/lliIIlIlII,java/lang/Object,,0,1,174,,,
lliIIlIliI(14).class,rustme/lliIIlIliI,java/lang/Object,,16,4,4724,Kotlin internals,,
lliIIliIII(35).class,rustme/lliIIliIII,java/lang/Object,,0,57,1349,,,
lliIIliIiI(10).class,rustme/lliIIliIiI,rustme/iiIlIliIiI,rustme/IilIiiIIiI;rustme/IillIliIiI,44,25,25434,,,
lliIIliiII(26).class,rustme/lliIIliiII,java/lang/Object,kotlin/jvm/functions/Function1,5,1,1495,Kotlin internals,,
lliIIliilI(3).class,rustme/lliIIliilI,java/lang/Object,,0,1,174,,,
lliIIliliI(6).class,rustme/lliIIliliI,java/lang/Object,kotlin/jvm/functions/Function0,3,3,2894,Kotlin internals,,
lliIIllIII(23).class,rustme/lliIIllIII,java/lang/Object,,0,1,173,,,
lliIIllIiI(14).class,rustme/lliIIllIiI,rustme/llIiIllIiI,,8,0,2752,,,
lliIIlliiI(6).class,rustme/lliIIlliiI,java/lang/Object,rustme/iIililliiI,9,8,2639,,,
lliIIllliI(6).class,rustme/lliIIllliI,java/lang/Object,kotlin/jvm/functions/Function1,5,1,1605,Kotlin internals,,
lliIiIIIiI(26).class,rustme/lliIiIIIiI,rustme/lIIIIIIIiI,,3,3,1835,,,
lliIiIIiII(58).class,rustme/lliIiIIiII,java/lang/Object,,7,2,5420,Kotlin internals,,
lliIiIIlII(45).class,rustme/lliIiIIlII,java/lang/Object,,0,2,196,,,
lliIiIIliI(26).class,rustme/lliIiIIliI,rustme/IliIIiIliI,,8,9,9345,Kotlin internals,,
lliIiIiIII(67).class,rustme/lliIiIiIII,java/lang/Object,,0,47,1139,,,
lliIiIiIiI(10).class,rustme/lliIiIiIiI,java/lang/Object,rustme/IiIiiIiIiI,11,7,4976,,,
lliIiIiiII(42).class,rustme/lliIiIiiII,java/lang/Object,kotlin/jvm/functions/Function1,5,1,2013,Kotlin internals,,
lliIiIiilI(5).class,rustme/lliIiIiilI,java/lang/Object,,0,1,174,,,
lliIiIiliI(10).class,rustme/lliIiIiliI,java/lang/Object,,12,2,3075,Kotlin internals,,
lliIiIlIII(45).class,rustme/lliIiIlIII,java/lang/Object,,0,17,509,,,
lliIiIlIiI(26).class,rustme/lliIiIlIiI,java/lang/Object,,16,8,2332,,,
lliIiIliiI(10).class,rustme/lliIiIliiI,java/lang/Object,,3,5,4238,GUI/Screen,,
lliIiIlilI(5).class,rustme/lliIiIlilI,java/lang/Object,,0,28,768,,,
lliIiIlliI(10).class,rustme/lliIiIlliI,java/lang/Object,kotlin/jvm/functions/Function1,5,1,1549,Kotlin internals,,
lliIiiIIII(71).class,rustme/lliIiiIIII,java/lang/Object,,0,3,215,,,
lliIiiIIiI(18).class,rustme/lliIiiIIiI,rustme/lilllliIiI,,36,5,8514,,,
lliIiiIiII(50).class,rustme/lliIiiIiII,java/lang/Object,kotlin/jvm/functions/Function1,5,1,1468,Kotlin internals,,
lliIiiIilI(9).class,rustme/lliIiiIilI,java/lang/Object,,0,141,3254,,,
lliIiiIliI(18).class,rustme/lliIiiIliI,java/lang/Object,,1,1,745,Kotlin internals,,
lliIiiiIiI(2).class,rustme/lliIiiiIiI,rustme/lliiiiiIiI,,7,1,6700,Texture;Particles,,
lliIiiiiII(34).class,rustme/lliIiiiiII,java/lang/Object,kotlin/jvm/functions/Function1,5,1,5267,Kotlin internals,,
lliIiiilII(33).class,rustme/lliIiiilII,java/lang/Object,,0,5,262,,,
lliIiiiliI(2).class,rustme/lliIiiiliI,java/lang/Object,,2,0,465,,,
lliIiilIiI(18).class,rustme/lliIiilIiI,rustme/lliiiilIiI,,7,2,2771,,,
lliIiiliII(33).class,rustme/lliIiiliII,java/lang/Object,,0,2,194,,,
lliIiiliiI(2).class,rustme/lliIiiliiI,rustme/iIIiIlIiiI,,12,3,4541,,,
lliIiillII(17).class,rustme/lliIiillII,java/lang/Object,,0,1,174,,,
lliIiilliI(2).class,rustme/lliIiilliI,java/lang/Object,,23,11,9758,Kotlin internals,,
lliIilIIII(37).class,rustme/lliIilIIII,java/lang/Object,,0,1,173,,,
lliIilIIiI(14).class,rustme/lliIilIIiI,java/lang/Object,rustme/llillIIIiI,10,2,2095,,,
lliIilIilI(5).class,rustme/lliIilIilI,java/lang/Object,,0,1,174,,,
lliIilIliI(10).class,rustme/lliIilIliI,java/lang/Object,kotlin/jvm/functions/Function1,5,2,3775,Kotlin internals,,
lliIiliIiI(6).class,rustme/lliIiliIiI,rustme/IiIIiliIiI,,8,2,2570,,,
lliIiliiII(22).class,rustme/lliIiliiII,java/lang/Object,kotlin/jvm/functions/Function1,5,1,1468,Kotlin internals,,
lliIililII(17).class,rustme/lliIililII,java/lang/Object,,0,2,196,,,
lliIililiI(2).class,rustme/lliIililiI,java/lang/Object,kotlin/jvm/functions/Function0,3,1,1443,Kotlin internals,,
lliIillIiI(10).class,rustme/lliIillIiI,java/lang/Object,,1,0,177,,,
lliIilliII(17).class,rustme/lliIilliII,java/lang/Object,,0,1,173,,,
lliIilliiI(2).class,rustme/lliIilliiI,java/lang/Object,,12,10,4010,,,
lliIilllII(9).class,rustme/lliIilllII,java/lang/Object,,0,3,218,,,
lliIillliI(2).class,rustme/lliIillliI,java/lang/Object,kotlin/jvm/functions/Function1,5,1,3069,Kotlin internals,,
lliIlIIIiI(14).class,rustme/lliIlIIIiI,java/lang/Object,rustme/IlliilIIiI;rustme/iiIlIilIiI,43,33,45212,,,
lliIlIIiII(29).class,rustme/lliIlIIiII,java/lang/Object,,0,2,194,,,
lliIlIIlII(23).class,rustme/lliIlIIlII,java/lang/Object,,0,1,174,,,
lliIlIIliI(14).class,rustme/lliIlIIliI,java/lang/Object,,16,4,4107,Kotlin internals,,
lliIlIiIII(33).class,rustme/lliIlIiIII,java/lang/Object,,0,23,635,,,
lliIlIiIiI(6).class,rustme/lliIlIiIiI,rustme/ilIIlIiIiI,,2,0,679,,,
lliIlIiiII(22).class,rustme/lliIlIiiII,java/lang/Object,kotlin/jvm/functions/Function1,5,1,1625,Kotlin internals,,
lliIlIiilI(3).class,rustme/lliIlIiilI,java/lang/Object,,0,1,174,,,
lliIlIiliI(6).class,rustme/lliIlIiliI,java/lang/Object,,7,1,5223,Kotlin internals,,
lliIlIlIII(23).class,rustme/lliIlIlIII,java/lang/Object,,0,3,215,,,
lliIlIlIiI(14).class,rustme/lliIlIlIiI,java/lang/Object,,0,0,220,,,
lliIlIliiI(6).class,rustme/lliIlIliiI,java/lang/Object,rustme/iililIliiI,2,0,864,Particles,,
lliIlIlliI(6).class,rustme/lliIlIlliI,java/lang/Object,kotlin/jvm/functions/Function1,5,1,1784,Kotlin internals,,
lliIliIIII(35).class,rustme/lliIliIIII,java/lang/Object,,0,2,194,,,
lliIliIIiI(10).class,rustme/lliIliIIiI,rustme/lllIliIIiI,,7,3,3778,,,
lliIliIiII(26).class,rustme/lliIliIiII,java/lang/Enum,,7,12,2930,Kotlin internals,,
lliIliIilI(5).class,rustme/lliIliIilI,java/lang/Object,,0,45,1142,,,
lliIliIliI(10).class,rustme/lliIliIliI,java/lang/Object,,3,0,1196,Kotlin internals,,
lliIliiIiI(2).class,rustme/lliIliiIiI,rustme/IIlIliiIiI,,5,9,4657,Texture,,
lliIliiiII(18).class,rustme/lliIliiiII,java/lang/Object,kotlin/jvm/functions/Function1,5,1,1563,Kotlin internals,,
lliIliilII(17).class,rustme/lliIliilII,java/lang/Object,,0,3,218,,,
lliIliiliI(2).class,rustme/lliIliiliI,java/lang/Object,,6,0,2065,Kotlin internals,,
lliIlilIiI(10).class,rustme/lliIlilIiI,java/lang/Enum,,8,5,1785,,,
lliIliliII(17).class,rustme/lliIliliII,java/lang/Object,,0,1,173,,,
lliIliliiI(2).class,rustme/lliIliliiI,rustme/IlIlliliiI,,7,2,1966,GUI/Screen,,
lliIlillII(9).class,rustme/lliIlillII,java/lang/Object,,0,1,174,,,
lliIlilliI(2).class,rustme/lliIlilliI,java/lang/Object,,3,0,1118,Kotlin internals,,
lliIllIIII(21).class,rustme/lliIllIIII,java/lang/Object,,0,3,215,,,
lliIllIIiI(10).class,rustme/lliIllIIiI,java/lang/Object,com/google/common/base/Predicate,3,0,1002,,,
lliIllIiiI(2).class,rustme/lliIllIiiI,rustme/iIIiIlIiiI,,7,1,3249,,,
lliIllIilI(3).class,rustme/lliIllIilI,java/lang/Object,,0,1,174,,,
lliIllIliI(6).class,rustme/lliIllIliI,java/lang/Object,,4,0,3552,Kotlin internals,,
lliIlliIiI(6).class,rustme/lliIlliIiI,rustme/IiiIiliIiI,,3,1,890,,,
lliIlliiII(14).class,rustme/lliIlliiII,java/lang/Object,kotlin/jvm/functions/Function1,5,1,2872,Kotlin internals,,
lliIllilII(9).class,rustme/lliIllilII,java/lang/Object,,0,1,174,,,
lliIlliliI(2).class,rustme/lliIlliliI,kotlin/jvm/internal/FunctionReferenceImpl,kotlin/jvm/functions/Function2,5,0,2234,Kotlin internals,,
lliIlllIiI(6).class,rustme/lliIlllIiI,java/lang/Enum,,11,10,3197,,,
lliIllliII(9).class,rustme/lliIllliII,java/lang/Object,,0,4,236,,,
lliIllliiI(2).class,rustme/lliIllliiI,java/lang/Object,rustme/iIiIllliiI,2,0,1051,,,
lliIllllII(5).class,rustme/lliIllllII,java/lang/Object,,0,1,174,,,
lliIlllliI(2).class,rustme/lliIlllliI,java/lang/Object,kotlin/jvm/functions/Function1,5,1,2012,Kotlin internals,,
lliiIIIIiI(28).class,rustme/lliiIIIIiI,rustme/llliiIIIiI,,3,2,2842,,,
lliiIIIiII(60).class,rustme/lliiIIIiII,java/lang/Object,,0,2,194,,,
lliiIIIlII(46).class,rustme/lliiIIIlII,java/lang/Object,,0,1,174,,,
lliiIIIliI(28).class,rustme/lliiIIIliI,java/lang/Object,kotlin/jvm/functions/Function0,3,1,1336,Kotlin internals,,
lliiIIiIII(68).class,rustme/lliiIIiIII,java/lang/Object,,0,1,173,,,
lliiIIiIiI(12).class,rustme/lliiIIiIiI,rustme/IIlliIiIiI,,9,0,5680,,,
lliiIIiiII(44).class,rustme/lliiIIiiII,java/lang/Object,kotlin/jvm/functions/Function1,5,1,1880,Kotlin internals,,
lliiIIiilI(6).class,rustme/lliiIIiilI,java/lang/Object,,0,1,174,,,
lliiIIiliI(12).class,rustme/lliiIIiliI,java/lang/Object,,8,5,2614,Kotlin internals,,
lliiIIlIII(46).class,rustme/lliiIIlIII,java/lang/Object,,0,2,194,,,
lliiIIlIiI(28).class,rustme/lliiIIlIiI,rustme/iiIiIIlIiI,,3,3,2576,,,
lliiIIliiI(12).class,rustme/lliiIIliiI,rustme/lIlliIliiI,,6,13,8412,,,
lliiIIlliI(12).class,rustme/lliiIIlliI,java/lang/Object,kotlin/jvm/functions/Function1,5,1,1962,Kotlin internals,,
lliiIiIIII(72).class,rustme/lliiIiIIII,java/lang/Object,,0,12,404,,,
lliiIiIIiI(20).class,rustme/lliiIiIIiI,rustme/liiliiIIiI,rustme/lillIliIiI,25,3,7505,,,
lliiIiIiII(52).class,rustme/lliiIiIiII,java/lang/Object,kotlin/jvm/functions/Function1,5,1,1973,Kotlin internals,,
lliiIiIilI(10).class,rustme/lliiIiIilI,java/lang/Object,,0,1,174,,,
lliiIiIliI(20).class,rustme/lliiIiIliI,java/lang/Object,,11,3,3369,Kotlin internals,,
lliiIiiIiI(4).class,rustme/lliiIiiIiI,rustme/iIlIiiiIiI,,11,1,2502,Texture,,
lliiIiiiII(36).class,rustme/lliiIiiiII,java/lang/Object,kotlin/jvm/functions/Function1,5,1,1769,Kotlin internals,,
lliiIiilII(34).class,rustme/lliiIiilII,java/lang/Object,,0,1,174,,,
lliiIiiliI(4).class,rustme/lliiIiiliI,rustme/iiIiIiiliI,,1,0,522,GUI/Screen,,
lliiIilIiI(20).class,rustme/lliiIilIiI,java/lang/Object,rustme/IlIiIilIiI,5,0,1167,,,
lliiIiliII(34).class,rustme/lliiIiliII,java/lang/Object,,0,10,362,,,
lliiIiliiI(4).class,rustme/lliiIiliiI,java/lang/Object,,1,1,739,,,
lliiIillII(18).class,rustme/lliiIillII,java/lang/Object,,0,1,174,,,
lliiIilliI(4).class,rustme/lliiIilliI,java/lang/Object,,1,1,1012,Kotlin internals,,
lliiIlIIII(38).class,rustme/lliiIlIIII,java/lang/Object,,0,6,278,,,
lliiIlIIiI(16).class,rustme/lliiIlIIiI,java/lang/Object,rustme/llillIIIiI,8,2,2006,,,
lliiIlIiiI.class,rustme/lliiIlIiiI,rustme/iIiIiiliiI,,1,0,826,,,
lliiIlIilI(6).class,rustme/lliiIlIilI,java/lang/Object,,0,1,174,,,
lliiIlIliI(12).class,rustme/lliiIlIliI,java/lang/Object,,1,0,930,Kotlin internals,,
lliiIliIiI(8).class,rustme/lliiIliIiI,rustme/IliiIliIiI,,1,0,636,,,
lliiIliiII(24).class,rustme/lliiIliiII,java/lang/Object,kotlin/jvm/functions/Function1,5,1,1609,Kotlin internals,,
lliiIlilII(18).class,rustme/lliiIlilII,java/lang/Object,,0,2,196,,,
lliiIliliI(4).class,rustme/lliiIliliI,rustme/llIiIliliI,,11,2,6439,Kotlin internals,,
lliiIllIiI(12).class,rustme/lliiIllIiI,java/lang/Object,rustme/iiiiIllIiI,2,0,804,,,
lliiIlliII(18).class,rustme/lliiIlliII,java/lang/Object,,0,13,425,,,
lliiIlliiI(4).class,rustme/lliiIlliiI,java/lang/Object,rustme/IIIiIlliiI,6,3,4460,,,
lliiIlllII(10).class,rustme/lliiIlllII,java/lang/Object,,0,1,174,,,
lliiIllliI(4).class,rustme/lliiIllliI,java/lang/Object,kotlin/jvm/functions/Function1,5,1,1469,Kotlin internals,,
lliiiIIIII(74).class,rustme/lliiiIIIII,java/lang/Object,,0,5,257,,,
lliiiIIIiI(24).class,rustme/lliiiIIIiI,java/lang/Object,rustme/liIiIIIIiI,2,0,757,,,
lliiiIIiII(56).class,rustme/lliiiIIiII,java/lang/Object,rustme/lIIlIiIiII,7,2,2084,Kotlin internals,,
lliiiIIilI(12).class,rustme/lliiiIIilI,java/lang/Object,,0,1,174,,,
lliiiIIliI(24).class,rustme/lliiiIIliI,java/lang/Object,,2,0,758,Kotlin internals,,
lliiiIiIiI(8).class,rustme/lliiiIiIiI,java/lang/Object,rustme/IIIiiIiIiI,4,1,1097,Texture,,
lliiiIiiII(40).class,rustme/lliiiIiiII,java/lang/Object,kotlin/jvm/functions/Function1,5,1,3019,Kotlin internals,,
lliiiIilII(36).class,rustme/lliiiIilII,java/lang/Object,,0,3,218,,,
lliiiIiliI(8).class,rustme/lliiiIiliI,java/lang/Object,,5,0,2079,Kotlin internals,,
lliiiIlIiI(24).class,rustme/lliiiIlIiI,rustme/IliiiIlIiI,,1,0,463,,,
lliiiIliII(36).class,rustme/lliiiIliII,java/lang/Object,,0,1,173,,,
lliiiIliiI(8).class,rustme/lliiiIliiI,rustme/IlIlliliiI,,12,9,4750,GUI/Screen,,
lliiiIllII(20).class,rustme/lliiiIllII,java/lang/Object,,0,1,174,,,
lliiiIlliI(8).class,rustme/lliiiIlliI,java/lang/Object,kotlin/jvm/functions/Function1,5,1,1767,Kotlin internals,,
lliiiiIIiI(16).class,rustme/lliiiiIIiI,rustme/iliIiliIiI,,6,2,1289,,,
lliiiiIiII(48).class,rustme/lliiiiIiII,java/lang/Object,kotlin/jvm/functions/Function0,4,1,954,Kotlin internals,,
lliiiiIlII(40).class,rustme/lliiiiIlII,java/lang/Object,,0,2,196,,,
lliiiiIliI(16).class,rustme/lliiiiIliI,java/lang/Object,,2,0,868,Kotlin internals,,
lliiiiiIII(62).class,rustme/lliiiiiIII,java/lang/Object,,0,1,173,,,
lliiiiiIiI.class,rustme/lliiiiiIiI,java/lang/Object,rustme/IlIiIllIiI,28,7,13979,,,
lliiiiiiII(32).class,rustme/lliiiiiiII,java/lang/Object,kotlin/jvm/functions/Function1,5,1,1938,Kotlin internals,,
lliiiiiilI.class,rustme/lliiiiiilI,java/lang/Object,,0,1,174,,,
lliiiiiliI.class,rustme/lliiiiiliI,java/lang/Object,,1,0,155,,,
lliiiilIII(40).class,rustme/lliiiilIII,java/lang/Object,,0,2,194,,,
lliiiilIiI(16).class,rustme/lliiiilIiI,java/lang/Object,rustme/liIIliiliI,36,9,10740,,,
lliiiiliiI.class,rustme/lliiiiliiI,java/lang/Object,,1,3,1538,,,
lliiiililI.class,rustme/lliiiililI,java/lang/Object,,0,1,174,,,
lliiiilliI.class,rustme/lliiiilliI,java/lang/Object,,3,0,4207,Kotlin internals,,
lliiilIIiI(12).class,rustme/lliiilIIiI,java/lang/Enum,,6,8,1933,,,
lliiilIiII(28).class,rustme/lliiilIiII,java/lang/Object,,0,20,572,,,
lliiilIlII(20).class,rustme/lliiilIlII,java/lang/Object,,0,1,174,,,
lliiilIliI(8).class,rustme/lliiilIliI,java/lang/Object,kotlin/jvm/functions/Function1,5,2,3797,Kotlin internals,,
lliiiliIII(32).class,rustme/lliiiliIII,java/lang/Object,,0,1,173,,,
lliiiliIiI(4).class,rustme/lliiiliIiI,rustme/llIiiliIiI,,2,0,843,,,
lliiiliiII(20).class,rustme/lliiiliiII,java/lang/Object,kotlin/jvm/functions/Function1,5,1,1622,Kotlin internals,,
lliiiliilI.class,rustme/lliiiliilI,java/lang/Object,,0,1,174,,,
lliiililiI.class,rustme/lliiililiI,rustme/liliililiI,,1,0,913,Kotlin internals,,
lliiillIII(20).class,rustme/lliiillIII,java/lang/Object,,0,3,215,,,
lliiillIiI(8).class,rustme/lliiillIiI,java/lang/Object,,14,8,2200,,,
lliiilliiI.class,rustme/lliiilliiI,rustme/lililIliiI,,4,1,2313,Particles,,
lliiillliI.class,rustme/lliiillliI,java/lang/Object,kotlin/jvm/functions/Function1,5,1,1672,Kotlin internals,,
lliilIIIII(36).class,rustme/lliilIIIII,java/lang/Object,,0,9,341,,,
lliilIIIiI(12).class,rustme/lliilIIIiI,rustme/iIIilIIIiI,,1,0,653,,,
lliilIIilI(6).class,rustme/lliilIIilI,java/lang/Object,,0,1,174,,,
lliilIIliI(12).class,rustme/lliilIIliI,rustme/IililIIliI,,2,0,1655,Kotlin internals,,
lliilIiIiI(4).class,rustme/lliilIiIiI,rustme/IIlliIiIiI,,8,0,4960,,,
lliilIiiII(20).class,rustme/lliilIiiII,java/lang/Object,kotlin/jvm/functions/Function1,5,1,4168,Kotlin internals,,
lliilIilII(18).class,rustme/lliilIilII,java/lang/Object,,0,2,196,,,
lliilIiliI(4).class,rustme/lliilIiliI,java/lang/Object,,37,20,7194,Kotlin internals;Sounds,,
lliilIlIiI(12).class,rustme/lliilIlIiI,rustme/IlllIIlIiI,,7,0,2496,,,
lliilIliII(18).class,rustme/lliilIliII,java/lang/Object,,0,1,173,,,
lliilIliiI(4).class,rustme/lliilIliiI,java/lang/Object,,1,1,805,,,
lliilIllII(10).class,rustme/lliilIllII,java/lang/Object,,0,1,174,,,
lliilIlliI(4).class,rustme/lliilIlliI,java/lang/Object,kotlin/jvm/functions/Function1,5,1,1468,Kotlin internals,,
lliiliIIiI(8).class,rustme/lliiliIIiI,java/lang/Object,,4,210,21074,,,
lliiliIiII(24).class,rustme/lliiliIiII,java/lang/Enum,,9,17,3830,Kotlin internals,,
lliiliIlII(20).class,rustme/lliiliIlII,java/lang/Object,,0,2,196,,,
lliiliIliI(8).class,rustme/lliiliIliI,rustme/IlilIIIliI,,34,25,17348,Kotlin internals,,
lliiliiIII(30).class,rustme/lliiliiIII,java/lang/Object,,0,3,215,,,
lliiliiIiI.class,rustme/lliiliiIiI,java/lang/Object,,1,0,177,,,
lliiliiiII(16).class,rustme/lliiliiiII,java/lang/Object,kotlin/jvm/functions/Function1,5,1,1496,Kotlin internals,,
lliiliiilI.class,rustme/lliiliiilI,java/lang/Object,,0,1,174,,,
lliiliiliI.class,rustme/lliiliiliI,java/lang/Object,,2,0,742,Kotlin internals,,
lliililIII(20).class,rustme/lliililIII,java/lang/Object,,0,22,614,,,
lliililIiI(8).class,rustme/lliililIiI,java/lang/Object,,27,4,5744,,Vec3 (vanilla),"поля liiIIlIlI:D, IIiIIlIlI:D (+third) — вектор."
lliililiiI.class,rustme/lliililiiI,java/lang/Object,,4,0,636,,,
lliilililI.class,rustme/lliilililI,java/lang/Object,,0,8,328,,,
lliililliI.class,rustme/lliililliI,java/lang/Object,,1,1,657,Kotlin internals,,
lliillIIiI(8).class,rustme/lliillIIiI,java/lang/Enum,,8,5,2292,Scoreboard,,
lliillIiII(16).class,rustme/lliillIiII,java/lang/Object,,0,67,1559,,,
lliillIiiI.class,rustme/lliillIiiI,rustme/lIlliiliiI,,2,0,370,,,
lliillIlII(10).class,rustme/lliillIlII,java/lang/Object,,0,1,174,,,
lliillIliI(4).class,rustme/lliillIliI,java/lang/Object,,5,2,2027,Kotlin internals,,
lliilliIII(18).class,rustme/lliilliIII,java/lang/Object,,0,7,299,,,
lliilliIiI(4).class,rustme/lliilliIiI,rustme/liilIiIIiI,,8,0,2196,,,
lliilliiII(12).class,rustme/lliilliiII,java/lang/Object,kotlin/jvm/functions/Function1,5,1,1495,Kotlin internals,,
lliilliilI.class,rustme/lliilliilI,java/lang/Object,,0,43,1098,,,
lliilliliI.class,rustme/lliilliliI,java/lang/Object,,1,1,653,Kotlin internals,,
lliilllIII(10).class,rustme/lliilllIII,java/lang/Object,,0,1,174,,,
lliilllIiI(4).class,rustme/lliilllIiI,rustme/IIliIllIiI,,5,0,1270,,,
lliillliiI.class,rustme/lliillliiI,rustme/IiIillliiI,,3,1,1044,,,
lliilllliI.class,rustme/lliilllliI,java/lang/Object,kotlin/jvm/functions/Function1,5,1,1468,Kotlin internals,,
llilIIIIiI(14).class,rustme/llilIIIIiI,rustme/lilIIIIIiI,,24,3,6604,,,
llilIIIiII(30).class,rustme/llilIIIiII,java/lang/Object,,0,4,236,,,
llilIIIlII(23).class,rustme/llilIIIlII,java/lang/Object,,0,1,174,,,
llilIIIliI(14).class,rustme/llilIIIliI,java/lang/Object,kotlin/jvm/functions/Function1,4,1,2483,Kotlin internals,,
llilIIiIII(34).class,rustme/llilIIiIII,java/lang/Object,,0,5,257,,,
llilIIiIiI(6).class,rustme/llilIIiIiI,rustme/IliiIIiIiI,,5,0,873,,,
llilIIiiII(22).class,rustme/llilIIiiII,java/lang/Object,kotlin/jvm/functions/Function1,5,1,2013,Kotlin internals,,
llilIIiilI(3).class,rustme/llilIIiilI,java/lang/Object,,0,3,218,,,
llilIIiliI(6).class,rustme/llilIIiliI,java/lang/Object,,2,0,786,Kotlin internals,,
llilIIlIII(23).class,rustme/llilIIlIII,java/lang/Object,,0,2,194,,,
llilIIlIiI(14).class,rustme/llilIIlIiI,rustme/iIIlIIlIiI,,7,0,4112,Scoreboard,,
llilIIliiI(6).class,rustme/llilIIliiI,java/lang/Thread,,4,3,4284,,,
llilIIlliI(6).class,rustme/llilIIlliI,java/lang/Object,kotlin/jvm/functions/Function1,5,1,3299,Kotlin internals,,
llilIiIIII(36).class,rustme/llilIiIIII,java/lang/Object,,0,39,971,,,
llilIiIIiI(10).class,rustme/llilIiIIiI,java/lang/Object,,4,63,7263,World gen,,
llilIiIiII(26).class,rustme/llilIiIiII,java/lang/Object,kotlin/jvm/functions/Function1,5,1,1517,Kotlin internals,,
llilIiIilI(5).class,rustme/llilIiIilI,java/lang/Object,,0,1,174,,,
llilIiIliI(10).class,rustme/llilIiIliI,java/lang/Object,,14,0,10474,Kotlin internals,,
llilIiiIiI(2).class,rustme/llilIiiIiI,java/lang/Object,,27,11,18430,,,
llilIiiiII(18).class,rustme/llilIiiiII,java/lang/Object,kotlin/jvm/functions/Function1,5,1,1673,Kotlin internals,,
llilIiilII(17).class,rustme/llilIiilII,java/lang/Object,,0,6,284,,,
llilIiiliI(2).class,rustme/llilIiiliI,rustme/lIlIIiiliI,,11,1,4697,Kotlin internals,,
llilIilIiI(10).class,rustme/llilIilIiI,java/lang/Object,,2,0,373,,,
llilIiliII(17).class,rustme/llilIiliII,java/lang/Object,,0,2,194,,,
llilIiliiI(2).class,rustme/llilIiliiI,java/lang/Object,,0,0,220,,,
llilIillII(9).class,rustme/llilIillII,java/lang/Object,,0,1,174,,,
llilIilliI(2).class,rustme/llilIilliI,java/lang/Enum,,22,22,6468,Kotlin internals,,
llilIlIIII(20).class,rustme/llilIlIIII,java/lang/Object,,0,8,320,,,
llilIlIIiI(9).class,rustme/llilIlIIiI,rustme/IiIlIlIIiI,,5,1,1903,,,
llilIlIiiI(1).class,rustme/llilIlIiiI,java/lang/Object,,7,4,1632,,,
llilIlIilI(3).class,rustme/llilIlIilI,java/lang/Object,,0,1,174,,,
llilIlIliI(6).class,rustme/llilIlIliI,java/lang/Object,,21,6,6334,Kotlin internals,,
llilIliIiI(5).class,rustme/llilIliIiI,java/lang/Enum,,8,5,2346,,,
llilIliiII(13).class,rustme/llilIliiII,java/lang/Object,kotlin/jvm/functions/Function1,5,1,1468,Kotlin internals,,
llilIlilII(9).class,rustme/llilIlilII,java/lang/Object,,0,1,174,,,
llilIliliI(2).class,rustme/llilIliliI,kotlin/properties/ObservableProperty,,4,1,2392,Kotlin internals,,
llilIllIiI(6).class,rustme/llilIllIiI,rustme/iiIlIllIiI,,5,0,1265,,,
llilIlliII(9).class,rustme/llilIlliII,java/lang/Object,,0,3,215,,,
llilIlliiI(2).class,rustme/llilIlliiI,rustme/IIlIIlliiI,,4,0,2161,,,
llilIlllII(5).class,rustme/llilIlllII,java/lang/Object,,0,1,174,,,
llilIllliI(2).class,rustme/llilIllliI,java/lang/Object,kotlin/jvm/functions/Function1,5,1,1899,Kotlin internals,,
lliliIIIII(37).class,rustme/lliliIIIII,java/lang/Object,,0,15,467,,,
lliliIIIiI(12).class,rustme/lliliIIIiI,rustme/llliiIIIiI,,11,0,4969,,,
lliliIIiII(28).class,rustme/lliliIIiII,java/lang/Object,,0,0,496,Kotlin internals,,
lliliIIilI(6).class,rustme/lliliIIilI,java/lang/Object,,0,1,174,,,
lliliIIliI(12).class,rustme/lliliIIliI,java/lang/Object,,36,0,18923,Kotlin internals,,
lliliIiIiI(4).class,rustme/lliliIiIiI,java/lang/Object,,6,2,1722,,,
lliliIiiII(20).class,rustme/lliliIiiII,java/lang/Object,kotlin/jvm/functions/Function1,5,1,1899,Kotlin internals,,
lliliIilII(18).class,rustme/lliliIilII,java/lang/Object,,0,10,372,,,
lliliIiliI(4).class,rustme/lliliIiliI,java/lang/Object,rustme/lIiliIiliI,40,15,8627,Kotlin internals,,
lliliIlIiI(12).class,rustme/lliliIlIiI,java/io/ByteArrayOutputStream,,2,3,862,,,
lliliIliII(18).class,rustme/lliliIliII,java/lang/Object,,0,4,236,,,
lliliIliiI(4).class,rustme/lliliIliiI,java/lang/Object,,2,4,1030,,,
lliliIllII(10).class,rustme/lliliIllII,java/lang/Object,,0,1,174,,,
lliliIlliI(4).class,rustme/lliliIlliI,java/lang/Object,kotlin/jvm/functions/Function1,5,1,3175,Kotlin internals,,
lliliiIIiI(8).class,rustme/lliliiIIiI,java/lang/Object,rustme/iillIliIiI,1,1,446,,,
lliliiIiII(24).class,rustme/lliliiIiII,java/lang/Object,kotlin/jvm/functions/Function1,5,1,2867,Kotlin internals,,
lliliiIlII(20).class,rustme/lliliiIlII,java/lang/Object,,0,2,196,,,
lliliiIliI(8).class,rustme/lliliiIliI,rustme/iiIliiIliI,,45,19,40063,Kotlin internals,,
lliliiiIII(31).class,rustme/lliliiiIII,java/lang/Object,,0,3,215,,,
lliliiiIiI.class,rustme/lliliiiIiI,rustme/IlilllliiI,,2,0,902,,,
lliliiiiII(16).class,rustme/lliliiiiII,java/lang/Object,kotlin/jvm/functions/Function1,5,1,1769,Kotlin internals,,
lliliiiilI.class,rustme/lliliiiilI,java/lang/Object,,0,1,174,,,
lliliiiliI.class,rustme/lliliiiliI,java/lang/Object,,9,4,1892,,,
lliliilIII(20).class,rustme/lliliilIII,java/lang/Object,,0,3,215,,,
lliliilIiI(8).class,rustme/lliliilIiI,java/lang/Object,rustme/IlIiIilIiI,5,0,1296,,,
lliliiliiI.class,rustme/lliliiliiI,rustme/liiIIlIiiI,,3,1,1460,,,
lliliililI.class,rustme/lliliililI,java/lang/Object,,0,1,174,,,
lliliilliI.class,rustme/lliliilliI,java/lang/Object,,11,0,4381,Kotlin internals,,
llililIIiI(7).class,rustme/llililIIiI,java/lang/Object,rustme/llillIIIiI,11,4,2371,,,
llililIiII(15).class,rustme/llililIiII,java/lang/Object,,0,4,236,,,
llililIlII(10).class,rustme/llililIlII,java/lang/Object,,0,17,526,,,
llililIliI(4).class,rustme/llililIliI,java/lang/Object,,1,0,695,Kotlin internals,,
llililiIII(17).class,rustme/llililiIII,java/lang/Object,,0,5,257,,,
llililiIiI(3).class,rustme/llililiIiI,java/lang/Object,com/google/common/base/Predicate,3,2,1542,,,
llililiiII(11).class,rustme/llililiiII,java/lang/Object,kotlin/jvm/functions/Function1,5,1,1769,Kotlin internals,,
llililiilI.class,rustme/llililiilI,java/lang/Object,,0,1,174,,,
llilililiI.class,rustme/llilililiI,java/lang/Object,kotlin/jvm/functions/Function1,5,1,2536,Kotlin internals,,
llilillIII(10).class,rustme/llilillIII,java/lang/Object,,0,5,257,,,
llilillIiI(4).class,rustme/llilillIiI,java/lang/Enum,,6,15,2563,,,
llililliiI.class,rustme/llililliiI,java/lang/Enum,,10,8,2335,,,
llilillliI.class,rustme/llilillliI,java/lang/Object,kotlin/jvm/functions/Function1,5,1,1468,Kotlin internals,,
llillIIIII(18).class,rustme/llillIIIII,java/lang/Object,,0,3,215,,,
llillIIIiI(6).class,rustme/llillIIIiI,java/lang/Object,,3,0,384,,,
llillIIilI(3).class,rustme/llillIIilI,java/lang/Object,,0,1,174,,,
llillIIliI(6).class,rustme/llillIIliI,kotlin/jvm/internal/FunctionReferenceImpl,kotlin/jvm/functions/Function0,5,1,1274,Kotlin internals,,
llillIiIiI(2).class,rustme/llillIiIiI,rustme/iIIllilIiI,,1,2,577,,,
llillIiiII(10).class,rustme/llillIiiII,java/lang/Object,kotlin/jvm/functions/Function1,5,1,2905,Kotlin internals,,
llillIilII(9).class,rustme/llillIilII,java/lang/Object,,0,2,196,,,
llillIiliI(2).class,rustme/llillIiliI,java/lang/Object,kotlin/jvm/functions/Function1,5,1,1618,Kotlin internals,,
llillIlIiI(6).class,rustme/llillIlIiI,java/lang/Object,rustme/IiiIlIiIiI,3,1,1029,,,
llillIliII(9).class,rustme/llillIliII,java/lang/Object,,0,21,593,,,
llillIliiI(2).class,rustme/llillIliiI,java/lang/Object,rustme/iililIliiI,2,0,851,Particles,,
llillIllII(5).class,rustme/llillIllII,java/lang/Object,,0,1,174,,,
llillIlliI(2).class,rustme/llillIlliI,java/lang/Object,kotlin/jvm/functions/Function1,5,1,3200,Kotlin internals,,
llilliIIiI(4).class,rustme/llilliIIiI,java/lang/Object,com/google/common/base/Predicate,9,3,2849,,,
llilliIiII(12).class,rustme/llilliIiII,java/lang/Object,rustme/lIIlIiIiII,1,0,619,Kotlin internals,,
llilliIlII(10).class,rustme/llilliIlII,java/lang/Object,,0,2,196,,,
llilliIliI(4).class,rustme/llilliIliI,rustme/IlilIIIliI,,2,0,2189,Kotlin internals,,
llilliiIII(15).class,rustme/llilliiIII,java/lang/Object,,0,9,341,,,
llilliiIiI.class,rustme/llilliiIiI,java/lang/Object,,1,1,758,,,
llilliiiII(8).class,rustme/llilliiiII,java/lang/Object,kotlin/jvm/functions/Function1,5,1,3366,Kotlin internals,,
llilliiilI.class,rustme/llilliiilI,java/lang/Object,,0,1,174,,,
llilliiliI.class,rustme/llilliiliI,rustme/lilliiiliI,,1,0,533,Kotlin internals,,
llillilIII(10).class,rustme/llillilIII,java/lang/Object,,0,10,362,,,
llillilIiI(4).class,rustme/llillilIiI,java/lang/Object,,3,2,920,,,
llilliliiI.class,rustme/llilliliiI,rustme/ililliliiI,,5,4,1042,GUI/Screen,,
llillililI.class,rustme/llillililI,java/lang/Object,,0,1,174,,,
llillilliI.class,rustme/llillilliI,java/lang/Object,kotlin/jvm/functions/Function1,5,1,2914,Kotlin internals,,
llilllIIiI(4).class,rustme/llilllIIiI,rustme/IiilllIIiI,,8,0,2665,,,
llilllIiII(8).class,rustme/llilllIiII,java/lang/Object,,0,2,194,,,
llilllIiiI.class,rustme/llilllIiiI,rustme/iliIIlIiiI,,26,2,8451,,,
llilllIlII(5).class,rustme/llilllIlII,java/lang/Object,,0,1,174,,,
llilllIliI(2).class,rustme/llilllIliI,java/lang/Object,kotlin/jvm/functions/Function0,4,1,1096,Kotlin internals,,
llillliIII(9).class,rustme/llillliIII,java/lang/Object,,0,1,173,,,
llillliIiI(2).class,rustme/llillliIiI,rustme/lllIIliIiI,rustme/illiIiIIiI,7,0,1009,,,
llillliiII(6).class,rustme/llillliiII,java/lang/Object,kotlin/jvm/functions/Function1,5,1,1469,Kotlin internals,,
llillliilI.class,rustme/llillliilI,java/lang/Object,,0,1,174,,,
llillliliI.class,rustme/llillliliI,java/lang/Object,,2,0,1250,Kotlin internals,,
llillllIII(5).class,rustme/llillllIII,java/lang/Object,,0,1,174,,,
llillllIiI(2).class,rustme/llillllIiI,java/lang/Object,,4,21,2802,,,
llilllliiI.class,rustme/llilllliiI,java/lang/Object,rustme/lIllllliiI,6,3,2810,Texture,,
llillllliI.class,rustme/llillllliI,java/lang/Object,kotlin/jvm/functions/Function1,5,1,1513,Kotlin internals,,
lllIIIIIII(38).class,rustme/lllIIIIIII,java/lang/Object,,0,33,845,,,
lllIIIIIiI(15).class,rustme/lllIIIIIiI,rustme/lilIIIIIiI,,14,1,3256,,,
lllIIIIilI(7).class,rustme/lllIIIIilI,java/lang/Object,,0,1,174,,,
lllIIIIliI(15).class,rustme/lllIIIIliI,rustme/IlilIIIliI,,2,1,1943,Kotlin internals,,
lllIIIiIiI(7).class,rustme/lllIIIiIiI,java/lang/Object,com/google/common/base/Predicate,5,2,3176,,,
lllIIIiiII(23).class,rustme/lllIIIiiII,java/lang/Object,kotlin/jvm/functions/Function1,5,1,1482,Kotlin internals,,
lllIIIilII(19).class,rustme/lllIIIilII,java/lang/Object,,0,2,196,,,
lllIIIiliI(7).class,rustme/lllIIIiliI,java/lang/Object,,20,4,8019,Kotlin internals,,
lllIIIlIiI(15).class,rustme/lllIIIlIiI,java/lang/Object,,0,0,220,,,
lllIIIliII(19).class,rustme/lllIIIliII,java/lang/Object,,0,14,446,,,
lllIIIliiI(7).class,rustme/lllIIIliiI,rustme/lIlliIliiI,,4,8,3580,,,
lllIIIllII(11).class,rustme/lllIIIllII,java/lang/Object,,0,1,174,,,
lllIIIlliI(7).class,rustme/lllIIIlliI,java/lang/Object,kotlin/jvm/functions/Function1,5,1,1783,Kotlin internals,,
lllIIiIIiI(11).class,rustme/lllIIiIIiI,rustme/iilIIiIIiI,,9,0,3005,,,
lllIIiIiII(27).class,rustme/lllIIiIiII,java/lang/Object,kotlin/jvm/functions/Function1,5,1,1476,Kotlin internals,,
lllIIiIlII(21).class,rustme/lllIIiIlII,java/lang/Object,,0,19,570,,,
lllIIiIliI(11).class,rustme/lllIIiIliI,rustme/IlilIIIliI,,38,5,17624,Kotlin internals,,
lllIIiiIII(32).class,rustme/lllIIiiIII,java/lang/Object,,0,36,908,,,
lllIIiiIiI(3).class,rustme/lllIIiiIiI,java/lang/Object,,1,4,632,,,
lllIIiiiII(19).class,rustme/lllIIiiiII,java/lang/Object,kotlin/jvm/functions/Function1,5,1,1528,Kotlin internals,,
lllIIiiilI(1).class,rustme/lllIIiiilI,java/lang/Object,,0,1,174,,,
lllIIiiliI(3).class,rustme/lllIIiiliI,rustme/lIlIIiiliI,,6,1,3245,Kotlin internals,,
lllIIilIII(21).class,rustme/lllIIilIII,java/lang/Object,,0,3,215,,,
lllIIilIiI(11).class,rustme/lllIIilIiI,java/lang/Object,,2,0,252,,,
lllIIiliiI(3).class,rustme/lllIIiliiI,java/lang/Object,rustme/IllIIiliiI;rustme/illIIiliiI,6,0,986,,,
lllIIililI(1).class,rustme/lllIIililI,java/lang/Object,,0,3,218,,,
lllIIilliI(3).class,rustme/lllIIilliI,java/lang/Object,,2,2,830,Kotlin internals,,
lllIIlIIiI(9).class,rustme/lllIIlIIiI,java/lang/Object,rustme/llillIIIiI,8,2,2552,,,
lllIIlIiII(15).class,rustme/lllIIlIiII,java/lang/Object,,0,1,173,,,
lllIIlIiiI(1).class,rustme/lllIIlIiiI,rustme/IiiIllIiiI,,11,1,6808,,,
lllIIlIlII(11).class,rustme/lllIIlIlII,java/lang/Object,,0,1,174,,,
lllIIlIliI(7).class,rustme/lllIIlIliI,java/lang/Enum,,10,10,3428,Kotlin internals,,
lllIIliIII(17).class,rustme/lllIIliIII,java/lang/Object,,0,2,194,,,
lllIIliIiI(5).class,rustme/lllIIliIiI,rustme/iiIlIliIiI,,16,5,4510,,,
lllIIliiII(13).class,rustme/lllIIliiII,java/lang/Object,kotlin/jvm/functions/Function0,4,1,954,Kotlin internals,,
lllIIliilI(1).class,rustme/lllIIliilI,java/lang/Object,,0,1,174,,,
lllIIliliI(3).class,rustme/lllIIliliI,rustme/IlilIIIliI,,2,0,2306,Kotlin internals,,
lllIIllIII(11).class,rustme/lllIIllIII,java/lang/Object,,0,9,341,,,
lllIIllIiI(7).class,rustme/lllIIllIiI,rustme/llIiIllIiI,,8,0,2478,,,
lllIIlliiI(3).class,rustme/lllIIlliiI,java/lang/Enum,,7,15,4700,,,
lllIIllliI(3).class,rustme/lllIIllliI,java/lang/Object,kotlin/jvm/functions/Function1,5,1,3409,Kotlin internals,,
lllIiIIIiI(13).class,rustme/lllIiIIIiI,rustme/liIIiIIIiI,,4,1,1358,,,
lllIiIIiII(29).class,rustme/lllIiIIiII,java/lang/Enum,,12,145,34414,Kotlin internals,,
lllIiIIlII(22).class,rustme/lllIiIIlII,java/lang/Object,,0,4,240,,,
lllIiIIliI(13).class,rustme/lllIiIIliI,rustme/ilIIiIIliI,,10,2,11340,GUI/Screen;Kotlin internals,,
lllIiIiIII(33).class,rustme/lllIiIiIII,java/lang/Object,,0,1,173,,,
lllIiIiIiI(5).class,rustme/lllIiIiIiI,java/lang/Object,,8,2,2443,,,
lllIiIiiII(21).class,rustme/lllIiIiiII,java/lang/Object,kotlin/jvm/functions/Function1,5,1,3105,Kotlin internals,,
lllIiIiilI(2).class,rustme/lllIiIiilI,java/lang/Object,,0,1,174,,,
lllIiIiliI(5).class,rustme/lllIiIiliI,java/lang/Object,,2,0,868,Kotlin internals,,
lllIiIlIII(22).class,rustme/lllIiIlIII,java/lang/Object,,0,19,551,,,
lllIiIlIiI(13).class,rustme/lllIiIlIiI,java/lang/Object,java/io/FilenameFilter,4,0,1075,,,
lllIiIliiI(5).class,rustme/lllIiIliiI,java/lang/Object,,2,0,280,,,
lllIiIlilI(2).class,rustme/lllIiIlilI,java/lang/Object,,0,51,1274,,,
lllIiIlliI(5).class,rustme/lllIiIlliI,java/lang/Object,kotlin/jvm/functions/Function1,5,1,1964,Kotlin internals,,
lllIiiIIII(35).class,rustme/lllIiiIIII,java/lang/Object,,0,7,299,,,
lllIiiIIiI(9).class,rustme/lllIiiIIiI,java/lang/Object,com/google/common/base/Predicate,3,0,1004,,,
lllIiiIiII(25).class,rustme/lllIiiIiII,java/lang/Object,kotlin/jvm/functions/Function1,5,1,3638,Kotlin internals,,
lllIiiIilI(4).class,rustme/lllIiiIilI,java/lang/Object,,0,1,174,,,
lllIiiIliI(9).class,rustme/lllIiiIliI,rustme/IliIIiIliI,,7,1,21327,Kotlin internals,,
lllIiiiIiI(1).class,rustme/lllIiiiIiI,rustme/iIlIiiiIiI,,7,1,1761,Texture,,
lllIiiiiII(17).class,rustme/lllIiiiiII,java/lang/Object,kotlin/jvm/functions/Function1,5,1,2817,Kotlin internals,,
lllIiiilII(16).class,rustme/lllIiiilII,java/lang/Object,,0,18,548,,,
lllIiiiliI(1).class,rustme/lllIiiiliI,java/lang/Object,,6,1,1038,,,
lllIiilIiI(9).class,rustme/lllIiilIiI,java/lang/Object,,3,0,639,,,
lllIiiliII(16).class,rustme/lllIiiliII,java/lang/Object,,0,4,236,,,
lllIiiliiI(1).class,rustme/lllIiiliiI,rustme/IiIiIlIiiI,,5,0,1909,,,
lllIiillII(8).class,rustme/lllIiillII,java/lang/Object,,0,3,218,,,
lllIiilliI(1).class,rustme/lllIiilliI,java/lang/Object,,16,5,3934,Kotlin internals,,
lllIilIIII(18).class,rustme/lllIilIIII,java/lang/Object,,0,1,173,,,
lllIilIIiI(7).class,rustme/lllIilIIiI,java/lang/Object,rustme/llillIIIiI,8,2,1756,,,
lllIilIilI(2).class,rustme/lllIilIilI,java/lang/Object,,0,1,174,,,
lllIilIliI(5).class,rustme/lllIilIliI,java/lang/Object,,16,4,6763,Kotlin internals,,
lllIiliIiI(3).class,rustme/lllIiliIiI,rustme/iliIiliIiI,,4,3,1649,,,
lllIiliiII(11).class,rustme/lllIiliiII,java/lang/Object,kotlin/jvm/functions/Function1,5,1,1769,Kotlin internals,,
lllIililII(8).class,rustme/lllIililII,java/lang/Object,,0,2,196,,,
lllIililiI(1).class,rustme/lllIililiI,java/lang/Object,kotlin/jvm/functions/Function0,3,1,1235,Kotlin internals,,
lllIillIiI(5).class,rustme/lllIillIiI,java/lang/Object,,2,2,1250,,,
lllIilliII(8).class,rustme/lllIilliII,java/lang/Object,,0,25,677,,,
lllIilliiI(1).class,rustme/lllIilliiI,rustme/IiililliiI,,2,0,645,,,
lllIilllII(4).class,rustme/lllIilllII,java/lang/Object,,0,3,218,,,
lllIillliI(1).class,rustme/lllIillliI,java/lang/Object,kotlin/jvm/functions/Function1,5,1,1974,Kotlin internals,,
lllIlIIIiI(7).class,rustme/lllIlIIIiI,rustme/liIlIilIiI,,5,0,1426,,,
lllIlIIiII(14).class,rustme/lllIlIIiII,java/lang/Object,,0,4,236,,,
lllIlIIlII(11).class,rustme/lllIlIIlII,java/lang/Object,,0,1,174,,,
lllIlIIliI(7).class,rustme/lllIlIIliI,kotlin/jvm/internal/FunctionReferenceImpl,kotlin/jvm/functions/Function0,5,1,1274,Kotlin internals,,
lllIlIiIII(16).class,rustme/lllIlIiIII,java/lang/Object,,0,21,593,,,
lllIlIiIiI(3).class,rustme/lllIlIiIiI,java/lang/Object,rustme/illIlIiIiI,4,3,710,,,
lllIlIiiII(11).class,rustme/lllIlIiiII,java/lang/Object,kotlin/jvm/functions/Function1,5,1,1620,Kotlin internals,,
lllIlIiilI(1).class,rustme/lllIlIiilI,java/lang/Object,,0,1,174,,,
lllIlIiliI(3).class,rustme/lllIlIiliI,java/lang/Object,,3,9,2296,Kotlin internals,,
lllIlIlIII(11).class,rustme/lllIlIlIII,java/lang/Object,,0,3,215,,,
lllIlIlIiI(7).class,rustme/lllIlIlIiI,java/lang/Object,rustme/IIilIIlIiI,10,0,1346,,,
lllIlIliiI(3).class,rustme/lllIlIliiI,java/lang/Object,rustme/iililIliiI,2,0,1710,Particles,,
lllIlIlliI(3).class,rustme/lllIlIlliI,java/lang/Object,kotlin/jvm/functions/Function1,5,1,1541,Kotlin internals,,
lllIliIIII(17).class,rustme/lllIliIIII,java/lang/Object,,0,2,194,,,
lllIliIIiI(5).class,rustme/lllIliIIiI,java/lang/Object,rustme/illliilliI,26,5,4057,,,
lllIliIiII(13).class,rustme/lllIliIiII,java/lang/Object,rustme/lIIlIiIiII,14,4,3497,Kotlin internals,,
lllIliIilI(2).class,rustme/lllIliIilI,java/lang/Object,,0,1,174,,,
lllIliIliI(5).class,rustme/lllIliIliI,rustme/IliIIiIliI,,13,10,9292,Kotlin internals,,
lllIliiIiI(1).class,rustme/lllIliiIiI,java/lang/Object,,0,0,220,,,
lllIliiiII(9).class,rustme/lllIliiiII,java/lang/Object,kotlin/jvm/functions/Function1,5,1,1468,Kotlin internals,,
lllIliilII(8).class,rustme/lllIliilII,java/lang/Object,,0,19,570,,,
lllIliiliI(1).class,rustme/lllIliiliI,rustme/lilliiiliI,,9,5,3009,Kotlin internals,,
lllIlilIiI(5).class,rustme/lllIlilIiI,rustme/IIlIlilIiI,,7,1,2071,,,
lllIliliII(8).class,rustme/lllIliliII,java/lang/Object,,0,1,173,,,
lllIliliiI(1).class,rustme/lllIliliiI,rustme/lIlililiiI,,7,5,2843,,,
lllIlillII(4).class,rustme/lllIlillII,java/lang/Object,,0,1,174,,,
lllIlilliI(1).class,rustme/lllIlilliI,java/lang/Object,kotlin/jvm/functions/Function1,5,1,1495,Kotlin internals,,
lllIllIIII(10).class,rustme/lllIllIIII,java/lang/Object,,0,2,194,,,
lllIllIIiI(5).class,rustme/lllIllIIiI,java/lang/Object,java/lang/reflect/ParameterizedType,4,0,817,,,
lllIllIiiI(1).class,rustme/lllIllIiiI,rustme/IillilIiiI,,8,0,3407,,,
lllIllIilI(1).class,rustme/lllIllIilI,java/lang/Object,,0,1,174,,,
lllIllIliI(3).class,rustme/lllIllIliI,java/lang/Object,,85,2,43212,Kotlin internals,,
lllIlliIiI(3).class,rustme/lllIlliIiI,java/lang/Object,com/google/common/base/Predicate,3,0,1056,,,
lllIlliiII(7).class,rustme/lllIlliiII,java/lang/Object,kotlin/jvm/functions/Function1,5,1,1468,Kotlin internals,,
lllIllilII(4).class,rustme/lllIllilII,java/lang/Object,,0,6,284,,,
lllIlliliI(1).class,rustme/lllIlliliI,rustme/llIIlliliI,,12,33,23280,Kotlin internals,,
lllIlllIiI(3).class,rustme/lllIlllIiI,java/lang/Object,,11,14,2461,,,
lllIllliII(4).class,rustme/lllIllliII,java/lang/Object,,0,27,719,,,
lllIllliiI(1).class,rustme/lllIllliiI,java/lang/Object,rustme/IilIllliiI,2,1,5088,,,
lllIllllII(2).class,rustme/lllIllllII,java/lang/Object,,0,1,174,,,
lllIlllliI(1).class,rustme/lllIlllliI,java/lang/Object,kotlin/jvm/functions/Function1,5,1,1468,Kotlin internals,,
llliIIIIiI(14).class,rustme/llliIIIIiI,rustme/llliiIIIiI,,9,0,4075,,,
llliIIIiII(30).class,rustme/llliIIIiII,java/lang/Object,,0,1,173,,,
llliIIIlII(23).class,rustme/llliIIIlII,java/lang/Object,,0,1,174,,,
llliIIIliI(14).class,rustme/llliIIIliI,kotlin/properties/ObservableProperty,,4,1,2550,Kotlin internals,,
llliIIiIII(34).class,rustme/llliIIiIII,java/lang/Object,,0,1,173,,,
llliIIiIiI(6).class,rustme/llliIIiIiI,rustme/IIlliIiIiI,,7,0,1787,,,
llliIIiiII(22).class,rustme/llliIIiiII,java/lang/Object,kotlin/jvm/functions/Function1,5,1,1482,Kotlin internals,,
llliIIiilI(3).class,rustme/llliIIiilI,java/lang/Object,,0,1,174,,,
llliIIiliI(6).class,rustme/llliIIiliI,java/lang/Object,,1,1,612,Kotlin internals,,
llliIIlIII(23).class,rustme/llliIIlIII,java/lang/Object,,0,3,215,,,
llliIIlIiI(14).class,rustme/llliIIlIiI,rustme/IIIiIIlIiI,,2,0,1175,,,
llliIIliiI(6).class,rustme/llliIIliiI,rustme/lIlliIliiI,,2,1,1465,,,
llliIIlliI(6).class,rustme/llliIIlliI,java/lang/Object,kotlin/jvm/functions/Function1,5,1,1468,Kotlin internals,,
llliIiIIII(36).class,rustme/llliIiIIII,java/lang/Object,,0,1,173,,,
llliIiIIiI(10).class,rustme/llliIiIIiI,java/lang/Object,rustme/ilIiIilIiI,4,0,1885,,,
llliIiIiII(26).class,rustme/llliIiIiII,rustme/IillIiIiII,,3,1,1360,Kotlin internals,,
llliIiIilI(5).class,rustme/llliIiIilI,java/lang/Object,,0,1,174,,,
llliIiIliI(10).class,rustme/llliIiIliI,kotlin/properties/ObservableProperty,,4,1,2285,Kotlin internals,,
llliIiiIiI(2).class,rustme/llliIiiIiI,java/lang/Enum,,8,9,3108,,,
llliIiiiII(18).class,rustme/llliIiiiII,java/lang/Object,kotlin/jvm/functions/Function1,5,1,1500,Kotlin internals,,
llliIiilII(17).class,rustme/llliIiilII,java/lang/Object,,0,5,262,,,
llliIiiliI(2).class,rustme/llliIiiliI,rustme/iiiIIiiliI,,1,0,447,,,
llliIilIiI(10).class,rustme/llliIilIiI,rustme/liiliilIiI,,7,2,2371,,,
llliIiliII(17).class,rustme/llliIiliII,java/lang/Object,,0,9,341,,,
llliIiliiI(2).class,rustme/llliIiliiI,java/lang/Object,,19,43,4612,Block,,
llliIillII(9).class,rustme/llliIillII,java/lang/Object,,0,1,174,,,
llliIilliI(2).class,rustme/llliIilliI,java/lang/Object,rustme/IIliIilliI,2,0,1159,Kotlin internals,,
llliIlIIII(19).class,rustme/llliIlIIII,java/lang/Object,,0,3,215,,,
llliIlIIiI(8).class,rustme/llliIlIIiI,java/lang/Enum,,6,7,1790,,,
llliIlIiiI.class,rustme/llliIlIiiI,rustme/IillilIiiI,,3,0,920,,,
llliIlIilI(3).class,rustme/llliIlIilI,java/lang/Object,,0,1,174,,,
llliIlIliI(6).class,rustme/llliIlIliI,rustme/lIliIlIliI,,11,8,4742,Kotlin internals,,
llliIliIiI(4).class,rustme/llliIliIiI,rustme/liliIliIiI,,7,2,3198,,,
llliIliiII(12).class,rustme/llliIliiII,java/lang/Object,kotlin/jvm/functions/Function1,5,1,1620,Kotlin internals,,
llliIlilII(9).class,rustme/llliIlilII,java/lang/Object,,0,39,1010,,,
llliIliliI(2).class,rustme/llliIliliI,kotlin/properties/ObservableProperty,,4,1,2541,Kotlin internals,,
llliIllIiI(6).class,rustme/llliIllIiI,rustme/IIllIllIiI,,4,0,1132,,,
llliIlliII(9).class,rustme/llliIlliII,java/lang/Object,,0,16,488,,,
llliIlliiI(2).class,rustme/llliIlliiI,rustme/iIiIIlliiI,it/unimi/dsi/fastutil/objects/ObjectListIterator,6,1,1674,,,
llliIlllII(5).class,rustme/llliIlllII,java/lang/Object,,0,1,174,,,
llliIllliI(2).class,rustme/llliIllliI,java/lang/Object,kotlin/jvm/functions/Function1,5,1,1605,Kotlin internals,,
llliiIIIII(37).class,rustme/llliiIIIII,java/lang/Object,,0,1,173,,,
llliiIIIiI(12).class,rustme/llliiIIIiI,java/lang/Object,,64,18,56544,,TileEntity (55 подклассов),"доступ (I)TE, multimap-чанки."
llliiIIiII(28).class,rustme/llliiIIiII,java/lang/Object,rustme/liIIiIIiII,11,0,6134,Kotlin internals,,
llliiIIilI(6).class,rustme/llliiIIilI,java/lang/Object,,0,1,174,,,
llliiIIliI(12).class,rustme/llliiIIliI,rustme/IliIIiIliI,,8,3,6251,GUI/Screen;Texture;Kotlin internals,,
llliiIiIiI(4).class,rustme/llliiIiIiI,rustme/IiiIiIiIiI,,5,0,1031,,,
llliiIiiII(20).class,rustme/llliiIiiII,java/lang/Object,kotlin/jvm/functions/Function1,5,1,1468,Kotlin internals,,
llliiIilII(18).class,rustme/llliiIilII,java/lang/Object,,0,7,306,,,
llliiIiliI(4).class,rustme/llliiIiliI,java/lang/Object,rustme/illililliI,19,11,19744,Kotlin internals,,
llliiIlIiI(12).class,rustme/llliiIlIiI,rustme/IIlllilIiI,,1,1,942,World gen,,
llliiIliII(18).class,rustme/llliiIliII,java/lang/Object,,0,1,173,,,
llliiIliiI(4).class,rustme/llliiIliiI,rustme/IliIlilIiI,,2,1,908,GUI/Screen,,
llliiIllII(10).class,rustme/llliiIllII,java/lang/Object,,0,41,1054,,,
llliiIlliI(4).class,rustme/llliiIlliI,java/lang/Object,kotlin/jvm/functions/Function1,5,1,1519,Kotlin internals,,
llliiiIIiI(8).class,rustme/llliiiIIiI,rustme/IiiIiliIiI,,3,0,1064,,,
llliiiIiII(24).class,rustme/llliiiIiII,java/lang/Object,kotlin/jvm/functions/Function0,4,1,954,Kotlin internals,,
llliiiIlII(20).class,rustme/llliiiIlII,java/lang/Object,,0,3,218,,,
llliiiIliI(8).class,rustme/llliiiIliI,java/lang/Object,kotlin/jvm/functions/Function0,5,1,1917,Kotlin internals,,
llliiiiIII(31).class,rustme/llliiiiIII,java/lang/Object,,0,1,173,,,
llliiiiIiI.class,rustme/llliiiiIiI,rustme/iIlIiiiIiI,,11,2,2862,Texture,,
llliiiiiII(16).class,rustme/llliiiiiII,java/lang/Object,kotlin/jvm/functions/Function1,5,1,1880,Kotlin internals,,
llliiiiilI.class,rustme/llliiiiilI,java/lang/Object,,0,1,174,,,
llliiiiliI.class,rustme/llliiiiliI,java/lang/Enum,,7,6,1714,,,
llliiilIII(20).class,rustme/llliiilIII,java/lang/Object,,0,2,194,,,
llliiilIiI(8).class,rustme/llliiilIiI,rustme/lliiiilIiI,,2,0,504,,,
llliiiliiI.class,rustme/llliiiliiI,java/lang/Enum,rustme/ililIilIiI,8,5,1919,,,
llliiililI.class,rustme/llliiililI,java/lang/Object,,0,1,174,,,
llliiilliI.class,rustme/llliiilliI,java/lang/Object,,4,1,3368,Kotlin internals,,
llliilIIiI(6).class,rustme/llliilIIiI,java/lang/Object,,0,0,220,,,
llliilIiII(14).class,rustme/llliilIiII,java/lang/Object,,0,5,257,,,
llliilIlII(10).class,rustme/llliilIlII,java/lang/Object,,0,1,174,,,
llliilIliI(4).class,rustme/llliilIliI,java/lang/Object,,27,2,29484,Kotlin internals,,
llliiliIII(16).class,rustme/llliiliIII,java/lang/Object,,0,1,173,,,
llliiliIiI(2).class,rustme/llliiliIiI,java/lang/Object,,0,0,220,,,
llliiliiII(10).class,rustme/llliiliiII,java/lang/Object,kotlin/jvm/functions/Function1,5,1,1468,Kotlin internals,,
llliiliilI.class,rustme/llliiliilI,java/lang/Object,,0,1,174,,,
llliililiI.class,rustme/llliililiI,java/lang/Object,,3,0,1171,Kotlin internals,,
llliillIII(10).class,rustme/llliillIII,java/lang/Object,,0,19,551,,,
llliillIiI(4).class,rustme/llliillIiI,java/lang/Object,java/util/Comparator,4,4,1564,,,
llliilliiI.class,rustme/llliilliiI,java/lang/Object,rustme/iililIliiI,2,0,863,Particles,,
llliillliI.class,rustme/llliillliI,java/lang/Object,kotlin/jvm/functions/Function1,5,1,1661,Kotlin internals,,
lllilIIIII(18).class,rustme/lllilIIIII,java/lang/Object,,0,7,299,,,
lllilIIIiI(6).class,rustme/lllilIIIiI,java/lang/Object,,0,0,220,,,
lllilIIilI(3).class,rustme/lllilIIilI,java/lang/Object,,0,1,174,,,
lllilIIliI(6).class,rustme/lllilIIliI,java/util/LinkedHashMap,,13,0,2516,Kotlin internals,,
lllilIiIiI(2).class,rustme/lllilIiIiI,java/lang/Object,,5,2,1451,,,
lllilIiiII(10).class,rustme/lllilIiiII,java/lang/Object,kotlin/jvm/functions/Function1,5,1,1474,Kotlin internals,,
lllilIilII(9).class,rustme/lllilIilII,java/lang/Object,,0,4,240,,,
lllilIiliI(2).class,rustme/lllilIiliI,java/lang/Object,,4,0,1666,Kotlin internals,,
lllilIlIiI(6).class,rustme/lllilIlIiI,rustme/illilIlIiI,,6,2,4407,,,
lllilIliII(9).class,rustme/lllilIliII,java/lang/Object,,0,3,215,,,
lllilIliiI(2).class,rustme/lllilIliiI,rustme/lililIliiI,,5,0,3748,Particles,,
lllilIllII(5).class,rustme/lllilIllII,java/lang/Object,,0,1,174,,,
lllilIlliI(2).class,rustme/lllilIlliI,java/lang/Object,kotlin/jvm/functions/Function1,5,1,3595,Kotlin internals,,
llliliIIiI(4).class,rustme/llliliIIiI,rustme/IIIiliIIiI,,8,5,3968,,,
llliliIiII(12).class,rustme/llliliIiII,rustme/lIliliIiII,,19,8,4753,Kotlin internals,,
llliliIlII(10).class,rustme/llliliIlII,java/lang/Object,,0,18,548,,,
llliliIliI(4).class,rustme/llliliIliI,java/lang/Object,kotlin/jvm/functions/Function0,3,1,1782,Kotlin internals,,
llliliiIII(15).class,rustme/llliliiIII,java/lang/Object,,0,1,173,,,
llliliiIiI.class,rustme/llliliiIiI,java/lang/Object,rustme/IiiIlIiIiI,3,1,1265,,,
llliliiiII(8).class,rustme/llliliiiII,java/lang/Object,kotlin/jvm/functions/Function1,5,1,1751,Kotlin internals,,
llliliiilI.class,rustme/llliliiilI,java/lang/Object,,0,1,174,,,
llliliiliI.class,rustme/llliliiliI,rustme/iiiIliiliI,,3,0,1753,Kotlin internals,,
lllililIII(10).class,rustme/lllililIII,java/lang/Object,,0,7,299,,,
lllililIiI(4).class,rustme/lllililIiI,java/lang/Object,java/lang/Comparable,15,2,3198,,,
lllililiiI.class,rustme/lllililiiI,rustme/IlIlliliiI,rustme/IlilIilIiI,15,6,5185,GUI/Screen,,
lllilililI.class,rustme/lllilililI,java/lang/Object,,0,1,174,,,
lllililliI.class,rustme/lllililliI,java/lang/Object,rustme/IiIIlilliI,2,0,1203,Kotlin internals,,
lllillIIiI(4).class,rustme/lllillIIiI,rustme/llIIllIIiI,,8,1,2015,,,
lllillIiII(8).class,rustme/lllillIiII,java/lang/Object,,0,25,677,,,
lllillIiiI.class,rustme/lllillIiiI,rustme/IillilIiiI,,24,8,9864,,,
lllillIlII(5).class,rustme/lllillIlII,java/lang/Object,,0,1,174,,,
lllillIliI(2).class,rustme/lllillIliI,java/lang/Object,,39,7,18975,Kotlin internals,,
lllilliIII(9).class,rustme/lllilliIII,java/lang/Object,,0,32,824,,,
lllilliIiI(2).class,rustme/lllilliIiI,rustme/ilIilliIiI,,9,1,2207,,,
lllilliiII(6).class,rustme/lllilliiII,java/lang/Object,kotlin/jvm/functions/Function1,5,1,2820,Kotlin internals,,
lllilliilI.class,rustme/lllilliilI,java/lang/Object,,0,1,174,,,
lllilliliI.class,rustme/lllilliliI,java/lang/Object,,2,0,803,Kotlin internals,,
lllilllIII(5).class,rustme/lllilllIII,java/lang/Object,,0,4,240,,,
lllilllIiI(2).class,rustme/lllilllIiI,java/lang/Object,,1,0,197,,,
lllillliiI.class,rustme/lllillliiI,java/lang/Object,rustme/liiIllliiI,2,0,950,,,
lllilllliI.class,rustme/lllilllliI,java/lang/Object,kotlin/jvm/functions/Function1,5,1,1880,Kotlin internals,,
llllIIIIiI(7).class,rustme/llllIIIIiI,java/lang/Object,rustme/IlIlIIIIiI,8,0,1879,,,
llllIIIiII(15).class,rustme/llllIIIiII,java/lang/Object,,0,7,299,,,
llllIIIlII(11).class,rustme/llllIIIlII,java/lang/Object,,0,1,174,,,
llllIIIliI(7).class,rustme/llllIIIliI,rustme/IililIIliI,,4,0,3431,Kotlin internals,,
llllIIiIII(17).class,rustme/llllIIiIII,java/lang/Object,,0,2,194,,,
llllIIiIiI(3).class,rustme/llllIIiIiI,rustme/IIlliIiIiI,,6,0,1756,,,
llllIIiiII(11).class,rustme/llllIIiiII,java/lang/Object,kotlin/jvm/functions/Function1,5,1,1529,Kotlin internals,,
llllIIiilI(1).class,rustme/llllIIiilI,java/lang/Object,,0,1,174,,,
llllIIiliI(3).class,rustme/llllIIiliI,kotlin/coroutines/jvm/internal/SuspendLambda,kotlin/jvm/functions/Function2,7,2,3212,Kotlin internals,,
llllIIlIII(11).class,rustme/llllIIlIII,java/lang/Object,,0,2,194,,,
llllIIlIiI(7).class,rustme/llllIIlIiI,java/lang/Object,,3,1,690,,,
llllIIliiI(3).class,rustme/llllIIliiI,java/lang/Object,rustme/IlIilIIIiI,3,2,1024,,,
llllIIlliI(3).class,rustme/llllIIlliI,java/lang/Object,kotlin/jvm/functions/Function1,5,1,1963,Kotlin internals,,
llllIiIIII(18).class,rustme/llllIiIIII,java/lang/Object,,0,16,488,,,
llllIiIIiI(5).class,rustme/llllIiIIiI,java/lang/Object,rustme/lilIlIiIiI,2,0,744,,,
llllIiIiII(13).class,rustme/llllIiIiII,java/lang/Object,rustme/lIIlIiIiII,4,1,1512,Kotlin internals,,
llllIiIilI(2).class,rustme/llllIiIilI,java/lang/Object,,0,1,174,,,
llllIiIliI(5).class,rustme/llllIiIliI,java/lang/Object,,2,0,954,Kotlin internals,,
llllIiiIiI(1).class,rustme/llllIiiIiI,java/lang/Object,rustme/lIilIiiIiI,4,0,1079,,,
llllIiiiII(9).class,rustme/llllIiiiII,java/lang/Object,kotlin/jvm/functions/Function1,5,1,1494,Kotlin internals,,
llllIiilII(8).class,rustme/llllIiilII,java/lang/Object,,0,1,174,,,
llllIiiliI(1).class,rustme/llllIiiliI,rustme/iiiiliiliI,,3,0,1371,Kotlin internals,,
llllIilIiI(5).class,rustme/llllIilIiI,java/lang/Object,java/lang/Iterable,2,2,1367,,,
llllIiliII(8).class,rustme/llllIiliII,java/lang/Object,,0,1,173,,,
llllIiliiI(1).class,rustme/llllIiliiI,java/lang/Object,rustme/lIIlIiliiI,10,6,2042,Sounds,,
llllIillII(4).class,rustme/llllIillII,java/lang/Object,,0,1,174,,,
llllIilliI(1).class,rustme/llllIilliI,java/lang/Enum,,17,19,6739,Kotlin internals,,
llllIlIIII(10).class,rustme/llllIlIIII,java/lang/Object,,0,9,341,,,
llllIlIIiI(5).class,rustme/llllIlIIiI,java/lang/Object,,14,4,6899,,,
llllIlIiiI(1).class,rustme/llllIlIiiI,rustme/iliIIlIiiI,,21,3,8727,,,
llllIlIilI(1).class,rustme/llllIlIilI,java/lang/Object,,0,1,174,,,
llllIlIliI(3).class,rustme/llllIlIliI,rustme/IiiillIliI,,5,1,1720,Kotlin internals,,
llllIliIiI(3).class,rustme/llllIliIiI,java/lang/Object,com/google/common/base/Predicate,3,0,1115,,,
llllIliiII(7).class,rustme/llllIliiII,java/lang/Object,kotlin/jvm/functions/Function1,5,1,2867,Kotlin internals,,
llllIlilII(4).class,rustme/llllIlilII,java/lang/Object,,0,2,196,,,
llllIliliI(1).class,rustme/llllIliliI,java/lang/Object,,2,0,1529,Kotlin internals,,
llllIllIiI(3).class,rustme/llllIllIiI,rustme/llIiIllIiI,,7,0,2465,,,
llllIlliII(4).class,rustme/llllIlliII,java/lang/Object,,0,19,551,,,
llllIlliiI(1).class,rustme/llllIlliiI,java/lang/Object,java/lang/Comparable,3,2,1330,,,
llllIlllII(2).class,rustme/llllIlllII,java/lang/Object,,0,1,174,,,
llllIllliI(1).class,rustme/llllIllliI,java/lang/Object,kotlin/jvm/functions/Function1,5,1,1899,Kotlin internals,,
lllliIIIII(19).class,rustme/lllliIIIII,java/lang/Object,,0,116,2588,,,
lllliIIIiI(6).class,rustme/lllliIIIiI,rustme/llliiIIIiI,,9,2,5306,,,
lllliIIiII(14).class,rustme/lllliIIiII,java/lang/Object,,4,0,646,,,
lllliIIilI(3).class,rustme/lllliIIilI,java/lang/Object,,0,1,174,,,
lllliIIliI(6).class,rustme/lllliIIliI,rustme/IlilIIIliI,,30,15,13258,Kotlin internals,,
lllliIiIiI(2).class,rustme/lllliIiIiI,rustme/IIlliIiIiI,,8,0,9839,,,
lllliIiiII(10).class,rustme/lllliIiiII,java/lang/Object,kotlin/jvm/functions/Function1,5,1,1880,Kotlin internals,,
lllliIilII(9).class,rustme/lllliIilII,java/lang/Object,,0,5,262,,,
lllliIiliI(2).class,rustme/lllliIiliI,rustme/lIlliIiliI,,9,0,5885,Kotlin internals,ModelPlayer (render),transformIfSneaking.
lllliIlIiI(6).class,rustme/lllliIlIiI,java/lang/Object,,9,11,9224,,,
lllliIliII(9).class,rustme/lllliIliII,java/lang/Object,,0,1,173,,,
lllliIliiI(2).class,rustme/lllliIliiI,rustme/lIlliIliiI,,11,14,6141,,Модель игрока (render),"render(F,V,...) код 833."
lllliIllII(5).class,rustme/lllliIllII,java/lang/Object,,0,3,218,,,
lllliIlliI(2).class,rustme/lllliIlliI,java/lang/Object,kotlin/jvm/functions/Function1,5,1,1963,Kotlin internals,,
lllliiIIiI(4).class,rustme/lllliiIIiI,java/lang/Object,rustme/iillIliIiI,1,1,447,,,
lllliiIiII(12).class,rustme/lllliiIiII,java/lang/Object,kotlin/jvm/functions/Function1,5,1,1468,Kotlin internals,,
lllliiIlII(10).class,rustme/lllliiIlII,java/lang/Object,,0,68,1648,,,
lllliiIliI(4).class,rustme/lllliiIliI,java/lang/Object,rustme/IiiiIiIliI,4,1,1524,Kotlin internals,,
lllliiiIII(16).class,rustme/lllliiiIII,java/lang/Object,,0,1,173,,,
lllliiiIiI.class,rustme/lllliiiIiI,rustme/iIlIiiiIiI,,7,1,1847,Texture,,
lllliiiiII(8).class,rustme/lllliiiiII,java/lang/Object,kotlin/jvm/functions/Function1,5,1,1769,Kotlin internals,,
lllliiiilI.class,rustme/lllliiiilI,java/lang/Object,,0,1,174,,,
lllliiiliI.class,rustme/lllliiiliI,rustme/iiiiIiiliI,,1,0,570,GUI/Screen,,
lllliilIII(10).class,rustme/lllliilIII,java/lang/Object,,0,1,173,,,
lllliilIiI(4).class,rustme/lllliilIiI,java/lang/Object,rustme/IlIiIilIiI,7,0,1659,,,
lllliiliiI.class,rustme/lllliiliiI,rustme/IillilIiiI,,14,1,6105,,,
lllliililI.class,rustme/lllliililI,java/lang/Object,,0,1,174,,,
lllliilliI.class,rustme/lllliilliI,java/lang/Object,,9,0,5585,Block;Kotlin internals,,
llllilIIiI(4).class,rustme/llllilIIiI,java/lang/Object,rustme/llillIIIiI,13,7,2962,,,
llllilIiII(8).class,rustme/llllilIiII,java/lang/Object,,0,1,173,,,
llllilIiiI.class,rustme/llllilIiiI,rustme/iliIIlIiiI,,17,3,4747,,,
llllilIlII(5).class,rustme/llllilIlII,java/lang/Object,,0,1,174,,,
llllilIliI(2).class,rustme/llllilIliI,java/lang/Enum,,7,4,1958,Kotlin internals,,
lllliliIII(9).class,rustme/lllliliIII,java/lang/Object,,0,6,278,,,
lllliliIiI(2).class,rustme/lllliliIiI,java/lang/Object,,3,3,1041,,,
lllliliiII(6).class,rustme/lllliliiII,java/lang/Object,kotlin/jvm/functions/Function1,5,1,1469,Kotlin internals,,
lllliliilI.class,rustme/lllliliilI,java/lang/Object,,0,1,174,,,
llllililiI.class,rustme/llllililiI,rustme/llIiIliliI,,19,23,10557,Kotlin internals,,
llllillIII(5).class,rustme/llllillIII,java/lang/Object,,0,3,215,,,
llllillIiI(2).class,rustme/llllillIiI,java/lang/Object,rustme/IllilllIiI,2,0,282,,,
llllilliiI.class,rustme/llllilliiI,java/lang/Object,rustme/IIIiiIiIiI,7,4,2259,,,
llllillliI.class,rustme/llllillliI,java/lang/Object,kotlin/jvm/functions/Function1,5,1,1899,Kotlin internals,,
lllllIIIII(8).class,rustme/lllllIIIII,java/lang/Object,,0,1,173,,,
lllllIIIiI(3).class,rustme/lllllIIIiI,java/lang/Object,rustme/llillIIIiI,7,1,1354,,,
lllllIIilI(1).class,rustme/lllllIIilI,java/lang/Object,,0,1,174,,,
lllllIIliI(3).class,rustme/lllllIIliI,java/lang/Object,kotlin/jvm/functions/Function1,5,2,3819,Kotlin internals,,
lllllIiIiI(1).class,rustme/lllllIiIiI,rustme/IiillIiIiI,,8,0,1274,,,
lllllIiiII(5).class,rustme/lllllIiiII,java/lang/Object,kotlin/jvm/functions/Function1,5,1,1506,Kotlin internals,,
lllllIilII(4).class,rustme/lllllIilII,java/lang/Object,,0,2,196,,,
lllllIiliI(1).class,rustme/lllllIiliI,java/lang/Object,,10,5,15596,Kotlin internals,,
lllllIlIiI(3).class,rustme/lllllIlIiI,rustme/lIiIiIlIiI,,3,0,726,,,
lllllIliII(4).class,rustme/lllllIliII,java/lang/Object,,0,1,173,,,
lllllIliiI(1).class,rustme/lllllIliiI,rustme/lililIliiI,,5,4,2691,Particles,,
lllllIllII(2).class,rustme/lllllIllII,java/lang/Object,,0,18,548,,,
lllllIlliI(1).class,rustme/lllllIlliI,java/lang/Object,kotlin/jvm/functions/Function1,5,1,1468,Kotlin internals,,
llllliIIiI(2).class,rustme/llllliIIiI,java/lang/Object,,1,0,386,,,
llllliIiII(6).class,rustme/llllliIiII,java/lang/Object,rustme/lIIlIiIiII,7,2,2338,Kotlin internals,,
llllliIlII(5).class,rustme/llllliIlII,java/lang/Object,,0,2,196,,,
llllliIliI(2).class,rustme/llllliIliI,java/lang/Object,kotlin/jvm/functions/Function0,4,1,754,Kotlin internals,,
llllliiIII(7).class,rustme/llllliiIII,java/lang/Object,,0,7,299,,,
llllliiIiI.class,rustme/llllliiIiI,java/lang/Object,rustme/llIlliiIiI,3,2,585,,,
llllliiiII(4).class,rustme/llllliiiII,java/lang/Object,kotlin/jvm/functions/Function1,5,1,3095,Kotlin internals,,
llllliiilI.class,rustme/llllliiilI,java/lang/Object,,0,1,174,,,
llllliiliI.class,rustme/llllliiliI,java/lang/Object,,2,1,736,Kotlin internals,,
lllllilIII(5).class,rustme/lllllilIII,java/lang/Object,,0,2,194,,,
lllllilIiI(2).class,rustme/lllllilIiI,java/lang/Object,rustme/liiiiIlIiI,2,0,689,World gen,,
llllliliiI.class,rustme/llllliliiI,rustme/IlIlliliiI,rustme/lIilIilIiI,9,5,2286,,,
lllllililI.class,rustme/lllllililI,java/lang/Object,,0,2,196,,,
lllllilliI.class,rustme/lllllilliI,java/lang/Object,kotlin/jvm/functions/Function1,5,1,1805,Kotlin internals,,
llllllIIiI(2).class,rustme/llllllIIiI,java/lang/Object,rustme/IiiIlIiIiI,3,1,966,,,
llllllIiII(4).class,rustme/llllllIiII,java/lang/Object,,0,1,173,,,
llllllIiiI.class,rustme/llllllIiiI,java/lang/Object,,1,2,910,,,
llllllIlII(2).class,rustme/llllllIlII,java/lang/Object,,0,1,174,,,
llllllIliI(1).class,rustme/llllllIliI,java/lang/Object,kotlin/jvm/functions/Function0,3,1,1103,Kotlin internals,,
lllllliIII(5).class,rustme/lllllliIII,java/lang/Object,,0,11,383,,,
lllllliIiI(1).class,rustme/lllllliIiI,rustme/IiiIiliIiI,,4,1,1395,,,
lllllliiII(3).class,rustme/lllllliiII,java/lang/Object,kotlin/jvm/functions/Function1,5,1,3590,Kotlin internals,,
lllllliilI.class,rustme/lllllliilI,java/lang/Object,,0,1,174,,,
lllllliliI.class,rustme/lllllliliI,java/lang/Object,,2,0,794,Kotlin internals,,
lllllllIII(2).class,rustme/lllllllIII,java/lang/Object,,0,4,240,,,
lllllllIiI(1).class,rustme/lllllllIiI,java/lang/Object,,11,14,3550,Texture,,
llllllliiI.class,rustme/llllllliiI,java/lang/Object,rustme/lIllllliiI,4,2,1799,,,
lllllllliI.class,rustme/lllllllliI,java/lang/Object,kotlin/jvm/functions/Function1,5,1,3675,Kotlin internals,,
